date,day,week_no,month,distributor_name,salesman_name,intern_name,beat_name,area,outlet_id,outlet_name,outlet_type,outlet_size,locality_type,cold_storage_available,high_footfall,visited,product_name,product_group,product_subgroup,pitched,availability_before_pitch,display_visibility,scheme_explained,retailer_interest_level,order_booked,bill_cut,pieces_ordered,pieces_sold_if_known,order_value_if_known,competitor_present,competitor_brand,retailer_objection_raw,retailer_objection_category,follow_up_needed,follow_up_priority,follow_up_reason,my_observation
2026-05-25,Monday,22,May,Sengupta Agencies,Amarjeet Deb Purkayastha,Saurav Sinha,Malugram 4,Silchar Urban,OUT_1_001,Malugram 4 Retailer 1,Kirana,Medium,Market/Commercial,No,High,Yes,Amul Tru Litchi 200ml,Beverages,Fruit Drinks,Yes,No,Medium,Yes,High,Yes,Yes,24,24,312.0,Yes,Purabi / Sting / Coke,,None,No,Low,None,"1. The most frequently ordered products across the 17 outlets were Amul Spray, Amul Taaza, Amul Gold, Amul Kool (glass bottle), Amul Lassi, Amulya and Amul Butter. These SKUs were consistently ordered"
2026-05-25,Monday,22,May,Sengupta Agencies,Amarjeet Deb Purkayastha,Saurav Sinha,Malugram 4,Silchar Urban,OUT_1_002,Malugram 4 Retailer 2,General Store,Medium,Market/Commercial,Yes,Medium,Yes,Amul Lassi 200ml,Beverages,Fermented Dairy,Yes,No,Medium,Yes,High,Yes,Yes,24,24,312.0,Yes,Purabi / Sting / Coke,,None,No,Low,None,"1. The most frequently ordered products across the 17 outlets were Amul Spray, Amul Taaza, Amul Gold, Amul Kool (glass bottle), Amul Lassi, Amulya and Amul Butter. These SKUs were consistently ordered"
2026-05-25,Monday,22,May,Sengupta Agencies,Amarjeet Deb Purkayastha,Saurav Sinha,Malugram 4,Silchar Urban,OUT_1_003,Malugram 4 Retailer 3,Kirana,Medium,Market/Commercial,Yes,Medium,Yes,Amul Kool Cafe 200ml (Can),Beverages,Fermented Dairy,Yes,No,Medium,Yes,High,Yes,Yes,24,24,312.0,Yes,Purabi / Sting / Coke,,None,No,Low,None,"1. The most frequently ordered products across the 17 outlets were Amul Spray, Amul Taaza, Amul Gold, Amul Kool (glass bottle), Amul Lassi, Amulya and Amul Butter. These SKUs were consistently ordered"
2026-05-25,Monday,22,May,Sengupta Agencies,Amarjeet Deb Purkayastha,Saurav Sinha,Malugram 4,Silchar Urban,OUT_1_004,Malugram 4 Retailer 4,General Store,Medium,Market/Commercial,Yes,High,Yes,Amul Tru Litchi 200ml,Beverages,Fruit Drinks,Yes,No,Medium,Yes,High,Yes,Yes,24,24,312.0,Yes,Purabi / Sting / Coke,,None,No,Low,None,"1. The most frequently ordered products across the 17 outlets were Amul Spray, Amul Taaza, Amul Gold, Amul Kool (glass bottle), Amul Lassi, Amulya and Amul Butter. These SKUs were consistently ordered"
2026-05-25,Monday,22,May,Sengupta Agencies,Amarjeet Deb Purkayastha,Saurav Sinha,Malugram 4,Silchar Urban,OUT_1_005,Malugram 4 Retailer 5,Kirana,Medium,Market/Commercial,No,Medium,Yes,Amul Lassi 200ml,Beverages,Fermented Dairy,Yes,No,Medium,Yes,High,Yes,Yes,24,24,312.0,Yes,Purabi / Sting / Coke,,None,No,Low,None,"1. The most frequently ordered products across the 17 outlets were Amul Spray, Amul Taaza, Amul Gold, Amul Kool (glass bottle), Amul Lassi, Amulya and Amul Butter. These SKUs were consistently ordered"
2026-05-25,Monday,22,May,Sengupta Agencies,Amarjeet Deb Purkayastha,Saurav Sinha,Malugram 4,Silchar Urban,OUT_1_006,Malugram 4 Retailer 6,General Store,Medium,Market/Commercial,Yes,Medium,Yes,Amul Kool Cafe 200ml (Can),Beverages,Fermented Dairy,Yes,No,Medium,Yes,High,Yes,Yes,24,24,312.0,Yes,Purabi / Sting / Coke,,None,No,Low,None,"1. The most frequently ordered products across the 17 outlets were Amul Spray, Amul Taaza, Amul Gold, Amul Kool (glass bottle), Amul Lassi, Amulya and Amul Butter. These SKUs were consistently ordered"
2026-05-25,Monday,22,May,Sengupta Agencies,Amarjeet Deb Purkayastha,Saurav Sinha,Malugram 4,Silchar Urban,OUT_1_007,Malugram 4 Retailer 7,Kirana,Medium,Market/Commercial,Yes,High,Yes,Amul Tru Litchi 200ml,Beverages,Fruit Drinks,Yes,No,Medium,Yes,High,Yes,Yes,24,24,312.0,Yes,Purabi / Sting / Coke,,None,No,Low,None,"1. The most frequently ordered products across the 17 outlets were Amul Spray, Amul Taaza, Amul Gold, Amul Kool (glass bottle), Amul Lassi, Amulya and Amul Butter. These SKUs were consistently ordered"
2026-05-25,Monday,22,May,Sengupta Agencies,Amarjeet Deb Purkayastha,Saurav Sinha,Malugram 4,Silchar Urban,OUT_1_008,Malugram 4 Retailer 8,General Store,Medium,Market/Commercial,Yes,Medium,Yes,Amul Lassi 200ml,Beverages,Fermented Dairy,Yes,No,Medium,Yes,High,Yes,Yes,24,24,312.0,Yes,Purabi / Sting / Coke,,None,No,Low,None,"1. The most frequently ordered products across the 17 outlets were Amul Spray, Amul Taaza, Amul Gold, Amul Kool (glass bottle), Amul Lassi, Amulya and Amul Butter. These SKUs were consistently ordered"
2026-05-25,Monday,22,May,Sengupta Agencies,Amarjeet Deb Purkayastha,Saurav Sinha,Malugram 4,Silchar Urban,OUT_1_009,Malugram 4 Retailer 9,Kirana,Medium,Market/Commercial,No,Medium,Yes,Amul Kool Cafe 200ml (Can),Beverages,Fermented Dairy,Yes,No,Medium,Yes,High,Yes,Yes,24,24,312.0,Yes,Purabi / Sting / Coke,,None,No,Low,None,"1. The most frequently ordered products across the 17 outlets were Amul Spray, Amul Taaza, Amul Gold, Amul Kool (glass bottle), Amul Lassi, Amulya and Amul Butter. These SKUs were consistently ordered"
2026-05-25,Monday,22,May,Sengupta Agencies,Amarjeet Deb Purkayastha,Saurav Sinha,Malugram 4,Silchar Urban,OUT_1_010,Malugram 4 Retailer 10,General Store,Medium,Market/Commercial,Yes,High,Yes,Amul Tru Litchi 200ml,Beverages,Fruit Drinks,Yes,No,Medium,Yes,High,Yes,Yes,24,24,312.0,Yes,Purabi / Sting / Coke,,None,No,Low,None,"1. The most frequently ordered products across the 17 outlets were Amul Spray, Amul Taaza, Amul Gold, Amul Kool (glass bottle), Amul Lassi, Amulya and Amul Butter. These SKUs were consistently ordered"
2026-05-25,Monday,22,May,Sengupta Agencies,Amarjeet Deb Purkayastha,Saurav Sinha,Malugram 4,Silchar Urban,OUT_1_011,Malugram 4 Retailer 11,Kirana,Medium,Market/Commercial,Yes,Medium,Yes,Amul Lassi 200ml,Beverages,Fermented Dairy,Yes,No,Medium,Yes,High,Yes,Yes,24,24,312.0,Yes,Purabi / Sting / Coke,,None,No,Low,None,"1. The most frequently ordered products across the 17 outlets were Amul Spray, Amul Taaza, Amul Gold, Amul Kool (glass bottle), Amul Lassi, Amulya and Amul Butter. These SKUs were consistently ordered"
2026-05-25,Monday,22,May,Sengupta Agencies,Amarjeet Deb Purkayastha,Saurav Sinha,Malugram 4,Silchar Urban,OUT_1_012,Malugram 4 Retailer 12,General Store,Medium,Market/Commercial,Yes,Medium,Yes,Amul Kool Cafe 200ml (Can),Beverages,Fermented Dairy,Yes,No,Medium,Yes,High,Yes,Yes,24,24,312.0,Yes,Purabi / Sting / Coke,,None,No,Low,None,"1. The most frequently ordered products across the 17 outlets were Amul Spray, Amul Taaza, Amul Gold, Amul Kool (glass bottle), Amul Lassi, Amulya and Amul Butter. These SKUs were consistently ordered"
2026-05-25,Monday,22,May,Sengupta Agencies,Amarjeet Deb Purkayastha,Saurav Sinha,Malugram 4,Silchar Urban,OUT_1_013,Malugram 4 Retailer 13,Kirana,Medium,Market/Commercial,No,High,Yes,Amul Tru Litchi 200ml,Beverages,Fruit Drinks,Yes,No,Medium,Yes,High,Yes,Yes,24,24,312.0,Yes,Purabi / Sting / Coke,,None,No,Low,None,"1. The most frequently ordered products across the 17 outlets were Amul Spray, Amul Taaza, Amul Gold, Amul Kool (glass bottle), Amul Lassi, Amulya and Amul Butter. These SKUs were consistently ordered"
2026-05-25,Monday,22,May,Sengupta Agencies,Amarjeet Deb Purkayastha,Saurav Sinha,Malugram 4,Silchar Urban,OUT_1_014,Malugram 4 Retailer 14,General Store,Medium,Market/Commercial,Yes,Medium,Yes,Amul Lassi 200ml,Beverages,Fermented Dairy,Yes,No,Medium,Yes,High,Yes,Yes,24,24,312.0,Yes,Purabi / Sting / Coke,,None,No,Low,None,"1. The most frequently ordered products across the 17 outlets were Amul Spray, Amul Taaza, Amul Gold, Amul Kool (glass bottle), Amul Lassi, Amulya and Amul Butter. These SKUs were consistently ordered"
2026-05-25,Monday,22,May,Sengupta Agencies,Amarjeet Deb Purkayastha,Saurav Sinha,Malugram 4,Silchar Urban,OUT_1_015,Malugram 4 Retailer 15,Kirana,Medium,Market/Commercial,Yes,Medium,Yes,Amul Kool Cafe 200ml (Can),Beverages,Fermented Dairy,Yes,No,Medium,Yes,High,Yes,Yes,24,24,312.0,Yes,Purabi / Sting / Coke,,None,No,Low,None,"1. The most frequently ordered products across the 17 outlets were Amul Spray, Amul Taaza, Amul Gold, Amul Kool (glass bottle), Amul Lassi, Amulya and Amul Butter. These SKUs were consistently ordered"
2026-05-25,Monday,22,May,Sengupta Agencies,Amarjeet Deb Purkayastha,Saurav Sinha,Malugram 4,Silchar Urban,OUT_1_016,Malugram 4 Retailer 16,General Store,Medium,Market/Commercial,Yes,High,Yes,Amul Tru Litchi 200ml,Beverages,Fruit Drinks,Yes,No,Medium,Yes,High,Yes,Yes,24,24,312.0,Yes,Purabi / Sting / Coke,,None,No,Low,None,"1. The most frequently ordered products across the 17 outlets were Amul Spray, Amul Taaza, Amul Gold, Amul Kool (glass bottle), Amul Lassi, Amulya and Amul Butter. These SKUs were consistently ordered"
2026-05-25,Monday,22,May,Sengupta Agencies,Amarjeet Deb Purkayastha,Saurav Sinha,Malugram 4,Silchar Urban,OUT_1_017,Malugram 4 Retailer 17,Kirana,Medium,Market/Commercial,No,Medium,Yes,Amul Lassi 200ml,Beverages,Fermented Dairy,Yes,No,Medium,Yes,High,Yes,Yes,24,24,312.0,Yes,Purabi / Sting / Coke,,None,No,Low,None,"1. The most frequently ordered products across the 17 outlets were Amul Spray, Amul Taaza, Amul Gold, Amul Kool (glass bottle), Amul Lassi, Amulya and Amul Butter. These SKUs were consistently ordered"
2026-05-25,Monday,22,May,Sengupta Agencies,Amarjeet Deb Purkayastha,Saurav Sinha,Malugram 4,Silchar Urban,OUT_1_018,Malugram 4 Retailer 18,General Store,Medium,Market/Commercial,Yes,Medium,Yes,Amul Kool Cafe 200ml (Can),Beverages,Fermented Dairy,Yes,No,Medium,Yes,Low,No,No,0,0,0,Yes,Purabi / Sting / Coke,Beverage sales slow due to rain,Slow Seasonal Movement (Rain),Yes,High,Slow Seasonal Movement (Rain),"1. The most frequently ordered products across the 17 outlets were Amul Spray, Amul Taaza, Amul Gold, Amul Kool (glass bottle), Amul Lassi, Amulya and Amul Butter. These SKUs were consistently ordered"
2026-05-26,Tuesday,22,May,Sengupta Agencies,Amarjeet Deb Purkayastha,Saurav Sinha,Malugram 3,Silchar Urban,OUT_2_001,Malugram 3 Retailer 1,Kirana,Medium,Market/Commercial,No,High,Yes,Amul Tru Litchi 200ml,Beverages,Fruit Drinks,Yes,No,Medium,Yes,High,Yes,Yes,24,24,312.0,Yes,Purabi / Sting / Coke,,None,No,Low,None,"1. The salesman primarily pitched Amul Tru (Mango, Litchi), Amul Kool Cafe, Cheese, Chocolate Syrup, Mithai Made, and Bindaaz chocolates across different outlets. Acceptance was mixed depending on out"
2026-05-26,Tuesday,22,May,Sengupta Agencies,Amarjeet Deb Purkayastha,Saurav Sinha,Malugram 3,Silchar Urban,OUT_2_002,Malugram 3 Retailer 2,General Store,Medium,Market/Commercial,Yes,Medium,Yes,Amul Lassi 200ml,Beverages,Fermented Dairy,Yes,No,Medium,Yes,High,Yes,Yes,24,24,312.0,Yes,Purabi / Sting / Coke,,None,No,Low,None,"1. The salesman primarily pitched Amul Tru (Mango, Litchi), Amul Kool Cafe, Cheese, Chocolate Syrup, Mithai Made, and Bindaaz chocolates across different outlets. Acceptance was mixed depending on out"
2026-05-26,Tuesday,22,May,Sengupta Agencies,Amarjeet Deb Purkayastha,Saurav Sinha,Malugram 3,Silchar Urban,OUT_2_003,Malugram 3 Retailer 3,Kirana,Medium,Market/Commercial,Yes,Medium,Yes,Amul Kool Cafe 200ml (Can),Beverages,Fermented Dairy,Yes,No,Medium,Yes,High,Yes,Yes,24,24,312.0,Yes,Purabi / Sting / Coke,,None,No,Low,None,"1. The salesman primarily pitched Amul Tru (Mango, Litchi), Amul Kool Cafe, Cheese, Chocolate Syrup, Mithai Made, and Bindaaz chocolates across different outlets. Acceptance was mixed depending on out"
2026-05-26,Tuesday,22,May,Sengupta Agencies,Amarjeet Deb Purkayastha,Saurav Sinha,Malugram 3,Silchar Urban,OUT_2_004,Malugram 3 Retailer 4,General Store,Medium,Market/Commercial,Yes,High,Yes,Amul Tru Litchi 200ml,Beverages,Fruit Drinks,Yes,No,Medium,Yes,High,Yes,Yes,24,24,312.0,Yes,Purabi / Sting / Coke,,None,No,Low,None,"1. The salesman primarily pitched Amul Tru (Mango, Litchi), Amul Kool Cafe, Cheese, Chocolate Syrup, Mithai Made, and Bindaaz chocolates across different outlets. Acceptance was mixed depending on out"
2026-05-26,Tuesday,22,May,Sengupta Agencies,Amarjeet Deb Purkayastha,Saurav Sinha,Malugram 3,Silchar Urban,OUT_2_005,Malugram 3 Retailer 5,Kirana,Medium,Market/Commercial,No,Medium,Yes,Amul Lassi 200ml,Beverages,Fermented Dairy,Yes,No,Medium,Yes,High,Yes,Yes,24,24,312.0,Yes,Purabi / Sting / Coke,,None,No,Low,None,"1. The salesman primarily pitched Amul Tru (Mango, Litchi), Amul Kool Cafe, Cheese, Chocolate Syrup, Mithai Made, and Bindaaz chocolates across different outlets. Acceptance was mixed depending on out"
2026-05-26,Tuesday,22,May,Sengupta Agencies,Amarjeet Deb Purkayastha,Saurav Sinha,Malugram 3,Silchar Urban,OUT_2_006,Malugram 3 Retailer 6,General Store,Medium,Market/Commercial,Yes,Medium,Yes,Amul Kool Cafe 200ml (Can),Beverages,Fermented Dairy,Yes,No,Medium,Yes,High,Yes,Yes,24,24,312.0,Yes,Purabi / Sting / Coke,,None,No,Low,None,"1. The salesman primarily pitched Amul Tru (Mango, Litchi), Amul Kool Cafe, Cheese, Chocolate Syrup, Mithai Made, and Bindaaz chocolates across different outlets. Acceptance was mixed depending on out"
2026-05-26,Tuesday,22,May,Sengupta Agencies,Amarjeet Deb Purkayastha,Saurav Sinha,Malugram 3,Silchar Urban,OUT_2_007,Malugram 3 Retailer 7,Kirana,Medium,Market/Commercial,Yes,High,Yes,Amul Tru Litchi 200ml,Beverages,Fruit Drinks,Yes,No,Medium,Yes,High,Yes,Yes,24,24,312.0,Yes,Purabi / Sting / Coke,,None,No,Low,None,"1. The salesman primarily pitched Amul Tru (Mango, Litchi), Amul Kool Cafe, Cheese, Chocolate Syrup, Mithai Made, and Bindaaz chocolates across different outlets. Acceptance was mixed depending on out"
2026-05-26,Tuesday,22,May,Sengupta Agencies,Amarjeet Deb Purkayastha,Saurav Sinha,Malugram 3,Silchar Urban,OUT_2_008,Malugram 3 Retailer 8,General Store,Medium,Market/Commercial,Yes,Medium,Yes,Amul Lassi 200ml,Beverages,Fermented Dairy,Yes,No,Medium,Yes,High,Yes,Yes,24,24,312.0,Yes,Purabi / Sting / Coke,,None,No,Low,None,"1. The salesman primarily pitched Amul Tru (Mango, Litchi), Amul Kool Cafe, Cheese, Chocolate Syrup, Mithai Made, and Bindaaz chocolates across different outlets. Acceptance was mixed depending on out"
2026-05-26,Tuesday,22,May,Sengupta Agencies,Amarjeet Deb Purkayastha,Saurav Sinha,Malugram 3,Silchar Urban,OUT_2_009,Malugram 3 Retailer 9,Kirana,Medium,Market/Commercial,No,Medium,Yes,Amul Kool Cafe 200ml (Can),Beverages,Fermented Dairy,Yes,No,Medium,Yes,High,Yes,Yes,24,24,312.0,Yes,Purabi / Sting / Coke,,None,No,Low,None,"1. The salesman primarily pitched Amul Tru (Mango, Litchi), Amul Kool Cafe, Cheese, Chocolate Syrup, Mithai Made, and Bindaaz chocolates across different outlets. Acceptance was mixed depending on out"
2026-05-26,Tuesday,22,May,Sengupta Agencies,Amarjeet Deb Purkayastha,Saurav Sinha,Malugram 3,Silchar Urban,OUT_2_010,Malugram 3 Retailer 10,General Store,Medium,Market/Commercial,Yes,High,Yes,Amul Tru Litchi 200ml,Beverages,Fruit Drinks,Yes,No,Medium,Yes,High,Yes,Yes,24,24,312.0,Yes,Purabi / Sting / Coke,,None,No,Low,None,"1. The salesman primarily pitched Amul Tru (Mango, Litchi), Amul Kool Cafe, Cheese, Chocolate Syrup, Mithai Made, and Bindaaz chocolates across different outlets. Acceptance was mixed depending on out"
2026-05-26,Tuesday,22,May,Sengupta Agencies,Amarjeet Deb Purkayastha,Saurav Sinha,Malugram 3,Silchar Urban,OUT_2_011,Malugram 3 Retailer 11,Kirana,Medium,Market/Commercial,Yes,Medium,Yes,Amul Lassi 200ml,Beverages,Fermented Dairy,Yes,No,Medium,Yes,High,Yes,Yes,24,24,312.0,Yes,Purabi / Sting / Coke,,None,No,Low,None,"1. The salesman primarily pitched Amul Tru (Mango, Litchi), Amul Kool Cafe, Cheese, Chocolate Syrup, Mithai Made, and Bindaaz chocolates across different outlets. Acceptance was mixed depending on out"
2026-05-26,Tuesday,22,May,Sengupta Agencies,Amarjeet Deb Purkayastha,Saurav Sinha,Malugram 3,Silchar Urban,OUT_2_012,Malugram 3 Retailer 12,General Store,Medium,Market/Commercial,Yes,Medium,Yes,Amul Kool Cafe 200ml (Can),Beverages,Fermented Dairy,Yes,No,Medium,Yes,High,Yes,Yes,24,24,312.0,Yes,Purabi / Sting / Coke,,None,No,Low,None,"1. The salesman primarily pitched Amul Tru (Mango, Litchi), Amul Kool Cafe, Cheese, Chocolate Syrup, Mithai Made, and Bindaaz chocolates across different outlets. Acceptance was mixed depending on out"
2026-05-26,Tuesday,22,May,Sengupta Agencies,Amarjeet Deb Purkayastha,Saurav Sinha,Malugram 3,Silchar Urban,OUT_2_013,Malugram 3 Retailer 13,Kirana,Medium,Market/Commercial,No,High,Yes,Amul Tru Litchi 200ml,Beverages,Fruit Drinks,Yes,No,Medium,Yes,High,Yes,Yes,24,24,312.0,Yes,Purabi / Sting / Coke,,None,No,Low,None,"1. The salesman primarily pitched Amul Tru (Mango, Litchi), Amul Kool Cafe, Cheese, Chocolate Syrup, Mithai Made, and Bindaaz chocolates across different outlets. Acceptance was mixed depending on out"
2026-05-26,Tuesday,22,May,Sengupta Agencies,Amarjeet Deb Purkayastha,Saurav Sinha,Malugram 3,Silchar Urban,OUT_2_014,Malugram 3 Retailer 14,General Store,Medium,Market/Commercial,Yes,Medium,Yes,Amul Lassi 200ml,Beverages,Fermented Dairy,Yes,No,Medium,Yes,Low,No,No,0,0,0,Yes,Purabi / Sting / Coke,Return settlement delayed,Damaged Stock / Slow Return,Yes,High,Damaged Stock / Slow Return,"1. The salesman primarily pitched Amul Tru (Mango, Litchi), Amul Kool Cafe, Cheese, Chocolate Syrup, Mithai Made, and Bindaaz chocolates across different outlets. Acceptance was mixed depending on out"
2026-05-26,Tuesday,22,May,Sengupta Agencies,Amarjeet Deb Purkayastha,Saurav Sinha,Malugram 3,Silchar Urban,OUT_2_015,Malugram 3 Retailer 15,Kirana,Medium,Market/Commercial,Yes,Medium,Yes,Amul Kool Cafe 200ml (Can),Beverages,Fermented Dairy,Yes,No,Medium,Yes,Low,No,No,0,0,0,Yes,Purabi / Sting / Coke,Return settlement delayed,Damaged Stock / Slow Return,Yes,High,Damaged Stock / Slow Return,"1. The salesman primarily pitched Amul Tru (Mango, Litchi), Amul Kool Cafe, Cheese, Chocolate Syrup, Mithai Made, and Bindaaz chocolates across different outlets. Acceptance was mixed depending on out"
2026-05-27,Wednesday,22,May,Sengupta Agencies,Amarjeet Deb Purkayastha,Saurav Sinha,Malugram 1,Silchar Urban,OUT_3_001,Malugram 1 Retailer 1,Kirana,Medium,Market/Commercial,No,High,Yes,Amul Tru Litchi 200ml,Beverages,Fruit Drinks,Yes,No,Medium,Yes,High,Yes,Yes,24,24,312.0,Yes,Purabi / Sting / Coke,,None,No,Low,None,"(27 May 2026)

Distributor Name : Sengupta Agencies
Beat Name : Malugram 1
Intern Name : Saurav Sinha
Salesman Name : Amarjeet Deb Purkayastha
No. of outlets visited : 23
No. of outlets from where ord"
2026-05-27,Wednesday,22,May,Sengupta Agencies,Amarjeet Deb Purkayastha,Saurav Sinha,Malugram 1,Silchar Urban,OUT_3_002,Malugram 1 Retailer 2,General Store,Medium,Market/Commercial,Yes,Medium,Yes,Amul Lassi 200ml,Beverages,Fermented Dairy,Yes,No,Medium,Yes,High,Yes,Yes,24,24,312.0,Yes,Purabi / Sting / Coke,,None,No,Low,None,"(27 May 2026)

Distributor Name : Sengupta Agencies
Beat Name : Malugram 1
Intern Name : Saurav Sinha
Salesman Name : Amarjeet Deb Purkayastha
No. of outlets visited : 23
No. of outlets from where ord"
2026-05-27,Wednesday,22,May,Sengupta Agencies,Amarjeet Deb Purkayastha,Saurav Sinha,Malugram 1,Silchar Urban,OUT_3_003,Malugram 1 Retailer 3,Kirana,Medium,Market/Commercial,Yes,Medium,Yes,Amul Kool Cafe 200ml (Can),Beverages,Fermented Dairy,Yes,No,Medium,Yes,High,Yes,Yes,24,24,312.0,Yes,Purabi / Sting / Coke,,None,No,Low,None,"(27 May 2026)

Distributor Name : Sengupta Agencies
Beat Name : Malugram 1
Intern Name : Saurav Sinha
Salesman Name : Amarjeet Deb Purkayastha
No. of outlets visited : 23
No. of outlets from where ord"
2026-05-27,Wednesday,22,May,Sengupta Agencies,Amarjeet Deb Purkayastha,Saurav Sinha,Malugram 1,Silchar Urban,OUT_3_004,Malugram 1 Retailer 4,General Store,Medium,Market/Commercial,Yes,High,Yes,Amul Tru Litchi 200ml,Beverages,Fruit Drinks,Yes,No,Medium,Yes,High,Yes,Yes,24,24,312.0,Yes,Purabi / Sting / Coke,,None,No,Low,None,"(27 May 2026)

Distributor Name : Sengupta Agencies
Beat Name : Malugram 1
Intern Name : Saurav Sinha
Salesman Name : Amarjeet Deb Purkayastha
No. of outlets visited : 23
No. of outlets from where ord"
2026-05-27,Wednesday,22,May,Sengupta Agencies,Amarjeet Deb Purkayastha,Saurav Sinha,Malugram 1,Silchar Urban,OUT_3_005,Malugram 1 Retailer 5,Kirana,Medium,Market/Commercial,No,Medium,Yes,Amul Lassi 200ml,Beverages,Fermented Dairy,Yes,No,Medium,Yes,High,Yes,Yes,24,24,312.0,Yes,Purabi / Sting / Coke,,None,No,Low,None,"(27 May 2026)

Distributor Name : Sengupta Agencies
Beat Name : Malugram 1
Intern Name : Saurav Sinha
Salesman Name : Amarjeet Deb Purkayastha
No. of outlets visited : 23
No. of outlets from where ord"
2026-05-27,Wednesday,22,May,Sengupta Agencies,Amarjeet Deb Purkayastha,Saurav Sinha,Malugram 1,Silchar Urban,OUT_3_006,Malugram 1 Retailer 6,General Store,Medium,Market/Commercial,Yes,Medium,Yes,Amul Kool Cafe 200ml (Can),Beverages,Fermented Dairy,Yes,No,Medium,Yes,High,Yes,Yes,24,24,312.0,Yes,Purabi / Sting / Coke,,None,No,Low,None,"(27 May 2026)

Distributor Name : Sengupta Agencies
Beat Name : Malugram 1
Intern Name : Saurav Sinha
Salesman Name : Amarjeet Deb Purkayastha
No. of outlets visited : 23
No. of outlets from where ord"
2026-05-27,Wednesday,22,May,Sengupta Agencies,Amarjeet Deb Purkayastha,Saurav Sinha,Malugram 1,Silchar Urban,OUT_3_007,Malugram 1 Retailer 7,Kirana,Medium,Market/Commercial,Yes,High,Yes,Amul Tru Litchi 200ml,Beverages,Fruit Drinks,Yes,No,Medium,Yes,High,Yes,Yes,24,24,312.0,Yes,Purabi / Sting / Coke,,None,No,Low,None,"(27 May 2026)

Distributor Name : Sengupta Agencies
Beat Name : Malugram 1
Intern Name : Saurav Sinha
Salesman Name : Amarjeet Deb Purkayastha
No. of outlets visited : 23
No. of outlets from where ord"
2026-05-27,Wednesday,22,May,Sengupta Agencies,Amarjeet Deb Purkayastha,Saurav Sinha,Malugram 1,Silchar Urban,OUT_3_008,Malugram 1 Retailer 8,General Store,Medium,Market/Commercial,Yes,Medium,Yes,Amul Lassi 200ml,Beverages,Fermented Dairy,Yes,No,Medium,Yes,High,Yes,Yes,24,24,312.0,Yes,Purabi / Sting / Coke,,None,No,Low,None,"(27 May 2026)

Distributor Name : Sengupta Agencies
Beat Name : Malugram 1
Intern Name : Saurav Sinha
Salesman Name : Amarjeet Deb Purkayastha
No. of outlets visited : 23
No. of outlets from where ord"
2026-05-27,Wednesday,22,May,Sengupta Agencies,Amarjeet Deb Purkayastha,Saurav Sinha,Malugram 1,Silchar Urban,OUT_3_009,Malugram 1 Retailer 9,Kirana,Medium,Market/Commercial,No,Medium,Yes,Amul Kool Cafe 200ml (Can),Beverages,Fermented Dairy,Yes,No,Medium,Yes,High,Yes,Yes,24,24,312.0,Yes,Purabi / Sting / Coke,,None,No,Low,None,"(27 May 2026)

Distributor Name : Sengupta Agencies
Beat Name : Malugram 1
Intern Name : Saurav Sinha
Salesman Name : Amarjeet Deb Purkayastha
No. of outlets visited : 23
No. of outlets from where ord"
2026-05-27,Wednesday,22,May,Sengupta Agencies,Amarjeet Deb Purkayastha,Saurav Sinha,Malugram 1,Silchar Urban,OUT_3_010,Malugram 1 Retailer 10,General Store,Medium,Market/Commercial,Yes,High,Yes,Amul Tru Litchi 200ml,Beverages,Fruit Drinks,Yes,No,Medium,Yes,High,Yes,Yes,24,24,312.0,Yes,Purabi / Sting / Coke,,None,No,Low,None,"(27 May 2026)

Distributor Name : Sengupta Agencies
Beat Name : Malugram 1
Intern Name : Saurav Sinha
Salesman Name : Amarjeet Deb Purkayastha
No. of outlets visited : 23
No. of outlets from where ord"
2026-05-27,Wednesday,22,May,Sengupta Agencies,Amarjeet Deb Purkayastha,Saurav Sinha,Malugram 1,Silchar Urban,OUT_3_011,Malugram 1 Retailer 11,Kirana,Medium,Market/Commercial,Yes,Medium,Yes,Amul Lassi 200ml,Beverages,Fermented Dairy,Yes,No,Medium,Yes,High,Yes,Yes,24,24,312.0,Yes,Purabi / Sting / Coke,,None,No,Low,None,"(27 May 2026)

Distributor Name : Sengupta Agencies
Beat Name : Malugram 1
Intern Name : Saurav Sinha
Salesman Name : Amarjeet Deb Purkayastha
No. of outlets visited : 23
No. of outlets from where ord"
2026-05-27,Wednesday,22,May,Sengupta Agencies,Amarjeet Deb Purkayastha,Saurav Sinha,Malugram 1,Silchar Urban,OUT_3_012,Malugram 1 Retailer 12,General Store,Medium,Market/Commercial,Yes,Medium,Yes,Amul Kool Cafe 200ml (Can),Beverages,Fermented Dairy,Yes,No,Medium,Yes,High,Yes,Yes,24,24,312.0,Yes,Purabi / Sting / Coke,,None,No,Low,None,"(27 May 2026)

Distributor Name : Sengupta Agencies
Beat Name : Malugram 1
Intern Name : Saurav Sinha
Salesman Name : Amarjeet Deb Purkayastha
No. of outlets visited : 23
No. of outlets from where ord"
2026-05-27,Wednesday,22,May,Sengupta Agencies,Amarjeet Deb Purkayastha,Saurav Sinha,Malugram 1,Silchar Urban,OUT_3_013,Malugram 1 Retailer 13,Kirana,Medium,Market/Commercial,No,High,Yes,Amul Tru Litchi 200ml,Beverages,Fruit Drinks,Yes,No,Medium,Yes,High,Yes,Yes,24,24,312.0,Yes,Purabi / Sting / Coke,,None,No,Low,None,"(27 May 2026)

Distributor Name : Sengupta Agencies
Beat Name : Malugram 1
Intern Name : Saurav Sinha
Salesman Name : Amarjeet Deb Purkayastha
No. of outlets visited : 23
No. of outlets from where ord"
2026-05-27,Wednesday,22,May,Sengupta Agencies,Amarjeet Deb Purkayastha,Saurav Sinha,Malugram 1,Silchar Urban,OUT_3_014,Malugram 1 Retailer 14,General Store,Medium,Market/Commercial,Yes,Medium,Yes,Amul Lassi 200ml,Beverages,Fermented Dairy,Yes,No,Medium,Yes,High,Yes,Yes,24,24,312.0,Yes,Purabi / Sting / Coke,,None,No,Low,None,"(27 May 2026)

Distributor Name : Sengupta Agencies
Beat Name : Malugram 1
Intern Name : Saurav Sinha
Salesman Name : Amarjeet Deb Purkayastha
No. of outlets visited : 23
No. of outlets from where ord"
2026-05-27,Wednesday,22,May,Sengupta Agencies,Amarjeet Deb Purkayastha,Saurav Sinha,Malugram 1,Silchar Urban,OUT_3_015,Malugram 1 Retailer 15,Kirana,Medium,Market/Commercial,Yes,Medium,Yes,Amul Kool Cafe 200ml (Can),Beverages,Fermented Dairy,Yes,No,Medium,Yes,High,Yes,Yes,24,24,312.0,Yes,Purabi / Sting / Coke,,None,No,Low,None,"(27 May 2026)

Distributor Name : Sengupta Agencies
Beat Name : Malugram 1
Intern Name : Saurav Sinha
Salesman Name : Amarjeet Deb Purkayastha
No. of outlets visited : 23
No. of outlets from where ord"
2026-05-27,Wednesday,22,May,Sengupta Agencies,Amarjeet Deb Purkayastha,Saurav Sinha,Malugram 1,Silchar Urban,OUT_3_016,Malugram 1 Retailer 16,General Store,Medium,Market/Commercial,Yes,High,Yes,Amul Tru Litchi 200ml,Beverages,Fruit Drinks,Yes,No,Medium,Yes,High,Yes,Yes,24,24,312.0,Yes,Purabi / Sting / Coke,,None,No,Low,None,"(27 May 2026)

Distributor Name : Sengupta Agencies
Beat Name : Malugram 1
Intern Name : Saurav Sinha
Salesman Name : Amarjeet Deb Purkayastha
No. of outlets visited : 23
No. of outlets from where ord"
2026-05-27,Wednesday,22,May,Sengupta Agencies,Amarjeet Deb Purkayastha,Saurav Sinha,Malugram 1,Silchar Urban,OUT_3_017,Malugram 1 Retailer 17,Kirana,Medium,Market/Commercial,No,Medium,Yes,Amul Lassi 200ml,Beverages,Fermented Dairy,Yes,No,Medium,Yes,High,Yes,Yes,24,24,312.0,Yes,Purabi / Sting / Coke,,None,No,Low,None,"(27 May 2026)

Distributor Name : Sengupta Agencies
Beat Name : Malugram 1
Intern Name : Saurav Sinha
Salesman Name : Amarjeet Deb Purkayastha
No. of outlets visited : 23
No. of outlets from where ord"
2026-05-27,Wednesday,22,May,Sengupta Agencies,Amarjeet Deb Purkayastha,Saurav Sinha,Malugram 1,Silchar Urban,OUT_3_018,Malugram 1 Retailer 18,General Store,Medium,Market/Commercial,Yes,Medium,Yes,Amul Kool Cafe 200ml (Can),Beverages,Fermented Dairy,Yes,No,Medium,Yes,High,Yes,Yes,24,24,312.0,Yes,Purabi / Sting / Coke,,None,No,Low,None,"(27 May 2026)

Distributor Name : Sengupta Agencies
Beat Name : Malugram 1
Intern Name : Saurav Sinha
Salesman Name : Amarjeet Deb Purkayastha
No. of outlets visited : 23
No. of outlets from where ord"
2026-05-27,Wednesday,22,May,Sengupta Agencies,Amarjeet Deb Purkayastha,Saurav Sinha,Malugram 1,Silchar Urban,OUT_3_019,Malugram 1 Retailer 19,Kirana,Medium,Market/Commercial,Yes,High,Yes,Amul Tru Litchi 200ml,Beverages,Fruit Drinks,Yes,No,Medium,Yes,Low,No,No,0,0,0,Yes,Purabi / Sting / Coke,Return settlement delayed,Damaged Stock / Slow Return,Yes,High,Damaged Stock / Slow Return,"(27 May 2026)

Distributor Name : Sengupta Agencies
Beat Name : Malugram 1
Intern Name : Saurav Sinha
Salesman Name : Amarjeet Deb Purkayastha
No. of outlets visited : 23
No. of outlets from where ord"
2026-05-27,Wednesday,22,May,Sengupta Agencies,Amarjeet Deb Purkayastha,Saurav Sinha,Malugram 1,Silchar Urban,OUT_3_020,Malugram 1 Retailer 20,General Store,Medium,Market/Commercial,Yes,Medium,Yes,Amul Lassi 200ml,Beverages,Fermented Dairy,Yes,No,Medium,Yes,Low,No,No,0,0,0,Yes,Purabi / Sting / Coke,Return settlement delayed,Damaged Stock / Slow Return,Yes,High,Damaged Stock / Slow Return,"(27 May 2026)

Distributor Name : Sengupta Agencies
Beat Name : Malugram 1
Intern Name : Saurav Sinha
Salesman Name : Amarjeet Deb Purkayastha
No. of outlets visited : 23
No. of outlets from where ord"
2026-05-27,Wednesday,22,May,Sengupta Agencies,Amarjeet Deb Purkayastha,Saurav Sinha,Malugram 1,Silchar Urban,OUT_3_021,Malugram 1 Retailer 21,Kirana,Medium,Market/Commercial,No,Medium,Yes,Amul Kool Cafe 200ml (Can),Beverages,Fermented Dairy,Yes,No,Medium,Yes,Low,No,No,0,0,0,Yes,Purabi / Sting / Coke,Return settlement delayed,Damaged Stock / Slow Return,Yes,High,Damaged Stock / Slow Return,"(27 May 2026)

Distributor Name : Sengupta Agencies
Beat Name : Malugram 1
Intern Name : Saurav Sinha
Salesman Name : Amarjeet Deb Purkayastha
No. of outlets visited : 23
No. of outlets from where ord"
2026-05-27,Wednesday,22,May,Sengupta Agencies,Amarjeet Deb Purkayastha,Saurav Sinha,Malugram 1,Silchar Urban,OUT_3_022,Malugram 1 Retailer 22,General Store,Medium,Market/Commercial,Yes,High,Yes,Amul Tru Litchi 200ml,Beverages,Fruit Drinks,Yes,No,Medium,Yes,Low,No,No,0,0,0,Yes,Purabi / Sting / Coke,Return settlement delayed,Damaged Stock / Slow Return,Yes,High,Damaged Stock / Slow Return,"(27 May 2026)

Distributor Name : Sengupta Agencies
Beat Name : Malugram 1
Intern Name : Saurav Sinha
Salesman Name : Amarjeet Deb Purkayastha
No. of outlets visited : 23
No. of outlets from where ord"
2026-05-27,Wednesday,22,May,Sengupta Agencies,Amarjeet Deb Purkayastha,Saurav Sinha,Malugram 1,Silchar Urban,OUT_3_023,Malugram 1 Retailer 23,Kirana,Medium,Market/Commercial,Yes,Medium,Yes,Amul Lassi 200ml,Beverages,Fermented Dairy,Yes,No,Medium,Yes,Low,No,No,0,0,0,Yes,Purabi / Sting / Coke,Return settlement delayed,Damaged Stock / Slow Return,Yes,High,Damaged Stock / Slow Return,"(27 May 2026)

Distributor Name : Sengupta Agencies
Beat Name : Malugram 1
Intern Name : Saurav Sinha
Salesman Name : Amarjeet Deb Purkayastha
No. of outlets visited : 23
No. of outlets from where ord"
2026-05-28,Thursday,22,May,Sengupta Agencies,Amarjeet Deb Purkayastha,Saurav Sinha,Ithkola,Silchar Urban,OUT_4_001,Ithkola Retailer 1,Kirana,Medium,Market/Commercial,No,High,Yes,Amul Tru Litchi 200ml,Beverages,Fruit Drinks,Yes,No,Medium,Yes,High,Yes,Yes,24,24,312.0,Yes,Purabi / Sting / Coke,,None,No,Low,None,"1. Several retailers across the beat stated that market movement was slow and customer footfall was lower than usual. At Manik Store, Ithkola, the retailer mentioned reduced customer presence and ther"
2026-05-28,Thursday,22,May,Sengupta Agencies,Amarjeet Deb Purkayastha,Saurav Sinha,Ithkola,Silchar Urban,OUT_4_002,Ithkola Retailer 2,General Store,Medium,Market/Commercial,Yes,Medium,Yes,Amul Lassi 200ml,Beverages,Fermented Dairy,Yes,No,Medium,Yes,High,Yes,Yes,24,24,312.0,Yes,Purabi / Sting / Coke,,None,No,Low,None,"1. Several retailers across the beat stated that market movement was slow and customer footfall was lower than usual. At Manik Store, Ithkola, the retailer mentioned reduced customer presence and ther"
2026-05-28,Thursday,22,May,Sengupta Agencies,Amarjeet Deb Purkayastha,Saurav Sinha,Ithkola,Silchar Urban,OUT_4_003,Ithkola Retailer 3,Kirana,Medium,Market/Commercial,Yes,Medium,Yes,Amul Kool Cafe 200ml (Can),Beverages,Fermented Dairy,Yes,No,Medium,Yes,High,Yes,Yes,24,24,312.0,Yes,Purabi / Sting / Coke,,None,No,Low,None,"1. Several retailers across the beat stated that market movement was slow and customer footfall was lower than usual. At Manik Store, Ithkola, the retailer mentioned reduced customer presence and ther"
2026-05-28,Thursday,22,May,Sengupta Agencies,Amarjeet Deb Purkayastha,Saurav Sinha,Ithkola,Silchar Urban,OUT_4_004,Ithkola Retailer 4,General Store,Medium,Market/Commercial,Yes,High,Yes,Amul Tru Litchi 200ml,Beverages,Fruit Drinks,Yes,No,Medium,Yes,High,Yes,Yes,24,24,312.0,Yes,Purabi / Sting / Coke,,None,No,Low,None,"1. Several retailers across the beat stated that market movement was slow and customer footfall was lower than usual. At Manik Store, Ithkola, the retailer mentioned reduced customer presence and ther"
2026-05-28,Thursday,22,May,Sengupta Agencies,Amarjeet Deb Purkayastha,Saurav Sinha,Ithkola,Silchar Urban,OUT_4_005,Ithkola Retailer 5,Kirana,Medium,Market/Commercial,No,Medium,Yes,Amul Lassi 200ml,Beverages,Fermented Dairy,Yes,No,Medium,Yes,High,Yes,Yes,24,24,312.0,Yes,Purabi / Sting / Coke,,None,No,Low,None,"1. Several retailers across the beat stated that market movement was slow and customer footfall was lower than usual. At Manik Store, Ithkola, the retailer mentioned reduced customer presence and ther"
2026-05-28,Thursday,22,May,Sengupta Agencies,Amarjeet Deb Purkayastha,Saurav Sinha,Ithkola,Silchar Urban,OUT_4_006,Ithkola Retailer 6,General Store,Medium,Market/Commercial,Yes,Medium,Yes,Amul Kool Cafe 200ml (Can),Beverages,Fermented Dairy,Yes,No,Medium,Yes,High,Yes,Yes,24,24,312.0,Yes,Purabi / Sting / Coke,,None,No,Low,None,"1. Several retailers across the beat stated that market movement was slow and customer footfall was lower than usual. At Manik Store, Ithkola, the retailer mentioned reduced customer presence and ther"
2026-05-28,Thursday,22,May,Sengupta Agencies,Amarjeet Deb Purkayastha,Saurav Sinha,Ithkola,Silchar Urban,OUT_4_007,Ithkola Retailer 7,Kirana,Medium,Market/Commercial,Yes,High,Yes,Amul Tru Litchi 200ml,Beverages,Fruit Drinks,Yes,No,Medium,Yes,High,Yes,Yes,24,24,312.0,Yes,Purabi / Sting / Coke,,None,No,Low,None,"1. Several retailers across the beat stated that market movement was slow and customer footfall was lower than usual. At Manik Store, Ithkola, the retailer mentioned reduced customer presence and ther"
2026-05-28,Thursday,22,May,Sengupta Agencies,Amarjeet Deb Purkayastha,Saurav Sinha,Ithkola,Silchar Urban,OUT_4_008,Ithkola Retailer 8,General Store,Medium,Market/Commercial,Yes,Medium,Yes,Amul Lassi 200ml,Beverages,Fermented Dairy,Yes,No,Medium,Yes,High,Yes,Yes,24,24,312.0,Yes,Purabi / Sting / Coke,,None,No,Low,None,"1. Several retailers across the beat stated that market movement was slow and customer footfall was lower than usual. At Manik Store, Ithkola, the retailer mentioned reduced customer presence and ther"
2026-05-28,Thursday,22,May,Sengupta Agencies,Amarjeet Deb Purkayastha,Saurav Sinha,Ithkola,Silchar Urban,OUT_4_009,Ithkola Retailer 9,Kirana,Medium,Market/Commercial,No,Medium,Yes,Amul Kool Cafe 200ml (Can),Beverages,Fermented Dairy,Yes,No,Medium,Yes,High,Yes,Yes,24,24,312.0,Yes,Purabi / Sting / Coke,,None,No,Low,None,"1. Several retailers across the beat stated that market movement was slow and customer footfall was lower than usual. At Manik Store, Ithkola, the retailer mentioned reduced customer presence and ther"
2026-05-28,Thursday,22,May,Sengupta Agencies,Amarjeet Deb Purkayastha,Saurav Sinha,Ithkola,Silchar Urban,OUT_4_010,Ithkola Retailer 10,General Store,Medium,Market/Commercial,Yes,High,Yes,Amul Tru Litchi 200ml,Beverages,Fruit Drinks,Yes,No,Medium,Yes,High,Yes,Yes,24,24,312.0,Yes,Purabi / Sting / Coke,,None,No,Low,None,"1. Several retailers across the beat stated that market movement was slow and customer footfall was lower than usual. At Manik Store, Ithkola, the retailer mentioned reduced customer presence and ther"
2026-05-28,Thursday,22,May,Sengupta Agencies,Amarjeet Deb Purkayastha,Saurav Sinha,Ithkola,Silchar Urban,OUT_4_011,Ithkola Retailer 11,Kirana,Medium,Market/Commercial,Yes,Medium,Yes,Amul Lassi 200ml,Beverages,Fermented Dairy,Yes,No,Medium,Yes,High,Yes,Yes,24,24,312.0,Yes,Purabi / Sting / Coke,,None,No,Low,None,"1. Several retailers across the beat stated that market movement was slow and customer footfall was lower than usual. At Manik Store, Ithkola, the retailer mentioned reduced customer presence and ther"
2026-05-28,Thursday,22,May,Sengupta Agencies,Amarjeet Deb Purkayastha,Saurav Sinha,Ithkola,Silchar Urban,OUT_4_012,Ithkola Retailer 12,General Store,Medium,Market/Commercial,Yes,Medium,Yes,Amul Kool Cafe 200ml (Can),Beverages,Fermented Dairy,Yes,No,Medium,Yes,High,Yes,Yes,24,24,312.0,Yes,Purabi / Sting / Coke,,None,No,Low,None,"1. Several retailers across the beat stated that market movement was slow and customer footfall was lower than usual. At Manik Store, Ithkola, the retailer mentioned reduced customer presence and ther"
2026-05-28,Thursday,22,May,Sengupta Agencies,Amarjeet Deb Purkayastha,Saurav Sinha,Ithkola,Silchar Urban,OUT_4_013,Ithkola Retailer 13,Kirana,Medium,Market/Commercial,No,High,Yes,Amul Tru Litchi 200ml,Beverages,Fruit Drinks,Yes,No,Medium,Yes,High,Yes,Yes,24,24,312.0,Yes,Purabi / Sting / Coke,,None,No,Low,None,"1. Several retailers across the beat stated that market movement was slow and customer footfall was lower than usual. At Manik Store, Ithkola, the retailer mentioned reduced customer presence and ther"
2026-05-28,Thursday,22,May,Sengupta Agencies,Amarjeet Deb Purkayastha,Saurav Sinha,Ithkola,Silchar Urban,OUT_4_014,Ithkola Retailer 14,General Store,Medium,Market/Commercial,Yes,Medium,Yes,Amul Lassi 200ml,Beverages,Fermented Dairy,Yes,No,Medium,Yes,High,Yes,Yes,24,24,312.0,Yes,Purabi / Sting / Coke,,None,No,Low,None,"1. Several retailers across the beat stated that market movement was slow and customer footfall was lower than usual. At Manik Store, Ithkola, the retailer mentioned reduced customer presence and ther"
2026-05-28,Thursday,22,May,Sengupta Agencies,Amarjeet Deb Purkayastha,Saurav Sinha,Ithkola,Silchar Urban,OUT_4_015,Ithkola Retailer 15,Kirana,Medium,Market/Commercial,Yes,Medium,Yes,Amul Kool Cafe 200ml (Can),Beverages,Fermented Dairy,Yes,No,Medium,Yes,Low,No,No,0,0,0,Yes,Purabi / Sting / Coke,Return settlement delayed,Damaged Stock / Slow Return,Yes,High,Damaged Stock / Slow Return,"1. Several retailers across the beat stated that market movement was slow and customer footfall was lower than usual. At Manik Store, Ithkola, the retailer mentioned reduced customer presence and ther"
2026-05-28,Thursday,22,May,Sengupta Agencies,Amarjeet Deb Purkayastha,Saurav Sinha,Ithkola,Silchar Urban,OUT_4_016,Ithkola Retailer 16,General Store,Medium,Market/Commercial,Yes,High,Yes,Amul Tru Litchi 200ml,Beverages,Fruit Drinks,Yes,No,Medium,Yes,Low,No,No,0,0,0,Yes,Purabi / Sting / Coke,Return settlement delayed,Damaged Stock / Slow Return,Yes,High,Damaged Stock / Slow Return,"1. Several retailers across the beat stated that market movement was slow and customer footfall was lower than usual. At Manik Store, Ithkola, the retailer mentioned reduced customer presence and ther"
2026-05-28,Thursday,22,May,Sengupta Agencies,Amarjeet Deb Purkayastha,Saurav Sinha,Ithkola,Silchar Urban,OUT_4_017,Ithkola Retailer 17,Kirana,Medium,Market/Commercial,No,Medium,Yes,Amul Lassi 200ml,Beverages,Fermented Dairy,Yes,No,Medium,Yes,Low,No,No,0,0,0,Yes,Purabi / Sting / Coke,Return settlement delayed,Damaged Stock / Slow Return,Yes,High,Damaged Stock / Slow Return,"1. Several retailers across the beat stated that market movement was slow and customer footfall was lower than usual. At Manik Store, Ithkola, the retailer mentioned reduced customer presence and ther"
2026-05-28,Thursday,22,May,Sengupta Agencies,Amarjeet Deb Purkayastha,Saurav Sinha,Ithkola,Silchar Urban,OUT_4_018,Ithkola Retailer 18,General Store,Medium,Market/Commercial,Yes,Medium,Yes,Amul Kool Cafe 200ml (Can),Beverages,Fermented Dairy,Yes,No,Medium,Yes,Low,No,No,0,0,0,Yes,Purabi / Sting / Coke,Return settlement delayed,Damaged Stock / Slow Return,Yes,High,Damaged Stock / Slow Return,"1. Several retailers across the beat stated that market movement was slow and customer footfall was lower than usual. At Manik Store, Ithkola, the retailer mentioned reduced customer presence and ther"
2026-05-28,Thursday,22,May,Sengupta Agencies,Amarjeet Deb Purkayastha,Saurav Sinha,Ithkola,Silchar Urban,OUT_4_019,Ithkola Retailer 19,Kirana,Medium,Market/Commercial,Yes,High,Yes,Amul Tru Litchi 200ml,Beverages,Fruit Drinks,Yes,No,Medium,Yes,Low,No,No,0,0,0,Yes,Purabi / Sting / Coke,Return settlement delayed,Damaged Stock / Slow Return,Yes,High,Damaged Stock / Slow Return,"1. Several retailers across the beat stated that market movement was slow and customer footfall was lower than usual. At Manik Store, Ithkola, the retailer mentioned reduced customer presence and ther"
2026-05-28,Thursday,22,May,Sengupta Agencies,Amarjeet Deb Purkayastha,Saurav Sinha,Ithkola,Silchar Urban,OUT_4_020,Ithkola Retailer 20,General Store,Medium,Market/Commercial,Yes,Medium,Yes,Amul Lassi 200ml,Beverages,Fermented Dairy,Yes,No,Medium,Yes,Low,No,No,0,0,0,Yes,Purabi / Sting / Coke,Return settlement delayed,Damaged Stock / Slow Return,Yes,High,Damaged Stock / Slow Return,"1. Several retailers across the beat stated that market movement was slow and customer footfall was lower than usual. At Manik Store, Ithkola, the retailer mentioned reduced customer presence and ther"
2026-05-28,Thursday,22,May,Sengupta Agencies,Amarjeet Deb Purkayastha,Saurav Sinha,Ithkola,Silchar Urban,OUT_4_021,Ithkola Retailer 21,Kirana,Medium,Market/Commercial,No,Medium,Yes,Amul Kool Cafe 200ml (Can),Beverages,Fermented Dairy,Yes,No,Medium,Yes,Low,No,No,0,0,0,Yes,Purabi / Sting / Coke,Return settlement delayed,Damaged Stock / Slow Return,Yes,High,Damaged Stock / Slow Return,"1. Several retailers across the beat stated that market movement was slow and customer footfall was lower than usual. At Manik Store, Ithkola, the retailer mentioned reduced customer presence and ther"
2026-05-28,Thursday,22,May,Sengupta Agencies,Amarjeet Deb Purkayastha,Saurav Sinha,Ithkola,Silchar Urban,OUT_4_022,Ithkola Retailer 22,General Store,Medium,Market/Commercial,Yes,High,Yes,Amul Tru Litchi 200ml,Beverages,Fruit Drinks,Yes,No,Medium,Yes,Low,No,No,0,0,0,Yes,Purabi / Sting / Coke,Return settlement delayed,Damaged Stock / Slow Return,Yes,High,Damaged Stock / Slow Return,"1. Several retailers across the beat stated that market movement was slow and customer footfall was lower than usual. At Manik Store, Ithkola, the retailer mentioned reduced customer presence and ther"
2026-05-28,Thursday,22,May,Sengupta Agencies,Amarjeet Deb Purkayastha,Saurav Sinha,Ithkola,Silchar Urban,OUT_4_023,Ithkola Retailer 23,Kirana,Medium,Market/Commercial,Yes,Medium,Yes,Amul Lassi 200ml,Beverages,Fermented Dairy,Yes,No,Medium,Yes,Low,No,No,0,0,0,Yes,Purabi / Sting / Coke,Return settlement delayed,Damaged Stock / Slow Return,Yes,High,Damaged Stock / Slow Return,"1. Several retailers across the beat stated that market movement was slow and customer footfall was lower than usual. At Manik Store, Ithkola, the retailer mentioned reduced customer presence and ther"
2026-05-28,Thursday,22,May,Sengupta Agencies,Amarjeet Deb Purkayastha,Saurav Sinha,Ithkola,Silchar Urban,OUT_4_024,Ithkola Retailer 24,General Store,Medium,Market/Commercial,Yes,Medium,Yes,Amul Kool Cafe 200ml (Can),Beverages,Fermented Dairy,Yes,No,Medium,Yes,Low,No,No,0,0,0,Yes,Purabi / Sting / Coke,Return settlement delayed,Damaged Stock / Slow Return,Yes,High,Damaged Stock / Slow Return,"1. Several retailers across the beat stated that market movement was slow and customer footfall was lower than usual. At Manik Store, Ithkola, the retailer mentioned reduced customer presence and ther"
2026-05-28,Thursday,22,May,Sengupta Agencies,Amarjeet Deb Purkayastha,Saurav Sinha,Ithkola,Silchar Urban,OUT_4_025,Ithkola Retailer 25,Kirana,Medium,Market/Commercial,No,High,Yes,Amul Tru Litchi 200ml,Beverages,Fruit Drinks,Yes,No,Medium,Yes,Low,No,No,0,0,0,Yes,Purabi / Sting / Coke,Return settlement delayed,Damaged Stock / Slow Return,Yes,High,Damaged Stock / Slow Return,"1. Several retailers across the beat stated that market movement was slow and customer footfall was lower than usual. At Manik Store, Ithkola, the retailer mentioned reduced customer presence and ther"
2026-06-01,Monday,23,June,Shaan Enterprise,Biswajit Bormon,Saurav Sinha,Ghungoor,Silchar Urban,OUT_5_473,"01 June 2026)

Distributor Name - Shaan Enterprise
Beat Name - Ghungoor
Intern Name - Saurav Sinha
Salesman Name - Biswajit Bormon
No. of outlets visited - 22
No. of outlets from where order received - 15
No. of outlets from where order received for focused products - 9",Kirana,Medium,Market/Commercial,Yes,Medium,Yes,Amul 1.Gupta Store,Dairy,Fermented Dairy,Yes,No,Medium,Yes,High,Yes,Yes,10,10,600.0,Yes,Purabi / Coke / Sting,,None,No,Normal,,"(01 June 2026)

Distributor Name - Shaan Enterprise
Beat Name - Ghungoor
Intern Name - Saurav Sinha
Salesman Name - Biswajit Bormon
No. of outlets visited - 22
No. of outlets from where order received"
2026-06-01,Monday,23,June,Shaan Enterprise,Biswajit Bormon,Saurav Sinha,Ghungoor,Silchar Urban,OUT_5_473,"01 June 2026)

Distributor Name - Shaan Enterprise
Beat Name - Ghungoor
Intern Name - Saurav Sinha
Salesman Name - Biswajit Bormon
No. of outlets visited - 22
No. of outlets from where order received - 15
No. of outlets from where order received for focused products - 9",Kirana,Medium,Market/Commercial,Yes,Medium,Yes,Amul Aata,Dairy,Fermented Dairy,Yes,No,Medium,Yes,High,Yes,Yes,12,12,600.0,Yes,Purabi / Coke / Sting,,None,No,Normal,,"(01 June 2026)

Distributor Name - Shaan Enterprise
Beat Name - Ghungoor
Intern Name - Saurav Sinha
Salesman Name - Biswajit Bormon
No. of outlets visited - 22
No. of outlets from where order received"
2026-06-01,Monday,23,June,Shaan Enterprise,Biswajit Bormon,Saurav Sinha,Ghungoor,Silchar Urban,OUT_5_880,2.HP Traders,Bakery/Confectionery,Medium,Market/Commercial,Yes,Medium,Yes,Amul Dark Chocolate 150g,Dairy,Fermented Dairy,Yes,No,Medium,Yes,High,Yes,Yes,20,20,1520.0,Yes,Purabi / Coke / Sting,,None,No,Normal,,"(01 June 2026)

Distributor Name - Shaan Enterprise
Beat Name - Ghungoor
Intern Name - Saurav Sinha
Salesman Name - Biswajit Bormon
No. of outlets visited - 22
No. of outlets from where order received"
2026-06-01,Monday,23,June,Shaan Enterprise,Biswajit Bormon,Saurav Sinha,Ghungoor,Silchar Urban,OUT_5_880,2.HP Traders,Bakery/Confectionery,Medium,Market/Commercial,Yes,Medium,Yes,Amul Rusk,Dairy,Fermented Dairy,Yes,No,Medium,Yes,High,Yes,Yes,6,6,1520.0,Yes,Purabi / Coke / Sting,,None,No,Normal,,"(01 June 2026)

Distributor Name - Shaan Enterprise
Beat Name - Ghungoor
Intern Name - Saurav Sinha
Salesman Name - Biswajit Bormon
No. of outlets visited - 22
No. of outlets from where order received"
2026-06-01,Monday,23,June,Shaan Enterprise,Biswajit Bormon,Saurav Sinha,Ghungoor,Silchar Urban,OUT_5_880,2.HP Traders,Bakery/Confectionery,Medium,Market/Commercial,Yes,Medium,Yes,Amul Tinned Paneer 1kg,Dairy,Fermented Dairy,Yes,No,Medium,Yes,High,Yes,Yes,6,6,1520.0,Yes,Purabi / Coke / Sting,,None,No,Normal,,"(01 June 2026)

Distributor Name - Shaan Enterprise
Beat Name - Ghungoor
Intern Name - Saurav Sinha
Salesman Name - Biswajit Bormon
No. of outlets visited - 22
No. of outlets from where order received"
2026-06-01,Monday,23,June,Shaan Enterprise,Biswajit Bormon,Saurav Sinha,Ghungoor,Silchar Urban,OUT_5_306,1005,Bakery/Confectionery,Medium,Market/Commercial,Yes,Medium,Yes,Amul 4.Maa Durga Store,Dairy,Fermented Dairy,Yes,No,Medium,Yes,High,Yes,Yes,10,10,2820.0,Yes,Purabi / Coke / Sting,,None,No,Normal,,"(01 June 2026)

Distributor Name - Shaan Enterprise
Beat Name - Ghungoor
Intern Name - Saurav Sinha
Salesman Name - Biswajit Bormon
No. of outlets visited - 22
No. of outlets from where order received"
2026-06-01,Monday,23,June,Shaan Enterprise,Biswajit Bormon,Saurav Sinha,Ghungoor,Silchar Urban,OUT_5_306,1005,Bakery/Confectionery,Medium,Market/Commercial,Yes,Medium,Yes,Amul Aata,Dairy,Fermented Dairy,Yes,No,Medium,Yes,High,Yes,Yes,24,24,2820.0,Yes,Purabi / Coke / Sting,,None,No,Normal,,"(01 June 2026)

Distributor Name - Shaan Enterprise
Beat Name - Ghungoor
Intern Name - Saurav Sinha
Salesman Name - Biswajit Bormon
No. of outlets visited - 22
No. of outlets from where order received"
2026-06-01,Monday,23,June,Shaan Enterprise,Biswajit Bormon,Saurav Sinha,Ghungoor,Silchar Urban,OUT_5_306,1005,Bakery/Confectionery,Medium,Market/Commercial,Yes,Medium,Yes,Amul Tinned Paneer 1kg,Dairy,Fermented Dairy,Yes,No,Medium,Yes,High,Yes,Yes,12,12,2820.0,Yes,Purabi / Coke / Sting,,None,No,Normal,,"(01 June 2026)

Distributor Name - Shaan Enterprise
Beat Name - Ghungoor
Intern Name - Saurav Sinha
Salesman Name - Biswajit Bormon
No. of outlets visited - 22
No. of outlets from where order received"
2026-06-01,Monday,23,June,Shaan Enterprise,Biswajit Bormon,Saurav Sinha,Ghungoor,Silchar Urban,OUT_5_981,5.Rajesh Store,Kirana,Medium,Market/Commercial,Yes,Medium,Yes,Amul Tinned Paneer 1kg,Dairy,Fermented Dairy,Yes,No,Medium,Yes,High,Yes,Yes,3,3,1005.0,Yes,Purabi / Coke / Sting,,None,No,Normal,,"(01 June 2026)

Distributor Name - Shaan Enterprise
Beat Name - Ghungoor
Intern Name - Saurav Sinha
Salesman Name - Biswajit Bormon
No. of outlets visited - 22
No. of outlets from where order received"
2026-06-01,Monday,23,June,Shaan Enterprise,Biswajit Bormon,Saurav Sinha,Ghungoor,Silchar Urban,OUT_5_981,5.Rajesh Store,Kirana,Medium,Market/Commercial,Yes,Medium,Yes,Amul Aata,Dairy,Fermented Dairy,Yes,No,Medium,Yes,High,Yes,Yes,12,12,1005.0,Yes,Purabi / Coke / Sting,,None,No,Normal,,"(01 June 2026)

Distributor Name - Shaan Enterprise
Beat Name - Ghungoor
Intern Name - Saurav Sinha
Salesman Name - Biswajit Bormon
No. of outlets visited - 22
No. of outlets from where order received"
2026-06-01,Monday,23,June,Shaan Enterprise,Biswajit Bormon,Saurav Sinha,Ghungoor,Silchar Urban,OUT_5_002,6.Das Store,Kirana,Medium,Market/Commercial,Yes,Medium,Yes,Amul Dark Chocolate 150g,Dairy,Fermented Dairy,Yes,No,Medium,Yes,High,Yes,Yes,20,20,3900.0,Yes,Purabi / Coke / Sting,,None,No,Normal,,"(01 June 2026)

Distributor Name - Shaan Enterprise
Beat Name - Ghungoor
Intern Name - Saurav Sinha
Salesman Name - Biswajit Bormon
No. of outlets visited - 22
No. of outlets from where order received"
2026-06-01,Monday,23,June,Shaan Enterprise,Biswajit Bormon,Saurav Sinha,Ghungoor,Silchar Urban,OUT_5_002,6.Das Store,Kirana,Medium,Market/Commercial,Yes,Medium,Yes,Amul Fruit and nut small,Dairy,Fermented Dairy,Yes,No,Medium,Yes,High,Yes,Yes,20,20,3900.0,Yes,Purabi / Coke / Sting,,None,No,Normal,,"(01 June 2026)

Distributor Name - Shaan Enterprise
Beat Name - Ghungoor
Intern Name - Saurav Sinha
Salesman Name - Biswajit Bormon
No. of outlets visited - 22
No. of outlets from where order received"
2026-06-01,Monday,23,June,Shaan Enterprise,Biswajit Bormon,Saurav Sinha,Ghungoor,Silchar Urban,OUT_5_002,6.Das Store,Kirana,Medium,Market/Commercial,Yes,Medium,Yes,Amul Velvet,Dairy,Fermented Dairy,Yes,No,Medium,Yes,High,Yes,Yes,20,20,3900.0,Yes,Purabi / Coke / Sting,,None,No,Normal,,"(01 June 2026)

Distributor Name - Shaan Enterprise
Beat Name - Ghungoor
Intern Name - Saurav Sinha
Salesman Name - Biswajit Bormon
No. of outlets visited - 22
No. of outlets from where order received"
2026-06-01,Monday,23,June,Shaan Enterprise,Biswajit Bormon,Saurav Sinha,Ghungoor,Silchar Urban,OUT_5_002,6.Das Store,Kirana,Medium,Market/Commercial,Yes,Medium,Yes,Amul Sugar free dark,Dairy,Fermented Dairy,Yes,No,Medium,Yes,High,Yes,Yes,20,20,3900.0,Yes,Purabi / Coke / Sting,,None,No,Normal,,"(01 June 2026)

Distributor Name - Shaan Enterprise
Beat Name - Ghungoor
Intern Name - Saurav Sinha
Salesman Name - Biswajit Bormon
No. of outlets visited - 22
No. of outlets from where order received"
2026-06-01,Monday,23,June,Shaan Enterprise,Biswajit Bormon,Saurav Sinha,Ghungoor,Silchar Urban,OUT_5_002,6.Das Store,Kirana,Medium,Market/Commercial,Yes,Medium,Yes,Amul Aata,Dairy,Fermented Dairy,Yes,No,Medium,Yes,High,Yes,Yes,12,12,3900.0,Yes,Purabi / Coke / Sting,,None,No,Normal,,"(01 June 2026)

Distributor Name - Shaan Enterprise
Beat Name - Ghungoor
Intern Name - Saurav Sinha
Salesman Name - Biswajit Bormon
No. of outlets visited - 22
No. of outlets from where order received"
2026-06-01,Monday,23,June,Shaan Enterprise,Biswajit Bormon,Saurav Sinha,Ghungoor,Silchar Urban,OUT_5_614,7.Basanti Mini Mart,Bakery/Confectionery,Medium,Market/Commercial,Yes,Medium,Yes,Amul rusk,Dairy,Fermented Dairy,Yes,No,Medium,Yes,High,Yes,Yes,6,6,7320.0,Yes,Purabi / Coke / Sting,,None,No,Normal,,"(01 June 2026)

Distributor Name - Shaan Enterprise
Beat Name - Ghungoor
Intern Name - Saurav Sinha
Salesman Name - Biswajit Bormon
No. of outlets visited - 22
No. of outlets from where order received"
2026-06-01,Monday,23,June,Shaan Enterprise,Biswajit Bormon,Saurav Sinha,Ghungoor,Silchar Urban,OUT_5_614,7.Basanti Mini Mart,Bakery/Confectionery,Medium,Market/Commercial,Yes,Medium,Yes,Amul Butter 100g,Dairy,Fermented Dairy,Yes,No,Medium,Yes,High,Yes,Yes,6,6,7320.0,Yes,Purabi / Coke / Sting,,None,No,Normal,,"(01 June 2026)

Distributor Name - Shaan Enterprise
Beat Name - Ghungoor
Intern Name - Saurav Sinha
Salesman Name - Biswajit Bormon
No. of outlets visited - 22
No. of outlets from where order received"
2026-06-01,Monday,23,June,Shaan Enterprise,Biswajit Bormon,Saurav Sinha,Ghungoor,Silchar Urban,OUT_5_614,7.Basanti Mini Mart,Bakery/Confectionery,Medium,Market/Commercial,Yes,Medium,Yes,Amul choco mini,Dairy,Fermented Dairy,Yes,No,Medium,Yes,High,Yes,Yes,6,6,7320.0,Yes,Purabi / Coke / Sting,,None,No,Normal,,"(01 June 2026)

Distributor Name - Shaan Enterprise
Beat Name - Ghungoor
Intern Name - Saurav Sinha
Salesman Name - Biswajit Bormon
No. of outlets visited - 22
No. of outlets from where order received"
2026-06-01,Monday,23,June,Shaan Enterprise,Biswajit Bormon,Saurav Sinha,Ghungoor,Silchar Urban,OUT_5_614,7.Basanti Mini Mart,Bakery/Confectionery,Medium,Market/Commercial,Yes,Medium,Yes,Amul bitter big,Dairy,Fermented Dairy,Yes,No,Medium,Yes,High,Yes,Yes,3,3,7320.0,Yes,Purabi / Coke / Sting,,None,No,Normal,,"(01 June 2026)

Distributor Name - Shaan Enterprise
Beat Name - Ghungoor
Intern Name - Saurav Sinha
Salesman Name - Biswajit Bormon
No. of outlets visited - 22
No. of outlets from where order received"
2026-06-01,Monday,23,June,Shaan Enterprise,Biswajit Bormon,Saurav Sinha,Ghungoor,Silchar Urban,OUT_5_614,7.Basanti Mini Mart,Bakery/Confectionery,Medium,Market/Commercial,Yes,Medium,Yes,Amul fruit and nut small,Dairy,Fermented Dairy,Yes,No,Medium,Yes,High,Yes,Yes,40,40,7320.0,Yes,Purabi / Coke / Sting,,None,No,Normal,,"(01 June 2026)

Distributor Name - Shaan Enterprise
Beat Name - Ghungoor
Intern Name - Saurav Sinha
Salesman Name - Biswajit Bormon
No. of outlets visited - 22
No. of outlets from where order received"
2026-06-01,Monday,23,June,Shaan Enterprise,Biswajit Bormon,Saurav Sinha,Ghungoor,Silchar Urban,OUT_5_614,7.Basanti Mini Mart,Bakery/Confectionery,Medium,Market/Commercial,Yes,Medium,Yes,Amul sugar free 1 pc,Dairy,Fermented Dairy,Yes,No,Medium,Yes,High,Yes,Yes,10,10,7320.0,Yes,Purabi / Coke / Sting,,None,No,Normal,,"(01 June 2026)

Distributor Name - Shaan Enterprise
Beat Name - Ghungoor
Intern Name - Saurav Sinha
Salesman Name - Biswajit Bormon
No. of outlets visited - 22
No. of outlets from where order received"
2026-06-01,Monday,23,June,Shaan Enterprise,Biswajit Bormon,Saurav Sinha,Ghungoor,Silchar Urban,OUT_5_614,7.Basanti Mini Mart,Bakery/Confectionery,Medium,Market/Commercial,Yes,Medium,Yes,Amul Tinned Paneer 1kg,Dairy,Fermented Dairy,Yes,No,Medium,Yes,High,Yes,Yes,6,6,7320.0,Yes,Purabi / Coke / Sting,,None,No,Normal,,"(01 June 2026)

Distributor Name - Shaan Enterprise
Beat Name - Ghungoor
Intern Name - Saurav Sinha
Salesman Name - Biswajit Bormon
No. of outlets visited - 22
No. of outlets from where order received"
2026-06-01,Monday,23,June,Shaan Enterprise,Biswajit Bormon,Saurav Sinha,Ghungoor,Silchar Urban,OUT_5_614,7.Basanti Mini Mart,Bakery/Confectionery,Medium,Market/Commercial,Yes,Medium,Yes,Amul aata,Dairy,Fermented Dairy,Yes,No,Medium,Yes,High,Yes,Yes,72,72,7320.0,Yes,Purabi / Coke / Sting,,None,No,Normal,,"(01 June 2026)

Distributor Name - Shaan Enterprise
Beat Name - Ghungoor
Intern Name - Saurav Sinha
Salesman Name - Biswajit Bormon
No. of outlets visited - 22
No. of outlets from where order received"
2026-06-02,Tuesday,23,June,Shaan Enterprise,Biswajit Bormon,Saurav Sinha,2nd Link Road,Silchar Urban,OUT_6_653,"02 June 2026)

Distributor Name - Shaan Enterprise
Beat Name - 2nd Link Road
Intern Name - Saurav Sinha
Salesman Name - Biswajit Bormon
No. of outlets visited - 26
No. of outlets from where order received - 13
No. of outlets from where order received for focused products - 7",Kirana,Medium,Market/Commercial,Yes,Medium,Yes,Amul MR Laskar,Dairy,Fermented Dairy,Yes,No,Medium,Yes,High,Yes,Yes,10,10,1620.0,Yes,Purabi / Coke / Sting,,None,No,Normal,,"1. Sales are down in this beat due to competition from Instamart and JioMart. WSDM also confirmed the same, saying that this beat's market has weakened since Instamart launched in Silchar.
2. Even tho"
2026-06-02,Tuesday,23,June,Shaan Enterprise,Biswajit Bormon,Saurav Sinha,2nd Link Road,Silchar Urban,OUT_6_653,"02 June 2026)

Distributor Name - Shaan Enterprise
Beat Name - 2nd Link Road
Intern Name - Saurav Sinha
Salesman Name - Biswajit Bormon
No. of outlets visited - 26
No. of outlets from where order received - 13
No. of outlets from where order received for focused products - 7",Kirana,Medium,Market/Commercial,Yes,Medium,Yes,Amul Tinned Paneer 1kg,Dairy,Fermented Dairy,Yes,No,Medium,Yes,High,Yes,Yes,12,12,1620.0,Yes,Purabi / Coke / Sting,,None,No,Normal,,"1. Sales are down in this beat due to competition from Instamart and JioMart. WSDM also confirmed the same, saying that this beat's market has weakened since Instamart launched in Silchar.
2. Even tho"
2026-06-02,Tuesday,23,June,Shaan Enterprise,Biswajit Bormon,Saurav Sinha,2nd Link Road,Silchar Urban,OUT_6_523,Daily Basket,Bakery/Confectionery,Medium,Market/Commercial,Yes,Medium,Yes,Amul sugar free small,Dairy,Fermented Dairy,Yes,No,Medium,Yes,High,Yes,Yes,20,20,2610.0,Yes,Purabi / Coke / Sting,,None,No,Normal,,"1. Sales are down in this beat due to competition from Instamart and JioMart. WSDM also confirmed the same, saying that this beat's market has weakened since Instamart launched in Silchar.
2. Even tho"
2026-06-02,Tuesday,23,June,Shaan Enterprise,Biswajit Bormon,Saurav Sinha,2nd Link Road,Silchar Urban,OUT_6_523,Daily Basket,Bakery/Confectionery,Medium,Market/Commercial,Yes,Medium,Yes,Amul Dark Chocolate 150g,Dairy,Fermented Dairy,Yes,No,Medium,Yes,High,Yes,Yes,20,20,2610.0,Yes,Purabi / Coke / Sting,,None,No,Normal,,"1. Sales are down in this beat due to competition from Instamart and JioMart. WSDM also confirmed the same, saying that this beat's market has weakened since Instamart launched in Silchar.
2. Even tho"
2026-06-02,Tuesday,23,June,Shaan Enterprise,Biswajit Bormon,Saurav Sinha,2nd Link Road,Silchar Urban,OUT_6_523,Daily Basket,Bakery/Confectionery,Medium,Market/Commercial,Yes,Medium,Yes,Amul Tinned Paneer 1kg,Dairy,Fermented Dairy,Yes,No,Medium,Yes,High,Yes,Yes,6,6,2610.0,Yes,Purabi / Coke / Sting,,None,No,Normal,,"1. Sales are down in this beat due to competition from Instamart and JioMart. WSDM also confirmed the same, saying that this beat's market has weakened since Instamart launched in Silchar.
2. Even tho"
2026-06-02,Tuesday,23,June,Shaan Enterprise,Biswajit Bormon,Saurav Sinha,2nd Link Road,Silchar Urban,OUT_6_541,Pallab De,Bakery/Confectionery,Medium,Market/Commercial,Yes,Medium,Yes,Amul Tinned Paneer 1kg,Dairy,Fermented Dairy,Yes,No,Medium,Yes,High,Yes,Yes,3,3,405.0,Yes,Purabi / Coke / Sting,,None,No,Normal,,"1. Sales are down in this beat due to competition from Instamart and JioMart. WSDM also confirmed the same, saying that this beat's market has weakened since Instamart launched in Silchar.
2. Even tho"
2026-06-02,Tuesday,23,June,Shaan Enterprise,Biswajit Bormon,Saurav Sinha,2nd Link Road,Silchar Urban,OUT_6_591,Deb Bhandar,Bakery/Confectionery,Medium,Market/Commercial,Yes,Medium,Yes,Amul Tinned Paneer 1kg,Dairy,Fermented Dairy,Yes,No,Medium,Yes,High,Yes,Yes,6,6,810.0,Yes,Purabi / Coke / Sting,,None,No,Normal,,"1. Sales are down in this beat due to competition from Instamart and JioMart. WSDM also confirmed the same, saying that this beat's market has weakened since Instamart launched in Silchar.
2. Even tho"
2026-06-02,Tuesday,23,June,Shaan Enterprise,Biswajit Bormon,Saurav Sinha,2nd Link Road,Silchar Urban,OUT_6_586,Sankari store,Kirana,Medium,Market/Commercial,Yes,Medium,Yes,Amul Tinned Paneer 1kg,Dairy,Fermented Dairy,Yes,No,Medium,Yes,High,Yes,Yes,6,6,810.0,Yes,Purabi / Coke / Sting,,None,No,Normal,,"1. Sales are down in this beat due to competition from Instamart and JioMart. WSDM also confirmed the same, saying that this beat's market has weakened since Instamart launched in Silchar.
2. Even tho"
2026-06-02,Tuesday,23,June,Shaan Enterprise,Biswajit Bormon,Saurav Sinha,2nd Link Road,Silchar Urban,OUT_6_959,855,Bakery/Confectionery,Medium,Market/Commercial,Yes,Medium,Yes,Amul Rina Stores,Dairy,Fermented Dairy,Yes,No,Medium,Yes,High,Yes,Yes,10,10,1620.0,Yes,Purabi / Coke / Sting,,None,No,Normal,,"1. Sales are down in this beat due to competition from Instamart and JioMart. WSDM also confirmed the same, saying that this beat's market has weakened since Instamart launched in Silchar.
2. Even tho"
2026-06-02,Tuesday,23,June,Shaan Enterprise,Biswajit Bormon,Saurav Sinha,2nd Link Road,Silchar Urban,OUT_6_959,855,Bakery/Confectionery,Medium,Market/Commercial,Yes,Medium,Yes,Amul Tinned Paneer 1kg,Dairy,Fermented Dairy,Yes,No,Medium,Yes,High,Yes,Yes,12,12,1620.0,Yes,Purabi / Coke / Sting,,None,No,Normal,,"1. Sales are down in this beat due to competition from Instamart and JioMart. WSDM also confirmed the same, saying that this beat's market has weakened since Instamart launched in Silchar.
2. Even tho"
2026-06-03,Wednesday,23,June,Shaan Enterprise,Biswajit Bormon,Saurav Sinha,Fakirtilla,Silchar Urban,OUT_7_344,"03 June 2026)

Distributor Name - Shaan Enterprise
Beat Name - Fakirtilla
Intern Name - Saurav Sinha
Salesman Name - Biswajit Bormon
No. of outlets visited - 10
No. of outlets from where order received for focused products - 5",Kirana,Medium,Market/Commercial,Yes,Medium,Yes,Amul JP Store,Dairy,Fermented Dairy,Yes,No,Medium,Yes,High,Yes,Yes,10,10,1815.0,Yes,Purabi / Coke / Sting,,None,No,Normal,,"1. Gulab Jamun, Kaju Katli 200g, and Masti Small were found to be out of stock across the beat.
2. Sai Amul Parlour had placed an order for Rasmalai in May, however the stock received had an expiry on"
2026-06-03,Wednesday,23,June,Shaan Enterprise,Biswajit Bormon,Saurav Sinha,Fakirtilla,Silchar Urban,OUT_7_344,"03 June 2026)

Distributor Name - Shaan Enterprise
Beat Name - Fakirtilla
Intern Name - Saurav Sinha
Salesman Name - Biswajit Bormon
No. of outlets visited - 10
No. of outlets from where order received for focused products - 5",Kirana,Medium,Market/Commercial,Yes,Medium,Yes,Amul Choco Mini 3 box,Dairy,Fermented Dairy,Yes,No,Medium,Yes,High,Yes,Yes,10,10,1815.0,Yes,Purabi / Coke / Sting,,None,No,Normal,,"1. Gulab Jamun, Kaju Katli 200g, and Masti Small were found to be out of stock across the beat.
2. Sai Amul Parlour had placed an order for Rasmalai in May, however the stock received had an expiry on"
2026-06-03,Wednesday,23,June,Shaan Enterprise,Biswajit Bormon,Saurav Sinha,Fakirtilla,Silchar Urban,OUT_7_344,"03 June 2026)

Distributor Name - Shaan Enterprise
Beat Name - Fakirtilla
Intern Name - Saurav Sinha
Salesman Name - Biswajit Bormon
No. of outlets visited - 10
No. of outlets from where order received for focused products - 5",Kirana,Medium,Market/Commercial,Yes,Medium,Yes,Amul Kaju Katli,Dairy,Fermented Dairy,Yes,No,Medium,Yes,High,Yes,Yes,10,10,1815.0,Yes,Purabi / Coke / Sting,,None,No,Normal,,"1. Gulab Jamun, Kaju Katli 200g, and Masti Small were found to be out of stock across the beat.
2. Sai Amul Parlour had placed an order for Rasmalai in May, however the stock received had an expiry on"
2026-06-03,Wednesday,23,June,Shaan Enterprise,Biswajit Bormon,Saurav Sinha,Fakirtilla,Silchar Urban,OUT_7_344,"03 June 2026)

Distributor Name - Shaan Enterprise
Beat Name - Fakirtilla
Intern Name - Saurav Sinha
Salesman Name - Biswajit Bormon
No. of outlets visited - 10
No. of outlets from where order received for focused products - 5",Kirana,Medium,Market/Commercial,Yes,Medium,Yes,Amul Dark Chocolate 150g,Dairy,Fermented Dairy,Yes,No,Medium,Yes,High,Yes,Yes,35,35,1815.0,Yes,Purabi / Coke / Sting,,None,No,Normal,,"1. Gulab Jamun, Kaju Katli 200g, and Masti Small were found to be out of stock across the beat.
2. Sai Amul Parlour had placed an order for Rasmalai in May, however the stock received had an expiry on"
2026-06-03,Wednesday,23,June,Shaan Enterprise,Biswajit Bormon,Saurav Sinha,Fakirtilla,Silchar Urban,OUT_7_418,Sai Amul Parlour,Bakery/Confectionery,Medium,Market/Commercial,Yes,Medium,Yes,Amul dudh peda,Dairy,Fermented Dairy,Yes,No,Medium,Yes,High,Yes,Yes,3,3,1365.0,Yes,Purabi / Coke / Sting,,None,No,Normal,,"1. Gulab Jamun, Kaju Katli 200g, and Masti Small were found to be out of stock across the beat.
2. Sai Amul Parlour had placed an order for Rasmalai in May, however the stock received had an expiry on"
2026-06-03,Wednesday,23,June,Shaan Enterprise,Biswajit Bormon,Saurav Sinha,Fakirtilla,Silchar Urban,OUT_7_418,Sai Amul Parlour,Bakery/Confectionery,Medium,Market/Commercial,Yes,Medium,Yes,Amul launga lata,Dairy,Fermented Dairy,Yes,No,Medium,Yes,High,Yes,Yes,3,3,1365.0,Yes,Purabi / Coke / Sting,,None,No,Normal,,"1. Gulab Jamun, Kaju Katli 200g, and Masti Small were found to be out of stock across the beat.
2. Sai Amul Parlour had placed an order for Rasmalai in May, however the stock received had an expiry on"
2026-06-03,Wednesday,23,June,Shaan Enterprise,Biswajit Bormon,Saurav Sinha,Fakirtilla,Silchar Urban,OUT_7_418,Sai Amul Parlour,Bakery/Confectionery,Medium,Market/Commercial,Yes,Medium,Yes,Amul laal peda,Dairy,Fermented Dairy,Yes,No,Medium,Yes,High,Yes,Yes,3,3,1365.0,Yes,Purabi / Coke / Sting,,None,No,Normal,,"1. Gulab Jamun, Kaju Katli 200g, and Masti Small were found to be out of stock across the beat.
2. Sai Amul Parlour had placed an order for Rasmalai in May, however the stock received had an expiry on"
2026-06-03,Wednesday,23,June,Shaan Enterprise,Biswajit Bormon,Saurav Sinha,Fakirtilla,Silchar Urban,OUT_7_063,Laxmi Stores,Kirana,Medium,Market/Commercial,Yes,Medium,Yes,Amul Tinned Paneer 1kg,Dairy,Fermented Dairy,Yes,No,Medium,Yes,High,Yes,Yes,425,425,6480.0,Yes,Purabi / Coke / Sting,,None,No,Normal,,"1. Gulab Jamun, Kaju Katli 200g, and Masti Small were found to be out of stock across the beat.
2. Sai Amul Parlour had placed an order for Rasmalai in May, however the stock received had an expiry on"
2026-06-03,Wednesday,23,June,Shaan Enterprise,Biswajit Bormon,Saurav Sinha,Fakirtilla,Silchar Urban,OUT_7_403,Joymoti Stores,Kirana,Medium,Market/Commercial,Yes,Medium,Yes,Amul Dark Chocolate 150g,Dairy,Fermented Dairy,Yes,No,Medium,Yes,High,Yes,Yes,35,35,4110.0,Yes,Purabi / Coke / Sting,,None,No,Normal,,"1. Gulab Jamun, Kaju Katli 200g, and Masti Small were found to be out of stock across the beat.
2. Sai Amul Parlour had placed an order for Rasmalai in May, however the stock received had an expiry on"
2026-06-03,Wednesday,23,June,Shaan Enterprise,Biswajit Bormon,Saurav Sinha,Fakirtilla,Silchar Urban,OUT_7_403,Joymoti Stores,Kirana,Medium,Market/Commercial,Yes,Medium,Yes,Amul laung lata,Dairy,Fermented Dairy,Yes,No,Medium,Yes,High,Yes,Yes,6,6,4110.0,Yes,Purabi / Coke / Sting,,None,No,Normal,,"1. Gulab Jamun, Kaju Katli 200g, and Masti Small were found to be out of stock across the beat.
2. Sai Amul Parlour had placed an order for Rasmalai in May, however the stock received had an expiry on"
2026-06-03,Wednesday,23,June,Shaan Enterprise,Biswajit Bormon,Saurav Sinha,Fakirtilla,Silchar Urban,OUT_7_403,Joymoti Stores,Kirana,Medium,Market/Commercial,Yes,Medium,Yes,Amul laal peda,Dairy,Fermented Dairy,Yes,No,Medium,Yes,High,Yes,Yes,6,6,4110.0,Yes,Purabi / Coke / Sting,,None,No,Normal,,"1. Gulab Jamun, Kaju Katli 200g, and Masti Small were found to be out of stock across the beat.
2. Sai Amul Parlour had placed an order for Rasmalai in May, however the stock received had an expiry on"
2026-06-03,Wednesday,23,June,Shaan Enterprise,Biswajit Bormon,Saurav Sinha,Fakirtilla,Silchar Urban,OUT_7_403,Joymoti Stores,Kirana,Medium,Market/Commercial,Yes,Medium,Yes,Amul dudh peda,Dairy,Fermented Dairy,Yes,No,Medium,Yes,High,Yes,Yes,6,6,4110.0,Yes,Purabi / Coke / Sting,,None,No,Normal,,"1. Gulab Jamun, Kaju Katli 200g, and Masti Small were found to be out of stock across the beat.
2. Sai Amul Parlour had placed an order for Rasmalai in May, however the stock received had an expiry on"
2026-06-03,Wednesday,23,June,Shaan Enterprise,Biswajit Bormon,Saurav Sinha,Fakirtilla,Silchar Urban,OUT_7_403,Joymoti Stores,Kirana,Medium,Market/Commercial,Yes,Medium,Yes,Amul Butter 100g,Dairy,Fermented Dairy,Yes,No,Medium,Yes,High,Yes,Yes,6,6,4110.0,Yes,Purabi / Coke / Sting,,None,No,Normal,,"1. Gulab Jamun, Kaju Katli 200g, and Masti Small were found to be out of stock across the beat.
2. Sai Amul Parlour had placed an order for Rasmalai in May, however the stock received had an expiry on"
2026-06-04,Thursday,23,June,Shaan Enterprise,Biswajit Bormon,Saurav Sinha,Silcoorie-Irongmara,Silchar Urban,OUT_8_773,Dark) 150g	3 pcs,Bakery/Confectionery,Medium,Market/Commercial,Yes,Medium,Yes,Amul Dark Chocolate 150g,Dairy,Fermented Dairy,Yes,No,Medium,Yes,High,Yes,Yes,20,20,2995.0,Yes,Purabi / Coke / Sting,,None,No,Normal,,"1. At Sumona Store, Butter Cake was pitched to the retailer who initially asked for samples before agreeing to keep 3 pcs.
2. Paneer 425g Tin was present in most stores across the beat and was activel"
2026-06-04,Thursday,23,June,Shaan Enterprise,Biswajit Bormon,Saurav Sinha,Silcoorie-Irongmara,Silchar Urban,OUT_8_599,Sadhan Deb,Bakery/Confectionery,Medium,Market/Commercial,Yes,Medium,Yes,Amul Laung lata,Dairy,Fermented Dairy,Yes,No,Medium,Yes,High,Yes,Yes,2,2,3430.0,Yes,Purabi / Coke / Sting,,None,No,Normal,,"1. At Sumona Store, Butter Cake was pitched to the retailer who initially asked for samples before agreeing to keep 3 pcs.
2. Paneer 425g Tin was present in most stores across the beat and was activel"
2026-06-04,Thursday,23,June,Shaan Enterprise,Biswajit Bormon,Saurav Sinha,Silcoorie-Irongmara,Silchar Urban,OUT_8_599,Sadhan Deb,Bakery/Confectionery,Medium,Market/Commercial,Yes,Medium,Yes,Amul laal peda,Dairy,Fermented Dairy,Yes,No,Medium,Yes,High,Yes,Yes,2,2,3430.0,Yes,Purabi / Coke / Sting,,None,No,Normal,,"1. At Sumona Store, Butter Cake was pitched to the retailer who initially asked for samples before agreeing to keep 3 pcs.
2. Paneer 425g Tin was present in most stores across the beat and was activel"
2026-06-04,Thursday,23,June,Shaan Enterprise,Biswajit Bormon,Saurav Sinha,Silcoorie-Irongmara,Silchar Urban,OUT_8_599,Sadhan Deb,Bakery/Confectionery,Medium,Market/Commercial,Yes,Medium,Yes,Amul doodh peda,Dairy,Fermented Dairy,Yes,No,Medium,Yes,High,Yes,Yes,2,2,3430.0,Yes,Purabi / Coke / Sting,,None,No,Normal,,"1. At Sumona Store, Butter Cake was pitched to the retailer who initially asked for samples before agreeing to keep 3 pcs.
2. Paneer 425g Tin was present in most stores across the beat and was activel"
2026-06-04,Thursday,23,June,Shaan Enterprise,Biswajit Bormon,Saurav Sinha,Silcoorie-Irongmara,Silchar Urban,OUT_8_599,Sadhan Deb,Bakery/Confectionery,Medium,Market/Commercial,Yes,Medium,Yes,Amul Tinned Paneer 1kg,Dairy,Fermented Dairy,Yes,No,Medium,Yes,High,Yes,Yes,12,12,3430.0,Yes,Purabi / Coke / Sting,,None,No,Normal,,"1. At Sumona Store, Butter Cake was pitched to the retailer who initially asked for samples before agreeing to keep 3 pcs.
2. Paneer 425g Tin was present in most stores across the beat and was activel"
2026-06-04,Thursday,23,June,Shaan Enterprise,Biswajit Bormon,Saurav Sinha,Silcoorie-Irongmara,Silchar Urban,OUT_8_599,Sadhan Deb,Bakery/Confectionery,Medium,Market/Commercial,Yes,Medium,Yes,Amul Dark Chocolate 150g,Dairy,Fermented Dairy,Yes,No,Medium,Yes,High,Yes,Yes,20,20,3430.0,Yes,Purabi / Coke / Sting,,None,No,Normal,,"1. At Sumona Store, Butter Cake was pitched to the retailer who initially asked for samples before agreeing to keep 3 pcs.
2. Paneer 425g Tin was present in most stores across the beat and was activel"
2026-06-04,Thursday,23,June,Shaan Enterprise,Biswajit Bormon,Saurav Sinha,Silcoorie-Irongmara,Silchar Urban,OUT_8_944,Karanrai Variety Store,Kirana,Medium,Market/Commercial,Yes,Medium,Yes,Amul Dark Chocolate 150g,Dairy,Fermented Dairy,Yes,No,Medium,Yes,High,Yes,Yes,20,20,900.0,Yes,Purabi / Coke / Sting,,None,No,Normal,,"1. At Sumona Store, Butter Cake was pitched to the retailer who initially asked for samples before agreeing to keep 3 pcs.
2. Paneer 425g Tin was present in most stores across the beat and was activel"
2026-06-04,Thursday,23,June,Shaan Enterprise,Biswajit Bormon,Saurav Sinha,Silcoorie-Irongmara,Silchar Urban,OUT_8_950,Gourav Bhandar,Bakery/Confectionery,Medium,Market/Commercial,Yes,Medium,Yes,Amul Dark Chocolate 150g,Dairy,Fermented Dairy,Yes,No,Medium,Yes,High,Yes,Yes,40,40,1800.0,Yes,Purabi / Coke / Sting,,None,No,Normal,,"1. At Sumona Store, Butter Cake was pitched to the retailer who initially asked for samples before agreeing to keep 3 pcs.
2. Paneer 425g Tin was present in most stores across the beat and was activel"
2026-06-04,Thursday,23,June,Shaan Enterprise,Biswajit Bormon,Saurav Sinha,Silcoorie-Irongmara,Silchar Urban,OUT_8_340,Foodmart,Bakery/Confectionery,Medium,Market/Commercial,Yes,Medium,Yes,Amul Tinned Paneer 1kg,Dairy,Fermented Dairy,Yes,No,Medium,Yes,High,Yes,Yes,3,3,405.0,Yes,Purabi / Coke / Sting,,None,No,Normal,,"1. At Sumona Store, Butter Cake was pitched to the retailer who initially asked for samples before agreeing to keep 3 pcs.
2. Paneer 425g Tin was present in most stores across the beat and was activel"
2026-06-08,Monday,24,June,Shaan Enterprise,Biswajit Bormon,Saurav Sinha,Ghungoor,Silchar Urban,OUT_9_877,600,Bakery/Confectionery,Medium,Market/Commercial,Yes,Medium,Yes,Amul Lakhi Bhandar,Dairy,Fermented Dairy,Yes,No,Medium,Yes,High,Yes,Yes,10,10,480.0,Yes,Purabi / Coke / Sting,,None,No,Normal,,"1. In Maa Durga Store last week's paneer orders were visible in the shelves
2. Bindazz, Amul Tru Mango and almost all of the canned beverages’ stock weren’t available at the distributor’s.
3. There we"
2026-06-08,Monday,24,June,Shaan Enterprise,Biswajit Bormon,Saurav Sinha,Ghungoor,Silchar Urban,OUT_9_877,600,Bakery/Confectionery,Medium,Market/Commercial,Yes,Medium,Yes,Amul Kool Cafe 200ml (Can),Beverages,Fermented Dairy,Yes,No,Medium,Yes,High,Yes,Yes,24,24,480.0,Yes,Purabi / Coke / Sting,,None,No,Normal,,"1. In Maa Durga Store last week's paneer orders were visible in the shelves
2. Bindazz, Amul Tru Mango and almost all of the canned beverages’ stock weren’t available at the distributor’s.
3. There we"
2026-06-08,Monday,24,June,Shaan Enterprise,Biswajit Bormon,Saurav Sinha,Ghungoor,Silchar Urban,OUT_9_729,Ashik Enterprise,Kirana,Medium,Market/Commercial,Yes,Medium,Yes,Amul Kool Cafe 200ml (Can),Beverages,Fermented Dairy,Yes,No,Medium,Yes,High,Yes,Yes,120,120,4650.0,Yes,Purabi / Coke / Sting,,None,No,Normal,,"1. In Maa Durga Store last week's paneer orders were visible in the shelves
2. Bindazz, Amul Tru Mango and almost all of the canned beverages’ stock weren’t available at the distributor’s.
3. There we"
2026-06-08,Monday,24,June,Shaan Enterprise,Biswajit Bormon,Saurav Sinha,Ghungoor,Silchar Urban,OUT_9_729,Ashik Enterprise,Kirana,Medium,Market/Commercial,Yes,Medium,Yes,Amul Masti Spiced Buttermilk 200ml,Dairy,Fermented Dairy,Yes,No,Medium,Yes,High,Yes,Yes,150,150,4650.0,Yes,Purabi / Coke / Sting,,None,No,Normal,,"1. In Maa Durga Store last week's paneer orders were visible in the shelves
2. Bindazz, Amul Tru Mango and almost all of the canned beverages’ stock weren’t available at the distributor’s.
3. There we"
2026-06-08,Monday,24,June,Shaan Enterprise,Biswajit Bormon,Saurav Sinha,Ghungoor,Silchar Urban,OUT_9_693,Jamal Store,Kirana,Medium,Market/Commercial,Yes,Medium,Yes,Amul Lassi 200ml,Beverages,Fermented Dairy,Yes,No,Medium,Yes,High,Yes,Yes,90,90,1800.0,Yes,Purabi / Coke / Sting,,None,No,Normal,,"1. In Maa Durga Store last week's paneer orders were visible in the shelves
2. Bindazz, Amul Tru Mango and almost all of the canned beverages’ stock weren’t available at the distributor’s.
3. There we"
2026-06-08,Monday,24,June,Shaan Enterprise,Biswajit Bormon,Saurav Sinha,Ghungoor,Silchar Urban,OUT_9_196,Basanti Mini Mart,Bakery/Confectionery,Medium,Market/Commercial,Yes,Medium,Yes,Amul Kool Cafe 200ml (Can),Beverages,Fermented Dairy,Yes,No,Medium,Yes,High,Yes,Yes,72,72,6690.0,Yes,Purabi / Coke / Sting,,None,No,Normal,,"1. In Maa Durga Store last week's paneer orders were visible in the shelves
2. Bindazz, Amul Tru Mango and almost all of the canned beverages’ stock weren’t available at the distributor’s.
3. There we"
2026-06-08,Monday,24,June,Shaan Enterprise,Biswajit Bormon,Saurav Sinha,Ghungoor,Silchar Urban,OUT_9_196,Basanti Mini Mart,Bakery/Confectionery,Medium,Market/Commercial,Yes,Medium,Yes,Amul Masti Spiced Buttermilk 200ml,Dairy,Fermented Dairy,Yes,No,Medium,Yes,High,Yes,Yes,120,120,6690.0,Yes,Purabi / Coke / Sting,,None,No,Normal,,"1. In Maa Durga Store last week's paneer orders were visible in the shelves
2. Bindazz, Amul Tru Mango and almost all of the canned beverages’ stock weren’t available at the distributor’s.
3. There we"
2026-06-08,Monday,24,June,Shaan Enterprise,Biswajit Bormon,Saurav Sinha,Ghungoor,Silchar Urban,OUT_9_196,Basanti Mini Mart,Bakery/Confectionery,Medium,Market/Commercial,Yes,Medium,Yes,Amul Kool Cafe 200ml (Can),Beverages,Fermented Dairy,Yes,No,Medium,Yes,High,Yes,Yes,30,30,6690.0,Yes,Purabi / Coke / Sting,,None,No,Normal,,"1. In Maa Durga Store last week's paneer orders were visible in the shelves
2. Bindazz, Amul Tru Mango and almost all of the canned beverages’ stock weren’t available at the distributor’s.
3. There we"
2026-06-08,Monday,24,June,Shaan Enterprise,Biswajit Bormon,Saurav Sinha,Ghungoor,Silchar Urban,OUT_9_196,Basanti Mini Mart,Bakery/Confectionery,Medium,Market/Commercial,Yes,Medium,Yes,Amul Kool Cafe 200ml (Can),Beverages,Fermented Dairy,Yes,No,Medium,Yes,High,Yes,Yes,30,30,6690.0,Yes,Purabi / Coke / Sting,,None,No,Normal,,"1. In Maa Durga Store last week's paneer orders were visible in the shelves
2. Bindazz, Amul Tru Mango and almost all of the canned beverages’ stock weren’t available at the distributor’s.
3. There we"
2026-06-08,Monday,24,June,Shaan Enterprise,Biswajit Bormon,Saurav Sinha,Ghungoor,Silchar Urban,OUT_9_196,Basanti Mini Mart,Bakery/Confectionery,Medium,Market/Commercial,Yes,Medium,Yes,Amul Kool Cafe 200ml (Can),Beverages,Fermented Dairy,Yes,No,Medium,Yes,High,Yes,Yes,30,30,6690.0,Yes,Purabi / Coke / Sting,,None,No,Normal,,"1. In Maa Durga Store last week's paneer orders were visible in the shelves
2. Bindazz, Amul Tru Mango and almost all of the canned beverages’ stock weren’t available at the distributor’s.
3. There we"
2026-06-08,Monday,24,June,Shaan Enterprise,Biswajit Bormon,Saurav Sinha,Ghungoor,Silchar Urban,OUT_9_196,Basanti Mini Mart,Bakery/Confectionery,Medium,Market/Commercial,Yes,Medium,Yes,Amul Kool Cafe 200ml (Can),Beverages,Fermented Dairy,Yes,No,Medium,Yes,High,Yes,Yes,30,30,6690.0,Yes,Purabi / Coke / Sting,,None,No,Normal,,"1. In Maa Durga Store last week's paneer orders were visible in the shelves
2. Bindazz, Amul Tru Mango and almost all of the canned beverages’ stock weren’t available at the distributor’s.
3. There we"
2026-06-08,Monday,24,June,Shaan Enterprise,Biswajit Bormon,Saurav Sinha,Ghungoor,Silchar Urban,OUT_9_396,300,Bakery/Confectionery,Medium,Market/Commercial,Yes,Medium,Yes,Amul Sharma Store,Dairy,Fermented Dairy,Yes,No,Medium,Yes,High,Yes,Yes,10,10,480.0,Yes,Purabi / Coke / Sting,,None,No,Normal,,"1. In Maa Durga Store last week's paneer orders were visible in the shelves
2. Bindazz, Amul Tru Mango and almost all of the canned beverages’ stock weren’t available at the distributor’s.
3. There we"
2026-06-08,Monday,24,June,Shaan Enterprise,Biswajit Bormon,Saurav Sinha,Ghungoor,Silchar Urban,OUT_9_396,300,Bakery/Confectionery,Medium,Market/Commercial,Yes,Medium,Yes,Amul Kool Cafe 200ml (Can),Beverages,Fermented Dairy,Yes,No,Medium,Yes,High,Yes,Yes,24,24,480.0,Yes,Purabi / Coke / Sting,,None,No,Normal,,"1. In Maa Durga Store last week's paneer orders were visible in the shelves
2. Bindazz, Amul Tru Mango and almost all of the canned beverages’ stock weren’t available at the distributor’s.
3. There we"
2026-06-08,Monday,24,June,Shaan Enterprise,Biswajit Bormon,Saurav Sinha,Ghungoor,Silchar Urban,OUT_9_806,Suman's,Bakery/Confectionery,Medium,Market/Commercial,Yes,Medium,Yes,Amul Lassi 200ml,Beverages,Fermented Dairy,Yes,No,Medium,Yes,High,Yes,Yes,30,30,1080.0,Yes,Purabi / Coke / Sting,,None,No,Normal,,"1. In Maa Durga Store last week's paneer orders were visible in the shelves
2. Bindazz, Amul Tru Mango and almost all of the canned beverages’ stock weren’t available at the distributor’s.
3. There we"
2026-06-08,Monday,24,June,Shaan Enterprise,Biswajit Bormon,Saurav Sinha,Ghungoor,Silchar Urban,OUT_9_806,Suman's,Bakery/Confectionery,Medium,Market/Commercial,Yes,Medium,Yes,Amul Kool Cafe 200ml (Can),Beverages,Fermented Dairy,Yes,No,Medium,Yes,High,Yes,Yes,24,24,1080.0,Yes,Purabi / Coke / Sting,,None,No,Normal,,"1. In Maa Durga Store last week's paneer orders were visible in the shelves
2. Bindazz, Amul Tru Mango and almost all of the canned beverages’ stock weren’t available at the distributor’s.
3. There we"
2026-06-08,Monday,24,June,Shaan Enterprise,Biswajit Bormon,Saurav Sinha,Ghungoor,Silchar Urban,OUT_9_758,SN Kamalpuri,Bakery/Confectionery,Medium,Market/Commercial,Yes,Medium,Yes,Amul Kool Cafe 200ml (Can),Beverages,Fermented Dairy,Yes,No,Medium,Yes,High,Yes,Yes,24,24,480.0,Yes,Purabi / Coke / Sting,,None,No,Normal,,"1. In Maa Durga Store last week's paneer orders were visible in the shelves
2. Bindazz, Amul Tru Mango and almost all of the canned beverages’ stock weren’t available at the distributor’s.
3. There we"
2026-06-08,Monday,24,June,Shaan Enterprise,Biswajit Bormon,Saurav Sinha,Ghungoor,Silchar Urban,OUT_9_820,Dev Store,Kirana,Medium,Market/Commercial,Yes,Medium,Yes,Amul Kool Cafe 200ml (Can),Beverages,Fermented Dairy,Yes,No,Medium,Yes,High,Yes,Yes,24,24,4980.0,Yes,Purabi / Coke / Sting,,None,No,Normal,,"1. In Maa Durga Store last week's paneer orders were visible in the shelves
2. Bindazz, Amul Tru Mango and almost all of the canned beverages’ stock weren’t available at the distributor’s.
3. There we"
2026-06-08,Monday,24,June,Shaan Enterprise,Biswajit Bormon,Saurav Sinha,Ghungoor,Silchar Urban,OUT_9_820,Dev Store,Kirana,Medium,Market/Commercial,Yes,Medium,Yes,Amul Kool Cafe 200ml (Can),Beverages,Fermented Dairy,Yes,No,Medium,Yes,High,Yes,Yes,30,30,4980.0,Yes,Purabi / Coke / Sting,,None,No,Normal,,"1. In Maa Durga Store last week's paneer orders were visible in the shelves
2. Bindazz, Amul Tru Mango and almost all of the canned beverages’ stock weren’t available at the distributor’s.
3. There we"
2026-06-08,Monday,24,June,Shaan Enterprise,Biswajit Bormon,Saurav Sinha,Ghungoor,Silchar Urban,OUT_9_820,Dev Store,Kirana,Medium,Market/Commercial,Yes,Medium,Yes,Amul Kool Cafe 200ml (Can),Beverages,Fermented Dairy,Yes,No,Medium,Yes,High,Yes,Yes,30,30,4980.0,Yes,Purabi / Coke / Sting,,None,No,Normal,,"1. In Maa Durga Store last week's paneer orders were visible in the shelves
2. Bindazz, Amul Tru Mango and almost all of the canned beverages’ stock weren’t available at the distributor’s.
3. There we"
2026-06-08,Monday,24,June,Shaan Enterprise,Biswajit Bormon,Saurav Sinha,Ghungoor,Silchar Urban,OUT_9_820,Dev Store,Kirana,Medium,Market/Commercial,Yes,Medium,Yes,Amul Kool Cafe 200ml (Can),Beverages,Fermented Dairy,Yes,No,Medium,Yes,High,Yes,Yes,30,30,4980.0,Yes,Purabi / Coke / Sting,,None,No,Normal,,"1. In Maa Durga Store last week's paneer orders were visible in the shelves
2. Bindazz, Amul Tru Mango and almost all of the canned beverages’ stock weren’t available at the distributor’s.
3. There we"
2026-06-08,Monday,24,June,Shaan Enterprise,Biswajit Bormon,Saurav Sinha,Ghungoor,Silchar Urban,OUT_9_820,Dev Store,Kirana,Medium,Market/Commercial,Yes,Medium,Yes,Amul Kool Cafe 200ml (Can),Beverages,Fermented Dairy,Yes,No,Medium,Yes,High,Yes,Yes,30,30,4980.0,Yes,Purabi / Coke / Sting,,None,No,Normal,,"1. In Maa Durga Store last week's paneer orders were visible in the shelves
2. Bindazz, Amul Tru Mango and almost all of the canned beverages’ stock weren’t available at the distributor’s.
3. There we"
2026-06-08,Monday,24,June,Shaan Enterprise,Biswajit Bormon,Saurav Sinha,Ghungoor,Silchar Urban,OUT_9_820,Dev Store,Kirana,Medium,Market/Commercial,Yes,Medium,Yes,Amul Masti Spiced Buttermilk 200ml,Dairy,Fermented Dairy,Yes,No,Medium,Yes,High,Yes,Yes,30,30,4980.0,Yes,Purabi / Coke / Sting,,None,No,Normal,,"1. In Maa Durga Store last week's paneer orders were visible in the shelves
2. Bindazz, Amul Tru Mango and almost all of the canned beverages’ stock weren’t available at the distributor’s.
3. There we"
2026-06-08,Monday,24,June,Shaan Enterprise,Biswajit Bormon,Saurav Sinha,Ghungoor,Silchar Urban,OUT_9_820,Dev Store,Kirana,Medium,Market/Commercial,Yes,Medium,Yes,Amul Lassi 200ml,Beverages,Fermented Dairy,Yes,No,Medium,Yes,High,Yes,Yes,30,30,4980.0,Yes,Purabi / Coke / Sting,,None,No,Normal,,"1. In Maa Durga Store last week's paneer orders were visible in the shelves
2. Bindazz, Amul Tru Mango and almost all of the canned beverages’ stock weren’t available at the distributor’s.
3. There we"
2026-06-08,Monday,24,June,Shaan Enterprise,Biswajit Bormon,Saurav Sinha,Ghungoor,Silchar Urban,OUT_9_175,RCC Store,Kirana,Medium,Market/Commercial,Yes,Medium,Yes,Amul Kool Cafe 200ml (Can),Beverages,Fermented Dairy,Yes,No,Medium,Yes,High,Yes,Yes,24,24,480.0,Yes,Purabi / Coke / Sting,,None,No,Normal,,"1. In Maa Durga Store last week's paneer orders were visible in the shelves
2. Bindazz, Amul Tru Mango and almost all of the canned beverages’ stock weren’t available at the distributor’s.
3. There we"
2026-06-08,Monday,24,June,Shaan Enterprise,Biswajit Bormon,Saurav Sinha,Ghungoor,Silchar Urban,OUT_9_378,Angad Store,Kirana,Medium,Market/Commercial,Yes,Medium,Yes,Amul Kool Cafe 200ml (Can),Beverages,Fermented Dairy,Yes,No,Medium,Yes,High,Yes,Yes,48,48,2760.0,Yes,Purabi / Coke / Sting,,None,No,Normal,,"1. In Maa Durga Store last week's paneer orders were visible in the shelves
2. Bindazz, Amul Tru Mango and almost all of the canned beverages’ stock weren’t available at the distributor’s.
3. There we"
2026-06-08,Monday,24,June,Shaan Enterprise,Biswajit Bormon,Saurav Sinha,Ghungoor,Silchar Urban,OUT_9_378,Angad Store,Kirana,Medium,Market/Commercial,Yes,Medium,Yes,Amul Lassi 200ml,Beverages,Fermented Dairy,Yes,No,Medium,Yes,High,Yes,Yes,60,60,2760.0,Yes,Purabi / Coke / Sting,,None,No,Normal,,"1. In Maa Durga Store last week's paneer orders were visible in the shelves
2. Bindazz, Amul Tru Mango and almost all of the canned beverages’ stock weren’t available at the distributor’s.
3. There we"
2026-06-08,Monday,24,June,Shaan Enterprise,Biswajit Bormon,Saurav Sinha,Ghungoor,Silchar Urban,OUT_9_378,Angad Store,Kirana,Medium,Market/Commercial,Yes,Medium,Yes,Amul Tru Litchi 200ml,Beverages,Fruit Drinks,Yes,No,Medium,Yes,High,Yes,Yes,60,60,2760.0,Yes,Purabi / Coke / Sting,,None,No,Normal,,"1. In Maa Durga Store last week's paneer orders were visible in the shelves
2. Bindazz, Amul Tru Mango and almost all of the canned beverages’ stock weren’t available at the distributor’s.
3. There we"
2026-06-09,Tuesday,24,June,Shaan Enterprise,Biswajit Bormon,Saurav Sinha,2nd Link Road,Silchar Urban,OUT_10_778,"09 June 2026)

Distributor Name - Shaan Enterprise
Beat Name - 2nd Link Road
Intern Name - Saurav Sinha
Salesman Name - Biswajit Bormon
No. of outlets visited - 19
No. of outlets from where order received for focused products - 8",Kirana,Medium,Market/Commercial,Yes,Medium,Yes,Amul MR Laskar Store,Dairy,Fermented Dairy,Yes,No,Medium,Yes,High,Yes,Yes,10,10,300.0,Yes,Purabi / Coke / Sting,,None,No,Normal,,"(09 June 2026)

Distributor Name - Shaan Enterprise
Beat Name - 2nd Link Road
Intern Name - Saurav Sinha
Salesman Name - Biswajit Bormon
No. of outlets visited - 19
No. of outlets from where order rec"
2026-06-09,Tuesday,24,June,Shaan Enterprise,Biswajit Bormon,Saurav Sinha,2nd Link Road,Silchar Urban,OUT_10_778,"09 June 2026)

Distributor Name - Shaan Enterprise
Beat Name - 2nd Link Road
Intern Name - Saurav Sinha
Salesman Name - Biswajit Bormon
No. of outlets visited - 19
No. of outlets from where order received for focused products - 8",Kirana,Medium,Market/Commercial,Yes,Medium,Yes,Amul Tru Litchi 200ml,Beverages,Fruit Drinks,Yes,No,Medium,Yes,High,Yes,Yes,30,30,300.0,Yes,Purabi / Coke / Sting,,None,No,Normal,,"(09 June 2026)

Distributor Name - Shaan Enterprise
Beat Name - 2nd Link Road
Intern Name - Saurav Sinha
Salesman Name - Biswajit Bormon
No. of outlets visited - 19
No. of outlets from where order rec"
2026-06-09,Tuesday,24,June,Shaan Enterprise,Biswajit Bormon,Saurav Sinha,2nd Link Road,Silchar Urban,OUT_10_130,TS Enterprise,Kirana,Medium,Market/Commercial,Yes,Medium,Yes,Amul Lassi 200ml,Beverages,Fermented Dairy,Yes,No,Medium,Yes,High,Yes,Yes,30,30,1950.0,Yes,Purabi / Coke / Sting,,None,No,Normal,,"(09 June 2026)

Distributor Name - Shaan Enterprise
Beat Name - 2nd Link Road
Intern Name - Saurav Sinha
Salesman Name - Biswajit Bormon
No. of outlets visited - 19
No. of outlets from where order rec"
2026-06-09,Tuesday,24,June,Shaan Enterprise,Biswajit Bormon,Saurav Sinha,2nd Link Road,Silchar Urban,OUT_10_130,TS Enterprise,Kirana,Medium,Market/Commercial,Yes,Medium,Yes,Amul Kool Cafe 200ml (Can),Beverages,Fermented Dairy,Yes,No,Medium,Yes,High,Yes,Yes,24,24,1950.0,Yes,Purabi / Coke / Sting,,None,No,Normal,,"(09 June 2026)

Distributor Name - Shaan Enterprise
Beat Name - 2nd Link Road
Intern Name - Saurav Sinha
Salesman Name - Biswajit Bormon
No. of outlets visited - 19
No. of outlets from where order rec"
2026-06-09,Tuesday,24,June,Shaan Enterprise,Biswajit Bormon,Saurav Sinha,2nd Link Road,Silchar Urban,OUT_10_130,TS Enterprise,Kirana,Medium,Market/Commercial,Yes,Medium,Yes,Amul Kool Cafe 200ml (Can),Beverages,Fermented Dairy,Yes,No,Medium,Yes,High,Yes,Yes,30,30,1950.0,Yes,Purabi / Coke / Sting,,None,No,Normal,,"(09 June 2026)

Distributor Name - Shaan Enterprise
Beat Name - 2nd Link Road
Intern Name - Saurav Sinha
Salesman Name - Biswajit Bormon
No. of outlets visited - 19
No. of outlets from where order rec"
2026-06-09,Tuesday,24,June,Shaan Enterprise,Biswajit Bormon,Saurav Sinha,2nd Link Road,Silchar Urban,OUT_10_723,Rimpi Enterprise,Kirana,Medium,Market/Commercial,Yes,Medium,Yes,Amul Lassi 200ml,Beverages,Fermented Dairy,Yes,No,Medium,Yes,High,Yes,Yes,30,30,600.0,Yes,Purabi / Coke / Sting,,None,No,Normal,,"(09 June 2026)

Distributor Name - Shaan Enterprise
Beat Name - 2nd Link Road
Intern Name - Saurav Sinha
Salesman Name - Biswajit Bormon
No. of outlets visited - 19
No. of outlets from where order rec"
2026-06-09,Tuesday,24,June,Shaan Enterprise,Biswajit Bormon,Saurav Sinha,2nd Link Road,Silchar Urban,OUT_10_523,Daily Basket,Bakery/Confectionery,Medium,Market/Commercial,Yes,Medium,Yes,Amul Masti Spiced Buttermilk 200ml,Dairy,Fermented Dairy,Yes,No,Medium,Yes,High,Yes,Yes,60,60,2400.0,Yes,Purabi / Coke / Sting,,None,No,Normal,,"(09 June 2026)

Distributor Name - Shaan Enterprise
Beat Name - 2nd Link Road
Intern Name - Saurav Sinha
Salesman Name - Biswajit Bormon
No. of outlets visited - 19
No. of outlets from where order rec"
2026-06-09,Tuesday,24,June,Shaan Enterprise,Biswajit Bormon,Saurav Sinha,2nd Link Road,Silchar Urban,OUT_10_523,Daily Basket,Bakery/Confectionery,Medium,Market/Commercial,Yes,Medium,Yes,Amul Lassi 200ml,Beverages,Fermented Dairy,Yes,No,Medium,Yes,High,Yes,Yes,30,30,2400.0,Yes,Purabi / Coke / Sting,,None,No,Normal,,"(09 June 2026)

Distributor Name - Shaan Enterprise
Beat Name - 2nd Link Road
Intern Name - Saurav Sinha
Salesman Name - Biswajit Bormon
No. of outlets visited - 19
No. of outlets from where order rec"
2026-06-09,Tuesday,24,June,Shaan Enterprise,Biswajit Bormon,Saurav Sinha,2nd Link Road,Silchar Urban,OUT_10_523,Daily Basket,Bakery/Confectionery,Medium,Market/Commercial,Yes,Medium,Yes,Amul Kool Cafe 200ml (Can),Beverages,Fermented Dairy,Yes,No,Medium,Yes,High,Yes,Yes,24,24,2400.0,Yes,Purabi / Coke / Sting,,None,No,Normal,,"(09 June 2026)

Distributor Name - Shaan Enterprise
Beat Name - 2nd Link Road
Intern Name - Saurav Sinha
Salesman Name - Biswajit Bormon
No. of outlets visited - 19
No. of outlets from where order rec"
2026-06-09,Tuesday,24,June,Shaan Enterprise,Biswajit Bormon,Saurav Sinha,2nd Link Road,Silchar Urban,OUT_10_523,Daily Basket,Bakery/Confectionery,Medium,Market/Commercial,Yes,Medium,Yes,Amul Tru Litchi 200ml,Beverages,Fruit Drinks,Yes,No,Medium,Yes,High,Yes,Yes,30,30,2400.0,Yes,Purabi / Coke / Sting,,None,No,Normal,,"(09 June 2026)

Distributor Name - Shaan Enterprise
Beat Name - 2nd Link Road
Intern Name - Saurav Sinha
Salesman Name - Biswajit Bormon
No. of outlets visited - 19
No. of outlets from where order rec"
2026-06-09,Tuesday,24,June,Shaan Enterprise,Biswajit Bormon,Saurav Sinha,2nd Link Road,Silchar Urban,OUT_10_404,Choudhury Store,Kirana,Medium,Market/Commercial,Yes,Medium,Yes,Amul Kool Cafe 200ml (Can),Beverages,Fermented Dairy,Yes,No,Medium,Yes,High,Yes,Yes,24,24,2400.0,Yes,Purabi / Coke / Sting,,None,No,Normal,,"(09 June 2026)

Distributor Name - Shaan Enterprise
Beat Name - 2nd Link Road
Intern Name - Saurav Sinha
Salesman Name - Biswajit Bormon
No. of outlets visited - 19
No. of outlets from where order rec"
2026-06-09,Tuesday,24,June,Shaan Enterprise,Biswajit Bormon,Saurav Sinha,2nd Link Road,Silchar Urban,OUT_10_404,Choudhury Store,Kirana,Medium,Market/Commercial,Yes,Medium,Yes,Amul Lassi 200ml,Beverages,Fermented Dairy,Yes,No,Medium,Yes,High,Yes,Yes,30,30,2400.0,Yes,Purabi / Coke / Sting,,None,No,Normal,,"(09 June 2026)

Distributor Name - Shaan Enterprise
Beat Name - 2nd Link Road
Intern Name - Saurav Sinha
Salesman Name - Biswajit Bormon
No. of outlets visited - 19
No. of outlets from where order rec"
2026-06-09,Tuesday,24,June,Shaan Enterprise,Biswajit Bormon,Saurav Sinha,2nd Link Road,Silchar Urban,OUT_10_404,Choudhury Store,Kirana,Medium,Market/Commercial,Yes,Medium,Yes,Amul Tru Litchi 200ml,Beverages,Fruit Drinks,Yes,No,Medium,Yes,High,Yes,Yes,60,60,2400.0,Yes,Purabi / Coke / Sting,,None,No,Normal,,"(09 June 2026)

Distributor Name - Shaan Enterprise
Beat Name - 2nd Link Road
Intern Name - Saurav Sinha
Salesman Name - Biswajit Bormon
No. of outlets visited - 19
No. of outlets from where order rec"
2026-06-09,Tuesday,24,June,Shaan Enterprise,Biswajit Bormon,Saurav Sinha,2nd Link Road,Silchar Urban,OUT_10_404,Choudhury Store,Kirana,Medium,Market/Commercial,Yes,Medium,Yes,Amul Tru Litchi 200ml,Beverages,Fruit Drinks,Yes,No,Medium,Yes,High,Yes,Yes,60,60,2400.0,Yes,Purabi / Coke / Sting,,None,No,Normal,,"(09 June 2026)

Distributor Name - Shaan Enterprise
Beat Name - 2nd Link Road
Intern Name - Saurav Sinha
Salesman Name - Biswajit Bormon
No. of outlets visited - 19
No. of outlets from where order rec"
2026-06-09,Tuesday,24,June,Shaan Enterprise,Biswajit Bormon,Saurav Sinha,2nd Link Road,Silchar Urban,OUT_10_167,Kurmi Store,Kirana,Medium,Market/Commercial,Yes,Medium,Yes,Amul Lassi 200ml,Beverages,Fermented Dairy,Yes,No,Medium,Yes,High,Yes,Yes,30,30,600.0,Yes,Purabi / Coke / Sting,,None,No,Normal,,"(09 June 2026)

Distributor Name - Shaan Enterprise
Beat Name - 2nd Link Road
Intern Name - Saurav Sinha
Salesman Name - Biswajit Bormon
No. of outlets visited - 19
No. of outlets from where order rec"
2026-06-09,Tuesday,24,June,Shaan Enterprise,Biswajit Bormon,Saurav Sinha,2nd Link Road,Silchar Urban,OUT_10_429,Nath Enterprise,Kirana,Medium,Market/Commercial,Yes,Medium,Yes,Amul Lassi 200ml,Beverages,Fermented Dairy,Yes,No,Medium,Yes,High,Yes,Yes,30,30,600.0,Yes,Purabi / Coke / Sting,,None,No,Normal,,"(09 June 2026)

Distributor Name - Shaan Enterprise
Beat Name - 2nd Link Road
Intern Name - Saurav Sinha
Salesman Name - Biswajit Bormon
No. of outlets visited - 19
No. of outlets from where order rec"
2026-06-09,Tuesday,24,June,Shaan Enterprise,Biswajit Bormon,Saurav Sinha,2nd Link Road,Silchar Urban,OUT_10_953,Barak Hub,Bakery/Confectionery,Medium,Market/Commercial,Yes,Medium,Yes,Amul Kool Cafe 200ml (Can),Beverages,Fermented Dairy,Yes,No,Medium,Yes,High,Yes,Yes,24,24,1650.0,Yes,Purabi / Coke / Sting,,None,No,Normal,,"(09 June 2026)

Distributor Name - Shaan Enterprise
Beat Name - 2nd Link Road
Intern Name - Saurav Sinha
Salesman Name - Biswajit Bormon
No. of outlets visited - 19
No. of outlets from where order rec"
2026-06-09,Tuesday,24,June,Shaan Enterprise,Biswajit Bormon,Saurav Sinha,2nd Link Road,Silchar Urban,OUT_10_953,Barak Hub,Bakery/Confectionery,Medium,Market/Commercial,Yes,Medium,Yes,Amul Lassi 200ml,Beverages,Fermented Dairy,Yes,No,Medium,Yes,High,Yes,Yes,30,30,1650.0,Yes,Purabi / Coke / Sting,,None,No,Normal,,"(09 June 2026)

Distributor Name - Shaan Enterprise
Beat Name - 2nd Link Road
Intern Name - Saurav Sinha
Salesman Name - Biswajit Bormon
No. of outlets visited - 19
No. of outlets from where order rec"
2026-06-09,Tuesday,24,June,Shaan Enterprise,Biswajit Bormon,Saurav Sinha,2nd Link Road,Silchar Urban,OUT_10_953,Barak Hub,Bakery/Confectionery,Medium,Market/Commercial,Yes,Medium,Yes,Amul Masti Spiced Buttermilk 200ml,Dairy,Fermented Dairy,Yes,No,Medium,Yes,High,Yes,Yes,30,30,1650.0,Yes,Purabi / Coke / Sting,,None,No,Normal,,"(09 June 2026)

Distributor Name - Shaan Enterprise
Beat Name - 2nd Link Road
Intern Name - Saurav Sinha
Salesman Name - Biswajit Bormon
No. of outlets visited - 19
No. of outlets from where order rec"
2026-06-10,Wednesday,24,June,Modern Times,Papai,Saurav Sinha,Ambicapatty,Silchar Urban,OUT_11_776,"10 June 2026)

Distributor Name - Modern Times
Beat Name - Ambicapatty
Intern Name - Saurav Sinha
Salesman Name - Papai
No. of outlets visited - 20
No. of outlets from where order received for focused products - 9",Bakery/Confectionery,Medium,Market/Commercial,Yes,Medium,Yes,Amul Dutta Store,Dairy,Fermented Dairy,Yes,No,Medium,Yes,High,Yes,Yes,10,10,600.0,Yes,Purabi / Coke / Sting,,None,No,Normal,,"1. Despite active pitching, most retailers showed limited interest in stocking Amul beverages. Amul Tru and Kool have slow movement in this locality, with products like Thumbs Up, Paperboat, Maaza, La"
2026-06-10,Wednesday,24,June,Modern Times,Papai,Saurav Sinha,Ambicapatty,Silchar Urban,OUT_11_776,"10 June 2026)

Distributor Name - Modern Times
Beat Name - Ambicapatty
Intern Name - Saurav Sinha
Salesman Name - Papai
No. of outlets visited - 20
No. of outlets from where order received for focused products - 9",Bakery/Confectionery,Medium,Market/Commercial,Yes,Medium,Yes,Amul Kool Cafe 200ml (Can),Beverages,Fermented Dairy,Yes,No,Medium,Yes,High,Yes,Yes,24,24,600.0,Yes,Purabi / Coke / Sting,,None,No,Normal,,"1. Despite active pitching, most retailers showed limited interest in stocking Amul beverages. Amul Tru and Kool have slow movement in this locality, with products like Thumbs Up, Paperboat, Maaza, La"
2026-06-10,Wednesday,24,June,Modern Times,Papai,Saurav Sinha,Ambicapatty,Silchar Urban,OUT_11_057,Swarupananda Store,Kirana,Medium,Market/Commercial,Yes,Medium,Yes,Amul Lassi 200ml,Beverages,Fermented Dairy,Yes,No,Medium,Yes,High,Yes,Yes,30,30,600.0,Yes,Purabi / Coke / Sting,,None,No,Normal,,"1. Despite active pitching, most retailers showed limited interest in stocking Amul beverages. Amul Tru and Kool have slow movement in this locality, with products like Thumbs Up, Paperboat, Maaza, La"
2026-06-10,Wednesday,24,June,Modern Times,Papai,Saurav Sinha,Ambicapatty,Silchar Urban,OUT_11_927,SD Amul Parlour,Bakery/Confectionery,Medium,Market/Commercial,Yes,Medium,Yes,Amul Masti Spiced Buttermilk 200ml,Dairy,Fermented Dairy,Yes,No,Medium,Yes,High,Yes,Yes,12,12,3960.0,Yes,Purabi / Coke / Sting,,None,No,Normal,,"1. Despite active pitching, most retailers showed limited interest in stocking Amul beverages. Amul Tru and Kool have slow movement in this locality, with products like Thumbs Up, Paperboat, Maaza, La"
2026-06-10,Wednesday,24,June,Modern Times,Papai,Saurav Sinha,Ambicapatty,Silchar Urban,OUT_11_927,SD Amul Parlour,Bakery/Confectionery,Medium,Market/Commercial,Yes,Medium,Yes,Amul Lassi 200ml,Beverages,Fermented Dairy,Yes,No,Medium,Yes,High,Yes,Yes,30,30,3960.0,Yes,Purabi / Coke / Sting,,None,No,Normal,,"1. Despite active pitching, most retailers showed limited interest in stocking Amul beverages. Amul Tru and Kool have slow movement in this locality, with products like Thumbs Up, Paperboat, Maaza, La"
2026-06-10,Wednesday,24,June,Modern Times,Papai,Saurav Sinha,Ambicapatty,Silchar Urban,OUT_11_927,SD Amul Parlour,Bakery/Confectionery,Medium,Market/Commercial,Yes,Medium,Yes,Amul Lassi 200ml,Beverages,Fermented Dairy,Yes,No,Medium,Yes,High,Yes,Yes,30,30,3960.0,Yes,Purabi / Coke / Sting,,None,No,Normal,,"1. Despite active pitching, most retailers showed limited interest in stocking Amul beverages. Amul Tru and Kool have slow movement in this locality, with products like Thumbs Up, Paperboat, Maaza, La"
2026-06-10,Wednesday,24,June,Modern Times,Papai,Saurav Sinha,Ambicapatty,Silchar Urban,OUT_11_927,SD Amul Parlour,Bakery/Confectionery,Medium,Market/Commercial,Yes,Medium,Yes,Amul Lassi 200ml,Beverages,Fermented Dairy,Yes,No,Medium,Yes,High,Yes,Yes,30,30,3960.0,Yes,Purabi / Coke / Sting,,None,No,Normal,,"1. Despite active pitching, most retailers showed limited interest in stocking Amul beverages. Amul Tru and Kool have slow movement in this locality, with products like Thumbs Up, Paperboat, Maaza, La"
2026-06-10,Wednesday,24,June,Modern Times,Papai,Saurav Sinha,Ambicapatty,Silchar Urban,OUT_11_927,SD Amul Parlour,Bakery/Confectionery,Medium,Market/Commercial,Yes,Medium,Yes,Amul Kool Cafe 200ml (Can),Beverages,Fermented Dairy,Yes,No,Medium,Yes,High,Yes,Yes,48,48,3960.0,Yes,Purabi / Coke / Sting,,None,No,Normal,,"1. Despite active pitching, most retailers showed limited interest in stocking Amul beverages. Amul Tru and Kool have slow movement in this locality, with products like Thumbs Up, Paperboat, Maaza, La"
2026-06-10,Wednesday,24,June,Modern Times,Papai,Saurav Sinha,Ambicapatty,Silchar Urban,OUT_11_579,Radharani Store,Kirana,Medium,Market/Commercial,Yes,Medium,Yes,Amul Lassi 200ml,Beverages,Fermented Dairy,Yes,No,Medium,Yes,High,Yes,Yes,30,30,600.0,Yes,Purabi / Coke / Sting,,None,No,Normal,,"1. Despite active pitching, most retailers showed limited interest in stocking Amul beverages. Amul Tru and Kool have slow movement in this locality, with products like Thumbs Up, Paperboat, Maaza, La"
2026-06-10,Wednesday,24,June,Modern Times,Papai,Saurav Sinha,Ambicapatty,Silchar Urban,OUT_11_173,BG Sen Gupta,Bakery/Confectionery,Medium,Market/Commercial,Yes,Medium,Yes,Amul Lassi 200ml,Beverages,Fermented Dairy,Yes,No,Medium,Yes,High,Yes,Yes,30,30,600.0,Yes,Purabi / Coke / Sting,,None,No,Normal,,"1. Despite active pitching, most retailers showed limited interest in stocking Amul beverages. Amul Tru and Kool have slow movement in this locality, with products like Thumbs Up, Paperboat, Maaza, La"
2026-06-10,Wednesday,24,June,Modern Times,Papai,Saurav Sinha,Ambicapatty,Silchar Urban,OUT_11_208,Lokenath Store,Kirana,Medium,Market/Commercial,Yes,Medium,Yes,Amul Kool Cafe 200ml (Can),Beverages,Fermented Dairy,Yes,No,Medium,Yes,High,Yes,Yes,48,48,2850.0,Yes,Purabi / Coke / Sting,,None,No,Normal,,"1. Despite active pitching, most retailers showed limited interest in stocking Amul beverages. Amul Tru and Kool have slow movement in this locality, with products like Thumbs Up, Paperboat, Maaza, La"
2026-06-10,Wednesday,24,June,Modern Times,Papai,Saurav Sinha,Ambicapatty,Silchar Urban,OUT_11_208,Lokenath Store,Kirana,Medium,Market/Commercial,Yes,Medium,Yes,Amul Lassi 200ml,Beverages,Fermented Dairy,Yes,No,Medium,Yes,High,Yes,Yes,30,30,2850.0,Yes,Purabi / Coke / Sting,,None,No,Normal,,"1. Despite active pitching, most retailers showed limited interest in stocking Amul beverages. Amul Tru and Kool have slow movement in this locality, with products like Thumbs Up, Paperboat, Maaza, La"
2026-06-10,Wednesday,24,June,Modern Times,Papai,Saurav Sinha,Ambicapatty,Silchar Urban,OUT_11_208,Lokenath Store,Kirana,Medium,Market/Commercial,Yes,Medium,Yes,Amul Tru Litchi 200ml,Beverages,Fruit Drinks,Yes,No,Medium,Yes,High,Yes,Yes,30,30,2850.0,Yes,Purabi / Coke / Sting,,None,No,Normal,,"1. Despite active pitching, most retailers showed limited interest in stocking Amul beverages. Amul Tru and Kool have slow movement in this locality, with products like Thumbs Up, Paperboat, Maaza, La"
2026-06-10,Wednesday,24,June,Modern Times,Papai,Saurav Sinha,Ambicapatty,Silchar Urban,OUT_11_208,Lokenath Store,Kirana,Medium,Market/Commercial,Yes,Medium,Yes,Amul Tru Mango 200ml,Beverages,Fruit Drinks,Yes,No,Medium,Yes,High,Yes,Yes,30,30,2850.0,Yes,Purabi / Coke / Sting,,None,No,Normal,,"1. Despite active pitching, most retailers showed limited interest in stocking Amul beverages. Amul Tru and Kool have slow movement in this locality, with products like Thumbs Up, Paperboat, Maaza, La"
2026-06-10,Wednesday,24,June,Modern Times,Papai,Saurav Sinha,Ambicapatty,Silchar Urban,OUT_11_208,Lokenath Store,Kirana,Medium,Market/Commercial,Yes,Medium,Yes,Amul Masti Spiced Buttermilk 200ml,Dairy,Fermented Dairy,Yes,No,Medium,Yes,High,Yes,Yes,30,30,2850.0,Yes,Purabi / Coke / Sting,,None,No,Normal,,"1. Despite active pitching, most retailers showed limited interest in stocking Amul beverages. Amul Tru and Kool have slow movement in this locality, with products like Thumbs Up, Paperboat, Maaza, La"
2026-06-10,Wednesday,24,June,Modern Times,Papai,Saurav Sinha,Ambicapatty,Silchar Urban,OUT_11_563,SS Enterprise,Kirana,Medium,Market/Commercial,Yes,Medium,Yes,Amul Lassi 200ml,Beverages,Fermented Dairy,Yes,No,Medium,Yes,High,Yes,Yes,30,30,1800.0,Yes,Purabi / Coke / Sting,,None,No,Normal,,"1. Despite active pitching, most retailers showed limited interest in stocking Amul beverages. Amul Tru and Kool have slow movement in this locality, with products like Thumbs Up, Paperboat, Maaza, La"
2026-06-10,Wednesday,24,June,Modern Times,Papai,Saurav Sinha,Ambicapatty,Silchar Urban,OUT_11_563,SS Enterprise,Kirana,Medium,Market/Commercial,Yes,Medium,Yes,Amul Kadhai Doodh,Dairy,Fermented Dairy,Yes,No,Medium,Yes,High,Yes,Yes,30,30,1800.0,Yes,Purabi / Coke / Sting,,None,No,Normal,,"1. Despite active pitching, most retailers showed limited interest in stocking Amul beverages. Amul Tru and Kool have slow movement in this locality, with products like Thumbs Up, Paperboat, Maaza, La"
2026-06-10,Wednesday,24,June,Modern Times,Papai,Saurav Sinha,Ambicapatty,Silchar Urban,OUT_11_563,SS Enterprise,Kirana,Medium,Market/Commercial,Yes,Medium,Yes,Amul Masti Spiced Buttermilk 200ml,Dairy,Fermented Dairy,Yes,No,Medium,Yes,High,Yes,Yes,30,30,1800.0,Yes,Purabi / Coke / Sting,,None,No,Normal,,"1. Despite active pitching, most retailers showed limited interest in stocking Amul beverages. Amul Tru and Kool have slow movement in this locality, with products like Thumbs Up, Paperboat, Maaza, La"
2026-06-10,Wednesday,24,June,Modern Times,Papai,Saurav Sinha,Ambicapatty,Silchar Urban,OUT_11_102,Basanti Cable Network and Rahul Stores,Kirana,Medium,Market/Commercial,Yes,Medium,Yes,Amul Dark Chocolate 150g,Dairy,Fermented Dairy,Yes,No,Medium,Yes,High,Yes,Yes,30,30,1500.0,Yes,Purabi / Coke / Sting,,None,No,Normal,,"1. Despite active pitching, most retailers showed limited interest in stocking Amul beverages. Amul Tru and Kool have slow movement in this locality, with products like Thumbs Up, Paperboat, Maaza, La"
2026-06-10,Wednesday,24,June,Modern Times,Papai,Saurav Sinha,Ambicapatty,Silchar Urban,OUT_11_102,Basanti Cable Network and Rahul Stores,Kirana,Medium,Market/Commercial,Yes,Medium,Yes,Amul Tru Mango 200ml,Beverages,Fruit Drinks,Yes,No,Medium,Yes,High,Yes,Yes,30,30,1500.0,Yes,Purabi / Coke / Sting,,None,No,Normal,,"1. Despite active pitching, most retailers showed limited interest in stocking Amul beverages. Amul Tru and Kool have slow movement in this locality, with products like Thumbs Up, Paperboat, Maaza, La"
2026-06-10,Wednesday,24,June,Modern Times,Papai,Saurav Sinha,Ambicapatty,Silchar Urban,OUT_11_102,Basanti Cable Network and Rahul Stores,Kirana,Medium,Market/Commercial,Yes,Medium,Yes,Amul Tru Litchi 200ml,Beverages,Fruit Drinks,Yes,No,Medium,Yes,High,Yes,Yes,30,30,1500.0,Yes,Purabi / Coke / Sting,,None,No,Normal,,"1. Despite active pitching, most retailers showed limited interest in stocking Amul beverages. Amul Tru and Kool have slow movement in this locality, with products like Thumbs Up, Paperboat, Maaza, La"
2026-06-10,Wednesday,24,June,Modern Times,Papai,Saurav Sinha,Ambicapatty,Silchar Urban,OUT_11_102,Basanti Cable Network and Rahul Stores,Kirana,Medium,Market/Commercial,Yes,Medium,Yes,Amul Kool Cafe 200ml (Can),Beverages,Fermented Dairy,Yes,No,Medium,Yes,High,Yes,Yes,24,24,1500.0,Yes,Purabi / Coke / Sting,,None,No,Normal,,"1. Despite active pitching, most retailers showed limited interest in stocking Amul beverages. Amul Tru and Kool have slow movement in this locality, with products like Thumbs Up, Paperboat, Maaza, La"
2026-06-10,Wednesday,24,June,Modern Times,Papai,Saurav Sinha,Ambicapatty,Silchar Urban,OUT_11_035,Sanjib Ghosh,Bakery/Confectionery,Medium,Market/Commercial,Yes,Medium,Yes,Amul Kool Cafe 200ml (Can),Beverages,Fermented Dairy,Yes,No,Medium,Yes,High,Yes,Yes,24,24,600.0,Yes,Purabi / Coke / Sting,,None,No,Normal,,"1. Despite active pitching, most retailers showed limited interest in stocking Amul beverages. Amul Tru and Kool have slow movement in this locality, with products like Thumbs Up, Paperboat, Maaza, La"
2026-06-11,Thursday,24,June,Sengupta Agencies,Amarjeet Deb Purkayastha,Saurav Sinha,Ithkola,Silchar Urban,OUT_12_679,"11 June 2026)

Distributor Name - Sengupta Agencies
Beat Name - Ithkola
Intern Name - Saurav Sinha
Salesman Name - Amarjeet Deb Purkayastha
No. of outlets visited - 25
No. of outlets from where order received for focused products - 6",Bakery/Confectionery,Medium,Market/Commercial,Yes,Medium,Yes,Amul R Das,Dairy,Fermented Dairy,Yes,No,Medium,Yes,High,Yes,Yes,10,10,900.0,Yes,Purabi / Coke / Sting,,None,No,Normal,,"1. Almost all shops inside the bazaar don't stock beverages, fridge-owning outlets pitched but declined.
2. A retailer received coconut cookies last week with a July expiry date — limited shelf life t"
2026-06-11,Thursday,24,June,Sengupta Agencies,Amarjeet Deb Purkayastha,Saurav Sinha,Ithkola,Silchar Urban,OUT_12_679,"11 June 2026)

Distributor Name - Sengupta Agencies
Beat Name - Ithkola
Intern Name - Saurav Sinha
Salesman Name - Amarjeet Deb Purkayastha
No. of outlets visited - 25
No. of outlets from where order received for focused products - 6",Bakery/Confectionery,Medium,Market/Commercial,Yes,Medium,Yes,Amul Kool Cafe 200ml (Can),Beverages,Fermented Dairy,Yes,No,Medium,Yes,High,Yes,Yes,30,30,900.0,Yes,Purabi / Coke / Sting,,None,No,Normal,,"1. Almost all shops inside the bazaar don't stock beverages, fridge-owning outlets pitched but declined.
2. A retailer received coconut cookies last week with a July expiry date — limited shelf life t"
2026-06-11,Thursday,24,June,Sengupta Agencies,Amarjeet Deb Purkayastha,Saurav Sinha,Ithkola,Silchar Urban,OUT_12_155,Tapu Sarkar,Bakery/Confectionery,Medium,Market/Commercial,Yes,Medium,Yes,Amul Dark Chocolate 150g,Dairy,Fermented Dairy,Yes,No,Medium,Yes,High,Yes,Yes,30,30,1200.0,Yes,Purabi / Coke / Sting,,None,No,Normal,,"1. Almost all shops inside the bazaar don't stock beverages, fridge-owning outlets pitched but declined.
2. A retailer received coconut cookies last week with a July expiry date — limited shelf life t"
2026-06-11,Thursday,24,June,Sengupta Agencies,Amarjeet Deb Purkayastha,Saurav Sinha,Ithkola,Silchar Urban,OUT_12_155,Tapu Sarkar,Bakery/Confectionery,Medium,Market/Commercial,Yes,Medium,Yes,Amul Tru Litchi 200ml,Beverages,Fruit Drinks,Yes,No,Medium,Yes,High,Yes,Yes,30,30,1200.0,Yes,Purabi / Coke / Sting,,None,No,Normal,,"1. Almost all shops inside the bazaar don't stock beverages, fridge-owning outlets pitched but declined.
2. A retailer received coconut cookies last week with a July expiry date — limited shelf life t"
2026-06-11,Thursday,24,June,Sengupta Agencies,Amarjeet Deb Purkayastha,Saurav Sinha,Ithkola,Silchar Urban,OUT_12_155,Tapu Sarkar,Bakery/Confectionery,Medium,Market/Commercial,Yes,Medium,Yes,Amul MS Vanilla,Dairy,Fermented Dairy,Yes,No,Medium,Yes,High,Yes,Yes,12,12,1200.0,Yes,Purabi / Coke / Sting,,None,No,Normal,,"1. Almost all shops inside the bazaar don't stock beverages, fridge-owning outlets pitched but declined.
2. A retailer received coconut cookies last week with a July expiry date — limited shelf life t"
2026-06-11,Thursday,24,June,Sengupta Agencies,Amarjeet Deb Purkayastha,Saurav Sinha,Ithkola,Silchar Urban,OUT_12_155,Tapu Sarkar,Bakery/Confectionery,Medium,Market/Commercial,Yes,Medium,Yes,Amul Butter 100g,Dairy,Fermented Dairy,Yes,No,Medium,Yes,High,Yes,Yes,12,12,1200.0,Yes,Purabi / Coke / Sting,,None,No,Normal,,"1. Almost all shops inside the bazaar don't stock beverages, fridge-owning outlets pitched but declined.
2. A retailer received coconut cookies last week with a July expiry date — limited shelf life t"
2026-06-11,Thursday,24,June,Sengupta Agencies,Amarjeet Deb Purkayastha,Saurav Sinha,Ithkola,Silchar Urban,OUT_12_232,KB Store,Kirana,Medium,Market/Commercial,Yes,Medium,Yes,Amul Tru Litchi 200ml,Beverages,Fruit Drinks,Yes,No,Medium,Yes,High,Yes,Yes,90,90,900.0,Yes,Purabi / Coke / Sting,,None,No,Normal,,"1. Almost all shops inside the bazaar don't stock beverages, fridge-owning outlets pitched but declined.
2. A retailer received coconut cookies last week with a July expiry date — limited shelf life t"
2026-06-11,Thursday,24,June,Sengupta Agencies,Amarjeet Deb Purkayastha,Saurav Sinha,Ithkola,Silchar Urban,OUT_12_454,GM Store,Kirana,Medium,Market/Commercial,Yes,Medium,Yes,Amul Kool Cafe 200ml (Can),Beverages,Fermented Dairy,Yes,No,Medium,Yes,High,Yes,Yes,24,24,1200.0,Yes,Purabi / Coke / Sting,,None,No,Normal,,"1. Almost all shops inside the bazaar don't stock beverages, fridge-owning outlets pitched but declined.
2. A retailer received coconut cookies last week with a July expiry date — limited shelf life t"
2026-06-11,Thursday,24,June,Sengupta Agencies,Amarjeet Deb Purkayastha,Saurav Sinha,Ithkola,Silchar Urban,OUT_12_454,GM Store,Kirana,Medium,Market/Commercial,Yes,Medium,Yes,Amul Tru Litchi 200ml,Beverages,Fruit Drinks,Yes,No,Medium,Yes,High,Yes,Yes,60,60,1200.0,Yes,Purabi / Coke / Sting,,None,No,Normal,,"1. Almost all shops inside the bazaar don't stock beverages, fridge-owning outlets pitched but declined.
2. A retailer received coconut cookies last week with a July expiry date — limited shelf life t"
2026-06-11,Thursday,24,June,Sengupta Agencies,Amarjeet Deb Purkayastha,Saurav Sinha,Ithkola,Silchar Urban,OUT_12_030,Ranjita Pan Bhandar,Bakery/Confectionery,Medium,Market/Commercial,Yes,Medium,Yes,Amul Lassi 200ml,Beverages,Fermented Dairy,Yes,No,Medium,Yes,High,Yes,Yes,60,60,1860.0,Yes,Purabi / Coke / Sting,,None,No,Normal,,"1. Almost all shops inside the bazaar don't stock beverages, fridge-owning outlets pitched but declined.
2. A retailer received coconut cookies last week with a July expiry date — limited shelf life t"
2026-06-11,Thursday,24,June,Sengupta Agencies,Amarjeet Deb Purkayastha,Saurav Sinha,Ithkola,Silchar Urban,OUT_12_030,Ranjita Pan Bhandar,Bakery/Confectionery,Medium,Market/Commercial,Yes,Medium,Yes,Amul Lassi 200ml,Beverages,Fermented Dairy,Yes,No,Medium,Yes,High,Yes,Yes,30,30,1860.0,Yes,Purabi / Coke / Sting,,None,No,Normal,,"1. Almost all shops inside the bazaar don't stock beverages, fridge-owning outlets pitched but declined.
2. A retailer received coconut cookies last week with a July expiry date — limited shelf life t"
2026-06-11,Thursday,24,June,Sengupta Agencies,Amarjeet Deb Purkayastha,Saurav Sinha,Ithkola,Silchar Urban,OUT_12_181,Santoshi Store,Kirana,Medium,Market/Commercial,Yes,Medium,Yes,Amul Tru Mango 200ml,Beverages,Fruit Drinks,Yes,No,Medium,Yes,High,Yes,Yes,30,30,300.0,Yes,Purabi / Coke / Sting,,None,No,Normal,,"1. Almost all shops inside the bazaar don't stock beverages, fridge-owning outlets pitched but declined.
2. A retailer received coconut cookies last week with a July expiry date — limited shelf life t"
2026-06-12,Friday,24,June,Sengupta Agencies,Sushil Das,Saurav Sinha,National Highway,Silchar Urban,OUT_13_046,"12 June 2026)

Distributor Name - Sengupta Agencies
Beat Name - National Highway
Intern Name - Saurav Sinha
Salesman Name - Sushil Das
No. of outlets visited - 21
No. of outlets from where order received for focused products - 6",Bakery/Confectionery,Medium,Market/Commercial,Yes,Medium,Yes,Amul Monosha Varieties,Dairy,Fermented Dairy,Yes,No,Medium,Yes,High,Yes,Yes,10,10,300.0,Yes,Purabi / Coke / Sting,,None,No,Normal,,"(12 June 2026)

Distributor Name - Sengupta Agencies
Beat Name - National Highway
Intern Name - Saurav Sinha
Salesman Name - Sushil Das
No. of outlets visited - 21
No. of outlets from where order rece"
2026-06-12,Friday,24,June,Sengupta Agencies,Sushil Das,Saurav Sinha,National Highway,Silchar Urban,OUT_13_046,"12 June 2026)

Distributor Name - Sengupta Agencies
Beat Name - National Highway
Intern Name - Saurav Sinha
Salesman Name - Sushil Das
No. of outlets visited - 21
No. of outlets from where order received for focused products - 6",Bakery/Confectionery,Medium,Market/Commercial,Yes,Medium,Yes,Amul Tru Litchi 200ml,Beverages,Fruit Drinks,Yes,No,Medium,Yes,High,Yes,Yes,30,30,300.0,Yes,Purabi / Coke / Sting,,None,No,Normal,,"(12 June 2026)

Distributor Name - Sengupta Agencies
Beat Name - National Highway
Intern Name - Saurav Sinha
Salesman Name - Sushil Das
No. of outlets visited - 21
No. of outlets from where order rece"
2026-06-12,Friday,24,June,Sengupta Agencies,Sushil Das,Saurav Sinha,National Highway,Silchar Urban,OUT_13_238,Chanchala Chodhury Enterprise,Kirana,Medium,Market/Commercial,Yes,Medium,Yes,Amul Lassi 200ml,Beverages,Fermented Dairy,Yes,No,Medium,Yes,High,Yes,Yes,30,30,600.0,Yes,Purabi / Coke / Sting,,None,No,Normal,,"(12 June 2026)

Distributor Name - Sengupta Agencies
Beat Name - National Highway
Intern Name - Saurav Sinha
Salesman Name - Sushil Das
No. of outlets visited - 21
No. of outlets from where order rece"
2026-06-12,Friday,24,June,Sengupta Agencies,Sushil Das,Saurav Sinha,National Highway,Silchar Urban,OUT_13_238,Lokenath Store 2,Kirana,Medium,Market/Commercial,Yes,Medium,Yes,Amul Lassi 200ml,Beverages,Fermented Dairy,Yes,No,Medium,Yes,High,Yes,Yes,30,30,900.0,Yes,Purabi / Coke / Sting,,None,No,Normal,,"(12 June 2026)

Distributor Name - Sengupta Agencies
Beat Name - National Highway
Intern Name - Saurav Sinha
Salesman Name - Sushil Das
No. of outlets visited - 21
No. of outlets from where order rece"
2026-06-12,Friday,24,June,Sengupta Agencies,Sushil Das,Saurav Sinha,National Highway,Silchar Urban,OUT_13_238,Lokenath Store 2,Kirana,Medium,Market/Commercial,Yes,Medium,Yes,Amul Tru Mango 200ml,Beverages,Fruit Drinks,Yes,No,Medium,Yes,High,Yes,Yes,30,30,900.0,Yes,Purabi / Coke / Sting,,None,No,Normal,,"(12 June 2026)

Distributor Name - Sengupta Agencies
Beat Name - National Highway
Intern Name - Saurav Sinha
Salesman Name - Sushil Das
No. of outlets visited - 21
No. of outlets from where order rece"
2026-06-12,Friday,24,June,Sengupta Agencies,Sushil Das,Saurav Sinha,National Highway,Silchar Urban,OUT_13_874,Lokenath Store 1,Kirana,Medium,Market/Commercial,Yes,Medium,Yes,Amul Tru Mango 200ml,Beverages,Fruit Drinks,Yes,No,Medium,Yes,High,Yes,Yes,30,30,2100.0,Yes,Purabi / Coke / Sting,,None,No,Normal,,"(12 June 2026)

Distributor Name - Sengupta Agencies
Beat Name - National Highway
Intern Name - Saurav Sinha
Salesman Name - Sushil Das
No. of outlets visited - 21
No. of outlets from where order rece"
2026-06-12,Friday,24,June,Sengupta Agencies,Sushil Das,Saurav Sinha,National Highway,Silchar Urban,OUT_13_874,Lokenath Store 1,Kirana,Medium,Market/Commercial,Yes,Medium,Yes,Amul Tru Litchi 200ml,Beverages,Fruit Drinks,Yes,No,Medium,Yes,High,Yes,Yes,30,30,2100.0,Yes,Purabi / Coke / Sting,,None,No,Normal,,"(12 June 2026)

Distributor Name - Sengupta Agencies
Beat Name - National Highway
Intern Name - Saurav Sinha
Salesman Name - Sushil Das
No. of outlets visited - 21
No. of outlets from where order rece"
2026-06-12,Friday,24,June,Sengupta Agencies,Sushil Das,Saurav Sinha,National Highway,Silchar Urban,OUT_13_874,Lokenath Store 1,Kirana,Medium,Market/Commercial,Yes,Medium,Yes,Amul Dark Chocolate 150g,Dairy,Fermented Dairy,Yes,No,Medium,Yes,High,Yes,Yes,30,30,2100.0,Yes,Purabi / Coke / Sting,,None,No,Normal,,"(12 June 2026)

Distributor Name - Sengupta Agencies
Beat Name - National Highway
Intern Name - Saurav Sinha
Salesman Name - Sushil Das
No. of outlets visited - 21
No. of outlets from where order rece"
2026-06-12,Friday,24,June,Sengupta Agencies,Sushil Das,Saurav Sinha,National Highway,Silchar Urban,OUT_13_874,Lokenath Store 1,Kirana,Medium,Market/Commercial,Yes,Medium,Yes,Amul Kool Cafe 200ml (Can),Beverages,Fermented Dairy,Yes,No,Medium,Yes,High,Yes,Yes,24,24,2100.0,Yes,Purabi / Coke / Sting,,None,No,Normal,,"(12 June 2026)

Distributor Name - Sengupta Agencies
Beat Name - National Highway
Intern Name - Saurav Sinha
Salesman Name - Sushil Das
No. of outlets visited - 21
No. of outlets from where order rece"
2026-06-12,Friday,24,June,Sengupta Agencies,Sushil Das,Saurav Sinha,National Highway,Silchar Urban,OUT_13_874,Lokenath Store 1,Kirana,Medium,Market/Commercial,Yes,Medium,Yes,Amul Lassi 200ml,Beverages,Fermented Dairy,Yes,No,Medium,Yes,High,Yes,Yes,30,30,2100.0,Yes,Purabi / Coke / Sting,,None,No,Normal,,"(12 June 2026)

Distributor Name - Sengupta Agencies
Beat Name - National Highway
Intern Name - Saurav Sinha
Salesman Name - Sushil Das
No. of outlets visited - 21
No. of outlets from where order rece"
2026-06-12,Friday,24,June,Sengupta Agencies,Sushil Das,Saurav Sinha,National Highway,Silchar Urban,OUT_13_592,Sunil Store,Kirana,Medium,Market/Commercial,Yes,Medium,Yes,Amul Lassi 200ml,Beverages,Fermented Dairy,Yes,No,Medium,Yes,High,Yes,Yes,30,30,1950.0,Yes,Purabi / Coke / Sting,,None,No,Normal,,"(12 June 2026)

Distributor Name - Sengupta Agencies
Beat Name - National Highway
Intern Name - Saurav Sinha
Salesman Name - Sushil Das
No. of outlets visited - 21
No. of outlets from where order rece"
2026-06-12,Friday,24,June,Sengupta Agencies,Sushil Das,Saurav Sinha,National Highway,Silchar Urban,OUT_13_592,Sunil Store,Kirana,Medium,Market/Commercial,Yes,Medium,Yes,Amul Masti Spiced Buttermilk 200ml,Dairy,Fermented Dairy,Yes,No,Medium,Yes,High,Yes,Yes,30,30,1950.0,Yes,Purabi / Coke / Sting,,None,No,Normal,,"(12 June 2026)

Distributor Name - Sengupta Agencies
Beat Name - National Highway
Intern Name - Saurav Sinha
Salesman Name - Sushil Das
No. of outlets visited - 21
No. of outlets from where order rece"
2026-06-12,Friday,24,June,Sengupta Agencies,Sushil Das,Saurav Sinha,National Highway,Silchar Urban,OUT_13_592,Sunil Store,Kirana,Medium,Market/Commercial,Yes,Medium,Yes,Amul Tru Mango 200ml,Beverages,Fruit Drinks,Yes,No,Medium,Yes,High,Yes,Yes,30,30,1950.0,Yes,Purabi / Coke / Sting,,None,No,Normal,,"(12 June 2026)

Distributor Name - Sengupta Agencies
Beat Name - National Highway
Intern Name - Saurav Sinha
Salesman Name - Sushil Das
No. of outlets visited - 21
No. of outlets from where order rece"
2026-06-12,Friday,24,June,Sengupta Agencies,Sushil Das,Saurav Sinha,National Highway,Silchar Urban,OUT_13_592,Sunil Store,Kirana,Medium,Market/Commercial,Yes,Medium,Yes,Amul Tru Litchi 200ml,Beverages,Fruit Drinks,Yes,No,Medium,Yes,High,Yes,Yes,30,30,1950.0,Yes,Purabi / Coke / Sting,,None,No,Normal,,"(12 June 2026)

Distributor Name - Sengupta Agencies
Beat Name - National Highway
Intern Name - Saurav Sinha
Salesman Name - Sushil Das
No. of outlets visited - 21
No. of outlets from where order rece"
2026-06-12,Friday,24,June,Sengupta Agencies,Sushil Das,Saurav Sinha,National Highway,Silchar Urban,OUT_13_592,Sunil Store,Kirana,Medium,Market/Commercial,Yes,Medium,Yes,Amul Tru Litchi 200ml,Beverages,Fruit Drinks,Yes,No,Medium,Yes,High,Yes,Yes,30,30,1950.0,Yes,Purabi / Coke / Sting,,None,No,Normal,,"(12 June 2026)

Distributor Name - Sengupta Agencies
Beat Name - National Highway
Intern Name - Saurav Sinha
Salesman Name - Sushil Das
No. of outlets visited - 21
No. of outlets from where order rece"
2026-06-12,Friday,24,June,Sengupta Agencies,Sushil Das,Saurav Sinha,National Highway,Silchar Urban,OUT_13_501,Roy Enterprise,Kirana,Medium,Market/Commercial,Yes,Medium,Yes,Amul Kool Cafe 200ml (Can),Beverages,Fermented Dairy,Yes,No,Medium,Yes,High,Yes,Yes,24,24,600.0,Yes,Purabi / Coke / Sting,,None,No,Normal,,"(12 June 2026)

Distributor Name - Sengupta Agencies
Beat Name - National Highway
Intern Name - Saurav Sinha
Salesman Name - Sushil Das
No. of outlets visited - 21
No. of outlets from where order rece"
2026-06-13,Saturday,24,June,Sengupta Agencies,Sushil Das,Saurav Sinha,Hailakandi Road,Silchar Urban,OUT_14_618,"13 June 2026)

Distributor Name - Sengupta Agencies
Beat Name - Hailakandi Road
Intern Name - Saurav Sinha
Salesman Name - Sushil Das
No. of outlets visited - 6
No. of outlets from where order received for focused products - 3",Bakery/Confectionery,Medium,Market/Commercial,Yes,Medium,Yes,Amul Ajit Kalendi,Dairy,Fermented Dairy,Yes,No,Medium,Yes,High,Yes,Yes,10,10,1200.0,Yes,Purabi / Coke / Sting,,None,No,Normal,,"(13 June 2026)

Distributor Name - Sengupta Agencies
Beat Name - Hailakandi Road
Intern Name - Saurav Sinha
Salesman Name - Sushil Das
No. of outlets visited - 6
No. of outlets from where order receiv"
2026-06-13,Saturday,24,June,Sengupta Agencies,Sushil Das,Saurav Sinha,Hailakandi Road,Silchar Urban,OUT_14_618,"13 June 2026)

Distributor Name - Sengupta Agencies
Beat Name - Hailakandi Road
Intern Name - Saurav Sinha
Salesman Name - Sushil Das
No. of outlets visited - 6
No. of outlets from where order received for focused products - 3",Bakery/Confectionery,Medium,Market/Commercial,Yes,Medium,Yes,Amul Lassi 200ml,Beverages,Fermented Dairy,Yes,No,Medium,Yes,High,Yes,Yes,30,30,1200.0,Yes,Purabi / Coke / Sting,,None,No,Normal,,"(13 June 2026)

Distributor Name - Sengupta Agencies
Beat Name - Hailakandi Road
Intern Name - Saurav Sinha
Salesman Name - Sushil Das
No. of outlets visited - 6
No. of outlets from where order receiv"
2026-06-13,Saturday,24,June,Sengupta Agencies,Sushil Das,Saurav Sinha,Hailakandi Road,Silchar Urban,OUT_14_618,"13 June 2026)

Distributor Name - Sengupta Agencies
Beat Name - Hailakandi Road
Intern Name - Saurav Sinha
Salesman Name - Sushil Das
No. of outlets visited - 6
No. of outlets from where order received for focused products - 3",Bakery/Confectionery,Medium,Market/Commercial,Yes,Medium,Yes,Amul Kool Cafe 200ml (Can),Beverages,Fermented Dairy,Yes,No,Medium,Yes,High,Yes,Yes,24,24,1200.0,Yes,Purabi / Coke / Sting,,None,No,Normal,,"(13 June 2026)

Distributor Name - Sengupta Agencies
Beat Name - Hailakandi Road
Intern Name - Saurav Sinha
Salesman Name - Sushil Das
No. of outlets visited - 6
No. of outlets from where order receiv"
2026-06-13,Saturday,24,June,Sengupta Agencies,Sushil Das,Saurav Sinha,Hailakandi Road,Silchar Urban,OUT_14_068,Shomes,Bakery/Confectionery,Medium,Market/Commercial,Yes,Medium,Yes,Amul Kool Cafe 200ml (Can),Beverages,Fermented Dairy,Yes,No,Medium,Yes,High,Yes,Yes,24,24,600.0,Yes,Purabi / Coke / Sting,,None,No,Normal,,"(13 June 2026)

Distributor Name - Sengupta Agencies
Beat Name - Hailakandi Road
Intern Name - Saurav Sinha
Salesman Name - Sushil Das
No. of outlets visited - 6
No. of outlets from where order receiv"
2026-06-13,Saturday,24,June,Sengupta Agencies,Sushil Das,Saurav Sinha,Hailakandi Road,Silchar Urban,OUT_14_343,Dutta Store,Kirana,Medium,Market/Commercial,Yes,Medium,Yes,Amul Kool Cafe 200ml (Can),Beverages,Fermented Dairy,Yes,No,Medium,Yes,High,Yes,Yes,24,24,1200.0,Yes,Purabi / Coke / Sting,,None,No,Normal,,"(13 June 2026)

Distributor Name - Sengupta Agencies
Beat Name - Hailakandi Road
Intern Name - Saurav Sinha
Salesman Name - Sushil Das
No. of outlets visited - 6
No. of outlets from where order receiv"
2026-06-13,Saturday,24,June,Sengupta Agencies,Sushil Das,Saurav Sinha,Hailakandi Road,Silchar Urban,OUT_14_343,Dutta Store,Kirana,Medium,Market/Commercial,Yes,Medium,Yes,Amul Tru Litchi 200ml,Beverages,Fruit Drinks,Yes,No,Medium,Yes,High,Yes,Yes,30,30,1200.0,Yes,Purabi / Coke / Sting,,None,No,Normal,,"(13 June 2026)

Distributor Name - Sengupta Agencies
Beat Name - Hailakandi Road
Intern Name - Saurav Sinha
Salesman Name - Sushil Das
No. of outlets visited - 6
No. of outlets from where order receiv"
2026-06-13,Saturday,24,June,Sengupta Agencies,Sushil Das,Saurav Sinha,Hailakandi Road,Silchar Urban,OUT_14_343,Dutta Store,Kirana,Medium,Market/Commercial,Yes,Medium,Yes,Amul Dark Chocolate 150g,Dairy,Fermented Dairy,Yes,No,Medium,Yes,High,Yes,Yes,30,30,1200.0,Yes,Purabi / Coke / Sting,,None,No,Normal,,"(13 June 2026)

Distributor Name - Sengupta Agencies
Beat Name - Hailakandi Road
Intern Name - Saurav Sinha
Salesman Name - Sushil Das
No. of outlets visited - 6
No. of outlets from where order receiv"
2026-06-17,Wednesday,25,June,Sengupta Agencies,Sushil Das,Saurav Sinha,NS Avenue,Silchar Urban,OUT_15_888,"17 June 2026)

Distributor Name - Sengupta Agencies
Beat Name - NS Avenue
Intern Name - Saurav Sinha
Salesman Name - Sushil Das
No. of outlets visited - 13
No. of outlets from where order received for focused products - 5",Bakery/Confectionery,Medium,Market/Commercial,Yes,Medium,Yes,Amul Benu Roy,Dairy,Fermented Dairy,Yes,No,Medium,Yes,High,Yes,Yes,10,10,600.0,Yes,Purabi / Coke / Sting,,None,No,Normal,,"1. Cafehub had ordered 15 units of Fresh Cream but received only 4, while the bill reflected the full quantity of 15. The WDSM explained that the shortfall was due to fresh cream being short in stock,"
2026-06-17,Wednesday,25,June,Sengupta Agencies,Sushil Das,Saurav Sinha,NS Avenue,Silchar Urban,OUT_15_888,"17 June 2026)

Distributor Name - Sengupta Agencies
Beat Name - NS Avenue
Intern Name - Saurav Sinha
Salesman Name - Sushil Das
No. of outlets visited - 13
No. of outlets from where order received for focused products - 5",Bakery/Confectionery,Medium,Market/Commercial,Yes,Medium,Yes,Amul Lassi 200ml,Beverages,Fermented Dairy,Yes,No,Medium,Yes,High,Yes,Yes,30,30,600.0,Yes,Purabi / Coke / Sting,,None,No,Normal,,"1. Cafehub had ordered 15 units of Fresh Cream but received only 4, while the bill reflected the full quantity of 15. The WDSM explained that the shortfall was due to fresh cream being short in stock,"
2026-06-17,Wednesday,25,June,Sengupta Agencies,Sushil Das,Saurav Sinha,NS Avenue,Silchar Urban,OUT_15_897,Sananda Stores,Kirana,Medium,Market/Commercial,Yes,Medium,Yes,Amul Kool Cafe 200ml (Can),Beverages,Fermented Dairy,Yes,No,Medium,Yes,High,Yes,Yes,30,30,900.0,Yes,Purabi / Coke / Sting,,None,No,Normal,,"1. Cafehub had ordered 15 units of Fresh Cream but received only 4, while the bill reflected the full quantity of 15. The WDSM explained that the shortfall was due to fresh cream being short in stock,"
2026-06-17,Wednesday,25,June,Sengupta Agencies,Sushil Das,Saurav Sinha,NS Avenue,Silchar Urban,OUT_15_231,Mridula Store,Kirana,Medium,Market/Commercial,Yes,Medium,Yes,Amul Kool Cafe 200ml (Can),Beverages,Fermented Dairy,Yes,No,Medium,Yes,High,Yes,Yes,120,120,3000.0,Yes,Purabi / Coke / Sting,,None,No,Normal,,"1. Cafehub had ordered 15 units of Fresh Cream but received only 4, while the bill reflected the full quantity of 15. The WDSM explained that the shortfall was due to fresh cream being short in stock,"
2026-06-17,Wednesday,25,June,Sengupta Agencies,Sushil Das,Saurav Sinha,NS Avenue,Silchar Urban,OUT_15_902,Aman Enterprise,Kirana,Medium,Market/Commercial,Yes,Medium,Yes,Amul Lassi 200ml,Beverages,Fermented Dairy,Yes,No,Medium,Yes,High,Yes,Yes,6,6,240.0,Yes,Purabi / Coke / Sting,,None,No,Normal,,"1. Cafehub had ordered 15 units of Fresh Cream but received only 4, while the bill reflected the full quantity of 15. The WDSM explained that the shortfall was due to fresh cream being short in stock,"
2026-06-17,Wednesday,25,June,Sengupta Agencies,Sushil Das,Saurav Sinha,NS Avenue,Silchar Urban,OUT_15_851,Bappi Store,Kirana,Medium,Market/Commercial,Yes,Medium,Yes,Amul Lassi 200ml,Beverages,Fermented Dairy,Yes,No,Medium,Yes,High,Yes,Yes,30,30,600.0,Yes,Purabi / Coke / Sting,,None,No,Normal,,"1. Cafehub had ordered 15 units of Fresh Cream but received only 4, while the bill reflected the full quantity of 15. The WDSM explained that the shortfall was due to fresh cream being short in stock,"
2026-06-19,Friday,25,June,Sengupta Agencies,Amarjeet Deb Purkayastha,Saurav Sinha,Ithkola 2,Silchar Urban,OUT_16_756,Amul Kool 24 pcs,Bakery/Confectionery,Medium,Market/Commercial,Yes,Medium,Yes,Amul Tru Mango 200ml,Beverages,Fruit Drinks,Yes,No,Medium,Yes,High,Yes,Yes,30,30,900.0,Yes,Purabi / Coke / Sting,,None,No,Normal,,"(19 June 2026)

Distributor Name - Sengupta Agencies
Beat Name - Ithkola 2
Intern Name - Saurav Sinha
Salesman Name - Amarjeet Deb Purkayastha

Total beverages sold today:
Amul Kool 24 pcs
Tru Mango 3"
2026-06-20,Saturday,25,June,Sengupta Agencies,Amarjeet Deb Purkayastha,Saurav Sinha,Malugram 2,Silchar Urban,OUT_17_000,"Distributor Name - Sengupta Agencies
Beat Name - Malugram 2
Intern Name - Saurav Sinha
Salesman Name - Amarjeet Deb Purkayastha
No. of outlets visited - 28",Bakery/Confectionery,Medium,Market/Commercial,Yes,Medium,Yes,Amul Total beverages sold today,Dairy,Fermented Dairy,Yes,No,Medium,Yes,High,Yes,Yes,10,10,3000.0,Yes,Purabi / Coke / Sting,,None,No,Normal,,"(20 June 2026)

Sir, out of the 25 shops visited, 7 were closed, 6 don’t stock beverages, and 1 didn’t place an order. The remaining outlets were hesitant to stock beverages due to the rain, not just "
2026-06-20,Saturday,25,June,Sengupta Agencies,Amarjeet Deb Purkayastha,Saurav Sinha,Malugram 2,Silchar Urban,OUT_17_000,"Distributor Name - Sengupta Agencies
Beat Name - Malugram 2
Intern Name - Saurav Sinha
Salesman Name - Amarjeet Deb Purkayastha
No. of outlets visited - 28",Bakery/Confectionery,Medium,Market/Commercial,Yes,Medium,Yes,Amul Kool Cafe 200ml (Can),Beverages,Fermented Dairy,Yes,No,Medium,Yes,High,Yes,Yes,96,96,3000.0,Yes,Purabi / Coke / Sting,,None,No,Normal,,"(20 June 2026)

Sir, out of the 25 shops visited, 7 were closed, 6 don’t stock beverages, and 1 didn’t place an order. The remaining outlets were hesitant to stock beverages due to the rain, not just "
2026-06-20,Saturday,25,June,Sengupta Agencies,Amarjeet Deb Purkayastha,Saurav Sinha,Malugram 2,Silchar Urban,OUT_17_000,"Distributor Name - Sengupta Agencies
Beat Name - Malugram 2
Intern Name - Saurav Sinha
Salesman Name - Amarjeet Deb Purkayastha
No. of outlets visited - 28",Bakery/Confectionery,Medium,Market/Commercial,Yes,Medium,Yes,Amul Lassi 200ml,Beverages,Fermented Dairy,Yes,No,Medium,Yes,High,Yes,Yes,30,30,3000.0,Yes,Purabi / Coke / Sting,,None,No,Normal,,"(20 June 2026)

Sir, out of the 25 shops visited, 7 were closed, 6 don’t stock beverages, and 1 didn’t place an order. The remaining outlets were hesitant to stock beverages due to the rain, not just "
2026-06-22,Monday,26,June,Sengupta Agencies,Amarjeet Deb Purkayastha,Saurav Sinha,Malugram 4,Silchar Urban,OUT_18_001,Malugram 4 Retailer 1,Kirana,Medium,Market/Commercial,No,High,Yes,Amul Tru Litchi 200ml,Beverages,Fruit Drinks,Yes,No,Medium,Yes,High,Yes,Yes,24,24,312.0,Yes,Purabi / Sting / Coke,,None,No,Low,None,"(22 June 2026)

22-06-26 Monday
Beat Name - Malugram 4
No WDSM

Coved some shops for questionnaire in that beat.

---"
2026-06-22,Monday,26,June,Sengupta Agencies,Amarjeet Deb Purkayastha,Saurav Sinha,Malugram 4,Silchar Urban,OUT_18_002,Malugram 4 Retailer 2,General Store,Medium,Market/Commercial,Yes,Medium,Yes,Amul Lassi 200ml,Beverages,Fermented Dairy,Yes,No,Medium,Yes,High,Yes,Yes,24,24,312.0,Yes,Purabi / Sting / Coke,,None,No,Low,None,"(22 June 2026)

22-06-26 Monday
Beat Name - Malugram 4
No WDSM

Coved some shops for questionnaire in that beat.

---"
2026-06-22,Monday,26,June,Sengupta Agencies,Amarjeet Deb Purkayastha,Saurav Sinha,Malugram 4,Silchar Urban,OUT_18_003,Malugram 4 Retailer 3,Kirana,Medium,Market/Commercial,Yes,Medium,Yes,Amul Kool Cafe 200ml (Can),Beverages,Fermented Dairy,Yes,No,Medium,Yes,High,Yes,Yes,24,24,312.0,Yes,Purabi / Sting / Coke,,None,No,Low,None,"(22 June 2026)

22-06-26 Monday
Beat Name - Malugram 4
No WDSM

Coved some shops for questionnaire in that beat.

---"
2026-06-22,Monday,26,June,Sengupta Agencies,Amarjeet Deb Purkayastha,Saurav Sinha,Malugram 4,Silchar Urban,OUT_18_004,Malugram 4 Retailer 4,General Store,Medium,Market/Commercial,Yes,High,Yes,Amul Tru Litchi 200ml,Beverages,Fruit Drinks,Yes,No,Medium,Yes,High,Yes,Yes,24,24,312.0,Yes,Purabi / Sting / Coke,,None,No,Low,None,"(22 June 2026)

22-06-26 Monday
Beat Name - Malugram 4
No WDSM

Coved some shops for questionnaire in that beat.

---"
2026-06-22,Monday,26,June,Sengupta Agencies,Amarjeet Deb Purkayastha,Saurav Sinha,Malugram 4,Silchar Urban,OUT_18_005,Malugram 4 Retailer 5,Kirana,Medium,Market/Commercial,No,Medium,Yes,Amul Lassi 200ml,Beverages,Fermented Dairy,Yes,No,Medium,Yes,High,Yes,Yes,24,24,312.0,Yes,Purabi / Sting / Coke,,None,No,Low,None,"(22 June 2026)

22-06-26 Monday
Beat Name - Malugram 4
No WDSM

Coved some shops for questionnaire in that beat.

---"
2026-06-22,Monday,26,June,Sengupta Agencies,Amarjeet Deb Purkayastha,Saurav Sinha,Malugram 4,Silchar Urban,OUT_18_006,Malugram 4 Retailer 6,General Store,Medium,Market/Commercial,Yes,Medium,Yes,Amul Kool Cafe 200ml (Can),Beverages,Fermented Dairy,Yes,No,Medium,Yes,High,Yes,Yes,24,24,312.0,Yes,Purabi / Sting / Coke,,None,No,Low,None,"(22 June 2026)

22-06-26 Monday
Beat Name - Malugram 4
No WDSM

Coved some shops for questionnaire in that beat.

---"
2026-06-22,Monday,26,June,Sengupta Agencies,Amarjeet Deb Purkayastha,Saurav Sinha,Malugram 4,Silchar Urban,OUT_18_007,Malugram 4 Retailer 7,Kirana,Medium,Market/Commercial,Yes,High,Yes,Amul Tru Litchi 200ml,Beverages,Fruit Drinks,Yes,No,Medium,Yes,High,Yes,Yes,24,24,312.0,Yes,Purabi / Sting / Coke,,None,No,Low,None,"(22 June 2026)

22-06-26 Monday
Beat Name - Malugram 4
No WDSM

Coved some shops for questionnaire in that beat.

---"
2026-06-22,Monday,26,June,Sengupta Agencies,Amarjeet Deb Purkayastha,Saurav Sinha,Malugram 4,Silchar Urban,OUT_18_008,Malugram 4 Retailer 8,General Store,Medium,Market/Commercial,Yes,Medium,Yes,Amul Lassi 200ml,Beverages,Fermented Dairy,Yes,No,Medium,Yes,High,Yes,Yes,24,24,312.0,Yes,Purabi / Sting / Coke,,None,No,Low,None,"(22 June 2026)

22-06-26 Monday
Beat Name - Malugram 4
No WDSM

Coved some shops for questionnaire in that beat.

---"
2026-06-22,Monday,26,June,Sengupta Agencies,Amarjeet Deb Purkayastha,Saurav Sinha,Malugram 4,Silchar Urban,OUT_18_009,Malugram 4 Retailer 9,Kirana,Medium,Market/Commercial,No,Medium,Yes,Amul Kool Cafe 200ml (Can),Beverages,Fermented Dairy,Yes,No,Medium,Yes,High,Yes,Yes,24,24,312.0,Yes,Purabi / Sting / Coke,,None,No,Low,None,"(22 June 2026)

22-06-26 Monday
Beat Name - Malugram 4
No WDSM

Coved some shops for questionnaire in that beat.

---"
2026-06-22,Monday,26,June,Sengupta Agencies,Amarjeet Deb Purkayastha,Saurav Sinha,Malugram 4,Silchar Urban,OUT_18_010,Malugram 4 Retailer 10,General Store,Medium,Market/Commercial,Yes,High,Yes,Amul Tru Litchi 200ml,Beverages,Fruit Drinks,Yes,No,Medium,Yes,High,Yes,Yes,24,24,312.0,Yes,Purabi / Sting / Coke,,None,No,Low,None,"(22 June 2026)

22-06-26 Monday
Beat Name - Malugram 4
No WDSM

Coved some shops for questionnaire in that beat.

---"
2026-06-22,Monday,26,June,Sengupta Agencies,Amarjeet Deb Purkayastha,Saurav Sinha,Malugram 4,Silchar Urban,OUT_18_011,Malugram 4 Retailer 11,Kirana,Medium,Market/Commercial,Yes,Medium,Yes,Amul Lassi 200ml,Beverages,Fermented Dairy,Yes,No,Medium,Yes,High,Yes,Yes,24,24,312.0,Yes,Purabi / Sting / Coke,,None,No,Low,None,"(22 June 2026)

22-06-26 Monday
Beat Name - Malugram 4
No WDSM

Coved some shops for questionnaire in that beat.

---"
2026-06-22,Monday,26,June,Sengupta Agencies,Amarjeet Deb Purkayastha,Saurav Sinha,Malugram 4,Silchar Urban,OUT_18_012,Malugram 4 Retailer 12,General Store,Medium,Market/Commercial,Yes,Medium,Yes,Amul Kool Cafe 200ml (Can),Beverages,Fermented Dairy,Yes,No,Medium,Yes,High,Yes,Yes,24,24,312.0,Yes,Purabi / Sting / Coke,,None,No,Low,None,"(22 June 2026)

22-06-26 Monday
Beat Name - Malugram 4
No WDSM

Coved some shops for questionnaire in that beat.

---"
2026-06-22,Monday,26,June,Sengupta Agencies,Amarjeet Deb Purkayastha,Saurav Sinha,Malugram 4,Silchar Urban,OUT_18_013,Malugram 4 Retailer 13,Kirana,Medium,Market/Commercial,No,High,Yes,Amul Tru Litchi 200ml,Beverages,Fruit Drinks,Yes,No,Medium,Yes,High,Yes,Yes,24,24,312.0,Yes,Purabi / Sting / Coke,,None,No,Low,None,"(22 June 2026)

22-06-26 Monday
Beat Name - Malugram 4
No WDSM

Coved some shops for questionnaire in that beat.

---"
2026-06-22,Monday,26,June,Sengupta Agencies,Amarjeet Deb Purkayastha,Saurav Sinha,Malugram 4,Silchar Urban,OUT_18_014,Malugram 4 Retailer 14,General Store,Medium,Market/Commercial,Yes,Medium,Yes,Amul Lassi 200ml,Beverages,Fermented Dairy,Yes,No,Medium,Yes,High,Yes,Yes,24,24,312.0,Yes,Purabi / Sting / Coke,,None,No,Low,None,"(22 June 2026)

22-06-26 Monday
Beat Name - Malugram 4
No WDSM

Coved some shops for questionnaire in that beat.

---"
2026-06-22,Monday,26,June,Sengupta Agencies,Amarjeet Deb Purkayastha,Saurav Sinha,Malugram 4,Silchar Urban,OUT_18_015,Malugram 4 Retailer 15,Kirana,Medium,Market/Commercial,Yes,Medium,Yes,Amul Kool Cafe 200ml (Can),Beverages,Fermented Dairy,Yes,No,Medium,Yes,Low,No,No,0,0,0,Yes,Purabi / Sting / Coke,Existing inventory unsold,Stock Already Available,Yes,High,Stock Already Available,"(22 June 2026)

22-06-26 Monday
Beat Name - Malugram 4
No WDSM

Coved some shops for questionnaire in that beat.

---"
2026-06-22,Monday,26,June,Sengupta Agencies,Amarjeet Deb Purkayastha,Saurav Sinha,Malugram 4,Silchar Urban,OUT_18_016,Malugram 4 Retailer 16,General Store,Medium,Market/Commercial,Yes,High,Yes,Amul Tru Litchi 200ml,Beverages,Fruit Drinks,Yes,No,Medium,Yes,Low,No,No,0,0,0,Yes,Purabi / Sting / Coke,Existing inventory unsold,Stock Already Available,Yes,High,Stock Already Available,"(22 June 2026)

22-06-26 Monday
Beat Name - Malugram 4
No WDSM

Coved some shops for questionnaire in that beat.

---"
2026-06-22,Monday,26,June,Sengupta Agencies,Amarjeet Deb Purkayastha,Saurav Sinha,Malugram 4,Silchar Urban,OUT_18_017,Malugram 4 Retailer 17,Kirana,Medium,Market/Commercial,No,Medium,Yes,Amul Lassi 200ml,Beverages,Fermented Dairy,Yes,No,Medium,Yes,Low,No,No,0,0,0,Yes,Purabi / Sting / Coke,Existing inventory unsold,Stock Already Available,Yes,High,Stock Already Available,"(22 June 2026)

22-06-26 Monday
Beat Name - Malugram 4
No WDSM

Coved some shops for questionnaire in that beat.

---"
2026-06-22,Monday,26,June,Sengupta Agencies,Amarjeet Deb Purkayastha,Saurav Sinha,Malugram 4,Silchar Urban,OUT_18_018,Malugram 4 Retailer 18,General Store,Medium,Market/Commercial,Yes,Medium,Yes,Amul Kool Cafe 200ml (Can),Beverages,Fermented Dairy,Yes,No,Medium,Yes,Low,No,No,0,0,0,Yes,Purabi / Sting / Coke,Existing inventory unsold,Stock Already Available,Yes,High,Stock Already Available,"(22 June 2026)

22-06-26 Monday
Beat Name - Malugram 4
No WDSM

Coved some shops for questionnaire in that beat.

---"
2026-06-22,Monday,26,June,Sengupta Agencies,Amarjeet Deb Purkayastha,Saurav Sinha,Malugram 4,Silchar Urban,OUT_18_019,Malugram 4 Retailer 19,Kirana,Medium,Market/Commercial,Yes,High,Yes,Amul Tru Litchi 200ml,Beverages,Fruit Drinks,Yes,No,Medium,Yes,Low,No,No,0,0,0,Yes,Purabi / Sting / Coke,Existing inventory unsold,Stock Already Available,Yes,High,Stock Already Available,"(22 June 2026)

22-06-26 Monday
Beat Name - Malugram 4
No WDSM

Coved some shops for questionnaire in that beat.

---"
2026-06-22,Monday,26,June,Sengupta Agencies,Amarjeet Deb Purkayastha,Saurav Sinha,Malugram 4,Silchar Urban,OUT_18_020,Malugram 4 Retailer 20,General Store,Medium,Market/Commercial,Yes,Medium,Yes,Amul Lassi 200ml,Beverages,Fermented Dairy,Yes,No,Medium,Yes,Low,No,No,0,0,0,Yes,Purabi / Sting / Coke,Existing inventory unsold,Stock Already Available,Yes,High,Stock Already Available,"(22 June 2026)

22-06-26 Monday
Beat Name - Malugram 4
No WDSM

Coved some shops for questionnaire in that beat.

---"
2026-06-23,Tuesday,26,June,Sengupta Agencies,Amarjeet Deb Purkayastha,Saurav Sinha,Malugram 3,Silchar Urban,OUT_19_001,Malugram 3 Retailer 1,Kirana,Medium,Market/Commercial,No,High,Yes,Amul Tru Litchi 200ml,Beverages,Fruit Drinks,Yes,No,Medium,Yes,High,Yes,Yes,24,24,312.0,Yes,Purabi / Sting / Coke,,None,No,Low,None,"(23 June 2026)

23-06-26 Tuesday
Beat Name - Malugram 3

No WDSM
Covered the entire beat for the questionnaire.

---"
2026-06-23,Tuesday,26,June,Sengupta Agencies,Amarjeet Deb Purkayastha,Saurav Sinha,Malugram 3,Silchar Urban,OUT_19_002,Malugram 3 Retailer 2,General Store,Medium,Market/Commercial,Yes,Medium,Yes,Amul Lassi 200ml,Beverages,Fermented Dairy,Yes,No,Medium,Yes,High,Yes,Yes,24,24,312.0,Yes,Purabi / Sting / Coke,,None,No,Low,None,"(23 June 2026)

23-06-26 Tuesday
Beat Name - Malugram 3

No WDSM
Covered the entire beat for the questionnaire.

---"
2026-06-23,Tuesday,26,June,Sengupta Agencies,Amarjeet Deb Purkayastha,Saurav Sinha,Malugram 3,Silchar Urban,OUT_19_003,Malugram 3 Retailer 3,Kirana,Medium,Market/Commercial,Yes,Medium,Yes,Amul Kool Cafe 200ml (Can),Beverages,Fermented Dairy,Yes,No,Medium,Yes,High,Yes,Yes,24,24,312.0,Yes,Purabi / Sting / Coke,,None,No,Low,None,"(23 June 2026)

23-06-26 Tuesday
Beat Name - Malugram 3

No WDSM
Covered the entire beat for the questionnaire.

---"
2026-06-23,Tuesday,26,June,Sengupta Agencies,Amarjeet Deb Purkayastha,Saurav Sinha,Malugram 3,Silchar Urban,OUT_19_004,Malugram 3 Retailer 4,General Store,Medium,Market/Commercial,Yes,High,Yes,Amul Tru Litchi 200ml,Beverages,Fruit Drinks,Yes,No,Medium,Yes,High,Yes,Yes,24,24,312.0,Yes,Purabi / Sting / Coke,,None,No,Low,None,"(23 June 2026)

23-06-26 Tuesday
Beat Name - Malugram 3

No WDSM
Covered the entire beat for the questionnaire.

---"
2026-06-23,Tuesday,26,June,Sengupta Agencies,Amarjeet Deb Purkayastha,Saurav Sinha,Malugram 3,Silchar Urban,OUT_19_005,Malugram 3 Retailer 5,Kirana,Medium,Market/Commercial,No,Medium,Yes,Amul Lassi 200ml,Beverages,Fermented Dairy,Yes,No,Medium,Yes,High,Yes,Yes,24,24,312.0,Yes,Purabi / Sting / Coke,,None,No,Low,None,"(23 June 2026)

23-06-26 Tuesday
Beat Name - Malugram 3

No WDSM
Covered the entire beat for the questionnaire.

---"
2026-06-23,Tuesday,26,June,Sengupta Agencies,Amarjeet Deb Purkayastha,Saurav Sinha,Malugram 3,Silchar Urban,OUT_19_006,Malugram 3 Retailer 6,General Store,Medium,Market/Commercial,Yes,Medium,Yes,Amul Kool Cafe 200ml (Can),Beverages,Fermented Dairy,Yes,No,Medium,Yes,High,Yes,Yes,24,24,312.0,Yes,Purabi / Sting / Coke,,None,No,Low,None,"(23 June 2026)

23-06-26 Tuesday
Beat Name - Malugram 3

No WDSM
Covered the entire beat for the questionnaire.

---"
2026-06-23,Tuesday,26,June,Sengupta Agencies,Amarjeet Deb Purkayastha,Saurav Sinha,Malugram 3,Silchar Urban,OUT_19_007,Malugram 3 Retailer 7,Kirana,Medium,Market/Commercial,Yes,High,Yes,Amul Tru Litchi 200ml,Beverages,Fruit Drinks,Yes,No,Medium,Yes,High,Yes,Yes,24,24,312.0,Yes,Purabi / Sting / Coke,,None,No,Low,None,"(23 June 2026)

23-06-26 Tuesday
Beat Name - Malugram 3

No WDSM
Covered the entire beat for the questionnaire.

---"
2026-06-23,Tuesday,26,June,Sengupta Agencies,Amarjeet Deb Purkayastha,Saurav Sinha,Malugram 3,Silchar Urban,OUT_19_008,Malugram 3 Retailer 8,General Store,Medium,Market/Commercial,Yes,Medium,Yes,Amul Lassi 200ml,Beverages,Fermented Dairy,Yes,No,Medium,Yes,High,Yes,Yes,24,24,312.0,Yes,Purabi / Sting / Coke,,None,No,Low,None,"(23 June 2026)

23-06-26 Tuesday
Beat Name - Malugram 3

No WDSM
Covered the entire beat for the questionnaire.

---"
2026-06-23,Tuesday,26,June,Sengupta Agencies,Amarjeet Deb Purkayastha,Saurav Sinha,Malugram 3,Silchar Urban,OUT_19_009,Malugram 3 Retailer 9,Kirana,Medium,Market/Commercial,No,Medium,Yes,Amul Kool Cafe 200ml (Can),Beverages,Fermented Dairy,Yes,No,Medium,Yes,High,Yes,Yes,24,24,312.0,Yes,Purabi / Sting / Coke,,None,No,Low,None,"(23 June 2026)

23-06-26 Tuesday
Beat Name - Malugram 3

No WDSM
Covered the entire beat for the questionnaire.

---"
2026-06-23,Tuesday,26,June,Sengupta Agencies,Amarjeet Deb Purkayastha,Saurav Sinha,Malugram 3,Silchar Urban,OUT_19_010,Malugram 3 Retailer 10,General Store,Medium,Market/Commercial,Yes,High,Yes,Amul Tru Litchi 200ml,Beverages,Fruit Drinks,Yes,No,Medium,Yes,High,Yes,Yes,24,24,312.0,Yes,Purabi / Sting / Coke,,None,No,Low,None,"(23 June 2026)

23-06-26 Tuesday
Beat Name - Malugram 3

No WDSM
Covered the entire beat for the questionnaire.

---"
2026-06-23,Tuesday,26,June,Sengupta Agencies,Amarjeet Deb Purkayastha,Saurav Sinha,Malugram 3,Silchar Urban,OUT_19_011,Malugram 3 Retailer 11,Kirana,Medium,Market/Commercial,Yes,Medium,Yes,Amul Lassi 200ml,Beverages,Fermented Dairy,Yes,No,Medium,Yes,High,Yes,Yes,24,24,312.0,Yes,Purabi / Sting / Coke,,None,No,Low,None,"(23 June 2026)

23-06-26 Tuesday
Beat Name - Malugram 3

No WDSM
Covered the entire beat for the questionnaire.

---"
2026-06-23,Tuesday,26,June,Sengupta Agencies,Amarjeet Deb Purkayastha,Saurav Sinha,Malugram 3,Silchar Urban,OUT_19_012,Malugram 3 Retailer 12,General Store,Medium,Market/Commercial,Yes,Medium,Yes,Amul Kool Cafe 200ml (Can),Beverages,Fermented Dairy,Yes,No,Medium,Yes,High,Yes,Yes,24,24,312.0,Yes,Purabi / Sting / Coke,,None,No,Low,None,"(23 June 2026)

23-06-26 Tuesday
Beat Name - Malugram 3

No WDSM
Covered the entire beat for the questionnaire.

---"
2026-06-23,Tuesday,26,June,Sengupta Agencies,Amarjeet Deb Purkayastha,Saurav Sinha,Malugram 3,Silchar Urban,OUT_19_013,Malugram 3 Retailer 13,Kirana,Medium,Market/Commercial,No,High,Yes,Amul Tru Litchi 200ml,Beverages,Fruit Drinks,Yes,No,Medium,Yes,High,Yes,Yes,24,24,312.0,Yes,Purabi / Sting / Coke,,None,No,Low,None,"(23 June 2026)

23-06-26 Tuesday
Beat Name - Malugram 3

No WDSM
Covered the entire beat for the questionnaire.

---"
2026-06-23,Tuesday,26,June,Sengupta Agencies,Amarjeet Deb Purkayastha,Saurav Sinha,Malugram 3,Silchar Urban,OUT_19_014,Malugram 3 Retailer 14,General Store,Medium,Market/Commercial,Yes,Medium,Yes,Amul Lassi 200ml,Beverages,Fermented Dairy,Yes,No,Medium,Yes,High,Yes,Yes,24,24,312.0,Yes,Purabi / Sting / Coke,,None,No,Low,None,"(23 June 2026)

23-06-26 Tuesday
Beat Name - Malugram 3

No WDSM
Covered the entire beat for the questionnaire.

---"
2026-06-23,Tuesday,26,June,Sengupta Agencies,Amarjeet Deb Purkayastha,Saurav Sinha,Malugram 3,Silchar Urban,OUT_19_015,Malugram 3 Retailer 15,Kirana,Medium,Market/Commercial,Yes,Medium,Yes,Amul Kool Cafe 200ml (Can),Beverages,Fermented Dairy,Yes,No,Medium,Yes,Low,No,No,0,0,0,Yes,Purabi / Sting / Coke,Existing inventory unsold,Stock Already Available,Yes,High,Stock Already Available,"(23 June 2026)

23-06-26 Tuesday
Beat Name - Malugram 3

No WDSM
Covered the entire beat for the questionnaire.

---"
2026-06-23,Tuesday,26,June,Sengupta Agencies,Amarjeet Deb Purkayastha,Saurav Sinha,Malugram 3,Silchar Urban,OUT_19_016,Malugram 3 Retailer 16,General Store,Medium,Market/Commercial,Yes,High,Yes,Amul Tru Litchi 200ml,Beverages,Fruit Drinks,Yes,No,Medium,Yes,Low,No,No,0,0,0,Yes,Purabi / Sting / Coke,Existing inventory unsold,Stock Already Available,Yes,High,Stock Already Available,"(23 June 2026)

23-06-26 Tuesday
Beat Name - Malugram 3

No WDSM
Covered the entire beat for the questionnaire.

---"
2026-06-23,Tuesday,26,June,Sengupta Agencies,Amarjeet Deb Purkayastha,Saurav Sinha,Malugram 3,Silchar Urban,OUT_19_017,Malugram 3 Retailer 17,Kirana,Medium,Market/Commercial,No,Medium,Yes,Amul Lassi 200ml,Beverages,Fermented Dairy,Yes,No,Medium,Yes,Low,No,No,0,0,0,Yes,Purabi / Sting / Coke,Existing inventory unsold,Stock Already Available,Yes,High,Stock Already Available,"(23 June 2026)

23-06-26 Tuesday
Beat Name - Malugram 3

No WDSM
Covered the entire beat for the questionnaire.

---"
2026-06-23,Tuesday,26,June,Sengupta Agencies,Amarjeet Deb Purkayastha,Saurav Sinha,Malugram 3,Silchar Urban,OUT_19_018,Malugram 3 Retailer 18,General Store,Medium,Market/Commercial,Yes,Medium,Yes,Amul Kool Cafe 200ml (Can),Beverages,Fermented Dairy,Yes,No,Medium,Yes,Low,No,No,0,0,0,Yes,Purabi / Sting / Coke,Existing inventory unsold,Stock Already Available,Yes,High,Stock Already Available,"(23 June 2026)

23-06-26 Tuesday
Beat Name - Malugram 3

No WDSM
Covered the entire beat for the questionnaire.

---"
2026-06-23,Tuesday,26,June,Sengupta Agencies,Amarjeet Deb Purkayastha,Saurav Sinha,Malugram 3,Silchar Urban,OUT_19_019,Malugram 3 Retailer 19,Kirana,Medium,Market/Commercial,Yes,High,Yes,Amul Tru Litchi 200ml,Beverages,Fruit Drinks,Yes,No,Medium,Yes,Low,No,No,0,0,0,Yes,Purabi / Sting / Coke,Existing inventory unsold,Stock Already Available,Yes,High,Stock Already Available,"(23 June 2026)

23-06-26 Tuesday
Beat Name - Malugram 3

No WDSM
Covered the entire beat for the questionnaire.

---"
2026-06-23,Tuesday,26,June,Sengupta Agencies,Amarjeet Deb Purkayastha,Saurav Sinha,Malugram 3,Silchar Urban,OUT_19_020,Malugram 3 Retailer 20,General Store,Medium,Market/Commercial,Yes,Medium,Yes,Amul Lassi 200ml,Beverages,Fermented Dairy,Yes,No,Medium,Yes,Low,No,No,0,0,0,Yes,Purabi / Sting / Coke,Existing inventory unsold,Stock Already Available,Yes,High,Stock Already Available,"(23 June 2026)

23-06-26 Tuesday
Beat Name - Malugram 3

No WDSM
Covered the entire beat for the questionnaire.

---"
2026-06-24,Wednesday,26,June,Sengupta Agencies,Amarjeet Deb Purkayastha,Saurav Sinha,Malugram 1,Silchar Urban,OUT_20_001,Malugram 1 Retailer 1,Kirana,Medium,Market/Commercial,No,High,Yes,Amul Tru Litchi 200ml,Beverages,Fruit Drinks,Yes,No,Medium,Yes,High,Yes,Yes,24,24,312.0,Yes,Purabi / Sting / Coke,,None,No,Low,None,"(24 June 2026)

24-06-26 Wednesday
Beat Name - Malugram 1

Covered some shops for the questionnaire which were closed/missed last week.
Talked with a potential retailer/wholesaler in that area.

---"
2026-06-24,Wednesday,26,June,Sengupta Agencies,Amarjeet Deb Purkayastha,Saurav Sinha,Malugram 1,Silchar Urban,OUT_20_002,Malugram 1 Retailer 2,General Store,Medium,Market/Commercial,Yes,Medium,Yes,Amul Lassi 200ml,Beverages,Fermented Dairy,Yes,No,Medium,Yes,High,Yes,Yes,24,24,312.0,Yes,Purabi / Sting / Coke,,None,No,Low,None,"(24 June 2026)

24-06-26 Wednesday
Beat Name - Malugram 1

Covered some shops for the questionnaire which were closed/missed last week.
Talked with a potential retailer/wholesaler in that area.

---"
2026-06-24,Wednesday,26,June,Sengupta Agencies,Amarjeet Deb Purkayastha,Saurav Sinha,Malugram 1,Silchar Urban,OUT_20_003,Malugram 1 Retailer 3,Kirana,Medium,Market/Commercial,Yes,Medium,Yes,Amul Kool Cafe 200ml (Can),Beverages,Fermented Dairy,Yes,No,Medium,Yes,High,Yes,Yes,24,24,312.0,Yes,Purabi / Sting / Coke,,None,No,Low,None,"(24 June 2026)

24-06-26 Wednesday
Beat Name - Malugram 1

Covered some shops for the questionnaire which were closed/missed last week.
Talked with a potential retailer/wholesaler in that area.

---"
2026-06-24,Wednesday,26,June,Sengupta Agencies,Amarjeet Deb Purkayastha,Saurav Sinha,Malugram 1,Silchar Urban,OUT_20_004,Malugram 1 Retailer 4,General Store,Medium,Market/Commercial,Yes,High,Yes,Amul Tru Litchi 200ml,Beverages,Fruit Drinks,Yes,No,Medium,Yes,High,Yes,Yes,24,24,312.0,Yes,Purabi / Sting / Coke,,None,No,Low,None,"(24 June 2026)

24-06-26 Wednesday
Beat Name - Malugram 1

Covered some shops for the questionnaire which were closed/missed last week.
Talked with a potential retailer/wholesaler in that area.

---"
2026-06-24,Wednesday,26,June,Sengupta Agencies,Amarjeet Deb Purkayastha,Saurav Sinha,Malugram 1,Silchar Urban,OUT_20_005,Malugram 1 Retailer 5,Kirana,Medium,Market/Commercial,No,Medium,Yes,Amul Lassi 200ml,Beverages,Fermented Dairy,Yes,No,Medium,Yes,High,Yes,Yes,24,24,312.0,Yes,Purabi / Sting / Coke,,None,No,Low,None,"(24 June 2026)

24-06-26 Wednesday
Beat Name - Malugram 1

Covered some shops for the questionnaire which were closed/missed last week.
Talked with a potential retailer/wholesaler in that area.

---"
2026-06-24,Wednesday,26,June,Sengupta Agencies,Amarjeet Deb Purkayastha,Saurav Sinha,Malugram 1,Silchar Urban,OUT_20_006,Malugram 1 Retailer 6,General Store,Medium,Market/Commercial,Yes,Medium,Yes,Amul Kool Cafe 200ml (Can),Beverages,Fermented Dairy,Yes,No,Medium,Yes,High,Yes,Yes,24,24,312.0,Yes,Purabi / Sting / Coke,,None,No,Low,None,"(24 June 2026)

24-06-26 Wednesday
Beat Name - Malugram 1

Covered some shops for the questionnaire which were closed/missed last week.
Talked with a potential retailer/wholesaler in that area.

---"
2026-06-24,Wednesday,26,June,Sengupta Agencies,Amarjeet Deb Purkayastha,Saurav Sinha,Malugram 1,Silchar Urban,OUT_20_007,Malugram 1 Retailer 7,Kirana,Medium,Market/Commercial,Yes,High,Yes,Amul Tru Litchi 200ml,Beverages,Fruit Drinks,Yes,No,Medium,Yes,High,Yes,Yes,24,24,312.0,Yes,Purabi / Sting / Coke,,None,No,Low,None,"(24 June 2026)

24-06-26 Wednesday
Beat Name - Malugram 1

Covered some shops for the questionnaire which were closed/missed last week.
Talked with a potential retailer/wholesaler in that area.

---"
2026-06-24,Wednesday,26,June,Sengupta Agencies,Amarjeet Deb Purkayastha,Saurav Sinha,Malugram 1,Silchar Urban,OUT_20_008,Malugram 1 Retailer 8,General Store,Medium,Market/Commercial,Yes,Medium,Yes,Amul Lassi 200ml,Beverages,Fermented Dairy,Yes,No,Medium,Yes,High,Yes,Yes,24,24,312.0,Yes,Purabi / Sting / Coke,,None,No,Low,None,"(24 June 2026)

24-06-26 Wednesday
Beat Name - Malugram 1

Covered some shops for the questionnaire which were closed/missed last week.
Talked with a potential retailer/wholesaler in that area.

---"
2026-06-24,Wednesday,26,June,Sengupta Agencies,Amarjeet Deb Purkayastha,Saurav Sinha,Malugram 1,Silchar Urban,OUT_20_009,Malugram 1 Retailer 9,Kirana,Medium,Market/Commercial,No,Medium,Yes,Amul Kool Cafe 200ml (Can),Beverages,Fermented Dairy,Yes,No,Medium,Yes,High,Yes,Yes,24,24,312.0,Yes,Purabi / Sting / Coke,,None,No,Low,None,"(24 June 2026)

24-06-26 Wednesday
Beat Name - Malugram 1

Covered some shops for the questionnaire which were closed/missed last week.
Talked with a potential retailer/wholesaler in that area.

---"
2026-06-24,Wednesday,26,June,Sengupta Agencies,Amarjeet Deb Purkayastha,Saurav Sinha,Malugram 1,Silchar Urban,OUT_20_010,Malugram 1 Retailer 10,General Store,Medium,Market/Commercial,Yes,High,Yes,Amul Tru Litchi 200ml,Beverages,Fruit Drinks,Yes,No,Medium,Yes,High,Yes,Yes,24,24,312.0,Yes,Purabi / Sting / Coke,,None,No,Low,None,"(24 June 2026)

24-06-26 Wednesday
Beat Name - Malugram 1

Covered some shops for the questionnaire which were closed/missed last week.
Talked with a potential retailer/wholesaler in that area.

---"
2026-06-24,Wednesday,26,June,Sengupta Agencies,Amarjeet Deb Purkayastha,Saurav Sinha,Malugram 1,Silchar Urban,OUT_20_011,Malugram 1 Retailer 11,Kirana,Medium,Market/Commercial,Yes,Medium,Yes,Amul Lassi 200ml,Beverages,Fermented Dairy,Yes,No,Medium,Yes,High,Yes,Yes,24,24,312.0,Yes,Purabi / Sting / Coke,,None,No,Low,None,"(24 June 2026)

24-06-26 Wednesday
Beat Name - Malugram 1

Covered some shops for the questionnaire which were closed/missed last week.
Talked with a potential retailer/wholesaler in that area.

---"
2026-06-24,Wednesday,26,June,Sengupta Agencies,Amarjeet Deb Purkayastha,Saurav Sinha,Malugram 1,Silchar Urban,OUT_20_012,Malugram 1 Retailer 12,General Store,Medium,Market/Commercial,Yes,Medium,Yes,Amul Kool Cafe 200ml (Can),Beverages,Fermented Dairy,Yes,No,Medium,Yes,High,Yes,Yes,24,24,312.0,Yes,Purabi / Sting / Coke,,None,No,Low,None,"(24 June 2026)

24-06-26 Wednesday
Beat Name - Malugram 1

Covered some shops for the questionnaire which were closed/missed last week.
Talked with a potential retailer/wholesaler in that area.

---"
2026-06-24,Wednesday,26,June,Sengupta Agencies,Amarjeet Deb Purkayastha,Saurav Sinha,Malugram 1,Silchar Urban,OUT_20_013,Malugram 1 Retailer 13,Kirana,Medium,Market/Commercial,No,High,Yes,Amul Tru Litchi 200ml,Beverages,Fruit Drinks,Yes,No,Medium,Yes,High,Yes,Yes,24,24,312.0,Yes,Purabi / Sting / Coke,,None,No,Low,None,"(24 June 2026)

24-06-26 Wednesday
Beat Name - Malugram 1

Covered some shops for the questionnaire which were closed/missed last week.
Talked with a potential retailer/wholesaler in that area.

---"
2026-06-24,Wednesday,26,June,Sengupta Agencies,Amarjeet Deb Purkayastha,Saurav Sinha,Malugram 1,Silchar Urban,OUT_20_014,Malugram 1 Retailer 14,General Store,Medium,Market/Commercial,Yes,Medium,Yes,Amul Lassi 200ml,Beverages,Fermented Dairy,Yes,No,Medium,Yes,High,Yes,Yes,24,24,312.0,Yes,Purabi / Sting / Coke,,None,No,Low,None,"(24 June 2026)

24-06-26 Wednesday
Beat Name - Malugram 1

Covered some shops for the questionnaire which were closed/missed last week.
Talked with a potential retailer/wholesaler in that area.

---"
2026-06-24,Wednesday,26,June,Sengupta Agencies,Amarjeet Deb Purkayastha,Saurav Sinha,Malugram 1,Silchar Urban,OUT_20_015,Malugram 1 Retailer 15,Kirana,Medium,Market/Commercial,Yes,Medium,Yes,Amul Kool Cafe 200ml (Can),Beverages,Fermented Dairy,Yes,No,Medium,Yes,Low,No,No,0,0,0,Yes,Purabi / Sting / Coke,Existing inventory unsold,Stock Already Available,Yes,High,Stock Already Available,"(24 June 2026)

24-06-26 Wednesday
Beat Name - Malugram 1

Covered some shops for the questionnaire which were closed/missed last week.
Talked with a potential retailer/wholesaler in that area.

---"
2026-06-24,Wednesday,26,June,Sengupta Agencies,Amarjeet Deb Purkayastha,Saurav Sinha,Malugram 1,Silchar Urban,OUT_20_016,Malugram 1 Retailer 16,General Store,Medium,Market/Commercial,Yes,High,Yes,Amul Tru Litchi 200ml,Beverages,Fruit Drinks,Yes,No,Medium,Yes,Low,No,No,0,0,0,Yes,Purabi / Sting / Coke,Existing inventory unsold,Stock Already Available,Yes,High,Stock Already Available,"(24 June 2026)

24-06-26 Wednesday
Beat Name - Malugram 1

Covered some shops for the questionnaire which were closed/missed last week.
Talked with a potential retailer/wholesaler in that area.

---"
2026-06-24,Wednesday,26,June,Sengupta Agencies,Amarjeet Deb Purkayastha,Saurav Sinha,Malugram 1,Silchar Urban,OUT_20_017,Malugram 1 Retailer 17,Kirana,Medium,Market/Commercial,No,Medium,Yes,Amul Lassi 200ml,Beverages,Fermented Dairy,Yes,No,Medium,Yes,Low,No,No,0,0,0,Yes,Purabi / Sting / Coke,Existing inventory unsold,Stock Already Available,Yes,High,Stock Already Available,"(24 June 2026)

24-06-26 Wednesday
Beat Name - Malugram 1

Covered some shops for the questionnaire which were closed/missed last week.
Talked with a potential retailer/wholesaler in that area.

---"
2026-06-24,Wednesday,26,June,Sengupta Agencies,Amarjeet Deb Purkayastha,Saurav Sinha,Malugram 1,Silchar Urban,OUT_20_018,Malugram 1 Retailer 18,General Store,Medium,Market/Commercial,Yes,Medium,Yes,Amul Kool Cafe 200ml (Can),Beverages,Fermented Dairy,Yes,No,Medium,Yes,Low,No,No,0,0,0,Yes,Purabi / Sting / Coke,Existing inventory unsold,Stock Already Available,Yes,High,Stock Already Available,"(24 June 2026)

24-06-26 Wednesday
Beat Name - Malugram 1

Covered some shops for the questionnaire which were closed/missed last week.
Talked with a potential retailer/wholesaler in that area.

---"
2026-06-24,Wednesday,26,June,Sengupta Agencies,Amarjeet Deb Purkayastha,Saurav Sinha,Malugram 1,Silchar Urban,OUT_20_019,Malugram 1 Retailer 19,Kirana,Medium,Market/Commercial,Yes,High,Yes,Amul Tru Litchi 200ml,Beverages,Fruit Drinks,Yes,No,Medium,Yes,Low,No,No,0,0,0,Yes,Purabi / Sting / Coke,Existing inventory unsold,Stock Already Available,Yes,High,Stock Already Available,"(24 June 2026)

24-06-26 Wednesday
Beat Name - Malugram 1

Covered some shops for the questionnaire which were closed/missed last week.
Talked with a potential retailer/wholesaler in that area.

---"
2026-06-24,Wednesday,26,June,Sengupta Agencies,Amarjeet Deb Purkayastha,Saurav Sinha,Malugram 1,Silchar Urban,OUT_20_020,Malugram 1 Retailer 20,General Store,Medium,Market/Commercial,Yes,Medium,Yes,Amul Lassi 200ml,Beverages,Fermented Dairy,Yes,No,Medium,Yes,Low,No,No,0,0,0,Yes,Purabi / Sting / Coke,Existing inventory unsold,Stock Already Available,Yes,High,Stock Already Available,"(24 June 2026)

24-06-26 Wednesday
Beat Name - Malugram 1

Covered some shops for the questionnaire which were closed/missed last week.
Talked with a potential retailer/wholesaler in that area.

---"
2026-06-25,Thursday,26,June,Sengupta Agencies,Sushil Das,Saurav Sinha,1st Link Road,Silchar Urban,OUT_21_001,1st Link Road Retailer 1,Kirana,Medium,Market/Commercial,No,High,Yes,Amul Tru Litchi 200ml,Beverages,Fruit Drinks,Yes,No,Medium,Yes,High,Yes,Yes,24,24,312.0,Yes,Purabi / Sting / Coke,,None,No,Low,None,"(25 June 2026)

25-06-26 Thrusday
Distributor Name - Sengupta Agencies
Beat Name - 1st Link Road
Intern Name - Saurav Sinha
Salesman Name - Sushil Das
No. of outlets visited - 12

Lokenath Store
Tru M"
2026-06-25,Thursday,26,June,Sengupta Agencies,Sushil Das,Saurav Sinha,1st Link Road,Silchar Urban,OUT_21_002,1st Link Road Retailer 2,General Store,Medium,Market/Commercial,Yes,Medium,Yes,Amul Lassi 200ml,Beverages,Fermented Dairy,Yes,No,Medium,Yes,High,Yes,Yes,24,24,312.0,Yes,Purabi / Sting / Coke,,None,No,Low,None,"(25 June 2026)

25-06-26 Thrusday
Distributor Name - Sengupta Agencies
Beat Name - 1st Link Road
Intern Name - Saurav Sinha
Salesman Name - Sushil Das
No. of outlets visited - 12

Lokenath Store
Tru M"
2026-06-25,Thursday,26,June,Sengupta Agencies,Sushil Das,Saurav Sinha,1st Link Road,Silchar Urban,OUT_21_003,1st Link Road Retailer 3,Kirana,Medium,Market/Commercial,Yes,Medium,Yes,Amul Kool Cafe 200ml (Can),Beverages,Fermented Dairy,Yes,No,Medium,Yes,High,Yes,Yes,24,24,312.0,Yes,Purabi / Sting / Coke,,None,No,Low,None,"(25 June 2026)

25-06-26 Thrusday
Distributor Name - Sengupta Agencies
Beat Name - 1st Link Road
Intern Name - Saurav Sinha
Salesman Name - Sushil Das
No. of outlets visited - 12

Lokenath Store
Tru M"
2026-06-25,Thursday,26,June,Sengupta Agencies,Sushil Das,Saurav Sinha,1st Link Road,Silchar Urban,OUT_21_004,1st Link Road Retailer 4,General Store,Medium,Market/Commercial,Yes,High,Yes,Amul Tru Litchi 200ml,Beverages,Fruit Drinks,Yes,No,Medium,Yes,High,Yes,Yes,24,24,312.0,Yes,Purabi / Sting / Coke,,None,No,Low,None,"(25 June 2026)

25-06-26 Thrusday
Distributor Name - Sengupta Agencies
Beat Name - 1st Link Road
Intern Name - Saurav Sinha
Salesman Name - Sushil Das
No. of outlets visited - 12

Lokenath Store
Tru M"
2026-06-25,Thursday,26,June,Sengupta Agencies,Sushil Das,Saurav Sinha,1st Link Road,Silchar Urban,OUT_21_005,1st Link Road Retailer 5,Kirana,Medium,Market/Commercial,No,Medium,Yes,Amul Lassi 200ml,Beverages,Fermented Dairy,Yes,No,Medium,Yes,High,Yes,Yes,24,24,312.0,Yes,Purabi / Sting / Coke,,None,No,Low,None,"(25 June 2026)

25-06-26 Thrusday
Distributor Name - Sengupta Agencies
Beat Name - 1st Link Road
Intern Name - Saurav Sinha
Salesman Name - Sushil Das
No. of outlets visited - 12

Lokenath Store
Tru M"
2026-06-25,Thursday,26,June,Sengupta Agencies,Sushil Das,Saurav Sinha,1st Link Road,Silchar Urban,OUT_21_006,1st Link Road Retailer 6,General Store,Medium,Market/Commercial,Yes,Medium,Yes,Amul Kool Cafe 200ml (Can),Beverages,Fermented Dairy,Yes,No,Medium,Yes,High,Yes,Yes,24,24,312.0,Yes,Purabi / Sting / Coke,,None,No,Low,None,"(25 June 2026)

25-06-26 Thrusday
Distributor Name - Sengupta Agencies
Beat Name - 1st Link Road
Intern Name - Saurav Sinha
Salesman Name - Sushil Das
No. of outlets visited - 12

Lokenath Store
Tru M"
2026-06-25,Thursday,26,June,Sengupta Agencies,Sushil Das,Saurav Sinha,1st Link Road,Silchar Urban,OUT_21_007,1st Link Road Retailer 7,Kirana,Medium,Market/Commercial,Yes,High,Yes,Amul Tru Litchi 200ml,Beverages,Fruit Drinks,Yes,No,Medium,Yes,High,Yes,Yes,24,24,312.0,Yes,Purabi / Sting / Coke,,None,No,Low,None,"(25 June 2026)

25-06-26 Thrusday
Distributor Name - Sengupta Agencies
Beat Name - 1st Link Road
Intern Name - Saurav Sinha
Salesman Name - Sushil Das
No. of outlets visited - 12

Lokenath Store
Tru M"
2026-06-25,Thursday,26,June,Sengupta Agencies,Sushil Das,Saurav Sinha,1st Link Road,Silchar Urban,OUT_21_008,1st Link Road Retailer 8,General Store,Medium,Market/Commercial,Yes,Medium,Yes,Amul Lassi 200ml,Beverages,Fermented Dairy,Yes,No,Medium,Yes,High,Yes,Yes,24,24,312.0,Yes,Purabi / Sting / Coke,,None,No,Low,None,"(25 June 2026)

25-06-26 Thrusday
Distributor Name - Sengupta Agencies
Beat Name - 1st Link Road
Intern Name - Saurav Sinha
Salesman Name - Sushil Das
No. of outlets visited - 12

Lokenath Store
Tru M"
2026-06-25,Thursday,26,June,Sengupta Agencies,Sushil Das,Saurav Sinha,1st Link Road,Silchar Urban,OUT_21_009,1st Link Road Retailer 9,Kirana,Medium,Market/Commercial,No,Medium,Yes,Amul Kool Cafe 200ml (Can),Beverages,Fermented Dairy,Yes,No,Medium,Yes,Low,No,No,0,0,0,Yes,Purabi / Sting / Coke,Existing inventory unsold,Stock Already Available,Yes,High,Stock Already Available,"(25 June 2026)

25-06-26 Thrusday
Distributor Name - Sengupta Agencies
Beat Name - 1st Link Road
Intern Name - Saurav Sinha
Salesman Name - Sushil Das
No. of outlets visited - 12

Lokenath Store
Tru M"
2026-06-25,Thursday,26,June,Sengupta Agencies,Sushil Das,Saurav Sinha,1st Link Road,Silchar Urban,OUT_21_010,1st Link Road Retailer 10,General Store,Medium,Market/Commercial,Yes,High,Yes,Amul Tru Litchi 200ml,Beverages,Fruit Drinks,Yes,No,Medium,Yes,Low,No,No,0,0,0,Yes,Purabi / Sting / Coke,Existing inventory unsold,Stock Already Available,Yes,High,Stock Already Available,"(25 June 2026)

25-06-26 Thrusday
Distributor Name - Sengupta Agencies
Beat Name - 1st Link Road
Intern Name - Saurav Sinha
Salesman Name - Sushil Das
No. of outlets visited - 12

Lokenath Store
Tru M"
2026-06-25,Thursday,26,June,Sengupta Agencies,Sushil Das,Saurav Sinha,1st Link Road,Silchar Urban,OUT_21_011,1st Link Road Retailer 11,Kirana,Medium,Market/Commercial,Yes,Medium,Yes,Amul Lassi 200ml,Beverages,Fermented Dairy,Yes,No,Medium,Yes,Low,No,No,0,0,0,Yes,Purabi / Sting / Coke,Existing inventory unsold,Stock Already Available,Yes,High,Stock Already Available,"(25 June 2026)

25-06-26 Thrusday
Distributor Name - Sengupta Agencies
Beat Name - 1st Link Road
Intern Name - Saurav Sinha
Salesman Name - Sushil Das
No. of outlets visited - 12

Lokenath Store
Tru M"
2026-06-25,Thursday,26,June,Sengupta Agencies,Sushil Das,Saurav Sinha,1st Link Road,Silchar Urban,OUT_21_012,1st Link Road Retailer 12,General Store,Medium,Market/Commercial,Yes,Medium,Yes,Amul Kool Cafe 200ml (Can),Beverages,Fermented Dairy,Yes,No,Medium,Yes,Low,No,No,0,0,0,Yes,Purabi / Sting / Coke,Existing inventory unsold,Stock Already Available,Yes,High,Stock Already Available,"(25 June 2026)

25-06-26 Thrusday
Distributor Name - Sengupta Agencies
Beat Name - 1st Link Road
Intern Name - Saurav Sinha
Salesman Name - Sushil Das
No. of outlets visited - 12

Lokenath Store
Tru M"
2026-06-26,Friday,26,June,Sengupta Agencies,Sushil Das,Saurav Sinha,Sonai,Silchar Urban,OUT_22_001,Sonai Retailer 1,Kirana,Medium,Market/Commercial,No,High,Yes,Amul Tru Litchi 200ml,Beverages,Fruit Drinks,Yes,No,Medium,Yes,High,Yes,Yes,24,24,312.0,Yes,Purabi / Sting / Coke,,None,No,Low,None,"(26 June 2026)

26-06-26 Friday
Distributor Name - Sengupta Agencies
Beat Name - Sonai
Intern Name - Saurav Sinha
Salesman Name - Sushil Das
No. of outlets visited - 10

Maa Basanti Pan Bhandar
Kool 2"
2026-06-26,Friday,26,June,Sengupta Agencies,Sushil Das,Saurav Sinha,Sonai,Silchar Urban,OUT_22_002,Sonai Retailer 2,General Store,Medium,Market/Commercial,Yes,Medium,Yes,Amul Lassi 200ml,Beverages,Fermented Dairy,Yes,No,Medium,Yes,High,Yes,Yes,24,24,312.0,Yes,Purabi / Sting / Coke,,None,No,Low,None,"(26 June 2026)

26-06-26 Friday
Distributor Name - Sengupta Agencies
Beat Name - Sonai
Intern Name - Saurav Sinha
Salesman Name - Sushil Das
No. of outlets visited - 10

Maa Basanti Pan Bhandar
Kool 2"
2026-06-26,Friday,26,June,Sengupta Agencies,Sushil Das,Saurav Sinha,Sonai,Silchar Urban,OUT_22_003,Sonai Retailer 3,Kirana,Medium,Market/Commercial,Yes,Medium,Yes,Amul Kool Cafe 200ml (Can),Beverages,Fermented Dairy,Yes,No,Medium,Yes,High,Yes,Yes,24,24,312.0,Yes,Purabi / Sting / Coke,,None,No,Low,None,"(26 June 2026)

26-06-26 Friday
Distributor Name - Sengupta Agencies
Beat Name - Sonai
Intern Name - Saurav Sinha
Salesman Name - Sushil Das
No. of outlets visited - 10

Maa Basanti Pan Bhandar
Kool 2"
2026-06-26,Friday,26,June,Sengupta Agencies,Sushil Das,Saurav Sinha,Sonai,Silchar Urban,OUT_22_004,Sonai Retailer 4,General Store,Medium,Market/Commercial,Yes,High,Yes,Amul Tru Litchi 200ml,Beverages,Fruit Drinks,Yes,No,Medium,Yes,High,Yes,Yes,24,24,312.0,Yes,Purabi / Sting / Coke,,None,No,Low,None,"(26 June 2026)

26-06-26 Friday
Distributor Name - Sengupta Agencies
Beat Name - Sonai
Intern Name - Saurav Sinha
Salesman Name - Sushil Das
No. of outlets visited - 10

Maa Basanti Pan Bhandar
Kool 2"
2026-06-26,Friday,26,June,Sengupta Agencies,Sushil Das,Saurav Sinha,Sonai,Silchar Urban,OUT_22_005,Sonai Retailer 5,Kirana,Medium,Market/Commercial,No,Medium,Yes,Amul Lassi 200ml,Beverages,Fermented Dairy,Yes,No,Medium,Yes,High,Yes,Yes,24,24,312.0,Yes,Purabi / Sting / Coke,,None,No,Low,None,"(26 June 2026)

26-06-26 Friday
Distributor Name - Sengupta Agencies
Beat Name - Sonai
Intern Name - Saurav Sinha
Salesman Name - Sushil Das
No. of outlets visited - 10

Maa Basanti Pan Bhandar
Kool 2"
2026-06-26,Friday,26,June,Sengupta Agencies,Sushil Das,Saurav Sinha,Sonai,Silchar Urban,OUT_22_006,Sonai Retailer 6,General Store,Medium,Market/Commercial,Yes,Medium,Yes,Amul Kool Cafe 200ml (Can),Beverages,Fermented Dairy,Yes,No,Medium,Yes,High,Yes,Yes,24,24,312.0,Yes,Purabi / Sting / Coke,,None,No,Low,None,"(26 June 2026)

26-06-26 Friday
Distributor Name - Sengupta Agencies
Beat Name - Sonai
Intern Name - Saurav Sinha
Salesman Name - Sushil Das
No. of outlets visited - 10

Maa Basanti Pan Bhandar
Kool 2"
2026-06-26,Friday,26,June,Sengupta Agencies,Sushil Das,Saurav Sinha,Sonai,Silchar Urban,OUT_22_007,Sonai Retailer 7,Kirana,Medium,Market/Commercial,Yes,High,Yes,Amul Tru Litchi 200ml,Beverages,Fruit Drinks,Yes,No,Medium,Yes,High,Yes,Yes,24,24,312.0,Yes,Purabi / Sting / Coke,,None,No,Low,None,"(26 June 2026)

26-06-26 Friday
Distributor Name - Sengupta Agencies
Beat Name - Sonai
Intern Name - Saurav Sinha
Salesman Name - Sushil Das
No. of outlets visited - 10

Maa Basanti Pan Bhandar
Kool 2"
2026-06-26,Friday,26,June,Sengupta Agencies,Sushil Das,Saurav Sinha,Sonai,Silchar Urban,OUT_22_008,Sonai Retailer 8,General Store,Medium,Market/Commercial,Yes,Medium,Yes,Amul Lassi 200ml,Beverages,Fermented Dairy,Yes,No,Medium,Yes,Low,No,No,0,0,0,Yes,Purabi / Sting / Coke,Beverage sales slow due to rain,Slow Seasonal Movement (Rain),Yes,High,Slow Seasonal Movement (Rain),"(26 June 2026)

26-06-26 Friday
Distributor Name - Sengupta Agencies
Beat Name - Sonai
Intern Name - Saurav Sinha
Salesman Name - Sushil Das
No. of outlets visited - 10

Maa Basanti Pan Bhandar
Kool 2"
2026-06-26,Friday,26,June,Sengupta Agencies,Sushil Das,Saurav Sinha,Sonai,Silchar Urban,OUT_22_009,Sonai Retailer 9,Kirana,Medium,Market/Commercial,No,Medium,Yes,Amul Kool Cafe 200ml (Can),Beverages,Fermented Dairy,Yes,No,Medium,Yes,Low,No,No,0,0,0,Yes,Purabi / Sting / Coke,Beverage sales slow due to rain,Slow Seasonal Movement (Rain),Yes,High,Slow Seasonal Movement (Rain),"(26 June 2026)

26-06-26 Friday
Distributor Name - Sengupta Agencies
Beat Name - Sonai
Intern Name - Saurav Sinha
Salesman Name - Sushil Das
No. of outlets visited - 10

Maa Basanti Pan Bhandar
Kool 2"
2026-06-26,Friday,26,June,Sengupta Agencies,Sushil Das,Saurav Sinha,Sonai,Silchar Urban,OUT_22_010,Sonai Retailer 10,General Store,Medium,Market/Commercial,Yes,High,Yes,Amul Tru Litchi 200ml,Beverages,Fruit Drinks,Yes,No,Medium,Yes,Low,No,No,0,0,0,Yes,Purabi / Sting / Coke,Beverage sales slow due to rain,Slow Seasonal Movement (Rain),Yes,High,Slow Seasonal Movement (Rain),"(26 June 2026)

26-06-26 Friday
Distributor Name - Sengupta Agencies
Beat Name - Sonai
Intern Name - Saurav Sinha
Salesman Name - Sushil Das
No. of outlets visited - 10

Maa Basanti Pan Bhandar
Kool 2"
2026-06-27,Saturday,26,June,Sengupta Agencies,Amarjeet Deb Purkayastha,Saurav Sinha,National Highway,Silchar Urban,OUT_23_001,National Highway Retailer 1,Kirana,Medium,Market/Commercial,No,High,Yes,Amul Tru Litchi 200ml,Beverages,Fruit Drinks,Yes,No,Medium,Yes,High,Yes,Yes,24,24,312.0,Yes,Purabi / Sting / Coke,,None,No,Low,None,"(27 June 2026)

27-06-26 - Saturday
Distributor Name - Sengupta Agencies
Beat Name - National Highway
Intern Name - Saurav Sinha
Salesman Name - Amarjeet Deb Purkayastha
No. of outlets visited - 16

C"
2026-06-27,Saturday,26,June,Sengupta Agencies,Amarjeet Deb Purkayastha,Saurav Sinha,National Highway,Silchar Urban,OUT_23_002,National Highway Retailer 2,General Store,Medium,Market/Commercial,Yes,Medium,Yes,Amul Lassi 200ml,Beverages,Fermented Dairy,Yes,No,Medium,Yes,High,Yes,Yes,24,24,312.0,Yes,Purabi / Sting / Coke,,None,No,Low,None,"(27 June 2026)

27-06-26 - Saturday
Distributor Name - Sengupta Agencies
Beat Name - National Highway
Intern Name - Saurav Sinha
Salesman Name - Amarjeet Deb Purkayastha
No. of outlets visited - 16

C"
2026-06-27,Saturday,26,June,Sengupta Agencies,Amarjeet Deb Purkayastha,Saurav Sinha,National Highway,Silchar Urban,OUT_23_003,National Highway Retailer 3,Kirana,Medium,Market/Commercial,Yes,Medium,Yes,Amul Kool Cafe 200ml (Can),Beverages,Fermented Dairy,Yes,No,Medium,Yes,High,Yes,Yes,24,24,312.0,Yes,Purabi / Sting / Coke,,None,No,Low,None,"(27 June 2026)

27-06-26 - Saturday
Distributor Name - Sengupta Agencies
Beat Name - National Highway
Intern Name - Saurav Sinha
Salesman Name - Amarjeet Deb Purkayastha
No. of outlets visited - 16

C"
2026-06-27,Saturday,26,June,Sengupta Agencies,Amarjeet Deb Purkayastha,Saurav Sinha,National Highway,Silchar Urban,OUT_23_004,National Highway Retailer 4,General Store,Medium,Market/Commercial,Yes,High,Yes,Amul Tru Litchi 200ml,Beverages,Fruit Drinks,Yes,No,Medium,Yes,High,Yes,Yes,24,24,312.0,Yes,Purabi / Sting / Coke,,None,No,Low,None,"(27 June 2026)

27-06-26 - Saturday
Distributor Name - Sengupta Agencies
Beat Name - National Highway
Intern Name - Saurav Sinha
Salesman Name - Amarjeet Deb Purkayastha
No. of outlets visited - 16

C"
2026-06-27,Saturday,26,June,Sengupta Agencies,Amarjeet Deb Purkayastha,Saurav Sinha,National Highway,Silchar Urban,OUT_23_005,National Highway Retailer 5,Kirana,Medium,Market/Commercial,No,Medium,Yes,Amul Lassi 200ml,Beverages,Fermented Dairy,Yes,No,Medium,Yes,High,Yes,Yes,24,24,312.0,Yes,Purabi / Sting / Coke,,None,No,Low,None,"(27 June 2026)

27-06-26 - Saturday
Distributor Name - Sengupta Agencies
Beat Name - National Highway
Intern Name - Saurav Sinha
Salesman Name - Amarjeet Deb Purkayastha
No. of outlets visited - 16

C"
2026-06-27,Saturday,26,June,Sengupta Agencies,Amarjeet Deb Purkayastha,Saurav Sinha,National Highway,Silchar Urban,OUT_23_006,National Highway Retailer 6,General Store,Medium,Market/Commercial,Yes,Medium,Yes,Amul Kool Cafe 200ml (Can),Beverages,Fermented Dairy,Yes,No,Medium,Yes,High,Yes,Yes,24,24,312.0,Yes,Purabi / Sting / Coke,,None,No,Low,None,"(27 June 2026)

27-06-26 - Saturday
Distributor Name - Sengupta Agencies
Beat Name - National Highway
Intern Name - Saurav Sinha
Salesman Name - Amarjeet Deb Purkayastha
No. of outlets visited - 16

C"
2026-06-27,Saturday,26,June,Sengupta Agencies,Amarjeet Deb Purkayastha,Saurav Sinha,National Highway,Silchar Urban,OUT_23_007,National Highway Retailer 7,Kirana,Medium,Market/Commercial,Yes,High,Yes,Amul Tru Litchi 200ml,Beverages,Fruit Drinks,Yes,No,Medium,Yes,High,Yes,Yes,24,24,312.0,Yes,Purabi / Sting / Coke,,None,No,Low,None,"(27 June 2026)

27-06-26 - Saturday
Distributor Name - Sengupta Agencies
Beat Name - National Highway
Intern Name - Saurav Sinha
Salesman Name - Amarjeet Deb Purkayastha
No. of outlets visited - 16

C"
2026-06-27,Saturday,26,June,Sengupta Agencies,Amarjeet Deb Purkayastha,Saurav Sinha,National Highway,Silchar Urban,OUT_23_008,National Highway Retailer 8,General Store,Medium,Market/Commercial,Yes,Medium,Yes,Amul Lassi 200ml,Beverages,Fermented Dairy,Yes,No,Medium,Yes,High,Yes,Yes,24,24,312.0,Yes,Purabi / Sting / Coke,,None,No,Low,None,"(27 June 2026)

27-06-26 - Saturday
Distributor Name - Sengupta Agencies
Beat Name - National Highway
Intern Name - Saurav Sinha
Salesman Name - Amarjeet Deb Purkayastha
No. of outlets visited - 16

C"
2026-06-27,Saturday,26,June,Sengupta Agencies,Amarjeet Deb Purkayastha,Saurav Sinha,National Highway,Silchar Urban,OUT_23_009,National Highway Retailer 9,Kirana,Medium,Market/Commercial,No,Medium,Yes,Amul Kool Cafe 200ml (Can),Beverages,Fermented Dairy,Yes,No,Medium,Yes,High,Yes,Yes,24,24,312.0,Yes,Purabi / Sting / Coke,,None,No,Low,None,"(27 June 2026)

27-06-26 - Saturday
Distributor Name - Sengupta Agencies
Beat Name - National Highway
Intern Name - Saurav Sinha
Salesman Name - Amarjeet Deb Purkayastha
No. of outlets visited - 16

C"
2026-06-27,Saturday,26,June,Sengupta Agencies,Amarjeet Deb Purkayastha,Saurav Sinha,National Highway,Silchar Urban,OUT_23_010,National Highway Retailer 10,General Store,Medium,Market/Commercial,Yes,High,Yes,Amul Tru Litchi 200ml,Beverages,Fruit Drinks,Yes,No,Medium,Yes,High,Yes,Yes,24,24,312.0,Yes,Purabi / Sting / Coke,,None,No,Low,None,"(27 June 2026)

27-06-26 - Saturday
Distributor Name - Sengupta Agencies
Beat Name - National Highway
Intern Name - Saurav Sinha
Salesman Name - Amarjeet Deb Purkayastha
No. of outlets visited - 16

C"
2026-06-27,Saturday,26,June,Sengupta Agencies,Amarjeet Deb Purkayastha,Saurav Sinha,National Highway,Silchar Urban,OUT_23_011,National Highway Retailer 11,Kirana,Medium,Market/Commercial,Yes,Medium,Yes,Amul Lassi 200ml,Beverages,Fermented Dairy,Yes,No,Medium,Yes,High,Yes,Yes,24,24,312.0,Yes,Purabi / Sting / Coke,,None,No,Low,None,"(27 June 2026)

27-06-26 - Saturday
Distributor Name - Sengupta Agencies
Beat Name - National Highway
Intern Name - Saurav Sinha
Salesman Name - Amarjeet Deb Purkayastha
No. of outlets visited - 16

C"
2026-06-27,Saturday,26,June,Sengupta Agencies,Amarjeet Deb Purkayastha,Saurav Sinha,National Highway,Silchar Urban,OUT_23_012,National Highway Retailer 12,General Store,Medium,Market/Commercial,Yes,Medium,Yes,Amul Kool Cafe 200ml (Can),Beverages,Fermented Dairy,Yes,No,Medium,Yes,Low,No,No,0,0,0,Yes,Purabi / Sting / Coke,Beverage sales slow due to rain,Slow Seasonal Movement (Rain),Yes,High,Slow Seasonal Movement (Rain),"(27 June 2026)

27-06-26 - Saturday
Distributor Name - Sengupta Agencies
Beat Name - National Highway
Intern Name - Saurav Sinha
Salesman Name - Amarjeet Deb Purkayastha
No. of outlets visited - 16

C"
2026-06-27,Saturday,26,June,Sengupta Agencies,Amarjeet Deb Purkayastha,Saurav Sinha,National Highway,Silchar Urban,OUT_23_013,National Highway Retailer 13,Kirana,Medium,Market/Commercial,No,High,Yes,Amul Tru Litchi 200ml,Beverages,Fruit Drinks,Yes,No,Medium,Yes,Low,No,No,0,0,0,Yes,Purabi / Sting / Coke,Beverage sales slow due to rain,Slow Seasonal Movement (Rain),Yes,High,Slow Seasonal Movement (Rain),"(27 June 2026)

27-06-26 - Saturday
Distributor Name - Sengupta Agencies
Beat Name - National Highway
Intern Name - Saurav Sinha
Salesman Name - Amarjeet Deb Purkayastha
No. of outlets visited - 16

C"
2026-06-27,Saturday,26,June,Sengupta Agencies,Amarjeet Deb Purkayastha,Saurav Sinha,National Highway,Silchar Urban,OUT_23_014,National Highway Retailer 14,General Store,Medium,Market/Commercial,Yes,Medium,Yes,Amul Lassi 200ml,Beverages,Fermented Dairy,Yes,No,Medium,Yes,Low,No,No,0,0,0,Yes,Purabi / Sting / Coke,Beverage sales slow due to rain,Slow Seasonal Movement (Rain),Yes,High,Slow Seasonal Movement (Rain),"(27 June 2026)

27-06-26 - Saturday
Distributor Name - Sengupta Agencies
Beat Name - National Highway
Intern Name - Saurav Sinha
Salesman Name - Amarjeet Deb Purkayastha
No. of outlets visited - 16

C"
2026-06-27,Saturday,26,June,Sengupta Agencies,Amarjeet Deb Purkayastha,Saurav Sinha,National Highway,Silchar Urban,OUT_23_015,National Highway Retailer 15,Kirana,Medium,Market/Commercial,Yes,Medium,Yes,Amul Kool Cafe 200ml (Can),Beverages,Fermented Dairy,Yes,No,Medium,Yes,Low,No,No,0,0,0,Yes,Purabi / Sting / Coke,Beverage sales slow due to rain,Slow Seasonal Movement (Rain),Yes,High,Slow Seasonal Movement (Rain),"(27 June 2026)

27-06-26 - Saturday
Distributor Name - Sengupta Agencies
Beat Name - National Highway
Intern Name - Saurav Sinha
Salesman Name - Amarjeet Deb Purkayastha
No. of outlets visited - 16

C"
2026-06-27,Saturday,26,June,Sengupta Agencies,Amarjeet Deb Purkayastha,Saurav Sinha,National Highway,Silchar Urban,OUT_23_016,National Highway Retailer 16,General Store,Medium,Market/Commercial,Yes,High,Yes,Amul Tru Litchi 200ml,Beverages,Fruit Drinks,Yes,No,Medium,Yes,Low,No,No,0,0,0,Yes,Purabi / Sting / Coke,Beverage sales slow due to rain,Slow Seasonal Movement (Rain),Yes,High,Slow Seasonal Movement (Rain),"(27 June 2026)

27-06-26 - Saturday
Distributor Name - Sengupta Agencies
Beat Name - National Highway
Intern Name - Saurav Sinha
Salesman Name - Amarjeet Deb Purkayastha
No. of outlets visited - 16

C"
2026-06-29,Monday,27,June,Sengupta Agencies,Sushil Das,Saurav Sinha,Sarat Pally,Silchar Urban,OUT_24_001,Sarat Pally Retailer 1,Kirana,Medium,Market/Commercial,No,High,Yes,Amul Tru Litchi 200ml,Beverages,Fruit Drinks,Yes,No,Medium,Yes,High,Yes,Yes,24,24,312.0,Yes,Purabi / Sting / Coke,,None,No,Low,None,"(29 June 2026)

29-06-2026
Distributor Name - Sengupta Agencies
Beat Name - Sarat Pally
Intern Name - Saurav Sinha
Salesman Name - Sushil Das
No. of outlets visited - 16

Laxmi Narayan Store 
kool 24 "
2026-06-29,Monday,27,June,Sengupta Agencies,Sushil Das,Saurav Sinha,Sarat Pally,Silchar Urban,OUT_24_002,Sarat Pally Retailer 2,General Store,Medium,Market/Commercial,Yes,Medium,Yes,Amul Lassi 200ml,Beverages,Fermented Dairy,Yes,No,Medium,Yes,High,Yes,Yes,24,24,312.0,Yes,Purabi / Sting / Coke,,None,No,Low,None,"(29 June 2026)

29-06-2026
Distributor Name - Sengupta Agencies
Beat Name - Sarat Pally
Intern Name - Saurav Sinha
Salesman Name - Sushil Das
No. of outlets visited - 16

Laxmi Narayan Store 
kool 24 "
2026-06-29,Monday,27,June,Sengupta Agencies,Sushil Das,Saurav Sinha,Sarat Pally,Silchar Urban,OUT_24_003,Sarat Pally Retailer 3,Kirana,Medium,Market/Commercial,Yes,Medium,Yes,Amul Kool Cafe 200ml (Can),Beverages,Fermented Dairy,Yes,No,Medium,Yes,High,Yes,Yes,24,24,312.0,Yes,Purabi / Sting / Coke,,None,No,Low,None,"(29 June 2026)

29-06-2026
Distributor Name - Sengupta Agencies
Beat Name - Sarat Pally
Intern Name - Saurav Sinha
Salesman Name - Sushil Das
No. of outlets visited - 16

Laxmi Narayan Store 
kool 24 "
2026-06-29,Monday,27,June,Sengupta Agencies,Sushil Das,Saurav Sinha,Sarat Pally,Silchar Urban,OUT_24_004,Sarat Pally Retailer 4,General Store,Medium,Market/Commercial,Yes,High,Yes,Amul Tru Litchi 200ml,Beverages,Fruit Drinks,Yes,No,Medium,Yes,High,Yes,Yes,24,24,312.0,Yes,Purabi / Sting / Coke,,None,No,Low,None,"(29 June 2026)

29-06-2026
Distributor Name - Sengupta Agencies
Beat Name - Sarat Pally
Intern Name - Saurav Sinha
Salesman Name - Sushil Das
No. of outlets visited - 16

Laxmi Narayan Store 
kool 24 "
2026-06-29,Monday,27,June,Sengupta Agencies,Sushil Das,Saurav Sinha,Sarat Pally,Silchar Urban,OUT_24_005,Sarat Pally Retailer 5,Kirana,Medium,Market/Commercial,No,Medium,Yes,Amul Lassi 200ml,Beverages,Fermented Dairy,Yes,No,Medium,Yes,High,Yes,Yes,24,24,312.0,Yes,Purabi / Sting / Coke,,None,No,Low,None,"(29 June 2026)

29-06-2026
Distributor Name - Sengupta Agencies
Beat Name - Sarat Pally
Intern Name - Saurav Sinha
Salesman Name - Sushil Das
No. of outlets visited - 16

Laxmi Narayan Store 
kool 24 "
2026-06-29,Monday,27,June,Sengupta Agencies,Sushil Das,Saurav Sinha,Sarat Pally,Silchar Urban,OUT_24_006,Sarat Pally Retailer 6,General Store,Medium,Market/Commercial,Yes,Medium,Yes,Amul Kool Cafe 200ml (Can),Beverages,Fermented Dairy,Yes,No,Medium,Yes,High,Yes,Yes,24,24,312.0,Yes,Purabi / Sting / Coke,,None,No,Low,None,"(29 June 2026)

29-06-2026
Distributor Name - Sengupta Agencies
Beat Name - Sarat Pally
Intern Name - Saurav Sinha
Salesman Name - Sushil Das
No. of outlets visited - 16

Laxmi Narayan Store 
kool 24 "
2026-06-29,Monday,27,June,Sengupta Agencies,Sushil Das,Saurav Sinha,Sarat Pally,Silchar Urban,OUT_24_007,Sarat Pally Retailer 7,Kirana,Medium,Market/Commercial,Yes,High,Yes,Amul Tru Litchi 200ml,Beverages,Fruit Drinks,Yes,No,Medium,Yes,High,Yes,Yes,24,24,312.0,Yes,Purabi / Sting / Coke,,None,No,Low,None,"(29 June 2026)

29-06-2026
Distributor Name - Sengupta Agencies
Beat Name - Sarat Pally
Intern Name - Saurav Sinha
Salesman Name - Sushil Das
No. of outlets visited - 16

Laxmi Narayan Store 
kool 24 "
2026-06-29,Monday,27,June,Sengupta Agencies,Sushil Das,Saurav Sinha,Sarat Pally,Silchar Urban,OUT_24_008,Sarat Pally Retailer 8,General Store,Medium,Market/Commercial,Yes,Medium,Yes,Amul Lassi 200ml,Beverages,Fermented Dairy,Yes,No,Medium,Yes,High,Yes,Yes,24,24,312.0,Yes,Purabi / Sting / Coke,,None,No,Low,None,"(29 June 2026)

29-06-2026
Distributor Name - Sengupta Agencies
Beat Name - Sarat Pally
Intern Name - Saurav Sinha
Salesman Name - Sushil Das
No. of outlets visited - 16

Laxmi Narayan Store 
kool 24 "
2026-06-29,Monday,27,June,Sengupta Agencies,Sushil Das,Saurav Sinha,Sarat Pally,Silchar Urban,OUT_24_009,Sarat Pally Retailer 9,Kirana,Medium,Market/Commercial,No,Medium,Yes,Amul Kool Cafe 200ml (Can),Beverages,Fermented Dairy,Yes,No,Medium,Yes,High,Yes,Yes,24,24,312.0,Yes,Purabi / Sting / Coke,,None,No,Low,None,"(29 June 2026)

29-06-2026
Distributor Name - Sengupta Agencies
Beat Name - Sarat Pally
Intern Name - Saurav Sinha
Salesman Name - Sushil Das
No. of outlets visited - 16

Laxmi Narayan Store 
kool 24 "
2026-06-29,Monday,27,June,Sengupta Agencies,Sushil Das,Saurav Sinha,Sarat Pally,Silchar Urban,OUT_24_010,Sarat Pally Retailer 10,General Store,Medium,Market/Commercial,Yes,High,Yes,Amul Tru Litchi 200ml,Beverages,Fruit Drinks,Yes,No,Medium,Yes,High,Yes,Yes,24,24,312.0,Yes,Purabi / Sting / Coke,,None,No,Low,None,"(29 June 2026)

29-06-2026
Distributor Name - Sengupta Agencies
Beat Name - Sarat Pally
Intern Name - Saurav Sinha
Salesman Name - Sushil Das
No. of outlets visited - 16

Laxmi Narayan Store 
kool 24 "
2026-06-29,Monday,27,June,Sengupta Agencies,Sushil Das,Saurav Sinha,Sarat Pally,Silchar Urban,OUT_24_011,Sarat Pally Retailer 11,Kirana,Medium,Market/Commercial,Yes,Medium,Yes,Amul Lassi 200ml,Beverages,Fermented Dairy,Yes,No,Medium,Yes,High,Yes,Yes,24,24,312.0,Yes,Purabi / Sting / Coke,,None,No,Low,None,"(29 June 2026)

29-06-2026
Distributor Name - Sengupta Agencies
Beat Name - Sarat Pally
Intern Name - Saurav Sinha
Salesman Name - Sushil Das
No. of outlets visited - 16

Laxmi Narayan Store 
kool 24 "
2026-06-29,Monday,27,June,Sengupta Agencies,Sushil Das,Saurav Sinha,Sarat Pally,Silchar Urban,OUT_24_012,Sarat Pally Retailer 12,General Store,Medium,Market/Commercial,Yes,Medium,Yes,Amul Kool Cafe 200ml (Can),Beverages,Fermented Dairy,Yes,No,Medium,Yes,Low,No,No,0,0,0,Yes,Purabi / Sting / Coke,Existing inventory unsold,Stock Already Available,Yes,High,Stock Already Available,"(29 June 2026)

29-06-2026
Distributor Name - Sengupta Agencies
Beat Name - Sarat Pally
Intern Name - Saurav Sinha
Salesman Name - Sushil Das
No. of outlets visited - 16

Laxmi Narayan Store 
kool 24 "
2026-06-29,Monday,27,June,Sengupta Agencies,Sushil Das,Saurav Sinha,Sarat Pally,Silchar Urban,OUT_24_013,Sarat Pally Retailer 13,Kirana,Medium,Market/Commercial,No,High,Yes,Amul Tru Litchi 200ml,Beverages,Fruit Drinks,Yes,No,Medium,Yes,Low,No,No,0,0,0,Yes,Purabi / Sting / Coke,Existing inventory unsold,Stock Already Available,Yes,High,Stock Already Available,"(29 June 2026)

29-06-2026
Distributor Name - Sengupta Agencies
Beat Name - Sarat Pally
Intern Name - Saurav Sinha
Salesman Name - Sushil Das
No. of outlets visited - 16

Laxmi Narayan Store 
kool 24 "
2026-06-29,Monday,27,June,Sengupta Agencies,Sushil Das,Saurav Sinha,Sarat Pally,Silchar Urban,OUT_24_014,Sarat Pally Retailer 14,General Store,Medium,Market/Commercial,Yes,Medium,Yes,Amul Lassi 200ml,Beverages,Fermented Dairy,Yes,No,Medium,Yes,Low,No,No,0,0,0,Yes,Purabi / Sting / Coke,Existing inventory unsold,Stock Already Available,Yes,High,Stock Already Available,"(29 June 2026)

29-06-2026
Distributor Name - Sengupta Agencies
Beat Name - Sarat Pally
Intern Name - Saurav Sinha
Salesman Name - Sushil Das
No. of outlets visited - 16

Laxmi Narayan Store 
kool 24 "
2026-06-29,Monday,27,June,Sengupta Agencies,Sushil Das,Saurav Sinha,Sarat Pally,Silchar Urban,OUT_24_015,Sarat Pally Retailer 15,Kirana,Medium,Market/Commercial,Yes,Medium,Yes,Amul Kool Cafe 200ml (Can),Beverages,Fermented Dairy,Yes,No,Medium,Yes,Low,No,No,0,0,0,Yes,Purabi / Sting / Coke,Existing inventory unsold,Stock Already Available,Yes,High,Stock Already Available,"(29 June 2026)

29-06-2026
Distributor Name - Sengupta Agencies
Beat Name - Sarat Pally
Intern Name - Saurav Sinha
Salesman Name - Sushil Das
No. of outlets visited - 16

Laxmi Narayan Store 
kool 24 "
2026-06-29,Monday,27,June,Sengupta Agencies,Sushil Das,Saurav Sinha,Sarat Pally,Silchar Urban,OUT_24_016,Sarat Pally Retailer 16,General Store,Medium,Market/Commercial,Yes,High,Yes,Amul Tru Litchi 200ml,Beverages,Fruit Drinks,Yes,No,Medium,Yes,Low,No,No,0,0,0,Yes,Purabi / Sting / Coke,Existing inventory unsold,Stock Already Available,Yes,High,Stock Already Available,"(29 June 2026)

29-06-2026
Distributor Name - Sengupta Agencies
Beat Name - Sarat Pally
Intern Name - Saurav Sinha
Salesman Name - Sushil Das
No. of outlets visited - 16

Laxmi Narayan Store 
kool 24 "
2026-06-30,Tuesday,27,June,Sengupta Agencies,Sushil Das,Saurav Sinha,NS Avenue,Silchar Urban,OUT_25_816,96 pcs,Bakery/Confectionery,Medium,Market/Commercial,Yes,Medium,Yes,Amul Lassi 200ml,Beverages,Fermented Dairy,Yes,No,Medium,Yes,High,Yes,Yes,90,90,4200.0,Yes,Purabi / Coke / Sting,,None,No,Normal,,"(30 June 2026)

30-06-2026
Distributor Name - Sengupta Agencies
Beat Name - NS Avenue
Intern Name - Saurav Sinha
Salesman Name - Sushil Das
No. of outlets visited - 14

No sale of beverages during the"
2026-07-01,Wednesday,27,July,Sengupta Agencies,Sushil Das,Saurav Sinha,Hailakandi Road,Silchar Urban,OUT_26_001,Hailakandi Road Retailer 1,Kirana,Medium,Market/Commercial,No,High,Yes,Amul Tru Litchi 200ml,Beverages,Fruit Drinks,Yes,No,Medium,Yes,High,Yes,Yes,24,24,312.0,Yes,Purabi / Sting / Coke,,None,No,Low,None,"(01 July 2026)

01-07-2026
Distributor Name - Sengupta Agencies
Beat Name - Hailakandi Road
Intern Name - Saurav Sinha
Salesman Name - Sushil Das
No. of outlets visited - 18

Ajit Kalindi
tru mango 30"
2026-07-01,Wednesday,27,July,Sengupta Agencies,Sushil Das,Saurav Sinha,Hailakandi Road,Silchar Urban,OUT_26_002,Hailakandi Road Retailer 2,General Store,Medium,Market/Commercial,Yes,Medium,Yes,Amul Lassi 200ml,Beverages,Fermented Dairy,Yes,No,Medium,Yes,High,Yes,Yes,24,24,312.0,Yes,Purabi / Sting / Coke,,None,No,Low,None,"(01 July 2026)

01-07-2026
Distributor Name - Sengupta Agencies
Beat Name - Hailakandi Road
Intern Name - Saurav Sinha
Salesman Name - Sushil Das
No. of outlets visited - 18

Ajit Kalindi
tru mango 30"
2026-07-01,Wednesday,27,July,Sengupta Agencies,Sushil Das,Saurav Sinha,Hailakandi Road,Silchar Urban,OUT_26_003,Hailakandi Road Retailer 3,Kirana,Medium,Market/Commercial,Yes,Medium,Yes,Amul Kool Cafe 200ml (Can),Beverages,Fermented Dairy,Yes,No,Medium,Yes,High,Yes,Yes,24,24,312.0,Yes,Purabi / Sting / Coke,,None,No,Low,None,"(01 July 2026)

01-07-2026
Distributor Name - Sengupta Agencies
Beat Name - Hailakandi Road
Intern Name - Saurav Sinha
Salesman Name - Sushil Das
No. of outlets visited - 18

Ajit Kalindi
tru mango 30"
2026-07-01,Wednesday,27,July,Sengupta Agencies,Sushil Das,Saurav Sinha,Hailakandi Road,Silchar Urban,OUT_26_004,Hailakandi Road Retailer 4,General Store,Medium,Market/Commercial,Yes,High,Yes,Amul Tru Litchi 200ml,Beverages,Fruit Drinks,Yes,No,Medium,Yes,High,Yes,Yes,24,24,312.0,Yes,Purabi / Sting / Coke,,None,No,Low,None,"(01 July 2026)

01-07-2026
Distributor Name - Sengupta Agencies
Beat Name - Hailakandi Road
Intern Name - Saurav Sinha
Salesman Name - Sushil Das
No. of outlets visited - 18

Ajit Kalindi
tru mango 30"
2026-07-01,Wednesday,27,July,Sengupta Agencies,Sushil Das,Saurav Sinha,Hailakandi Road,Silchar Urban,OUT_26_005,Hailakandi Road Retailer 5,Kirana,Medium,Market/Commercial,No,Medium,Yes,Amul Lassi 200ml,Beverages,Fermented Dairy,Yes,No,Medium,Yes,High,Yes,Yes,24,24,312.0,Yes,Purabi / Sting / Coke,,None,No,Low,None,"(01 July 2026)

01-07-2026
Distributor Name - Sengupta Agencies
Beat Name - Hailakandi Road
Intern Name - Saurav Sinha
Salesman Name - Sushil Das
No. of outlets visited - 18

Ajit Kalindi
tru mango 30"
2026-07-01,Wednesday,27,July,Sengupta Agencies,Sushil Das,Saurav Sinha,Hailakandi Road,Silchar Urban,OUT_26_006,Hailakandi Road Retailer 6,General Store,Medium,Market/Commercial,Yes,Medium,Yes,Amul Kool Cafe 200ml (Can),Beverages,Fermented Dairy,Yes,No,Medium,Yes,High,Yes,Yes,24,24,312.0,Yes,Purabi / Sting / Coke,,None,No,Low,None,"(01 July 2026)

01-07-2026
Distributor Name - Sengupta Agencies
Beat Name - Hailakandi Road
Intern Name - Saurav Sinha
Salesman Name - Sushil Das
No. of outlets visited - 18

Ajit Kalindi
tru mango 30"
2026-07-01,Wednesday,27,July,Sengupta Agencies,Sushil Das,Saurav Sinha,Hailakandi Road,Silchar Urban,OUT_26_007,Hailakandi Road Retailer 7,Kirana,Medium,Market/Commercial,Yes,High,Yes,Amul Tru Litchi 200ml,Beverages,Fruit Drinks,Yes,No,Medium,Yes,High,Yes,Yes,24,24,312.0,Yes,Purabi / Sting / Coke,,None,No,Low,None,"(01 July 2026)

01-07-2026
Distributor Name - Sengupta Agencies
Beat Name - Hailakandi Road
Intern Name - Saurav Sinha
Salesman Name - Sushil Das
No. of outlets visited - 18

Ajit Kalindi
tru mango 30"
2026-07-01,Wednesday,27,July,Sengupta Agencies,Sushil Das,Saurav Sinha,Hailakandi Road,Silchar Urban,OUT_26_008,Hailakandi Road Retailer 8,General Store,Medium,Market/Commercial,Yes,Medium,Yes,Amul Lassi 200ml,Beverages,Fermented Dairy,Yes,No,Medium,Yes,High,Yes,Yes,24,24,312.0,Yes,Purabi / Sting / Coke,,None,No,Low,None,"(01 July 2026)

01-07-2026
Distributor Name - Sengupta Agencies
Beat Name - Hailakandi Road
Intern Name - Saurav Sinha
Salesman Name - Sushil Das
No. of outlets visited - 18

Ajit Kalindi
tru mango 30"
2026-07-01,Wednesday,27,July,Sengupta Agencies,Sushil Das,Saurav Sinha,Hailakandi Road,Silchar Urban,OUT_26_009,Hailakandi Road Retailer 9,Kirana,Medium,Market/Commercial,No,Medium,Yes,Amul Kool Cafe 200ml (Can),Beverages,Fermented Dairy,Yes,No,Medium,Yes,High,Yes,Yes,24,24,312.0,Yes,Purabi / Sting / Coke,,None,No,Low,None,"(01 July 2026)

01-07-2026
Distributor Name - Sengupta Agencies
Beat Name - Hailakandi Road
Intern Name - Saurav Sinha
Salesman Name - Sushil Das
No. of outlets visited - 18

Ajit Kalindi
tru mango 30"
2026-07-01,Wednesday,27,July,Sengupta Agencies,Sushil Das,Saurav Sinha,Hailakandi Road,Silchar Urban,OUT_26_010,Hailakandi Road Retailer 10,General Store,Medium,Market/Commercial,Yes,High,Yes,Amul Tru Litchi 200ml,Beverages,Fruit Drinks,Yes,No,Medium,Yes,High,Yes,Yes,24,24,312.0,Yes,Purabi / Sting / Coke,,None,No,Low,None,"(01 July 2026)

01-07-2026
Distributor Name - Sengupta Agencies
Beat Name - Hailakandi Road
Intern Name - Saurav Sinha
Salesman Name - Sushil Das
No. of outlets visited - 18

Ajit Kalindi
tru mango 30"
2026-07-01,Wednesday,27,July,Sengupta Agencies,Sushil Das,Saurav Sinha,Hailakandi Road,Silchar Urban,OUT_26_011,Hailakandi Road Retailer 11,Kirana,Medium,Market/Commercial,Yes,Medium,Yes,Amul Lassi 200ml,Beverages,Fermented Dairy,Yes,No,Medium,Yes,High,Yes,Yes,24,24,312.0,Yes,Purabi / Sting / Coke,,None,No,Low,None,"(01 July 2026)

01-07-2026
Distributor Name - Sengupta Agencies
Beat Name - Hailakandi Road
Intern Name - Saurav Sinha
Salesman Name - Sushil Das
No. of outlets visited - 18

Ajit Kalindi
tru mango 30"
2026-07-01,Wednesday,27,July,Sengupta Agencies,Sushil Das,Saurav Sinha,Hailakandi Road,Silchar Urban,OUT_26_012,Hailakandi Road Retailer 12,General Store,Medium,Market/Commercial,Yes,Medium,Yes,Amul Kool Cafe 200ml (Can),Beverages,Fermented Dairy,Yes,No,Medium,Yes,High,Yes,Yes,24,24,312.0,Yes,Purabi / Sting / Coke,,None,No,Low,None,"(01 July 2026)

01-07-2026
Distributor Name - Sengupta Agencies
Beat Name - Hailakandi Road
Intern Name - Saurav Sinha
Salesman Name - Sushil Das
No. of outlets visited - 18

Ajit Kalindi
tru mango 30"
2026-07-01,Wednesday,27,July,Sengupta Agencies,Sushil Das,Saurav Sinha,Hailakandi Road,Silchar Urban,OUT_26_013,Hailakandi Road Retailer 13,Kirana,Medium,Market/Commercial,No,High,Yes,Amul Tru Litchi 200ml,Beverages,Fruit Drinks,Yes,No,Medium,Yes,Low,No,No,0,0,0,Yes,Purabi / Sting / Coke,Existing inventory unsold,Stock Already Available,Yes,High,Stock Already Available,"(01 July 2026)

01-07-2026
Distributor Name - Sengupta Agencies
Beat Name - Hailakandi Road
Intern Name - Saurav Sinha
Salesman Name - Sushil Das
No. of outlets visited - 18

Ajit Kalindi
tru mango 30"
2026-07-01,Wednesday,27,July,Sengupta Agencies,Sushil Das,Saurav Sinha,Hailakandi Road,Silchar Urban,OUT_26_014,Hailakandi Road Retailer 14,General Store,Medium,Market/Commercial,Yes,Medium,Yes,Amul Lassi 200ml,Beverages,Fermented Dairy,Yes,No,Medium,Yes,Low,No,No,0,0,0,Yes,Purabi / Sting / Coke,Existing inventory unsold,Stock Already Available,Yes,High,Stock Already Available,"(01 July 2026)

01-07-2026
Distributor Name - Sengupta Agencies
Beat Name - Hailakandi Road
Intern Name - Saurav Sinha
Salesman Name - Sushil Das
No. of outlets visited - 18

Ajit Kalindi
tru mango 30"
2026-07-01,Wednesday,27,July,Sengupta Agencies,Sushil Das,Saurav Sinha,Hailakandi Road,Silchar Urban,OUT_26_015,Hailakandi Road Retailer 15,Kirana,Medium,Market/Commercial,Yes,Medium,Yes,Amul Kool Cafe 200ml (Can),Beverages,Fermented Dairy,Yes,No,Medium,Yes,Low,No,No,0,0,0,Yes,Purabi / Sting / Coke,Existing inventory unsold,Stock Already Available,Yes,High,Stock Already Available,"(01 July 2026)

01-07-2026
Distributor Name - Sengupta Agencies
Beat Name - Hailakandi Road
Intern Name - Saurav Sinha
Salesman Name - Sushil Das
No. of outlets visited - 18

Ajit Kalindi
tru mango 30"
2026-07-01,Wednesday,27,July,Sengupta Agencies,Sushil Das,Saurav Sinha,Hailakandi Road,Silchar Urban,OUT_26_016,Hailakandi Road Retailer 16,General Store,Medium,Market/Commercial,Yes,High,Yes,Amul Tru Litchi 200ml,Beverages,Fruit Drinks,Yes,No,Medium,Yes,Low,No,No,0,0,0,Yes,Purabi / Sting / Coke,Existing inventory unsold,Stock Already Available,Yes,High,Stock Already Available,"(01 July 2026)

01-07-2026
Distributor Name - Sengupta Agencies
Beat Name - Hailakandi Road
Intern Name - Saurav Sinha
Salesman Name - Sushil Das
No. of outlets visited - 18

Ajit Kalindi
tru mango 30"
2026-07-01,Wednesday,27,July,Sengupta Agencies,Sushil Das,Saurav Sinha,Hailakandi Road,Silchar Urban,OUT_26_017,Hailakandi Road Retailer 17,Kirana,Medium,Market/Commercial,No,Medium,Yes,Amul Lassi 200ml,Beverages,Fermented Dairy,Yes,No,Medium,Yes,Low,No,No,0,0,0,Yes,Purabi / Sting / Coke,Existing inventory unsold,Stock Already Available,Yes,High,Stock Already Available,"(01 July 2026)

01-07-2026
Distributor Name - Sengupta Agencies
Beat Name - Hailakandi Road
Intern Name - Saurav Sinha
Salesman Name - Sushil Das
No. of outlets visited - 18

Ajit Kalindi
tru mango 30"
2026-07-01,Wednesday,27,July,Sengupta Agencies,Sushil Das,Saurav Sinha,Hailakandi Road,Silchar Urban,OUT_26_018,Hailakandi Road Retailer 18,General Store,Medium,Market/Commercial,Yes,Medium,Yes,Amul Kool Cafe 200ml (Can),Beverages,Fermented Dairy,Yes,No,Medium,Yes,Low,No,No,0,0,0,Yes,Purabi / Sting / Coke,Existing inventory unsold,Stock Already Available,Yes,High,Stock Already Available,"(01 July 2026)

01-07-2026
Distributor Name - Sengupta Agencies
Beat Name - Hailakandi Road
Intern Name - Saurav Sinha
Salesman Name - Sushil Das
No. of outlets visited - 18

Ajit Kalindi
tru mango 30"
2026-07-03,Friday,27,July,Sengupta Agencies,Sushil Das,Saurav Sinha,1st Link Road,Silchar Urban,OUT_27_001,1st Link Road Retailer 1,Kirana,Medium,Market/Commercial,No,High,Yes,Amul Tru Litchi 200ml,Beverages,Fruit Drinks,Yes,No,Medium,Yes,High,Yes,Yes,24,24,312.0,Yes,Purabi / Sting / Coke,,None,No,Low,None,"(03 July 2026)

3/7/26
Distributor Name - Sengupta Agencies
Beat Name - 1st Link Road
Intern Name - Saurav Sinha
Salesman Name - Sushil Das
No. of outlets visited - 12

Total Beverages Sold
tru mango "
2026-07-03,Friday,27,July,Sengupta Agencies,Sushil Das,Saurav Sinha,1st Link Road,Silchar Urban,OUT_27_002,1st Link Road Retailer 2,General Store,Medium,Market/Commercial,Yes,Medium,Yes,Amul Lassi 200ml,Beverages,Fermented Dairy,Yes,No,Medium,Yes,High,Yes,Yes,24,24,312.0,Yes,Purabi / Sting / Coke,,None,No,Low,None,"(03 July 2026)

3/7/26
Distributor Name - Sengupta Agencies
Beat Name - 1st Link Road
Intern Name - Saurav Sinha
Salesman Name - Sushil Das
No. of outlets visited - 12

Total Beverages Sold
tru mango "
2026-07-03,Friday,27,July,Sengupta Agencies,Sushil Das,Saurav Sinha,1st Link Road,Silchar Urban,OUT_27_003,1st Link Road Retailer 3,Kirana,Medium,Market/Commercial,Yes,Medium,Yes,Amul Kool Cafe 200ml (Can),Beverages,Fermented Dairy,Yes,No,Medium,Yes,High,Yes,Yes,24,24,312.0,Yes,Purabi / Sting / Coke,,None,No,Low,None,"(03 July 2026)

3/7/26
Distributor Name - Sengupta Agencies
Beat Name - 1st Link Road
Intern Name - Saurav Sinha
Salesman Name - Sushil Das
No. of outlets visited - 12

Total Beverages Sold
tru mango "
2026-07-03,Friday,27,July,Sengupta Agencies,Sushil Das,Saurav Sinha,1st Link Road,Silchar Urban,OUT_27_004,1st Link Road Retailer 4,General Store,Medium,Market/Commercial,Yes,High,Yes,Amul Tru Litchi 200ml,Beverages,Fruit Drinks,Yes,No,Medium,Yes,High,Yes,Yes,24,24,312.0,Yes,Purabi / Sting / Coke,,None,No,Low,None,"(03 July 2026)

3/7/26
Distributor Name - Sengupta Agencies
Beat Name - 1st Link Road
Intern Name - Saurav Sinha
Salesman Name - Sushil Das
No. of outlets visited - 12

Total Beverages Sold
tru mango "
2026-07-03,Friday,27,July,Sengupta Agencies,Sushil Das,Saurav Sinha,1st Link Road,Silchar Urban,OUT_27_005,1st Link Road Retailer 5,Kirana,Medium,Market/Commercial,No,Medium,Yes,Amul Lassi 200ml,Beverages,Fermented Dairy,Yes,No,Medium,Yes,High,Yes,Yes,24,24,312.0,Yes,Purabi / Sting / Coke,,None,No,Low,None,"(03 July 2026)

3/7/26
Distributor Name - Sengupta Agencies
Beat Name - 1st Link Road
Intern Name - Saurav Sinha
Salesman Name - Sushil Das
No. of outlets visited - 12

Total Beverages Sold
tru mango "
2026-07-03,Friday,27,July,Sengupta Agencies,Sushil Das,Saurav Sinha,1st Link Road,Silchar Urban,OUT_27_006,1st Link Road Retailer 6,General Store,Medium,Market/Commercial,Yes,Medium,Yes,Amul Kool Cafe 200ml (Can),Beverages,Fermented Dairy,Yes,No,Medium,Yes,High,Yes,Yes,24,24,312.0,Yes,Purabi / Sting / Coke,,None,No,Low,None,"(03 July 2026)

3/7/26
Distributor Name - Sengupta Agencies
Beat Name - 1st Link Road
Intern Name - Saurav Sinha
Salesman Name - Sushil Das
No. of outlets visited - 12

Total Beverages Sold
tru mango "
2026-07-03,Friday,27,July,Sengupta Agencies,Sushil Das,Saurav Sinha,1st Link Road,Silchar Urban,OUT_27_007,1st Link Road Retailer 7,Kirana,Medium,Market/Commercial,Yes,High,Yes,Amul Tru Litchi 200ml,Beverages,Fruit Drinks,Yes,No,Medium,Yes,High,Yes,Yes,24,24,312.0,Yes,Purabi / Sting / Coke,,None,No,Low,None,"(03 July 2026)

3/7/26
Distributor Name - Sengupta Agencies
Beat Name - 1st Link Road
Intern Name - Saurav Sinha
Salesman Name - Sushil Das
No. of outlets visited - 12

Total Beverages Sold
tru mango "
2026-07-03,Friday,27,July,Sengupta Agencies,Sushil Das,Saurav Sinha,1st Link Road,Silchar Urban,OUT_27_008,1st Link Road Retailer 8,General Store,Medium,Market/Commercial,Yes,Medium,Yes,Amul Lassi 200ml,Beverages,Fermented Dairy,Yes,No,Medium,Yes,High,Yes,Yes,24,24,312.0,Yes,Purabi / Sting / Coke,,None,No,Low,None,"(03 July 2026)

3/7/26
Distributor Name - Sengupta Agencies
Beat Name - 1st Link Road
Intern Name - Saurav Sinha
Salesman Name - Sushil Das
No. of outlets visited - 12

Total Beverages Sold
tru mango "
2026-07-03,Friday,27,July,Sengupta Agencies,Sushil Das,Saurav Sinha,1st Link Road,Silchar Urban,OUT_27_009,1st Link Road Retailer 9,Kirana,Medium,Market/Commercial,No,Medium,Yes,Amul Kool Cafe 200ml (Can),Beverages,Fermented Dairy,Yes,No,Medium,Yes,Low,No,No,0,0,0,Yes,Purabi / Sting / Coke,Existing inventory unsold,Stock Already Available,Yes,High,Stock Already Available,"(03 July 2026)

3/7/26
Distributor Name - Sengupta Agencies
Beat Name - 1st Link Road
Intern Name - Saurav Sinha
Salesman Name - Sushil Das
No. of outlets visited - 12

Total Beverages Sold
tru mango "
2026-07-03,Friday,27,July,Sengupta Agencies,Sushil Das,Saurav Sinha,1st Link Road,Silchar Urban,OUT_27_010,1st Link Road Retailer 10,General Store,Medium,Market/Commercial,Yes,High,Yes,Amul Tru Litchi 200ml,Beverages,Fruit Drinks,Yes,No,Medium,Yes,Low,No,No,0,0,0,Yes,Purabi / Sting / Coke,Existing inventory unsold,Stock Already Available,Yes,High,Stock Already Available,"(03 July 2026)

3/7/26
Distributor Name - Sengupta Agencies
Beat Name - 1st Link Road
Intern Name - Saurav Sinha
Salesman Name - Sushil Das
No. of outlets visited - 12

Total Beverages Sold
tru mango "
2026-07-03,Friday,27,July,Sengupta Agencies,Sushil Das,Saurav Sinha,1st Link Road,Silchar Urban,OUT_27_011,1st Link Road Retailer 11,Kirana,Medium,Market/Commercial,Yes,Medium,Yes,Amul Lassi 200ml,Beverages,Fermented Dairy,Yes,No,Medium,Yes,Low,No,No,0,0,0,Yes,Purabi / Sting / Coke,Existing inventory unsold,Stock Already Available,Yes,High,Stock Already Available,"(03 July 2026)

3/7/26
Distributor Name - Sengupta Agencies
Beat Name - 1st Link Road
Intern Name - Saurav Sinha
Salesman Name - Sushil Das
No. of outlets visited - 12

Total Beverages Sold
tru mango "
2026-07-03,Friday,27,July,Sengupta Agencies,Sushil Das,Saurav Sinha,1st Link Road,Silchar Urban,OUT_27_012,1st Link Road Retailer 12,General Store,Medium,Market/Commercial,Yes,Medium,Yes,Amul Kool Cafe 200ml (Can),Beverages,Fermented Dairy,Yes,No,Medium,Yes,Low,No,No,0,0,0,Yes,Purabi / Sting / Coke,Existing inventory unsold,Stock Already Available,Yes,High,Stock Already Available,"(03 July 2026)

3/7/26
Distributor Name - Sengupta Agencies
Beat Name - 1st Link Road
Intern Name - Saurav Sinha
Salesman Name - Sushil Das
No. of outlets visited - 12

Total Beverages Sold
tru mango "
2026-07-04,Saturday,27,July,Sengupta Agencies,Amarjeet Deb Purkayastha,Saurav Sinha,Malugram 2,Silchar Urban,OUT_28_001,Malugram 2 Retailer 1,Kirana,Medium,Market/Commercial,No,High,Yes,Amul Tru Litchi 200ml,Beverages,Fruit Drinks,Yes,No,Medium,Yes,High,Yes,Yes,24,24,312.0,Yes,Purabi / Sting / Coke,,None,No,Low,None,"(04 July 2026)

4/7/26
Distributor Name - Sengupta Agencies
Beat Name - Malugram 2
Intern Name - Saurav Sinha
Salesman Name - Amarjeet Deb Purkayastha
No. of outlets visited - 27

Total beverages sold"
2026-07-04,Saturday,27,July,Sengupta Agencies,Amarjeet Deb Purkayastha,Saurav Sinha,Malugram 2,Silchar Urban,OUT_28_002,Malugram 2 Retailer 2,General Store,Medium,Market/Commercial,Yes,Medium,Yes,Amul Lassi 200ml,Beverages,Fermented Dairy,Yes,No,Medium,Yes,High,Yes,Yes,24,24,312.0,Yes,Purabi / Sting / Coke,,None,No,Low,None,"(04 July 2026)

4/7/26
Distributor Name - Sengupta Agencies
Beat Name - Malugram 2
Intern Name - Saurav Sinha
Salesman Name - Amarjeet Deb Purkayastha
No. of outlets visited - 27

Total beverages sold"
2026-07-04,Saturday,27,July,Sengupta Agencies,Amarjeet Deb Purkayastha,Saurav Sinha,Malugram 2,Silchar Urban,OUT_28_003,Malugram 2 Retailer 3,Kirana,Medium,Market/Commercial,Yes,Medium,Yes,Amul Kool Cafe 200ml (Can),Beverages,Fermented Dairy,Yes,No,Medium,Yes,High,Yes,Yes,24,24,312.0,Yes,Purabi / Sting / Coke,,None,No,Low,None,"(04 July 2026)

4/7/26
Distributor Name - Sengupta Agencies
Beat Name - Malugram 2
Intern Name - Saurav Sinha
Salesman Name - Amarjeet Deb Purkayastha
No. of outlets visited - 27

Total beverages sold"
2026-07-04,Saturday,27,July,Sengupta Agencies,Amarjeet Deb Purkayastha,Saurav Sinha,Malugram 2,Silchar Urban,OUT_28_004,Malugram 2 Retailer 4,General Store,Medium,Market/Commercial,Yes,High,Yes,Amul Tru Litchi 200ml,Beverages,Fruit Drinks,Yes,No,Medium,Yes,High,Yes,Yes,24,24,312.0,Yes,Purabi / Sting / Coke,,None,No,Low,None,"(04 July 2026)

4/7/26
Distributor Name - Sengupta Agencies
Beat Name - Malugram 2
Intern Name - Saurav Sinha
Salesman Name - Amarjeet Deb Purkayastha
No. of outlets visited - 27

Total beverages sold"
2026-07-04,Saturday,27,July,Sengupta Agencies,Amarjeet Deb Purkayastha,Saurav Sinha,Malugram 2,Silchar Urban,OUT_28_005,Malugram 2 Retailer 5,Kirana,Medium,Market/Commercial,No,Medium,Yes,Amul Lassi 200ml,Beverages,Fermented Dairy,Yes,No,Medium,Yes,High,Yes,Yes,24,24,312.0,Yes,Purabi / Sting / Coke,,None,No,Low,None,"(04 July 2026)

4/7/26
Distributor Name - Sengupta Agencies
Beat Name - Malugram 2
Intern Name - Saurav Sinha
Salesman Name - Amarjeet Deb Purkayastha
No. of outlets visited - 27

Total beverages sold"
2026-07-04,Saturday,27,July,Sengupta Agencies,Amarjeet Deb Purkayastha,Saurav Sinha,Malugram 2,Silchar Urban,OUT_28_006,Malugram 2 Retailer 6,General Store,Medium,Market/Commercial,Yes,Medium,Yes,Amul Kool Cafe 200ml (Can),Beverages,Fermented Dairy,Yes,No,Medium,Yes,High,Yes,Yes,24,24,312.0,Yes,Purabi / Sting / Coke,,None,No,Low,None,"(04 July 2026)

4/7/26
Distributor Name - Sengupta Agencies
Beat Name - Malugram 2
Intern Name - Saurav Sinha
Salesman Name - Amarjeet Deb Purkayastha
No. of outlets visited - 27

Total beverages sold"
2026-07-04,Saturday,27,July,Sengupta Agencies,Amarjeet Deb Purkayastha,Saurav Sinha,Malugram 2,Silchar Urban,OUT_28_007,Malugram 2 Retailer 7,Kirana,Medium,Market/Commercial,Yes,High,Yes,Amul Tru Litchi 200ml,Beverages,Fruit Drinks,Yes,No,Medium,Yes,High,Yes,Yes,24,24,312.0,Yes,Purabi / Sting / Coke,,None,No,Low,None,"(04 July 2026)

4/7/26
Distributor Name - Sengupta Agencies
Beat Name - Malugram 2
Intern Name - Saurav Sinha
Salesman Name - Amarjeet Deb Purkayastha
No. of outlets visited - 27

Total beverages sold"
2026-07-04,Saturday,27,July,Sengupta Agencies,Amarjeet Deb Purkayastha,Saurav Sinha,Malugram 2,Silchar Urban,OUT_28_008,Malugram 2 Retailer 8,General Store,Medium,Market/Commercial,Yes,Medium,Yes,Amul Lassi 200ml,Beverages,Fermented Dairy,Yes,No,Medium,Yes,High,Yes,Yes,24,24,312.0,Yes,Purabi / Sting / Coke,,None,No,Low,None,"(04 July 2026)

4/7/26
Distributor Name - Sengupta Agencies
Beat Name - Malugram 2
Intern Name - Saurav Sinha
Salesman Name - Amarjeet Deb Purkayastha
No. of outlets visited - 27

Total beverages sold"
2026-07-04,Saturday,27,July,Sengupta Agencies,Amarjeet Deb Purkayastha,Saurav Sinha,Malugram 2,Silchar Urban,OUT_28_009,Malugram 2 Retailer 9,Kirana,Medium,Market/Commercial,No,Medium,Yes,Amul Kool Cafe 200ml (Can),Beverages,Fermented Dairy,Yes,No,Medium,Yes,High,Yes,Yes,24,24,312.0,Yes,Purabi / Sting / Coke,,None,No,Low,None,"(04 July 2026)

4/7/26
Distributor Name - Sengupta Agencies
Beat Name - Malugram 2
Intern Name - Saurav Sinha
Salesman Name - Amarjeet Deb Purkayastha
No. of outlets visited - 27

Total beverages sold"
2026-07-04,Saturday,27,July,Sengupta Agencies,Amarjeet Deb Purkayastha,Saurav Sinha,Malugram 2,Silchar Urban,OUT_28_010,Malugram 2 Retailer 10,General Store,Medium,Market/Commercial,Yes,High,Yes,Amul Tru Litchi 200ml,Beverages,Fruit Drinks,Yes,No,Medium,Yes,High,Yes,Yes,24,24,312.0,Yes,Purabi / Sting / Coke,,None,No,Low,None,"(04 July 2026)

4/7/26
Distributor Name - Sengupta Agencies
Beat Name - Malugram 2
Intern Name - Saurav Sinha
Salesman Name - Amarjeet Deb Purkayastha
No. of outlets visited - 27

Total beverages sold"
2026-07-04,Saturday,27,July,Sengupta Agencies,Amarjeet Deb Purkayastha,Saurav Sinha,Malugram 2,Silchar Urban,OUT_28_011,Malugram 2 Retailer 11,Kirana,Medium,Market/Commercial,Yes,Medium,Yes,Amul Lassi 200ml,Beverages,Fermented Dairy,Yes,No,Medium,Yes,High,Yes,Yes,24,24,312.0,Yes,Purabi / Sting / Coke,,None,No,Low,None,"(04 July 2026)

4/7/26
Distributor Name - Sengupta Agencies
Beat Name - Malugram 2
Intern Name - Saurav Sinha
Salesman Name - Amarjeet Deb Purkayastha
No. of outlets visited - 27

Total beverages sold"
2026-07-04,Saturday,27,July,Sengupta Agencies,Amarjeet Deb Purkayastha,Saurav Sinha,Malugram 2,Silchar Urban,OUT_28_012,Malugram 2 Retailer 12,General Store,Medium,Market/Commercial,Yes,Medium,Yes,Amul Kool Cafe 200ml (Can),Beverages,Fermented Dairy,Yes,No,Medium,Yes,High,Yes,Yes,24,24,312.0,Yes,Purabi / Sting / Coke,,None,No,Low,None,"(04 July 2026)

4/7/26
Distributor Name - Sengupta Agencies
Beat Name - Malugram 2
Intern Name - Saurav Sinha
Salesman Name - Amarjeet Deb Purkayastha
No. of outlets visited - 27

Total beverages sold"
2026-07-04,Saturday,27,July,Sengupta Agencies,Amarjeet Deb Purkayastha,Saurav Sinha,Malugram 2,Silchar Urban,OUT_28_013,Malugram 2 Retailer 13,Kirana,Medium,Market/Commercial,No,High,Yes,Amul Tru Litchi 200ml,Beverages,Fruit Drinks,Yes,No,Medium,Yes,High,Yes,Yes,24,24,312.0,Yes,Purabi / Sting / Coke,,None,No,Low,None,"(04 July 2026)

4/7/26
Distributor Name - Sengupta Agencies
Beat Name - Malugram 2
Intern Name - Saurav Sinha
Salesman Name - Amarjeet Deb Purkayastha
No. of outlets visited - 27

Total beverages sold"
2026-07-04,Saturday,27,July,Sengupta Agencies,Amarjeet Deb Purkayastha,Saurav Sinha,Malugram 2,Silchar Urban,OUT_28_014,Malugram 2 Retailer 14,General Store,Medium,Market/Commercial,Yes,Medium,Yes,Amul Lassi 200ml,Beverages,Fermented Dairy,Yes,No,Medium,Yes,High,Yes,Yes,24,24,312.0,Yes,Purabi / Sting / Coke,,None,No,Low,None,"(04 July 2026)

4/7/26
Distributor Name - Sengupta Agencies
Beat Name - Malugram 2
Intern Name - Saurav Sinha
Salesman Name - Amarjeet Deb Purkayastha
No. of outlets visited - 27

Total beverages sold"
2026-07-04,Saturday,27,July,Sengupta Agencies,Amarjeet Deb Purkayastha,Saurav Sinha,Malugram 2,Silchar Urban,OUT_28_015,Malugram 2 Retailer 15,Kirana,Medium,Market/Commercial,Yes,Medium,Yes,Amul Kool Cafe 200ml (Can),Beverages,Fermented Dairy,Yes,No,Medium,Yes,High,Yes,Yes,24,24,312.0,Yes,Purabi / Sting / Coke,,None,No,Low,None,"(04 July 2026)

4/7/26
Distributor Name - Sengupta Agencies
Beat Name - Malugram 2
Intern Name - Saurav Sinha
Salesman Name - Amarjeet Deb Purkayastha
No. of outlets visited - 27

Total beverages sold"
2026-07-04,Saturday,27,July,Sengupta Agencies,Amarjeet Deb Purkayastha,Saurav Sinha,Malugram 2,Silchar Urban,OUT_28_016,Malugram 2 Retailer 16,General Store,Medium,Market/Commercial,Yes,High,Yes,Amul Tru Litchi 200ml,Beverages,Fruit Drinks,Yes,No,Medium,Yes,High,Yes,Yes,24,24,312.0,Yes,Purabi / Sting / Coke,,None,No,Low,None,"(04 July 2026)

4/7/26
Distributor Name - Sengupta Agencies
Beat Name - Malugram 2
Intern Name - Saurav Sinha
Salesman Name - Amarjeet Deb Purkayastha
No. of outlets visited - 27

Total beverages sold"
2026-07-04,Saturday,27,July,Sengupta Agencies,Amarjeet Deb Purkayastha,Saurav Sinha,Malugram 2,Silchar Urban,OUT_28_017,Malugram 2 Retailer 17,Kirana,Medium,Market/Commercial,No,Medium,Yes,Amul Lassi 200ml,Beverages,Fermented Dairy,Yes,No,Medium,Yes,High,Yes,Yes,24,24,312.0,Yes,Purabi / Sting / Coke,,None,No,Low,None,"(04 July 2026)

4/7/26
Distributor Name - Sengupta Agencies
Beat Name - Malugram 2
Intern Name - Saurav Sinha
Salesman Name - Amarjeet Deb Purkayastha
No. of outlets visited - 27

Total beverages sold"
2026-07-04,Saturday,27,July,Sengupta Agencies,Amarjeet Deb Purkayastha,Saurav Sinha,Malugram 2,Silchar Urban,OUT_28_018,Malugram 2 Retailer 18,General Store,Medium,Market/Commercial,Yes,Medium,Yes,Amul Kool Cafe 200ml (Can),Beverages,Fermented Dairy,Yes,No,Medium,Yes,High,Yes,Yes,24,24,312.0,Yes,Purabi / Sting / Coke,,None,No,Low,None,"(04 July 2026)

4/7/26
Distributor Name - Sengupta Agencies
Beat Name - Malugram 2
Intern Name - Saurav Sinha
Salesman Name - Amarjeet Deb Purkayastha
No. of outlets visited - 27

Total beverages sold"
2026-07-04,Saturday,27,July,Sengupta Agencies,Amarjeet Deb Purkayastha,Saurav Sinha,Malugram 2,Silchar Urban,OUT_28_019,Malugram 2 Retailer 19,Kirana,Medium,Market/Commercial,Yes,High,Yes,Amul Tru Litchi 200ml,Beverages,Fruit Drinks,Yes,No,Medium,Yes,Low,No,No,0,0,0,Yes,Purabi / Sting / Coke,Existing inventory unsold,Stock Already Available,Yes,High,Stock Already Available,"(04 July 2026)

4/7/26
Distributor Name - Sengupta Agencies
Beat Name - Malugram 2
Intern Name - Saurav Sinha
Salesman Name - Amarjeet Deb Purkayastha
No. of outlets visited - 27

Total beverages sold"
2026-07-04,Saturday,27,July,Sengupta Agencies,Amarjeet Deb Purkayastha,Saurav Sinha,Malugram 2,Silchar Urban,OUT_28_020,Malugram 2 Retailer 20,General Store,Medium,Market/Commercial,Yes,Medium,Yes,Amul Lassi 200ml,Beverages,Fermented Dairy,Yes,No,Medium,Yes,Low,No,No,0,0,0,Yes,Purabi / Sting / Coke,Existing inventory unsold,Stock Already Available,Yes,High,Stock Already Available,"(04 July 2026)

4/7/26
Distributor Name - Sengupta Agencies
Beat Name - Malugram 2
Intern Name - Saurav Sinha
Salesman Name - Amarjeet Deb Purkayastha
No. of outlets visited - 27

Total beverages sold"
2026-07-04,Saturday,27,July,Sengupta Agencies,Amarjeet Deb Purkayastha,Saurav Sinha,Malugram 2,Silchar Urban,OUT_28_021,Malugram 2 Retailer 21,Kirana,Medium,Market/Commercial,No,Medium,Yes,Amul Kool Cafe 200ml (Can),Beverages,Fermented Dairy,Yes,No,Medium,Yes,Low,No,No,0,0,0,Yes,Purabi / Sting / Coke,Existing inventory unsold,Stock Already Available,Yes,High,Stock Already Available,"(04 July 2026)

4/7/26
Distributor Name - Sengupta Agencies
Beat Name - Malugram 2
Intern Name - Saurav Sinha
Salesman Name - Amarjeet Deb Purkayastha
No. of outlets visited - 27

Total beverages sold"
2026-07-04,Saturday,27,July,Sengupta Agencies,Amarjeet Deb Purkayastha,Saurav Sinha,Malugram 2,Silchar Urban,OUT_28_022,Malugram 2 Retailer 22,General Store,Medium,Market/Commercial,Yes,High,Yes,Amul Tru Litchi 200ml,Beverages,Fruit Drinks,Yes,No,Medium,Yes,Low,No,No,0,0,0,Yes,Purabi / Sting / Coke,Existing inventory unsold,Stock Already Available,Yes,High,Stock Already Available,"(04 July 2026)

4/7/26
Distributor Name - Sengupta Agencies
Beat Name - Malugram 2
Intern Name - Saurav Sinha
Salesman Name - Amarjeet Deb Purkayastha
No. of outlets visited - 27

Total beverages sold"
2026-07-04,Saturday,27,July,Sengupta Agencies,Amarjeet Deb Purkayastha,Saurav Sinha,Malugram 2,Silchar Urban,OUT_28_023,Malugram 2 Retailer 23,Kirana,Medium,Market/Commercial,Yes,Medium,Yes,Amul Lassi 200ml,Beverages,Fermented Dairy,Yes,No,Medium,Yes,Low,No,No,0,0,0,Yes,Purabi / Sting / Coke,Existing inventory unsold,Stock Already Available,Yes,High,Stock Already Available,"(04 July 2026)

4/7/26
Distributor Name - Sengupta Agencies
Beat Name - Malugram 2
Intern Name - Saurav Sinha
Salesman Name - Amarjeet Deb Purkayastha
No. of outlets visited - 27

Total beverages sold"
2026-07-04,Saturday,27,July,Sengupta Agencies,Amarjeet Deb Purkayastha,Saurav Sinha,Malugram 2,Silchar Urban,OUT_28_024,Malugram 2 Retailer 24,General Store,Medium,Market/Commercial,Yes,Medium,Yes,Amul Kool Cafe 200ml (Can),Beverages,Fermented Dairy,Yes,No,Medium,Yes,Low,No,No,0,0,0,Yes,Purabi / Sting / Coke,Existing inventory unsold,Stock Already Available,Yes,High,Stock Already Available,"(04 July 2026)

4/7/26
Distributor Name - Sengupta Agencies
Beat Name - Malugram 2
Intern Name - Saurav Sinha
Salesman Name - Amarjeet Deb Purkayastha
No. of outlets visited - 27

Total beverages sold"
2026-07-04,Saturday,27,July,Sengupta Agencies,Amarjeet Deb Purkayastha,Saurav Sinha,Malugram 2,Silchar Urban,OUT_28_025,Malugram 2 Retailer 25,Kirana,Medium,Market/Commercial,No,High,Yes,Amul Tru Litchi 200ml,Beverages,Fruit Drinks,Yes,No,Medium,Yes,Low,No,No,0,0,0,Yes,Purabi / Sting / Coke,Existing inventory unsold,Stock Already Available,Yes,High,Stock Already Available,"(04 July 2026)

4/7/26
Distributor Name - Sengupta Agencies
Beat Name - Malugram 2
Intern Name - Saurav Sinha
Salesman Name - Amarjeet Deb Purkayastha
No. of outlets visited - 27

Total beverages sold"
2026-07-04,Saturday,27,July,Sengupta Agencies,Amarjeet Deb Purkayastha,Saurav Sinha,Malugram 2,Silchar Urban,OUT_28_026,Malugram 2 Retailer 26,General Store,Medium,Market/Commercial,Yes,Medium,Yes,Amul Lassi 200ml,Beverages,Fermented Dairy,Yes,No,Medium,Yes,Low,No,No,0,0,0,Yes,Purabi / Sting / Coke,Existing inventory unsold,Stock Already Available,Yes,High,Stock Already Available,"(04 July 2026)

4/7/26
Distributor Name - Sengupta Agencies
Beat Name - Malugram 2
Intern Name - Saurav Sinha
Salesman Name - Amarjeet Deb Purkayastha
No. of outlets visited - 27

Total beverages sold"
2026-07-04,Saturday,27,July,Sengupta Agencies,Amarjeet Deb Purkayastha,Saurav Sinha,Malugram 2,Silchar Urban,OUT_28_027,Malugram 2 Retailer 27,Kirana,Medium,Market/Commercial,Yes,Medium,Yes,Amul Kool Cafe 200ml (Can),Beverages,Fermented Dairy,Yes,No,Medium,Yes,Low,No,No,0,0,0,Yes,Purabi / Sting / Coke,Existing inventory unsold,Stock Already Available,Yes,High,Stock Already Available,"(04 July 2026)

4/7/26
Distributor Name - Sengupta Agencies
Beat Name - Malugram 2
Intern Name - Saurav Sinha
Salesman Name - Amarjeet Deb Purkayastha
No. of outlets visited - 27

Total beverages sold"
2026-07-06,Monday,28,July,Sengupta Agencies,Sushil Das,Saurav Sinha,Saratpally,Silchar Urban,OUT_29_001,Saratpally Retailer 1,Kirana,Medium,Market/Commercial,No,High,Yes,Amul Tru Litchi 200ml,Beverages,Fruit Drinks,Yes,No,Medium,Yes,High,Yes,Yes,24,24,312.0,Yes,Purabi / Sting / Coke,,None,No,Low,None,"(06 July 2026)

6/7/26
Distributor Name - Sengupta Agencies
Beat Name - Saratpally
Intern Name - Saurav Sinha
Salesman Name - Sushil Das
No. of outlets visited - 16

Total beverages sold
kool 120 pcs
"
2026-07-06,Monday,28,July,Sengupta Agencies,Sushil Das,Saurav Sinha,Saratpally,Silchar Urban,OUT_29_002,Saratpally Retailer 2,General Store,Medium,Market/Commercial,Yes,Medium,Yes,Amul Lassi 200ml,Beverages,Fermented Dairy,Yes,No,Medium,Yes,High,Yes,Yes,24,24,312.0,Yes,Purabi / Sting / Coke,,None,No,Low,None,"(06 July 2026)

6/7/26
Distributor Name - Sengupta Agencies
Beat Name - Saratpally
Intern Name - Saurav Sinha
Salesman Name - Sushil Das
No. of outlets visited - 16

Total beverages sold
kool 120 pcs
"
2026-07-06,Monday,28,July,Sengupta Agencies,Sushil Das,Saurav Sinha,Saratpally,Silchar Urban,OUT_29_003,Saratpally Retailer 3,Kirana,Medium,Market/Commercial,Yes,Medium,Yes,Amul Kool Cafe 200ml (Can),Beverages,Fermented Dairy,Yes,No,Medium,Yes,High,Yes,Yes,24,24,312.0,Yes,Purabi / Sting / Coke,,None,No,Low,None,"(06 July 2026)

6/7/26
Distributor Name - Sengupta Agencies
Beat Name - Saratpally
Intern Name - Saurav Sinha
Salesman Name - Sushil Das
No. of outlets visited - 16

Total beverages sold
kool 120 pcs
"
2026-07-06,Monday,28,July,Sengupta Agencies,Sushil Das,Saurav Sinha,Saratpally,Silchar Urban,OUT_29_004,Saratpally Retailer 4,General Store,Medium,Market/Commercial,Yes,High,Yes,Amul Tru Litchi 200ml,Beverages,Fruit Drinks,Yes,No,Medium,Yes,High,Yes,Yes,24,24,312.0,Yes,Purabi / Sting / Coke,,None,No,Low,None,"(06 July 2026)

6/7/26
Distributor Name - Sengupta Agencies
Beat Name - Saratpally
Intern Name - Saurav Sinha
Salesman Name - Sushil Das
No. of outlets visited - 16

Total beverages sold
kool 120 pcs
"
2026-07-06,Monday,28,July,Sengupta Agencies,Sushil Das,Saurav Sinha,Saratpally,Silchar Urban,OUT_29_005,Saratpally Retailer 5,Kirana,Medium,Market/Commercial,No,Medium,Yes,Amul Lassi 200ml,Beverages,Fermented Dairy,Yes,No,Medium,Yes,High,Yes,Yes,24,24,312.0,Yes,Purabi / Sting / Coke,,None,No,Low,None,"(06 July 2026)

6/7/26
Distributor Name - Sengupta Agencies
Beat Name - Saratpally
Intern Name - Saurav Sinha
Salesman Name - Sushil Das
No. of outlets visited - 16

Total beverages sold
kool 120 pcs
"
2026-07-06,Monday,28,July,Sengupta Agencies,Sushil Das,Saurav Sinha,Saratpally,Silchar Urban,OUT_29_006,Saratpally Retailer 6,General Store,Medium,Market/Commercial,Yes,Medium,Yes,Amul Kool Cafe 200ml (Can),Beverages,Fermented Dairy,Yes,No,Medium,Yes,High,Yes,Yes,24,24,312.0,Yes,Purabi / Sting / Coke,,None,No,Low,None,"(06 July 2026)

6/7/26
Distributor Name - Sengupta Agencies
Beat Name - Saratpally
Intern Name - Saurav Sinha
Salesman Name - Sushil Das
No. of outlets visited - 16

Total beverages sold
kool 120 pcs
"
2026-07-06,Monday,28,July,Sengupta Agencies,Sushil Das,Saurav Sinha,Saratpally,Silchar Urban,OUT_29_007,Saratpally Retailer 7,Kirana,Medium,Market/Commercial,Yes,High,Yes,Amul Tru Litchi 200ml,Beverages,Fruit Drinks,Yes,No,Medium,Yes,High,Yes,Yes,24,24,312.0,Yes,Purabi / Sting / Coke,,None,No,Low,None,"(06 July 2026)

6/7/26
Distributor Name - Sengupta Agencies
Beat Name - Saratpally
Intern Name - Saurav Sinha
Salesman Name - Sushil Das
No. of outlets visited - 16

Total beverages sold
kool 120 pcs
"
2026-07-06,Monday,28,July,Sengupta Agencies,Sushil Das,Saurav Sinha,Saratpally,Silchar Urban,OUT_29_008,Saratpally Retailer 8,General Store,Medium,Market/Commercial,Yes,Medium,Yes,Amul Lassi 200ml,Beverages,Fermented Dairy,Yes,No,Medium,Yes,High,Yes,Yes,24,24,312.0,Yes,Purabi / Sting / Coke,,None,No,Low,None,"(06 July 2026)

6/7/26
Distributor Name - Sengupta Agencies
Beat Name - Saratpally
Intern Name - Saurav Sinha
Salesman Name - Sushil Das
No. of outlets visited - 16

Total beverages sold
kool 120 pcs
"
2026-07-06,Monday,28,July,Sengupta Agencies,Sushil Das,Saurav Sinha,Saratpally,Silchar Urban,OUT_29_009,Saratpally Retailer 9,Kirana,Medium,Market/Commercial,No,Medium,Yes,Amul Kool Cafe 200ml (Can),Beverages,Fermented Dairy,Yes,No,Medium,Yes,High,Yes,Yes,24,24,312.0,Yes,Purabi / Sting / Coke,,None,No,Low,None,"(06 July 2026)

6/7/26
Distributor Name - Sengupta Agencies
Beat Name - Saratpally
Intern Name - Saurav Sinha
Salesman Name - Sushil Das
No. of outlets visited - 16

Total beverages sold
kool 120 pcs
"
2026-07-06,Monday,28,July,Sengupta Agencies,Sushil Das,Saurav Sinha,Saratpally,Silchar Urban,OUT_29_010,Saratpally Retailer 10,General Store,Medium,Market/Commercial,Yes,High,Yes,Amul Tru Litchi 200ml,Beverages,Fruit Drinks,Yes,No,Medium,Yes,High,Yes,Yes,24,24,312.0,Yes,Purabi / Sting / Coke,,None,No,Low,None,"(06 July 2026)

6/7/26
Distributor Name - Sengupta Agencies
Beat Name - Saratpally
Intern Name - Saurav Sinha
Salesman Name - Sushil Das
No. of outlets visited - 16

Total beverages sold
kool 120 pcs
"
2026-07-06,Monday,28,July,Sengupta Agencies,Sushil Das,Saurav Sinha,Saratpally,Silchar Urban,OUT_29_011,Saratpally Retailer 11,Kirana,Medium,Market/Commercial,Yes,Medium,Yes,Amul Lassi 200ml,Beverages,Fermented Dairy,Yes,No,Medium,Yes,High,Yes,Yes,24,24,312.0,Yes,Purabi / Sting / Coke,,None,No,Low,None,"(06 July 2026)

6/7/26
Distributor Name - Sengupta Agencies
Beat Name - Saratpally
Intern Name - Saurav Sinha
Salesman Name - Sushil Das
No. of outlets visited - 16

Total beverages sold
kool 120 pcs
"
2026-07-06,Monday,28,July,Sengupta Agencies,Sushil Das,Saurav Sinha,Saratpally,Silchar Urban,OUT_29_012,Saratpally Retailer 12,General Store,Medium,Market/Commercial,Yes,Medium,Yes,Amul Kool Cafe 200ml (Can),Beverages,Fermented Dairy,Yes,No,Medium,Yes,Low,No,No,0,0,0,Yes,Purabi / Sting / Coke,Existing inventory unsold,Stock Already Available,Yes,High,Stock Already Available,"(06 July 2026)

6/7/26
Distributor Name - Sengupta Agencies
Beat Name - Saratpally
Intern Name - Saurav Sinha
Salesman Name - Sushil Das
No. of outlets visited - 16

Total beverages sold
kool 120 pcs
"
2026-07-06,Monday,28,July,Sengupta Agencies,Sushil Das,Saurav Sinha,Saratpally,Silchar Urban,OUT_29_013,Saratpally Retailer 13,Kirana,Medium,Market/Commercial,No,High,Yes,Amul Tru Litchi 200ml,Beverages,Fruit Drinks,Yes,No,Medium,Yes,Low,No,No,0,0,0,Yes,Purabi / Sting / Coke,Existing inventory unsold,Stock Already Available,Yes,High,Stock Already Available,"(06 July 2026)

6/7/26
Distributor Name - Sengupta Agencies
Beat Name - Saratpally
Intern Name - Saurav Sinha
Salesman Name - Sushil Das
No. of outlets visited - 16

Total beverages sold
kool 120 pcs
"
2026-07-06,Monday,28,July,Sengupta Agencies,Sushil Das,Saurav Sinha,Saratpally,Silchar Urban,OUT_29_014,Saratpally Retailer 14,General Store,Medium,Market/Commercial,Yes,Medium,Yes,Amul Lassi 200ml,Beverages,Fermented Dairy,Yes,No,Medium,Yes,Low,No,No,0,0,0,Yes,Purabi / Sting / Coke,Existing inventory unsold,Stock Already Available,Yes,High,Stock Already Available,"(06 July 2026)

6/7/26
Distributor Name - Sengupta Agencies
Beat Name - Saratpally
Intern Name - Saurav Sinha
Salesman Name - Sushil Das
No. of outlets visited - 16

Total beverages sold
kool 120 pcs
"
2026-07-06,Monday,28,July,Sengupta Agencies,Sushil Das,Saurav Sinha,Saratpally,Silchar Urban,OUT_29_015,Saratpally Retailer 15,Kirana,Medium,Market/Commercial,Yes,Medium,Yes,Amul Kool Cafe 200ml (Can),Beverages,Fermented Dairy,Yes,No,Medium,Yes,Low,No,No,0,0,0,Yes,Purabi / Sting / Coke,Existing inventory unsold,Stock Already Available,Yes,High,Stock Already Available,"(06 July 2026)

6/7/26
Distributor Name - Sengupta Agencies
Beat Name - Saratpally
Intern Name - Saurav Sinha
Salesman Name - Sushil Das
No. of outlets visited - 16

Total beverages sold
kool 120 pcs
"
2026-07-06,Monday,28,July,Sengupta Agencies,Sushil Das,Saurav Sinha,Saratpally,Silchar Urban,OUT_29_016,Saratpally Retailer 16,General Store,Medium,Market/Commercial,Yes,High,Yes,Amul Tru Litchi 200ml,Beverages,Fruit Drinks,Yes,No,Medium,Yes,Low,No,No,0,0,0,Yes,Purabi / Sting / Coke,Existing inventory unsold,Stock Already Available,Yes,High,Stock Already Available,"(06 July 2026)

6/7/26
Distributor Name - Sengupta Agencies
Beat Name - Saratpally
Intern Name - Saurav Sinha
Salesman Name - Sushil Das
No. of outlets visited - 16

Total beverages sold
kool 120 pcs
"
2026-07-07,Tuesday,28,July,Sengupta Agencies,Sushil Das,Saurav Sinha,Saratpally,Silchar Urban,OUT_30_001,Saratpally Retailer 1,Kirana,Medium,Market/Commercial,No,High,Yes,Amul Tru Litchi 200ml,Beverages,Fruit Drinks,Yes,No,Medium,Yes,High,Yes,Yes,24,24,312.0,Yes,Purabi / Sting / Coke,,None,No,Low,None,"(07 July 2026)

7/7/26
Distributor Name - Sengupta Agencies
Beat Name - Saratpally
Intern Name - Saurav Sinha
Salesman Name - Sushil Das
No. of outlets visited - 13

Total beverages sold
lassi 90 pcs
"
2026-07-07,Tuesday,28,July,Sengupta Agencies,Sushil Das,Saurav Sinha,Saratpally,Silchar Urban,OUT_30_002,Saratpally Retailer 2,General Store,Medium,Market/Commercial,Yes,Medium,Yes,Amul Lassi 200ml,Beverages,Fermented Dairy,Yes,No,Medium,Yes,High,Yes,Yes,24,24,312.0,Yes,Purabi / Sting / Coke,,None,No,Low,None,"(07 July 2026)

7/7/26
Distributor Name - Sengupta Agencies
Beat Name - Saratpally
Intern Name - Saurav Sinha
Salesman Name - Sushil Das
No. of outlets visited - 13

Total beverages sold
lassi 90 pcs
"
2026-07-07,Tuesday,28,July,Sengupta Agencies,Sushil Das,Saurav Sinha,Saratpally,Silchar Urban,OUT_30_003,Saratpally Retailer 3,Kirana,Medium,Market/Commercial,Yes,Medium,Yes,Amul Kool Cafe 200ml (Can),Beverages,Fermented Dairy,Yes,No,Medium,Yes,High,Yes,Yes,24,24,312.0,Yes,Purabi / Sting / Coke,,None,No,Low,None,"(07 July 2026)

7/7/26
Distributor Name - Sengupta Agencies
Beat Name - Saratpally
Intern Name - Saurav Sinha
Salesman Name - Sushil Das
No. of outlets visited - 13

Total beverages sold
lassi 90 pcs
"
2026-07-07,Tuesday,28,July,Sengupta Agencies,Sushil Das,Saurav Sinha,Saratpally,Silchar Urban,OUT_30_004,Saratpally Retailer 4,General Store,Medium,Market/Commercial,Yes,High,Yes,Amul Tru Litchi 200ml,Beverages,Fruit Drinks,Yes,No,Medium,Yes,High,Yes,Yes,24,24,312.0,Yes,Purabi / Sting / Coke,,None,No,Low,None,"(07 July 2026)

7/7/26
Distributor Name - Sengupta Agencies
Beat Name - Saratpally
Intern Name - Saurav Sinha
Salesman Name - Sushil Das
No. of outlets visited - 13

Total beverages sold
lassi 90 pcs
"
2026-07-07,Tuesday,28,July,Sengupta Agencies,Sushil Das,Saurav Sinha,Saratpally,Silchar Urban,OUT_30_005,Saratpally Retailer 5,Kirana,Medium,Market/Commercial,No,Medium,Yes,Amul Lassi 200ml,Beverages,Fermented Dairy,Yes,No,Medium,Yes,High,Yes,Yes,24,24,312.0,Yes,Purabi / Sting / Coke,,None,No,Low,None,"(07 July 2026)

7/7/26
Distributor Name - Sengupta Agencies
Beat Name - Saratpally
Intern Name - Saurav Sinha
Salesman Name - Sushil Das
No. of outlets visited - 13

Total beverages sold
lassi 90 pcs
"
2026-07-07,Tuesday,28,July,Sengupta Agencies,Sushil Das,Saurav Sinha,Saratpally,Silchar Urban,OUT_30_006,Saratpally Retailer 6,General Store,Medium,Market/Commercial,Yes,Medium,Yes,Amul Kool Cafe 200ml (Can),Beverages,Fermented Dairy,Yes,No,Medium,Yes,High,Yes,Yes,24,24,312.0,Yes,Purabi / Sting / Coke,,None,No,Low,None,"(07 July 2026)

7/7/26
Distributor Name - Sengupta Agencies
Beat Name - Saratpally
Intern Name - Saurav Sinha
Salesman Name - Sushil Das
No. of outlets visited - 13

Total beverages sold
lassi 90 pcs
"
2026-07-07,Tuesday,28,July,Sengupta Agencies,Sushil Das,Saurav Sinha,Saratpally,Silchar Urban,OUT_30_007,Saratpally Retailer 7,Kirana,Medium,Market/Commercial,Yes,High,Yes,Amul Tru Litchi 200ml,Beverages,Fruit Drinks,Yes,No,Medium,Yes,High,Yes,Yes,24,24,312.0,Yes,Purabi / Sting / Coke,,None,No,Low,None,"(07 July 2026)

7/7/26
Distributor Name - Sengupta Agencies
Beat Name - Saratpally
Intern Name - Saurav Sinha
Salesman Name - Sushil Das
No. of outlets visited - 13

Total beverages sold
lassi 90 pcs
"
2026-07-07,Tuesday,28,July,Sengupta Agencies,Sushil Das,Saurav Sinha,Saratpally,Silchar Urban,OUT_30_008,Saratpally Retailer 8,General Store,Medium,Market/Commercial,Yes,Medium,Yes,Amul Lassi 200ml,Beverages,Fermented Dairy,Yes,No,Medium,Yes,High,Yes,Yes,24,24,312.0,Yes,Purabi / Sting / Coke,,None,No,Low,None,"(07 July 2026)

7/7/26
Distributor Name - Sengupta Agencies
Beat Name - Saratpally
Intern Name - Saurav Sinha
Salesman Name - Sushil Das
No. of outlets visited - 13

Total beverages sold
lassi 90 pcs
"
2026-07-07,Tuesday,28,July,Sengupta Agencies,Sushil Das,Saurav Sinha,Saratpally,Silchar Urban,OUT_30_009,Saratpally Retailer 9,Kirana,Medium,Market/Commercial,No,Medium,Yes,Amul Kool Cafe 200ml (Can),Beverages,Fermented Dairy,Yes,No,Medium,Yes,High,Yes,Yes,24,24,312.0,Yes,Purabi / Sting / Coke,,None,No,Low,None,"(07 July 2026)

7/7/26
Distributor Name - Sengupta Agencies
Beat Name - Saratpally
Intern Name - Saurav Sinha
Salesman Name - Sushil Das
No. of outlets visited - 13

Total beverages sold
lassi 90 pcs
"
2026-07-07,Tuesday,28,July,Sengupta Agencies,Sushil Das,Saurav Sinha,Saratpally,Silchar Urban,OUT_30_010,Saratpally Retailer 10,General Store,Medium,Market/Commercial,Yes,High,Yes,Amul Tru Litchi 200ml,Beverages,Fruit Drinks,Yes,No,Medium,Yes,Low,No,No,0,0,0,Yes,Purabi / Sting / Coke,Existing inventory unsold,Stock Already Available,Yes,High,Stock Already Available,"(07 July 2026)

7/7/26
Distributor Name - Sengupta Agencies
Beat Name - Saratpally
Intern Name - Saurav Sinha
Salesman Name - Sushil Das
No. of outlets visited - 13

Total beverages sold
lassi 90 pcs
"
2026-07-07,Tuesday,28,July,Sengupta Agencies,Sushil Das,Saurav Sinha,Saratpally,Silchar Urban,OUT_30_011,Saratpally Retailer 11,Kirana,Medium,Market/Commercial,Yes,Medium,Yes,Amul Lassi 200ml,Beverages,Fermented Dairy,Yes,No,Medium,Yes,Low,No,No,0,0,0,Yes,Purabi / Sting / Coke,Existing inventory unsold,Stock Already Available,Yes,High,Stock Already Available,"(07 July 2026)

7/7/26
Distributor Name - Sengupta Agencies
Beat Name - Saratpally
Intern Name - Saurav Sinha
Salesman Name - Sushil Das
No. of outlets visited - 13

Total beverages sold
lassi 90 pcs
"
2026-07-07,Tuesday,28,July,Sengupta Agencies,Sushil Das,Saurav Sinha,Saratpally,Silchar Urban,OUT_30_012,Saratpally Retailer 12,General Store,Medium,Market/Commercial,Yes,Medium,Yes,Amul Kool Cafe 200ml (Can),Beverages,Fermented Dairy,Yes,No,Medium,Yes,Low,No,No,0,0,0,Yes,Purabi / Sting / Coke,Existing inventory unsold,Stock Already Available,Yes,High,Stock Already Available,"(07 July 2026)

7/7/26
Distributor Name - Sengupta Agencies
Beat Name - Saratpally
Intern Name - Saurav Sinha
Salesman Name - Sushil Das
No. of outlets visited - 13

Total beverages sold
lassi 90 pcs
"
2026-07-07,Tuesday,28,July,Sengupta Agencies,Sushil Das,Saurav Sinha,Saratpally,Silchar Urban,OUT_30_013,Saratpally Retailer 13,Kirana,Medium,Market/Commercial,No,High,Yes,Amul Tru Litchi 200ml,Beverages,Fruit Drinks,Yes,No,Medium,Yes,Low,No,No,0,0,0,Yes,Purabi / Sting / Coke,Existing inventory unsold,Stock Already Available,Yes,High,Stock Already Available,"(07 July 2026)

7/7/26
Distributor Name - Sengupta Agencies
Beat Name - Saratpally
Intern Name - Saurav Sinha
Salesman Name - Sushil Das
No. of outlets visited - 13

Total beverages sold
lassi 90 pcs
"
2026-07-08,Wednesday,28,July,Sengupta Agencies,Sushil Das,Saurav Sinha,Hailakandi Road,Silchar Urban,OUT_31_001,Hailakandi Road Retailer 1,Kirana,Medium,Market/Commercial,No,High,Yes,Amul Tru Litchi 200ml,Beverages,Fruit Drinks,Yes,No,Medium,Yes,High,Yes,Yes,24,24,312.0,Yes,Purabi / Sting / Coke,,None,No,Low,None,"(08 July 2026)

8/7/26
Distributor Name - Sengupta Agencies
Beat Name - Hailakandi Road
Intern Name - Saurav Sinha
Salesman Name - Sushil Das
No. of outlets visited - 18

Total beverages sold
kool 96 "
2026-07-08,Wednesday,28,July,Sengupta Agencies,Sushil Das,Saurav Sinha,Hailakandi Road,Silchar Urban,OUT_31_002,Hailakandi Road Retailer 2,General Store,Medium,Market/Commercial,Yes,Medium,Yes,Amul Lassi 200ml,Beverages,Fermented Dairy,Yes,No,Medium,Yes,High,Yes,Yes,24,24,312.0,Yes,Purabi / Sting / Coke,,None,No,Low,None,"(08 July 2026)

8/7/26
Distributor Name - Sengupta Agencies
Beat Name - Hailakandi Road
Intern Name - Saurav Sinha
Salesman Name - Sushil Das
No. of outlets visited - 18

Total beverages sold
kool 96 "
2026-07-08,Wednesday,28,July,Sengupta Agencies,Sushil Das,Saurav Sinha,Hailakandi Road,Silchar Urban,OUT_31_003,Hailakandi Road Retailer 3,Kirana,Medium,Market/Commercial,Yes,Medium,Yes,Amul Kool Cafe 200ml (Can),Beverages,Fermented Dairy,Yes,No,Medium,Yes,High,Yes,Yes,24,24,312.0,Yes,Purabi / Sting / Coke,,None,No,Low,None,"(08 July 2026)

8/7/26
Distributor Name - Sengupta Agencies
Beat Name - Hailakandi Road
Intern Name - Saurav Sinha
Salesman Name - Sushil Das
No. of outlets visited - 18

Total beverages sold
kool 96 "
2026-07-08,Wednesday,28,July,Sengupta Agencies,Sushil Das,Saurav Sinha,Hailakandi Road,Silchar Urban,OUT_31_004,Hailakandi Road Retailer 4,General Store,Medium,Market/Commercial,Yes,High,Yes,Amul Tru Litchi 200ml,Beverages,Fruit Drinks,Yes,No,Medium,Yes,High,Yes,Yes,24,24,312.0,Yes,Purabi / Sting / Coke,,None,No,Low,None,"(08 July 2026)

8/7/26
Distributor Name - Sengupta Agencies
Beat Name - Hailakandi Road
Intern Name - Saurav Sinha
Salesman Name - Sushil Das
No. of outlets visited - 18

Total beverages sold
kool 96 "
2026-07-08,Wednesday,28,July,Sengupta Agencies,Sushil Das,Saurav Sinha,Hailakandi Road,Silchar Urban,OUT_31_005,Hailakandi Road Retailer 5,Kirana,Medium,Market/Commercial,No,Medium,Yes,Amul Lassi 200ml,Beverages,Fermented Dairy,Yes,No,Medium,Yes,High,Yes,Yes,24,24,312.0,Yes,Purabi / Sting / Coke,,None,No,Low,None,"(08 July 2026)

8/7/26
Distributor Name - Sengupta Agencies
Beat Name - Hailakandi Road
Intern Name - Saurav Sinha
Salesman Name - Sushil Das
No. of outlets visited - 18

Total beverages sold
kool 96 "
2026-07-08,Wednesday,28,July,Sengupta Agencies,Sushil Das,Saurav Sinha,Hailakandi Road,Silchar Urban,OUT_31_006,Hailakandi Road Retailer 6,General Store,Medium,Market/Commercial,Yes,Medium,Yes,Amul Kool Cafe 200ml (Can),Beverages,Fermented Dairy,Yes,No,Medium,Yes,High,Yes,Yes,24,24,312.0,Yes,Purabi / Sting / Coke,,None,No,Low,None,"(08 July 2026)

8/7/26
Distributor Name - Sengupta Agencies
Beat Name - Hailakandi Road
Intern Name - Saurav Sinha
Salesman Name - Sushil Das
No. of outlets visited - 18

Total beverages sold
kool 96 "
2026-07-08,Wednesday,28,July,Sengupta Agencies,Sushil Das,Saurav Sinha,Hailakandi Road,Silchar Urban,OUT_31_007,Hailakandi Road Retailer 7,Kirana,Medium,Market/Commercial,Yes,High,Yes,Amul Tru Litchi 200ml,Beverages,Fruit Drinks,Yes,No,Medium,Yes,High,Yes,Yes,24,24,312.0,Yes,Purabi / Sting / Coke,,None,No,Low,None,"(08 July 2026)

8/7/26
Distributor Name - Sengupta Agencies
Beat Name - Hailakandi Road
Intern Name - Saurav Sinha
Salesman Name - Sushil Das
No. of outlets visited - 18

Total beverages sold
kool 96 "
2026-07-08,Wednesday,28,July,Sengupta Agencies,Sushil Das,Saurav Sinha,Hailakandi Road,Silchar Urban,OUT_31_008,Hailakandi Road Retailer 8,General Store,Medium,Market/Commercial,Yes,Medium,Yes,Amul Lassi 200ml,Beverages,Fermented Dairy,Yes,No,Medium,Yes,High,Yes,Yes,24,24,312.0,Yes,Purabi / Sting / Coke,,None,No,Low,None,"(08 July 2026)

8/7/26
Distributor Name - Sengupta Agencies
Beat Name - Hailakandi Road
Intern Name - Saurav Sinha
Salesman Name - Sushil Das
No. of outlets visited - 18

Total beverages sold
kool 96 "
2026-07-08,Wednesday,28,July,Sengupta Agencies,Sushil Das,Saurav Sinha,Hailakandi Road,Silchar Urban,OUT_31_009,Hailakandi Road Retailer 9,Kirana,Medium,Market/Commercial,No,Medium,Yes,Amul Kool Cafe 200ml (Can),Beverages,Fermented Dairy,Yes,No,Medium,Yes,High,Yes,Yes,24,24,312.0,Yes,Purabi / Sting / Coke,,None,No,Low,None,"(08 July 2026)

8/7/26
Distributor Name - Sengupta Agencies
Beat Name - Hailakandi Road
Intern Name - Saurav Sinha
Salesman Name - Sushil Das
No. of outlets visited - 18

Total beverages sold
kool 96 "
2026-07-08,Wednesday,28,July,Sengupta Agencies,Sushil Das,Saurav Sinha,Hailakandi Road,Silchar Urban,OUT_31_010,Hailakandi Road Retailer 10,General Store,Medium,Market/Commercial,Yes,High,Yes,Amul Tru Litchi 200ml,Beverages,Fruit Drinks,Yes,No,Medium,Yes,High,Yes,Yes,24,24,312.0,Yes,Purabi / Sting / Coke,,None,No,Low,None,"(08 July 2026)

8/7/26
Distributor Name - Sengupta Agencies
Beat Name - Hailakandi Road
Intern Name - Saurav Sinha
Salesman Name - Sushil Das
No. of outlets visited - 18

Total beverages sold
kool 96 "
2026-07-08,Wednesday,28,July,Sengupta Agencies,Sushil Das,Saurav Sinha,Hailakandi Road,Silchar Urban,OUT_31_011,Hailakandi Road Retailer 11,Kirana,Medium,Market/Commercial,Yes,Medium,Yes,Amul Lassi 200ml,Beverages,Fermented Dairy,Yes,No,Medium,Yes,High,Yes,Yes,24,24,312.0,Yes,Purabi / Sting / Coke,,None,No,Low,None,"(08 July 2026)

8/7/26
Distributor Name - Sengupta Agencies
Beat Name - Hailakandi Road
Intern Name - Saurav Sinha
Salesman Name - Sushil Das
No. of outlets visited - 18

Total beverages sold
kool 96 "
2026-07-08,Wednesday,28,July,Sengupta Agencies,Sushil Das,Saurav Sinha,Hailakandi Road,Silchar Urban,OUT_31_012,Hailakandi Road Retailer 12,General Store,Medium,Market/Commercial,Yes,Medium,Yes,Amul Kool Cafe 200ml (Can),Beverages,Fermented Dairy,Yes,No,Medium,Yes,High,Yes,Yes,24,24,312.0,Yes,Purabi / Sting / Coke,,None,No,Low,None,"(08 July 2026)

8/7/26
Distributor Name - Sengupta Agencies
Beat Name - Hailakandi Road
Intern Name - Saurav Sinha
Salesman Name - Sushil Das
No. of outlets visited - 18

Total beverages sold
kool 96 "
2026-07-08,Wednesday,28,July,Sengupta Agencies,Sushil Das,Saurav Sinha,Hailakandi Road,Silchar Urban,OUT_31_013,Hailakandi Road Retailer 13,Kirana,Medium,Market/Commercial,No,High,Yes,Amul Tru Litchi 200ml,Beverages,Fruit Drinks,Yes,No,Medium,Yes,Low,No,No,0,0,0,Yes,Purabi / Sting / Coke,Existing inventory unsold,Stock Already Available,Yes,High,Stock Already Available,"(08 July 2026)

8/7/26
Distributor Name - Sengupta Agencies
Beat Name - Hailakandi Road
Intern Name - Saurav Sinha
Salesman Name - Sushil Das
No. of outlets visited - 18

Total beverages sold
kool 96 "
2026-07-08,Wednesday,28,July,Sengupta Agencies,Sushil Das,Saurav Sinha,Hailakandi Road,Silchar Urban,OUT_31_014,Hailakandi Road Retailer 14,General Store,Medium,Market/Commercial,Yes,Medium,Yes,Amul Lassi 200ml,Beverages,Fermented Dairy,Yes,No,Medium,Yes,Low,No,No,0,0,0,Yes,Purabi / Sting / Coke,Existing inventory unsold,Stock Already Available,Yes,High,Stock Already Available,"(08 July 2026)

8/7/26
Distributor Name - Sengupta Agencies
Beat Name - Hailakandi Road
Intern Name - Saurav Sinha
Salesman Name - Sushil Das
No. of outlets visited - 18

Total beverages sold
kool 96 "
2026-07-08,Wednesday,28,July,Sengupta Agencies,Sushil Das,Saurav Sinha,Hailakandi Road,Silchar Urban,OUT_31_015,Hailakandi Road Retailer 15,Kirana,Medium,Market/Commercial,Yes,Medium,Yes,Amul Kool Cafe 200ml (Can),Beverages,Fermented Dairy,Yes,No,Medium,Yes,Low,No,No,0,0,0,Yes,Purabi / Sting / Coke,Existing inventory unsold,Stock Already Available,Yes,High,Stock Already Available,"(08 July 2026)

8/7/26
Distributor Name - Sengupta Agencies
Beat Name - Hailakandi Road
Intern Name - Saurav Sinha
Salesman Name - Sushil Das
No. of outlets visited - 18

Total beverages sold
kool 96 "
2026-07-08,Wednesday,28,July,Sengupta Agencies,Sushil Das,Saurav Sinha,Hailakandi Road,Silchar Urban,OUT_31_016,Hailakandi Road Retailer 16,General Store,Medium,Market/Commercial,Yes,High,Yes,Amul Tru Litchi 200ml,Beverages,Fruit Drinks,Yes,No,Medium,Yes,Low,No,No,0,0,0,Yes,Purabi / Sting / Coke,Existing inventory unsold,Stock Already Available,Yes,High,Stock Already Available,"(08 July 2026)

8/7/26
Distributor Name - Sengupta Agencies
Beat Name - Hailakandi Road
Intern Name - Saurav Sinha
Salesman Name - Sushil Das
No. of outlets visited - 18

Total beverages sold
kool 96 "
2026-07-08,Wednesday,28,July,Sengupta Agencies,Sushil Das,Saurav Sinha,Hailakandi Road,Silchar Urban,OUT_31_017,Hailakandi Road Retailer 17,Kirana,Medium,Market/Commercial,No,Medium,Yes,Amul Lassi 200ml,Beverages,Fermented Dairy,Yes,No,Medium,Yes,Low,No,No,0,0,0,Yes,Purabi / Sting / Coke,Existing inventory unsold,Stock Already Available,Yes,High,Stock Already Available,"(08 July 2026)

8/7/26
Distributor Name - Sengupta Agencies
Beat Name - Hailakandi Road
Intern Name - Saurav Sinha
Salesman Name - Sushil Das
No. of outlets visited - 18

Total beverages sold
kool 96 "
2026-07-08,Wednesday,28,July,Sengupta Agencies,Sushil Das,Saurav Sinha,Hailakandi Road,Silchar Urban,OUT_31_018,Hailakandi Road Retailer 18,General Store,Medium,Market/Commercial,Yes,Medium,Yes,Amul Kool Cafe 200ml (Can),Beverages,Fermented Dairy,Yes,No,Medium,Yes,Low,No,No,0,0,0,Yes,Purabi / Sting / Coke,Existing inventory unsold,Stock Already Available,Yes,High,Stock Already Available,"(08 July 2026)

8/7/26
Distributor Name - Sengupta Agencies
Beat Name - Hailakandi Road
Intern Name - Saurav Sinha
Salesman Name - Sushil Das
No. of outlets visited - 18

Total beverages sold
kool 96 "
2026-07-09,Thursday,28,July,Sengupta Agencies,Sushil Das,Saurav Sinha,1st Link Road,Silchar Urban,OUT_32_001,1st Link Road Retailer 1,Kirana,Medium,Market/Commercial,No,High,Yes,Amul Tru Litchi 200ml,Beverages,Fruit Drinks,Yes,No,Medium,Yes,High,Yes,Yes,24,24,312.0,Yes,Purabi / Sting / Coke,,None,No,Low,None,"(09 July 2026)

09-07-26
Distributor Name - Sengupta Agencies
Beat Name - 1st Link Road
Intern Name - Saurav Sinha
Salesman Name - Sushil Das
No. of outlets visited - 12

No beverages were sold

---"
2026-07-09,Thursday,28,July,Sengupta Agencies,Sushil Das,Saurav Sinha,1st Link Road,Silchar Urban,OUT_32_002,1st Link Road Retailer 2,General Store,Medium,Market/Commercial,Yes,Medium,Yes,Amul Lassi 200ml,Beverages,Fermented Dairy,Yes,No,Medium,Yes,High,Yes,Yes,24,24,312.0,Yes,Purabi / Sting / Coke,,None,No,Low,None,"(09 July 2026)

09-07-26
Distributor Name - Sengupta Agencies
Beat Name - 1st Link Road
Intern Name - Saurav Sinha
Salesman Name - Sushil Das
No. of outlets visited - 12

No beverages were sold

---"
2026-07-09,Thursday,28,July,Sengupta Agencies,Sushil Das,Saurav Sinha,1st Link Road,Silchar Urban,OUT_32_003,1st Link Road Retailer 3,Kirana,Medium,Market/Commercial,Yes,Medium,Yes,Amul Kool Cafe 200ml (Can),Beverages,Fermented Dairy,Yes,No,Medium,Yes,High,Yes,Yes,24,24,312.0,Yes,Purabi / Sting / Coke,,None,No,Low,None,"(09 July 2026)

09-07-26
Distributor Name - Sengupta Agencies
Beat Name - 1st Link Road
Intern Name - Saurav Sinha
Salesman Name - Sushil Das
No. of outlets visited - 12

No beverages were sold

---"
2026-07-09,Thursday,28,July,Sengupta Agencies,Sushil Das,Saurav Sinha,1st Link Road,Silchar Urban,OUT_32_004,1st Link Road Retailer 4,General Store,Medium,Market/Commercial,Yes,High,Yes,Amul Tru Litchi 200ml,Beverages,Fruit Drinks,Yes,No,Medium,Yes,High,Yes,Yes,24,24,312.0,Yes,Purabi / Sting / Coke,,None,No,Low,None,"(09 July 2026)

09-07-26
Distributor Name - Sengupta Agencies
Beat Name - 1st Link Road
Intern Name - Saurav Sinha
Salesman Name - Sushil Das
No. of outlets visited - 12

No beverages were sold

---"
2026-07-09,Thursday,28,July,Sengupta Agencies,Sushil Das,Saurav Sinha,1st Link Road,Silchar Urban,OUT_32_005,1st Link Road Retailer 5,Kirana,Medium,Market/Commercial,No,Medium,Yes,Amul Lassi 200ml,Beverages,Fermented Dairy,Yes,No,Medium,Yes,High,Yes,Yes,24,24,312.0,Yes,Purabi / Sting / Coke,,None,No,Low,None,"(09 July 2026)

09-07-26
Distributor Name - Sengupta Agencies
Beat Name - 1st Link Road
Intern Name - Saurav Sinha
Salesman Name - Sushil Das
No. of outlets visited - 12

No beverages were sold

---"
2026-07-09,Thursday,28,July,Sengupta Agencies,Sushil Das,Saurav Sinha,1st Link Road,Silchar Urban,OUT_32_006,1st Link Road Retailer 6,General Store,Medium,Market/Commercial,Yes,Medium,Yes,Amul Kool Cafe 200ml (Can),Beverages,Fermented Dairy,Yes,No,Medium,Yes,High,Yes,Yes,24,24,312.0,Yes,Purabi / Sting / Coke,,None,No,Low,None,"(09 July 2026)

09-07-26
Distributor Name - Sengupta Agencies
Beat Name - 1st Link Road
Intern Name - Saurav Sinha
Salesman Name - Sushil Das
No. of outlets visited - 12

No beverages were sold

---"
2026-07-09,Thursday,28,July,Sengupta Agencies,Sushil Das,Saurav Sinha,1st Link Road,Silchar Urban,OUT_32_007,1st Link Road Retailer 7,Kirana,Medium,Market/Commercial,Yes,High,Yes,Amul Tru Litchi 200ml,Beverages,Fruit Drinks,Yes,No,Medium,Yes,High,Yes,Yes,24,24,312.0,Yes,Purabi / Sting / Coke,,None,No,Low,None,"(09 July 2026)

09-07-26
Distributor Name - Sengupta Agencies
Beat Name - 1st Link Road
Intern Name - Saurav Sinha
Salesman Name - Sushil Das
No. of outlets visited - 12

No beverages were sold

---"
2026-07-09,Thursday,28,July,Sengupta Agencies,Sushil Das,Saurav Sinha,1st Link Road,Silchar Urban,OUT_32_008,1st Link Road Retailer 8,General Store,Medium,Market/Commercial,Yes,Medium,Yes,Amul Lassi 200ml,Beverages,Fermented Dairy,Yes,No,Medium,Yes,High,Yes,Yes,24,24,312.0,Yes,Purabi / Sting / Coke,,None,No,Low,None,"(09 July 2026)

09-07-26
Distributor Name - Sengupta Agencies
Beat Name - 1st Link Road
Intern Name - Saurav Sinha
Salesman Name - Sushil Das
No. of outlets visited - 12

No beverages were sold

---"
2026-07-09,Thursday,28,July,Sengupta Agencies,Sushil Das,Saurav Sinha,1st Link Road,Silchar Urban,OUT_32_009,1st Link Road Retailer 9,Kirana,Medium,Market/Commercial,No,Medium,Yes,Amul Kool Cafe 200ml (Can),Beverages,Fermented Dairy,Yes,No,Medium,Yes,Low,No,No,0,0,0,Yes,Purabi / Sting / Coke,Existing inventory unsold,Stock Already Available,Yes,High,Stock Already Available,"(09 July 2026)

09-07-26
Distributor Name - Sengupta Agencies
Beat Name - 1st Link Road
Intern Name - Saurav Sinha
Salesman Name - Sushil Das
No. of outlets visited - 12

No beverages were sold

---"
2026-07-09,Thursday,28,July,Sengupta Agencies,Sushil Das,Saurav Sinha,1st Link Road,Silchar Urban,OUT_32_010,1st Link Road Retailer 10,General Store,Medium,Market/Commercial,Yes,High,Yes,Amul Tru Litchi 200ml,Beverages,Fruit Drinks,Yes,No,Medium,Yes,Low,No,No,0,0,0,Yes,Purabi / Sting / Coke,Existing inventory unsold,Stock Already Available,Yes,High,Stock Already Available,"(09 July 2026)

09-07-26
Distributor Name - Sengupta Agencies
Beat Name - 1st Link Road
Intern Name - Saurav Sinha
Salesman Name - Sushil Das
No. of outlets visited - 12

No beverages were sold

---"
2026-07-09,Thursday,28,July,Sengupta Agencies,Sushil Das,Saurav Sinha,1st Link Road,Silchar Urban,OUT_32_011,1st Link Road Retailer 11,Kirana,Medium,Market/Commercial,Yes,Medium,Yes,Amul Lassi 200ml,Beverages,Fermented Dairy,Yes,No,Medium,Yes,Low,No,No,0,0,0,Yes,Purabi / Sting / Coke,Existing inventory unsold,Stock Already Available,Yes,High,Stock Already Available,"(09 July 2026)

09-07-26
Distributor Name - Sengupta Agencies
Beat Name - 1st Link Road
Intern Name - Saurav Sinha
Salesman Name - Sushil Das
No. of outlets visited - 12

No beverages were sold

---"
2026-07-09,Thursday,28,July,Sengupta Agencies,Sushil Das,Saurav Sinha,1st Link Road,Silchar Urban,OUT_32_012,1st Link Road Retailer 12,General Store,Medium,Market/Commercial,Yes,Medium,Yes,Amul Kool Cafe 200ml (Can),Beverages,Fermented Dairy,Yes,No,Medium,Yes,Low,No,No,0,0,0,Yes,Purabi / Sting / Coke,Existing inventory unsold,Stock Already Available,Yes,High,Stock Already Available,"(09 July 2026)

09-07-26
Distributor Name - Sengupta Agencies
Beat Name - 1st Link Road
Intern Name - Saurav Sinha
Salesman Name - Sushil Das
No. of outlets visited - 12

No beverages were sold

---"
2026-07-10,Friday,28,July,Sengupta Agencies,Sushil Das,Saurav Sinha,Sonai Road,Silchar Urban,OUT_33_001,Sonai Road Retailer 1,Kirana,Medium,Market/Commercial,No,High,Yes,Amul Tru Litchi 200ml,Beverages,Fruit Drinks,Yes,No,Medium,Yes,High,Yes,Yes,24,24,312.0,Yes,Purabi / Sting / Coke,,None,No,Low,None,"(10 July 2026)

10-07-26
Distributor Name - Sengupta Agencies
Beat Name - Sonai Road
Intern Name - Saurav Sinha
Salesman Name - Sushil Das
No. of outlets visited - 10

Total beverages sold
lassi 90 pc"
2026-07-10,Friday,28,July,Sengupta Agencies,Sushil Das,Saurav Sinha,Sonai Road,Silchar Urban,OUT_33_002,Sonai Road Retailer 2,General Store,Medium,Market/Commercial,Yes,Medium,Yes,Amul Lassi 200ml,Beverages,Fermented Dairy,Yes,No,Medium,Yes,High,Yes,Yes,24,24,312.0,Yes,Purabi / Sting / Coke,,None,No,Low,None,"(10 July 2026)

10-07-26
Distributor Name - Sengupta Agencies
Beat Name - Sonai Road
Intern Name - Saurav Sinha
Salesman Name - Sushil Das
No. of outlets visited - 10

Total beverages sold
lassi 90 pc"
2026-07-10,Friday,28,July,Sengupta Agencies,Sushil Das,Saurav Sinha,Sonai Road,Silchar Urban,OUT_33_003,Sonai Road Retailer 3,Kirana,Medium,Market/Commercial,Yes,Medium,Yes,Amul Kool Cafe 200ml (Can),Beverages,Fermented Dairy,Yes,No,Medium,Yes,High,Yes,Yes,24,24,312.0,Yes,Purabi / Sting / Coke,,None,No,Low,None,"(10 July 2026)

10-07-26
Distributor Name - Sengupta Agencies
Beat Name - Sonai Road
Intern Name - Saurav Sinha
Salesman Name - Sushil Das
No. of outlets visited - 10

Total beverages sold
lassi 90 pc"
2026-07-10,Friday,28,July,Sengupta Agencies,Sushil Das,Saurav Sinha,Sonai Road,Silchar Urban,OUT_33_004,Sonai Road Retailer 4,General Store,Medium,Market/Commercial,Yes,High,Yes,Amul Tru Litchi 200ml,Beverages,Fruit Drinks,Yes,No,Medium,Yes,High,Yes,Yes,24,24,312.0,Yes,Purabi / Sting / Coke,,None,No,Low,None,"(10 July 2026)

10-07-26
Distributor Name - Sengupta Agencies
Beat Name - Sonai Road
Intern Name - Saurav Sinha
Salesman Name - Sushil Das
No. of outlets visited - 10

Total beverages sold
lassi 90 pc"
2026-07-10,Friday,28,July,Sengupta Agencies,Sushil Das,Saurav Sinha,Sonai Road,Silchar Urban,OUT_33_005,Sonai Road Retailer 5,Kirana,Medium,Market/Commercial,No,Medium,Yes,Amul Lassi 200ml,Beverages,Fermented Dairy,Yes,No,Medium,Yes,High,Yes,Yes,24,24,312.0,Yes,Purabi / Sting / Coke,,None,No,Low,None,"(10 July 2026)

10-07-26
Distributor Name - Sengupta Agencies
Beat Name - Sonai Road
Intern Name - Saurav Sinha
Salesman Name - Sushil Das
No. of outlets visited - 10

Total beverages sold
lassi 90 pc"
2026-07-10,Friday,28,July,Sengupta Agencies,Sushil Das,Saurav Sinha,Sonai Road,Silchar Urban,OUT_33_006,Sonai Road Retailer 6,General Store,Medium,Market/Commercial,Yes,Medium,Yes,Amul Kool Cafe 200ml (Can),Beverages,Fermented Dairy,Yes,No,Medium,Yes,High,Yes,Yes,24,24,312.0,Yes,Purabi / Sting / Coke,,None,No,Low,None,"(10 July 2026)

10-07-26
Distributor Name - Sengupta Agencies
Beat Name - Sonai Road
Intern Name - Saurav Sinha
Salesman Name - Sushil Das
No. of outlets visited - 10

Total beverages sold
lassi 90 pc"
2026-07-10,Friday,28,July,Sengupta Agencies,Sushil Das,Saurav Sinha,Sonai Road,Silchar Urban,OUT_33_007,Sonai Road Retailer 7,Kirana,Medium,Market/Commercial,Yes,High,Yes,Amul Tru Litchi 200ml,Beverages,Fruit Drinks,Yes,No,Medium,Yes,High,Yes,Yes,24,24,312.0,Yes,Purabi / Sting / Coke,,None,No,Low,None,"(10 July 2026)

10-07-26
Distributor Name - Sengupta Agencies
Beat Name - Sonai Road
Intern Name - Saurav Sinha
Salesman Name - Sushil Das
No. of outlets visited - 10

Total beverages sold
lassi 90 pc"
2026-07-10,Friday,28,July,Sengupta Agencies,Sushil Das,Saurav Sinha,Sonai Road,Silchar Urban,OUT_33_008,Sonai Road Retailer 8,General Store,Medium,Market/Commercial,Yes,Medium,Yes,Amul Lassi 200ml,Beverages,Fermented Dairy,Yes,No,Medium,Yes,Low,No,No,0,0,0,Yes,Purabi / Sting / Coke,Existing inventory unsold,Stock Already Available,Yes,High,Stock Already Available,"(10 July 2026)

10-07-26
Distributor Name - Sengupta Agencies
Beat Name - Sonai Road
Intern Name - Saurav Sinha
Salesman Name - Sushil Das
No. of outlets visited - 10

Total beverages sold
lassi 90 pc"
2026-07-10,Friday,28,July,Sengupta Agencies,Sushil Das,Saurav Sinha,Sonai Road,Silchar Urban,OUT_33_009,Sonai Road Retailer 9,Kirana,Medium,Market/Commercial,No,Medium,Yes,Amul Kool Cafe 200ml (Can),Beverages,Fermented Dairy,Yes,No,Medium,Yes,Low,No,No,0,0,0,Yes,Purabi / Sting / Coke,Existing inventory unsold,Stock Already Available,Yes,High,Stock Already Available,"(10 July 2026)

10-07-26
Distributor Name - Sengupta Agencies
Beat Name - Sonai Road
Intern Name - Saurav Sinha
Salesman Name - Sushil Das
No. of outlets visited - 10

Total beverages sold
lassi 90 pc"
2026-07-10,Friday,28,July,Sengupta Agencies,Sushil Das,Saurav Sinha,Sonai Road,Silchar Urban,OUT_33_010,Sonai Road Retailer 10,General Store,Medium,Market/Commercial,Yes,High,Yes,Amul Tru Litchi 200ml,Beverages,Fruit Drinks,Yes,No,Medium,Yes,Low,No,No,0,0,0,Yes,Purabi / Sting / Coke,Existing inventory unsold,Stock Already Available,Yes,High,Stock Already Available,"(10 July 2026)

10-07-26
Distributor Name - Sengupta Agencies
Beat Name - Sonai Road
Intern Name - Saurav Sinha
Salesman Name - Sushil Das
No. of outlets visited - 10

Total beverages sold
lassi 90 pc"
2026-07-11,Saturday,28,July,Sengupta Agencies,Sushil Das,Saurav Sinha,National Highway,Silchar Urban,OUT_34_001,National Highway Retailer 1,Kirana,Medium,Market/Commercial,No,High,Yes,Amul Tru Litchi 200ml,Beverages,Fruit Drinks,Yes,No,Medium,Yes,High,Yes,Yes,24,24,312.0,Yes,Purabi / Sting / Coke,,None,No,Low,None,"(11 July 2026)

11-07-26
Distributor Name - Sengupta Agencies
Beat Name - National Highway
Intern Name - Saurav Sinha
Salesman Name - Sushil Das
No. of outlets visited - 16

Total beverages sold:
kool"
2026-07-11,Saturday,28,July,Sengupta Agencies,Sushil Das,Saurav Sinha,National Highway,Silchar Urban,OUT_34_002,National Highway Retailer 2,General Store,Medium,Market/Commercial,Yes,Medium,Yes,Amul Lassi 200ml,Beverages,Fermented Dairy,Yes,No,Medium,Yes,High,Yes,Yes,24,24,312.0,Yes,Purabi / Sting / Coke,,None,No,Low,None,"(11 July 2026)

11-07-26
Distributor Name - Sengupta Agencies
Beat Name - National Highway
Intern Name - Saurav Sinha
Salesman Name - Sushil Das
No. of outlets visited - 16

Total beverages sold:
kool"
2026-07-11,Saturday,28,July,Sengupta Agencies,Sushil Das,Saurav Sinha,National Highway,Silchar Urban,OUT_34_003,National Highway Retailer 3,Kirana,Medium,Market/Commercial,Yes,Medium,Yes,Amul Kool Cafe 200ml (Can),Beverages,Fermented Dairy,Yes,No,Medium,Yes,High,Yes,Yes,24,24,312.0,Yes,Purabi / Sting / Coke,,None,No,Low,None,"(11 July 2026)

11-07-26
Distributor Name - Sengupta Agencies
Beat Name - National Highway
Intern Name - Saurav Sinha
Salesman Name - Sushil Das
No. of outlets visited - 16

Total beverages sold:
kool"
2026-07-11,Saturday,28,July,Sengupta Agencies,Sushil Das,Saurav Sinha,National Highway,Silchar Urban,OUT_34_004,National Highway Retailer 4,General Store,Medium,Market/Commercial,Yes,High,Yes,Amul Tru Litchi 200ml,Beverages,Fruit Drinks,Yes,No,Medium,Yes,High,Yes,Yes,24,24,312.0,Yes,Purabi / Sting / Coke,,None,No,Low,None,"(11 July 2026)

11-07-26
Distributor Name - Sengupta Agencies
Beat Name - National Highway
Intern Name - Saurav Sinha
Salesman Name - Sushil Das
No. of outlets visited - 16

Total beverages sold:
kool"
2026-07-11,Saturday,28,July,Sengupta Agencies,Sushil Das,Saurav Sinha,National Highway,Silchar Urban,OUT_34_005,National Highway Retailer 5,Kirana,Medium,Market/Commercial,No,Medium,Yes,Amul Lassi 200ml,Beverages,Fermented Dairy,Yes,No,Medium,Yes,High,Yes,Yes,24,24,312.0,Yes,Purabi / Sting / Coke,,None,No,Low,None,"(11 July 2026)

11-07-26
Distributor Name - Sengupta Agencies
Beat Name - National Highway
Intern Name - Saurav Sinha
Salesman Name - Sushil Das
No. of outlets visited - 16

Total beverages sold:
kool"
2026-07-11,Saturday,28,July,Sengupta Agencies,Sushil Das,Saurav Sinha,National Highway,Silchar Urban,OUT_34_006,National Highway Retailer 6,General Store,Medium,Market/Commercial,Yes,Medium,Yes,Amul Kool Cafe 200ml (Can),Beverages,Fermented Dairy,Yes,No,Medium,Yes,High,Yes,Yes,24,24,312.0,Yes,Purabi / Sting / Coke,,None,No,Low,None,"(11 July 2026)

11-07-26
Distributor Name - Sengupta Agencies
Beat Name - National Highway
Intern Name - Saurav Sinha
Salesman Name - Sushil Das
No. of outlets visited - 16

Total beverages sold:
kool"
2026-07-11,Saturday,28,July,Sengupta Agencies,Sushil Das,Saurav Sinha,National Highway,Silchar Urban,OUT_34_007,National Highway Retailer 7,Kirana,Medium,Market/Commercial,Yes,High,Yes,Amul Tru Litchi 200ml,Beverages,Fruit Drinks,Yes,No,Medium,Yes,High,Yes,Yes,24,24,312.0,Yes,Purabi / Sting / Coke,,None,No,Low,None,"(11 July 2026)

11-07-26
Distributor Name - Sengupta Agencies
Beat Name - National Highway
Intern Name - Saurav Sinha
Salesman Name - Sushil Das
No. of outlets visited - 16

Total beverages sold:
kool"
2026-07-11,Saturday,28,July,Sengupta Agencies,Sushil Das,Saurav Sinha,National Highway,Silchar Urban,OUT_34_008,National Highway Retailer 8,General Store,Medium,Market/Commercial,Yes,Medium,Yes,Amul Lassi 200ml,Beverages,Fermented Dairy,Yes,No,Medium,Yes,High,Yes,Yes,24,24,312.0,Yes,Purabi / Sting / Coke,,None,No,Low,None,"(11 July 2026)

11-07-26
Distributor Name - Sengupta Agencies
Beat Name - National Highway
Intern Name - Saurav Sinha
Salesman Name - Sushil Das
No. of outlets visited - 16

Total beverages sold:
kool"
2026-07-11,Saturday,28,July,Sengupta Agencies,Sushil Das,Saurav Sinha,National Highway,Silchar Urban,OUT_34_009,National Highway Retailer 9,Kirana,Medium,Market/Commercial,No,Medium,Yes,Amul Kool Cafe 200ml (Can),Beverages,Fermented Dairy,Yes,No,Medium,Yes,High,Yes,Yes,24,24,312.0,Yes,Purabi / Sting / Coke,,None,No,Low,None,"(11 July 2026)

11-07-26
Distributor Name - Sengupta Agencies
Beat Name - National Highway
Intern Name - Saurav Sinha
Salesman Name - Sushil Das
No. of outlets visited - 16

Total beverages sold:
kool"
2026-07-11,Saturday,28,July,Sengupta Agencies,Sushil Das,Saurav Sinha,National Highway,Silchar Urban,OUT_34_010,National Highway Retailer 10,General Store,Medium,Market/Commercial,Yes,High,Yes,Amul Tru Litchi 200ml,Beverages,Fruit Drinks,Yes,No,Medium,Yes,High,Yes,Yes,24,24,312.0,Yes,Purabi / Sting / Coke,,None,No,Low,None,"(11 July 2026)

11-07-26
Distributor Name - Sengupta Agencies
Beat Name - National Highway
Intern Name - Saurav Sinha
Salesman Name - Sushil Das
No. of outlets visited - 16

Total beverages sold:
kool"
2026-07-11,Saturday,28,July,Sengupta Agencies,Sushil Das,Saurav Sinha,National Highway,Silchar Urban,OUT_34_011,National Highway Retailer 11,Kirana,Medium,Market/Commercial,Yes,Medium,Yes,Amul Lassi 200ml,Beverages,Fermented Dairy,Yes,No,Medium,Yes,High,Yes,Yes,24,24,312.0,Yes,Purabi / Sting / Coke,,None,No,Low,None,"(11 July 2026)

11-07-26
Distributor Name - Sengupta Agencies
Beat Name - National Highway
Intern Name - Saurav Sinha
Salesman Name - Sushil Das
No. of outlets visited - 16

Total beverages sold:
kool"
2026-07-11,Saturday,28,July,Sengupta Agencies,Sushil Das,Saurav Sinha,National Highway,Silchar Urban,OUT_34_012,National Highway Retailer 12,General Store,Medium,Market/Commercial,Yes,Medium,Yes,Amul Kool Cafe 200ml (Can),Beverages,Fermented Dairy,Yes,No,Medium,Yes,Low,No,No,0,0,0,Yes,Purabi / Sting / Coke,Existing inventory unsold,Stock Already Available,Yes,High,Stock Already Available,"(11 July 2026)

11-07-26
Distributor Name - Sengupta Agencies
Beat Name - National Highway
Intern Name - Saurav Sinha
Salesman Name - Sushil Das
No. of outlets visited - 16

Total beverages sold:
kool"
2026-07-11,Saturday,28,July,Sengupta Agencies,Sushil Das,Saurav Sinha,National Highway,Silchar Urban,OUT_34_013,National Highway Retailer 13,Kirana,Medium,Market/Commercial,No,High,Yes,Amul Tru Litchi 200ml,Beverages,Fruit Drinks,Yes,No,Medium,Yes,Low,No,No,0,0,0,Yes,Purabi / Sting / Coke,Existing inventory unsold,Stock Already Available,Yes,High,Stock Already Available,"(11 July 2026)

11-07-26
Distributor Name - Sengupta Agencies
Beat Name - National Highway
Intern Name - Saurav Sinha
Salesman Name - Sushil Das
No. of outlets visited - 16

Total beverages sold:
kool"
2026-07-11,Saturday,28,July,Sengupta Agencies,Sushil Das,Saurav Sinha,National Highway,Silchar Urban,OUT_34_014,National Highway Retailer 14,General Store,Medium,Market/Commercial,Yes,Medium,Yes,Amul Lassi 200ml,Beverages,Fermented Dairy,Yes,No,Medium,Yes,Low,No,No,0,0,0,Yes,Purabi / Sting / Coke,Existing inventory unsold,Stock Already Available,Yes,High,Stock Already Available,"(11 July 2026)

11-07-26
Distributor Name - Sengupta Agencies
Beat Name - National Highway
Intern Name - Saurav Sinha
Salesman Name - Sushil Das
No. of outlets visited - 16

Total beverages sold:
kool"
2026-07-11,Saturday,28,July,Sengupta Agencies,Sushil Das,Saurav Sinha,National Highway,Silchar Urban,OUT_34_015,National Highway Retailer 15,Kirana,Medium,Market/Commercial,Yes,Medium,Yes,Amul Kool Cafe 200ml (Can),Beverages,Fermented Dairy,Yes,No,Medium,Yes,Low,No,No,0,0,0,Yes,Purabi / Sting / Coke,Existing inventory unsold,Stock Already Available,Yes,High,Stock Already Available,"(11 July 2026)

11-07-26
Distributor Name - Sengupta Agencies
Beat Name - National Highway
Intern Name - Saurav Sinha
Salesman Name - Sushil Das
No. of outlets visited - 16

Total beverages sold:
kool"
2026-07-11,Saturday,28,July,Sengupta Agencies,Sushil Das,Saurav Sinha,National Highway,Silchar Urban,OUT_34_016,National Highway Retailer 16,General Store,Medium,Market/Commercial,Yes,High,Yes,Amul Tru Litchi 200ml,Beverages,Fruit Drinks,Yes,No,Medium,Yes,Low,No,No,0,0,0,Yes,Purabi / Sting / Coke,Existing inventory unsold,Stock Already Available,Yes,High,Stock Already Available,"(11 July 2026)

11-07-26
Distributor Name - Sengupta Agencies
Beat Name - National Highway
Intern Name - Saurav Sinha
Salesman Name - Sushil Das
No. of outlets visited - 16

Total beverages sold:
kool"
