date,day,week_no,month,distributor_name,salesman_name,intern_name,beat_name,area,outlet_id,outlet_name,outlet_type,outlet_size,locality_type,cold_storage_available,high_footfall,visited,product_name,product_group,product_subgroup,pitched,availability_before_pitch,display_visibility,scheme_explained,retailer_interest_level,order_booked,bill_cut,pieces_ordered,pieces_sold_if_known,order_value_if_known,competitor_present,competitor_brand,retailer_objection_raw,retailer_objection_category,follow_up_needed,follow_up_priority,follow_up_reason,my_observation
2026-05-25,Monday,22,May,Sengupta Agencies,Amarjeet Deb Purkayastha,Saurav Sinha,Malugram 4,Silchar Urban,OUT_1_001,Malugram 4 Counter 1,Kirana Store,Medium,Market Street,No,Medium,Yes,Amul Tru Litchi 200ml,Beverages,Fruit Drinks,Yes,No,Medium,Yes,High,Yes,Yes,24,24,308.64,Yes,Purabi / Sting / Coke,,None,No,Low,None,"High initial retailer demand for Amul Spray, Taaza liquid milk, and Kool. Retailers in Malugram requested faster morning delivery cycles."
2026-05-25,Monday,22,May,Sengupta Agencies,Amarjeet Deb Purkayastha,Saurav Sinha,Malugram 4,Silchar Urban,OUT_1_001,Malugram 4 Counter 1,Kirana Store,Medium,Market Street,No,Medium,Yes,Amul Lassi 200ml,Beverages,Fermented Dairy,Yes,No,Medium,Yes,High,Yes,Yes,24,24,312.96,Yes,Purabi / Sting / Coke,,None,No,Low,None,"High initial retailer demand for Amul Spray, Taaza liquid milk, and Kool. Retailers in Malugram requested faster morning delivery cycles."
2026-05-25,Monday,22,May,Sengupta Agencies,Amarjeet Deb Purkayastha,Saurav Sinha,Malugram 4,Silchar Urban,OUT_1_001,Malugram 4 Counter 1,Kirana Store,Medium,Market Street,No,Medium,Yes,Amul Kool Cafe 200ml (Can),Beverages,Flavoured Milk,Yes,No,Medium,Yes,Low,No,No,0,0,0.0,Yes,Purabi / Sting / Coke,Existing inventory unsold,Stock Already Available,Yes,High,Stock Already Available,"High initial retailer demand for Amul Spray, Taaza liquid milk, and Kool. Retailers in Malugram requested faster morning delivery cycles."
2026-05-25,Monday,22,May,Sengupta Agencies,Amarjeet Deb Purkayastha,Saurav Sinha,Malugram 4,Silchar Urban,OUT_1_002,Malugram 4 Counter 2,General Store,Medium,Market Street,Yes,Medium,Yes,Amul Tru Litchi 200ml,Beverages,Fruit Drinks,Yes,No,Medium,Yes,High,Yes,Yes,24,24,308.64,Yes,Purabi / Sting / Coke,,None,No,Low,None,"High initial retailer demand for Amul Spray, Taaza liquid milk, and Kool. Retailers in Malugram requested faster morning delivery cycles."
2026-05-25,Monday,22,May,Sengupta Agencies,Amarjeet Deb Purkayastha,Saurav Sinha,Malugram 4,Silchar Urban,OUT_1_002,Malugram 4 Counter 2,General Store,Medium,Market Street,Yes,Medium,Yes,Amul Lassi 200ml,Beverages,Fermented Dairy,Yes,No,Medium,Yes,Low,No,No,0,0,0.0,Yes,Purabi / Sting / Coke,Existing inventory unsold,Stock Already Available,Yes,High,Stock Already Available,"High initial retailer demand for Amul Spray, Taaza liquid milk, and Kool. Retailers in Malugram requested faster morning delivery cycles."
2026-05-25,Monday,22,May,Sengupta Agencies,Amarjeet Deb Purkayastha,Saurav Sinha,Malugram 4,Silchar Urban,OUT_1_002,Malugram 4 Counter 2,General Store,Medium,Market Street,Yes,Medium,Yes,Amul Kool Cafe 200ml (Can),Beverages,Flavoured Milk,Yes,No,Medium,Yes,Low,No,No,0,0,0.0,Yes,Purabi / Sting / Coke,Existing inventory unsold,Stock Already Available,Yes,High,Stock Already Available,"High initial retailer demand for Amul Spray, Taaza liquid milk, and Kool. Retailers in Malugram requested faster morning delivery cycles."
2026-05-25,Monday,22,May,Sengupta Agencies,Amarjeet Deb Purkayastha,Saurav Sinha,Malugram 4,Silchar Urban,OUT_1_003,Malugram 4 Counter 3,Kirana Store,Medium,Market Street,Yes,Medium,Yes,Amul Tru Litchi 200ml,Beverages,Fruit Drinks,Yes,No,Medium,Yes,High,Yes,Yes,24,24,308.64,Yes,Purabi / Sting / Coke,,None,No,Low,None,"High initial retailer demand for Amul Spray, Taaza liquid milk, and Kool. Retailers in Malugram requested faster morning delivery cycles."
2026-05-25,Monday,22,May,Sengupta Agencies,Amarjeet Deb Purkayastha,Saurav Sinha,Malugram 4,Silchar Urban,OUT_1_003,Malugram 4 Counter 3,Kirana Store,Medium,Market Street,Yes,Medium,Yes,Amul Lassi 200ml,Beverages,Fermented Dairy,Yes,No,Medium,Yes,High,Yes,Yes,24,24,312.96,Yes,Purabi / Sting / Coke,,None,No,Low,None,"High initial retailer demand for Amul Spray, Taaza liquid milk, and Kool. Retailers in Malugram requested faster morning delivery cycles."
2026-05-25,Monday,22,May,Sengupta Agencies,Amarjeet Deb Purkayastha,Saurav Sinha,Malugram 4,Silchar Urban,OUT_1_003,Malugram 4 Counter 3,Kirana Store,Medium,Market Street,Yes,Medium,Yes,Amul Kool Cafe 200ml (Can),Beverages,Flavoured Milk,Yes,No,Medium,Yes,Low,No,No,0,0,0.0,Yes,Purabi / Sting / Coke,Existing inventory unsold,Stock Already Available,Yes,High,Stock Already Available,"High initial retailer demand for Amul Spray, Taaza liquid milk, and Kool. Retailers in Malugram requested faster morning delivery cycles."
2026-05-25,Monday,22,May,Sengupta Agencies,Amarjeet Deb Purkayastha,Saurav Sinha,Malugram 4,Silchar Urban,OUT_1_004,Malugram 4 Counter 4,General Store,Medium,Market Street,Yes,Medium,Yes,Amul Tru Litchi 200ml,Beverages,Fruit Drinks,Yes,No,Medium,Yes,High,Yes,Yes,24,24,308.64,Yes,Purabi / Sting / Coke,,None,No,Low,None,"High initial retailer demand for Amul Spray, Taaza liquid milk, and Kool. Retailers in Malugram requested faster morning delivery cycles."
2026-05-25,Monday,22,May,Sengupta Agencies,Amarjeet Deb Purkayastha,Saurav Sinha,Malugram 4,Silchar Urban,OUT_1_004,Malugram 4 Counter 4,General Store,Medium,Market Street,Yes,Medium,Yes,Amul Lassi 200ml,Beverages,Fermented Dairy,Yes,No,Medium,Yes,Low,No,No,0,0,0.0,Yes,Purabi / Sting / Coke,Existing inventory unsold,Stock Already Available,Yes,High,Stock Already Available,"High initial retailer demand for Amul Spray, Taaza liquid milk, and Kool. Retailers in Malugram requested faster morning delivery cycles."
2026-05-25,Monday,22,May,Sengupta Agencies,Amarjeet Deb Purkayastha,Saurav Sinha,Malugram 4,Silchar Urban,OUT_1_004,Malugram 4 Counter 4,General Store,Medium,Market Street,Yes,Medium,Yes,Amul Kool Cafe 200ml (Can),Beverages,Flavoured Milk,Yes,No,Medium,Yes,Low,No,No,0,0,0.0,Yes,Purabi / Sting / Coke,Existing inventory unsold,Stock Already Available,Yes,High,Stock Already Available,"High initial retailer demand for Amul Spray, Taaza liquid milk, and Kool. Retailers in Malugram requested faster morning delivery cycles."
2026-05-25,Monday,22,May,Sengupta Agencies,Amarjeet Deb Purkayastha,Saurav Sinha,Malugram 4,Silchar Urban,OUT_1_005,Malugram 4 Counter 5,Kirana Store,Medium,Market Street,No,Medium,Yes,Amul Tru Litchi 200ml,Beverages,Fruit Drinks,Yes,No,Medium,Yes,High,Yes,Yes,24,24,308.64,Yes,Purabi / Sting / Coke,,None,No,Low,None,"High initial retailer demand for Amul Spray, Taaza liquid milk, and Kool. Retailers in Malugram requested faster morning delivery cycles."
2026-05-25,Monday,22,May,Sengupta Agencies,Amarjeet Deb Purkayastha,Saurav Sinha,Malugram 4,Silchar Urban,OUT_1_005,Malugram 4 Counter 5,Kirana Store,Medium,Market Street,No,Medium,Yes,Amul Lassi 200ml,Beverages,Fermented Dairy,Yes,No,Medium,Yes,High,Yes,Yes,24,24,312.96,Yes,Purabi / Sting / Coke,,None,No,Low,None,"High initial retailer demand for Amul Spray, Taaza liquid milk, and Kool. Retailers in Malugram requested faster morning delivery cycles."
2026-05-25,Monday,22,May,Sengupta Agencies,Amarjeet Deb Purkayastha,Saurav Sinha,Malugram 4,Silchar Urban,OUT_1_005,Malugram 4 Counter 5,Kirana Store,Medium,Market Street,No,Medium,Yes,Amul Kool Cafe 200ml (Can),Beverages,Flavoured Milk,Yes,No,Medium,Yes,Low,No,No,0,0,0.0,Yes,Purabi / Sting / Coke,Existing inventory unsold,Stock Already Available,Yes,High,Stock Already Available,"High initial retailer demand for Amul Spray, Taaza liquid milk, and Kool. Retailers in Malugram requested faster morning delivery cycles."
2026-05-25,Monday,22,May,Sengupta Agencies,Amarjeet Deb Purkayastha,Saurav Sinha,Malugram 4,Silchar Urban,OUT_1_006,Malugram 4 Counter 6,General Store,Medium,Market Street,Yes,Medium,Yes,Amul Tru Litchi 200ml,Beverages,Fruit Drinks,Yes,No,Medium,Yes,High,Yes,Yes,24,24,308.64,Yes,Purabi / Sting / Coke,,None,No,Low,None,"High initial retailer demand for Amul Spray, Taaza liquid milk, and Kool. Retailers in Malugram requested faster morning delivery cycles."
2026-05-25,Monday,22,May,Sengupta Agencies,Amarjeet Deb Purkayastha,Saurav Sinha,Malugram 4,Silchar Urban,OUT_1_006,Malugram 4 Counter 6,General Store,Medium,Market Street,Yes,Medium,Yes,Amul Lassi 200ml,Beverages,Fermented Dairy,Yes,No,Medium,Yes,Low,No,No,0,0,0.0,Yes,Purabi / Sting / Coke,Existing inventory unsold,Stock Already Available,Yes,High,Stock Already Available,"High initial retailer demand for Amul Spray, Taaza liquid milk, and Kool. Retailers in Malugram requested faster morning delivery cycles."
2026-05-25,Monday,22,May,Sengupta Agencies,Amarjeet Deb Purkayastha,Saurav Sinha,Malugram 4,Silchar Urban,OUT_1_006,Malugram 4 Counter 6,General Store,Medium,Market Street,Yes,Medium,Yes,Amul Kool Cafe 200ml (Can),Beverages,Flavoured Milk,Yes,No,Medium,Yes,Low,No,No,0,0,0.0,Yes,Purabi / Sting / Coke,Existing inventory unsold,Stock Already Available,Yes,High,Stock Already Available,"High initial retailer demand for Amul Spray, Taaza liquid milk, and Kool. Retailers in Malugram requested faster morning delivery cycles."
2026-05-25,Monday,22,May,Sengupta Agencies,Amarjeet Deb Purkayastha,Saurav Sinha,Malugram 4,Silchar Urban,OUT_1_007,Malugram 4 Counter 7,Kirana Store,Medium,Market Street,Yes,Medium,Yes,Amul Tru Litchi 200ml,Beverages,Fruit Drinks,Yes,No,Medium,Yes,High,Yes,Yes,24,24,308.64,Yes,Purabi / Sting / Coke,,None,No,Low,None,"High initial retailer demand for Amul Spray, Taaza liquid milk, and Kool. Retailers in Malugram requested faster morning delivery cycles."
2026-05-25,Monday,22,May,Sengupta Agencies,Amarjeet Deb Purkayastha,Saurav Sinha,Malugram 4,Silchar Urban,OUT_1_007,Malugram 4 Counter 7,Kirana Store,Medium,Market Street,Yes,Medium,Yes,Amul Lassi 200ml,Beverages,Fermented Dairy,Yes,No,Medium,Yes,High,Yes,Yes,24,24,312.96,Yes,Purabi / Sting / Coke,,None,No,Low,None,"High initial retailer demand for Amul Spray, Taaza liquid milk, and Kool. Retailers in Malugram requested faster morning delivery cycles."
2026-05-25,Monday,22,May,Sengupta Agencies,Amarjeet Deb Purkayastha,Saurav Sinha,Malugram 4,Silchar Urban,OUT_1_007,Malugram 4 Counter 7,Kirana Store,Medium,Market Street,Yes,Medium,Yes,Amul Kool Cafe 200ml (Can),Beverages,Flavoured Milk,Yes,No,Medium,Yes,Low,No,No,0,0,0.0,Yes,Purabi / Sting / Coke,Existing inventory unsold,Stock Already Available,Yes,High,Stock Already Available,"High initial retailer demand for Amul Spray, Taaza liquid milk, and Kool. Retailers in Malugram requested faster morning delivery cycles."
2026-05-25,Monday,22,May,Sengupta Agencies,Amarjeet Deb Purkayastha,Saurav Sinha,Malugram 4,Silchar Urban,OUT_1_008,Malugram 4 Counter 8,General Store,Medium,Market Street,Yes,Medium,Yes,Amul Tru Litchi 200ml,Beverages,Fruit Drinks,Yes,No,Medium,Yes,High,Yes,Yes,24,24,308.64,Yes,Purabi / Sting / Coke,,None,No,Low,None,"High initial retailer demand for Amul Spray, Taaza liquid milk, and Kool. Retailers in Malugram requested faster morning delivery cycles."
2026-05-25,Monday,22,May,Sengupta Agencies,Amarjeet Deb Purkayastha,Saurav Sinha,Malugram 4,Silchar Urban,OUT_1_008,Malugram 4 Counter 8,General Store,Medium,Market Street,Yes,Medium,Yes,Amul Lassi 200ml,Beverages,Fermented Dairy,Yes,No,Medium,Yes,Low,No,No,0,0,0.0,Yes,Purabi / Sting / Coke,Existing inventory unsold,Stock Already Available,Yes,High,Stock Already Available,"High initial retailer demand for Amul Spray, Taaza liquid milk, and Kool. Retailers in Malugram requested faster morning delivery cycles."
2026-05-25,Monday,22,May,Sengupta Agencies,Amarjeet Deb Purkayastha,Saurav Sinha,Malugram 4,Silchar Urban,OUT_1_008,Malugram 4 Counter 8,General Store,Medium,Market Street,Yes,Medium,Yes,Amul Kool Cafe 200ml (Can),Beverages,Flavoured Milk,Yes,No,Medium,Yes,Low,No,No,0,0,0.0,Yes,Purabi / Sting / Coke,Existing inventory unsold,Stock Already Available,Yes,High,Stock Already Available,"High initial retailer demand for Amul Spray, Taaza liquid milk, and Kool. Retailers in Malugram requested faster morning delivery cycles."
2026-05-25,Monday,22,May,Sengupta Agencies,Amarjeet Deb Purkayastha,Saurav Sinha,Malugram 4,Silchar Urban,OUT_1_009,Malugram 4 Counter 9,Kirana Store,Medium,Market Street,No,Medium,Yes,Amul Tru Litchi 200ml,Beverages,Fruit Drinks,Yes,No,Medium,Yes,High,Yes,Yes,24,24,308.64,Yes,Purabi / Sting / Coke,,None,No,Low,None,"High initial retailer demand for Amul Spray, Taaza liquid milk, and Kool. Retailers in Malugram requested faster morning delivery cycles."
2026-05-25,Monday,22,May,Sengupta Agencies,Amarjeet Deb Purkayastha,Saurav Sinha,Malugram 4,Silchar Urban,OUT_1_009,Malugram 4 Counter 9,Kirana Store,Medium,Market Street,No,Medium,Yes,Amul Lassi 200ml,Beverages,Fermented Dairy,Yes,No,Medium,Yes,High,Yes,Yes,24,24,312.96,Yes,Purabi / Sting / Coke,,None,No,Low,None,"High initial retailer demand for Amul Spray, Taaza liquid milk, and Kool. Retailers in Malugram requested faster morning delivery cycles."
2026-05-25,Monday,22,May,Sengupta Agencies,Amarjeet Deb Purkayastha,Saurav Sinha,Malugram 4,Silchar Urban,OUT_1_009,Malugram 4 Counter 9,Kirana Store,Medium,Market Street,No,Medium,Yes,Amul Kool Cafe 200ml (Can),Beverages,Flavoured Milk,Yes,No,Medium,Yes,Low,No,No,0,0,0.0,Yes,Purabi / Sting / Coke,Existing inventory unsold,Stock Already Available,Yes,High,Stock Already Available,"High initial retailer demand for Amul Spray, Taaza liquid milk, and Kool. Retailers in Malugram requested faster morning delivery cycles."
2026-05-25,Monday,22,May,Sengupta Agencies,Amarjeet Deb Purkayastha,Saurav Sinha,Malugram 4,Silchar Urban,OUT_1_010,Malugram 4 Counter 10,General Store,Medium,Market Street,Yes,Medium,Yes,Amul Tru Litchi 200ml,Beverages,Fruit Drinks,Yes,No,Medium,Yes,High,Yes,Yes,24,24,308.64,Yes,Purabi / Sting / Coke,,None,No,Low,None,"High initial retailer demand for Amul Spray, Taaza liquid milk, and Kool. Retailers in Malugram requested faster morning delivery cycles."
2026-05-25,Monday,22,May,Sengupta Agencies,Amarjeet Deb Purkayastha,Saurav Sinha,Malugram 4,Silchar Urban,OUT_1_010,Malugram 4 Counter 10,General Store,Medium,Market Street,Yes,Medium,Yes,Amul Lassi 200ml,Beverages,Fermented Dairy,Yes,No,Medium,Yes,Low,No,No,0,0,0.0,Yes,Purabi / Sting / Coke,Existing inventory unsold,Stock Already Available,Yes,High,Stock Already Available,"High initial retailer demand for Amul Spray, Taaza liquid milk, and Kool. Retailers in Malugram requested faster morning delivery cycles."
2026-05-25,Monday,22,May,Sengupta Agencies,Amarjeet Deb Purkayastha,Saurav Sinha,Malugram 4,Silchar Urban,OUT_1_010,Malugram 4 Counter 10,General Store,Medium,Market Street,Yes,Medium,Yes,Amul Kool Cafe 200ml (Can),Beverages,Flavoured Milk,Yes,No,Medium,Yes,Low,No,No,0,0,0.0,Yes,Purabi / Sting / Coke,Existing inventory unsold,Stock Already Available,Yes,High,Stock Already Available,"High initial retailer demand for Amul Spray, Taaza liquid milk, and Kool. Retailers in Malugram requested faster morning delivery cycles."
2026-05-25,Monday,22,May,Sengupta Agencies,Amarjeet Deb Purkayastha,Saurav Sinha,Malugram 4,Silchar Urban,OUT_1_011,Malugram 4 Counter 11,Kirana Store,Medium,Market Street,Yes,Medium,Yes,Amul Tru Litchi 200ml,Beverages,Fruit Drinks,Yes,No,Medium,Yes,High,Yes,Yes,24,24,308.64,Yes,Purabi / Sting / Coke,,None,No,Low,None,"High initial retailer demand for Amul Spray, Taaza liquid milk, and Kool. Retailers in Malugram requested faster morning delivery cycles."
2026-05-25,Monday,22,May,Sengupta Agencies,Amarjeet Deb Purkayastha,Saurav Sinha,Malugram 4,Silchar Urban,OUT_1_011,Malugram 4 Counter 11,Kirana Store,Medium,Market Street,Yes,Medium,Yes,Amul Lassi 200ml,Beverages,Fermented Dairy,Yes,No,Medium,Yes,High,Yes,Yes,24,24,312.96,Yes,Purabi / Sting / Coke,,None,No,Low,None,"High initial retailer demand for Amul Spray, Taaza liquid milk, and Kool. Retailers in Malugram requested faster morning delivery cycles."
2026-05-25,Monday,22,May,Sengupta Agencies,Amarjeet Deb Purkayastha,Saurav Sinha,Malugram 4,Silchar Urban,OUT_1_011,Malugram 4 Counter 11,Kirana Store,Medium,Market Street,Yes,Medium,Yes,Amul Kool Cafe 200ml (Can),Beverages,Flavoured Milk,Yes,No,Medium,Yes,Low,No,No,0,0,0.0,Yes,Purabi / Sting / Coke,Existing inventory unsold,Stock Already Available,Yes,High,Stock Already Available,"High initial retailer demand for Amul Spray, Taaza liquid milk, and Kool. Retailers in Malugram requested faster morning delivery cycles."
2026-05-25,Monday,22,May,Sengupta Agencies,Amarjeet Deb Purkayastha,Saurav Sinha,Malugram 4,Silchar Urban,OUT_1_012,Malugram 4 Counter 12,General Store,Medium,Market Street,Yes,Medium,Yes,Amul Tru Litchi 200ml,Beverages,Fruit Drinks,Yes,No,Medium,Yes,High,Yes,Yes,24,24,308.64,Yes,Purabi / Sting / Coke,,None,No,Low,None,"High initial retailer demand for Amul Spray, Taaza liquid milk, and Kool. Retailers in Malugram requested faster morning delivery cycles."
2026-05-25,Monday,22,May,Sengupta Agencies,Amarjeet Deb Purkayastha,Saurav Sinha,Malugram 4,Silchar Urban,OUT_1_012,Malugram 4 Counter 12,General Store,Medium,Market Street,Yes,Medium,Yes,Amul Lassi 200ml,Beverages,Fermented Dairy,Yes,No,Medium,Yes,Low,No,No,0,0,0.0,Yes,Purabi / Sting / Coke,Existing inventory unsold,Stock Already Available,Yes,High,Stock Already Available,"High initial retailer demand for Amul Spray, Taaza liquid milk, and Kool. Retailers in Malugram requested faster morning delivery cycles."
2026-05-25,Monday,22,May,Sengupta Agencies,Amarjeet Deb Purkayastha,Saurav Sinha,Malugram 4,Silchar Urban,OUT_1_012,Malugram 4 Counter 12,General Store,Medium,Market Street,Yes,Medium,Yes,Amul Kool Cafe 200ml (Can),Beverages,Flavoured Milk,Yes,No,Medium,Yes,Low,No,No,0,0,0.0,Yes,Purabi / Sting / Coke,Existing inventory unsold,Stock Already Available,Yes,High,Stock Already Available,"High initial retailer demand for Amul Spray, Taaza liquid milk, and Kool. Retailers in Malugram requested faster morning delivery cycles."
2026-05-25,Monday,22,May,Sengupta Agencies,Amarjeet Deb Purkayastha,Saurav Sinha,Malugram 4,Silchar Urban,OUT_1_013,Malugram 4 Counter 13,Kirana Store,Medium,Market Street,No,Medium,Yes,Amul Tru Litchi 200ml,Beverages,Fruit Drinks,Yes,No,Medium,Yes,High,Yes,Yes,24,24,308.64,Yes,Purabi / Sting / Coke,,None,No,Low,None,"High initial retailer demand for Amul Spray, Taaza liquid milk, and Kool. Retailers in Malugram requested faster morning delivery cycles."
2026-05-25,Monday,22,May,Sengupta Agencies,Amarjeet Deb Purkayastha,Saurav Sinha,Malugram 4,Silchar Urban,OUT_1_013,Malugram 4 Counter 13,Kirana Store,Medium,Market Street,No,Medium,Yes,Amul Lassi 200ml,Beverages,Fermented Dairy,Yes,No,Medium,Yes,High,Yes,Yes,24,24,312.96,Yes,Purabi / Sting / Coke,,None,No,Low,None,"High initial retailer demand for Amul Spray, Taaza liquid milk, and Kool. Retailers in Malugram requested faster morning delivery cycles."
2026-05-25,Monday,22,May,Sengupta Agencies,Amarjeet Deb Purkayastha,Saurav Sinha,Malugram 4,Silchar Urban,OUT_1_013,Malugram 4 Counter 13,Kirana Store,Medium,Market Street,No,Medium,Yes,Amul Kool Cafe 200ml (Can),Beverages,Flavoured Milk,Yes,No,Medium,Yes,Low,No,No,0,0,0.0,Yes,Purabi / Sting / Coke,Existing inventory unsold,Stock Already Available,Yes,High,Stock Already Available,"High initial retailer demand for Amul Spray, Taaza liquid milk, and Kool. Retailers in Malugram requested faster morning delivery cycles."
2026-05-25,Monday,22,May,Sengupta Agencies,Amarjeet Deb Purkayastha,Saurav Sinha,Malugram 4,Silchar Urban,OUT_1_014,Malugram 4 Counter 14,General Store,Medium,Market Street,Yes,Medium,Yes,Amul Tru Litchi 200ml,Beverages,Fruit Drinks,Yes,No,Medium,Yes,High,Yes,Yes,24,24,308.64,Yes,Purabi / Sting / Coke,,None,No,Low,None,"High initial retailer demand for Amul Spray, Taaza liquid milk, and Kool. Retailers in Malugram requested faster morning delivery cycles."
2026-05-25,Monday,22,May,Sengupta Agencies,Amarjeet Deb Purkayastha,Saurav Sinha,Malugram 4,Silchar Urban,OUT_1_014,Malugram 4 Counter 14,General Store,Medium,Market Street,Yes,Medium,Yes,Amul Lassi 200ml,Beverages,Fermented Dairy,Yes,No,Medium,Yes,Low,No,No,0,0,0.0,Yes,Purabi / Sting / Coke,Existing inventory unsold,Stock Already Available,Yes,High,Stock Already Available,"High initial retailer demand for Amul Spray, Taaza liquid milk, and Kool. Retailers in Malugram requested faster morning delivery cycles."
2026-05-25,Monday,22,May,Sengupta Agencies,Amarjeet Deb Purkayastha,Saurav Sinha,Malugram 4,Silchar Urban,OUT_1_014,Malugram 4 Counter 14,General Store,Medium,Market Street,Yes,Medium,Yes,Amul Kool Cafe 200ml (Can),Beverages,Flavoured Milk,Yes,No,Medium,Yes,Low,No,No,0,0,0.0,Yes,Purabi / Sting / Coke,Existing inventory unsold,Stock Already Available,Yes,High,Stock Already Available,"High initial retailer demand for Amul Spray, Taaza liquid milk, and Kool. Retailers in Malugram requested faster morning delivery cycles."
2026-05-25,Monday,22,May,Sengupta Agencies,Amarjeet Deb Purkayastha,Saurav Sinha,Malugram 4,Silchar Urban,OUT_1_015,Malugram 4 Counter 15,Kirana Store,Medium,Market Street,Yes,Medium,Yes,Amul Tru Litchi 200ml,Beverages,Fruit Drinks,Yes,No,Medium,Yes,High,Yes,Yes,24,24,308.64,Yes,Purabi / Sting / Coke,,None,No,Low,None,"High initial retailer demand for Amul Spray, Taaza liquid milk, and Kool. Retailers in Malugram requested faster morning delivery cycles."
2026-05-25,Monday,22,May,Sengupta Agencies,Amarjeet Deb Purkayastha,Saurav Sinha,Malugram 4,Silchar Urban,OUT_1_015,Malugram 4 Counter 15,Kirana Store,Medium,Market Street,Yes,Medium,Yes,Amul Lassi 200ml,Beverages,Fermented Dairy,Yes,No,Medium,Yes,High,Yes,Yes,24,24,312.96,Yes,Purabi / Sting / Coke,,None,No,Low,None,"High initial retailer demand for Amul Spray, Taaza liquid milk, and Kool. Retailers in Malugram requested faster morning delivery cycles."
2026-05-25,Monday,22,May,Sengupta Agencies,Amarjeet Deb Purkayastha,Saurav Sinha,Malugram 4,Silchar Urban,OUT_1_015,Malugram 4 Counter 15,Kirana Store,Medium,Market Street,Yes,Medium,Yes,Amul Kool Cafe 200ml (Can),Beverages,Flavoured Milk,Yes,No,Medium,Yes,Low,No,No,0,0,0.0,Yes,Purabi / Sting / Coke,Existing inventory unsold,Stock Already Available,Yes,High,Stock Already Available,"High initial retailer demand for Amul Spray, Taaza liquid milk, and Kool. Retailers in Malugram requested faster morning delivery cycles."
2026-05-25,Monday,22,May,Sengupta Agencies,Amarjeet Deb Purkayastha,Saurav Sinha,Malugram 4,Silchar Urban,OUT_1_016,Malugram 4 Counter 16,General Store,Medium,Market Street,Yes,Medium,Yes,Amul Tru Litchi 200ml,Beverages,Fruit Drinks,Yes,No,Medium,Yes,High,Yes,Yes,24,24,308.64,Yes,Purabi / Sting / Coke,,None,No,Low,None,"High initial retailer demand for Amul Spray, Taaza liquid milk, and Kool. Retailers in Malugram requested faster morning delivery cycles."
2026-05-25,Monday,22,May,Sengupta Agencies,Amarjeet Deb Purkayastha,Saurav Sinha,Malugram 4,Silchar Urban,OUT_1_016,Malugram 4 Counter 16,General Store,Medium,Market Street,Yes,Medium,Yes,Amul Lassi 200ml,Beverages,Fermented Dairy,Yes,No,Medium,Yes,Low,No,No,0,0,0.0,Yes,Purabi / Sting / Coke,Existing inventory unsold,Stock Already Available,Yes,High,Stock Already Available,"High initial retailer demand for Amul Spray, Taaza liquid milk, and Kool. Retailers in Malugram requested faster morning delivery cycles."
2026-05-25,Monday,22,May,Sengupta Agencies,Amarjeet Deb Purkayastha,Saurav Sinha,Malugram 4,Silchar Urban,OUT_1_016,Malugram 4 Counter 16,General Store,Medium,Market Street,Yes,Medium,Yes,Amul Kool Cafe 200ml (Can),Beverages,Flavoured Milk,Yes,No,Medium,Yes,Low,No,No,0,0,0.0,Yes,Purabi / Sting / Coke,Existing inventory unsold,Stock Already Available,Yes,High,Stock Already Available,"High initial retailer demand for Amul Spray, Taaza liquid milk, and Kool. Retailers in Malugram requested faster morning delivery cycles."
2026-05-25,Monday,22,May,Sengupta Agencies,Amarjeet Deb Purkayastha,Saurav Sinha,Malugram 4,Silchar Urban,OUT_1_017,Malugram 4 Counter 17,Kirana Store,Medium,Market Street,No,Medium,Yes,Amul Tru Litchi 200ml,Beverages,Fruit Drinks,Yes,No,Medium,Yes,High,Yes,Yes,24,24,308.64,Yes,Purabi / Sting / Coke,,None,No,Low,None,"High initial retailer demand for Amul Spray, Taaza liquid milk, and Kool. Retailers in Malugram requested faster morning delivery cycles."
2026-05-25,Monday,22,May,Sengupta Agencies,Amarjeet Deb Purkayastha,Saurav Sinha,Malugram 4,Silchar Urban,OUT_1_017,Malugram 4 Counter 17,Kirana Store,Medium,Market Street,No,Medium,Yes,Amul Lassi 200ml,Beverages,Fermented Dairy,Yes,No,Medium,Yes,High,Yes,Yes,24,24,312.96,Yes,Purabi / Sting / Coke,,None,No,Low,None,"High initial retailer demand for Amul Spray, Taaza liquid milk, and Kool. Retailers in Malugram requested faster morning delivery cycles."
2026-05-25,Monday,22,May,Sengupta Agencies,Amarjeet Deb Purkayastha,Saurav Sinha,Malugram 4,Silchar Urban,OUT_1_017,Malugram 4 Counter 17,Kirana Store,Medium,Market Street,No,Medium,Yes,Amul Kool Cafe 200ml (Can),Beverages,Flavoured Milk,Yes,No,Medium,Yes,Low,No,No,0,0,0.0,Yes,Purabi / Sting / Coke,Existing inventory unsold,Stock Already Available,Yes,High,Stock Already Available,"High initial retailer demand for Amul Spray, Taaza liquid milk, and Kool. Retailers in Malugram requested faster morning delivery cycles."
2026-05-25,Monday,22,May,Sengupta Agencies,Amarjeet Deb Purkayastha,Saurav Sinha,Malugram 4,Silchar Urban,OUT_1_018,Malugram 4 Counter 18,General Store,Medium,Market Street,Yes,Medium,Yes,Amul Tru Litchi 200ml,Beverages,Fruit Drinks,Yes,No,Medium,Yes,Low,No,No,0,0,0.0,Yes,Purabi / Sting / Coke,Existing inventory unsold,Stock Already Available,Yes,High,Stock Already Available,"High initial retailer demand for Amul Spray, Taaza liquid milk, and Kool. Retailers in Malugram requested faster morning delivery cycles."
2026-05-25,Monday,22,May,Sengupta Agencies,Amarjeet Deb Purkayastha,Saurav Sinha,Malugram 4,Silchar Urban,OUT_1_018,Malugram 4 Counter 18,General Store,Medium,Market Street,Yes,Medium,Yes,Amul Lassi 200ml,Beverages,Fermented Dairy,Yes,No,Medium,Yes,Low,No,No,0,0,0.0,Yes,Purabi / Sting / Coke,Existing inventory unsold,Stock Already Available,Yes,High,Stock Already Available,"High initial retailer demand for Amul Spray, Taaza liquid milk, and Kool. Retailers in Malugram requested faster morning delivery cycles."
2026-05-25,Monday,22,May,Sengupta Agencies,Amarjeet Deb Purkayastha,Saurav Sinha,Malugram 4,Silchar Urban,OUT_1_018,Malugram 4 Counter 18,General Store,Medium,Market Street,Yes,Medium,Yes,Amul Kool Cafe 200ml (Can),Beverages,Flavoured Milk,Yes,No,Medium,Yes,Low,No,No,0,0,0.0,Yes,Purabi / Sting / Coke,Existing inventory unsold,Stock Already Available,Yes,High,Stock Already Available,"High initial retailer demand for Amul Spray, Taaza liquid milk, and Kool. Retailers in Malugram requested faster morning delivery cycles."
2026-05-26,Tuesday,22,May,Sengupta Agencies,Amarjeet Deb Purkayastha,Saurav Sinha,Malugram 3,Silchar Urban,OUT_2_001,Malugram 3 Counter 1,Kirana Store,Medium,Market Street,No,Medium,Yes,Amul Lassi 200ml,Beverages,Fermented Dairy,Yes,No,Medium,Yes,High,Yes,Yes,24,24,312.96,Yes,Purabi / Sting / Coke,,None,No,Low,None,"Active pitching of Amul Tru (Mango, Litchi) and Kool Cafe. Retailers in Malugram 3 noted strong consumer preference for 200ml beverage tetra packs."
2026-05-26,Tuesday,22,May,Sengupta Agencies,Amarjeet Deb Purkayastha,Saurav Sinha,Malugram 3,Silchar Urban,OUT_2_001,Malugram 3 Counter 1,Kirana Store,Medium,Market Street,No,Medium,Yes,Amul Kool Cafe 200ml (Can),Beverages,Flavoured Milk,Yes,No,Medium,Yes,High,Yes,Yes,24,24,817.2,Yes,Purabi / Sting / Coke,,None,No,Low,None,"Active pitching of Amul Tru (Mango, Litchi) and Kool Cafe. Retailers in Malugram 3 noted strong consumer preference for 200ml beverage tetra packs."
2026-05-26,Tuesday,22,May,Sengupta Agencies,Amarjeet Deb Purkayastha,Saurav Sinha,Malugram 3,Silchar Urban,OUT_2_001,Malugram 3 Counter 1,Kirana Store,Medium,Market Street,No,Medium,Yes,Amul Tinned Paneer 425g,Dairy,Paneer,Yes,No,Medium,Yes,Low,No,No,0,0,0.0,Yes,Purabi / Sting / Coke,Existing inventory unsold,Stock Already Available,Yes,High,Stock Already Available,"Active pitching of Amul Tru (Mango, Litchi) and Kool Cafe. Retailers in Malugram 3 noted strong consumer preference for 200ml beverage tetra packs."
2026-05-26,Tuesday,22,May,Sengupta Agencies,Amarjeet Deb Purkayastha,Saurav Sinha,Malugram 3,Silchar Urban,OUT_2_002,Malugram 3 Counter 2,General Store,Medium,Market Street,Yes,Medium,Yes,Amul Lassi 200ml,Beverages,Fermented Dairy,Yes,No,Medium,Yes,High,Yes,Yes,24,24,312.96,Yes,Purabi / Sting / Coke,,None,No,Low,None,"Active pitching of Amul Tru (Mango, Litchi) and Kool Cafe. Retailers in Malugram 3 noted strong consumer preference for 200ml beverage tetra packs."
2026-05-26,Tuesday,22,May,Sengupta Agencies,Amarjeet Deb Purkayastha,Saurav Sinha,Malugram 3,Silchar Urban,OUT_2_002,Malugram 3 Counter 2,General Store,Medium,Market Street,Yes,Medium,Yes,Amul Kool Cafe 200ml (Can),Beverages,Flavoured Milk,Yes,No,Medium,Yes,Low,No,No,0,0,0.0,Yes,Purabi / Sting / Coke,Existing inventory unsold,Stock Already Available,Yes,High,Stock Already Available,"Active pitching of Amul Tru (Mango, Litchi) and Kool Cafe. Retailers in Malugram 3 noted strong consumer preference for 200ml beverage tetra packs."
2026-05-26,Tuesday,22,May,Sengupta Agencies,Amarjeet Deb Purkayastha,Saurav Sinha,Malugram 3,Silchar Urban,OUT_2_002,Malugram 3 Counter 2,General Store,Medium,Market Street,Yes,Medium,Yes,Amul Tinned Paneer 425g,Dairy,Paneer,Yes,No,Medium,Yes,Low,No,No,0,0,0.0,Yes,Purabi / Sting / Coke,Existing inventory unsold,Stock Already Available,Yes,High,Stock Already Available,"Active pitching of Amul Tru (Mango, Litchi) and Kool Cafe. Retailers in Malugram 3 noted strong consumer preference for 200ml beverage tetra packs."
2026-05-26,Tuesday,22,May,Sengupta Agencies,Amarjeet Deb Purkayastha,Saurav Sinha,Malugram 3,Silchar Urban,OUT_2_003,Malugram 3 Counter 3,Kirana Store,Medium,Market Street,Yes,Medium,Yes,Amul Lassi 200ml,Beverages,Fermented Dairy,Yes,No,Medium,Yes,High,Yes,Yes,24,24,312.96,Yes,Purabi / Sting / Coke,,None,No,Low,None,"Active pitching of Amul Tru (Mango, Litchi) and Kool Cafe. Retailers in Malugram 3 noted strong consumer preference for 200ml beverage tetra packs."
2026-05-26,Tuesday,22,May,Sengupta Agencies,Amarjeet Deb Purkayastha,Saurav Sinha,Malugram 3,Silchar Urban,OUT_2_003,Malugram 3 Counter 3,Kirana Store,Medium,Market Street,Yes,Medium,Yes,Amul Kool Cafe 200ml (Can),Beverages,Flavoured Milk,Yes,No,Medium,Yes,High,Yes,Yes,24,24,817.2,Yes,Purabi / Sting / Coke,,None,No,Low,None,"Active pitching of Amul Tru (Mango, Litchi) and Kool Cafe. Retailers in Malugram 3 noted strong consumer preference for 200ml beverage tetra packs."
2026-05-26,Tuesday,22,May,Sengupta Agencies,Amarjeet Deb Purkayastha,Saurav Sinha,Malugram 3,Silchar Urban,OUT_2_003,Malugram 3 Counter 3,Kirana Store,Medium,Market Street,Yes,Medium,Yes,Amul Tinned Paneer 425g,Dairy,Paneer,Yes,No,Medium,Yes,Low,No,No,0,0,0.0,Yes,Purabi / Sting / Coke,Existing inventory unsold,Stock Already Available,Yes,High,Stock Already Available,"Active pitching of Amul Tru (Mango, Litchi) and Kool Cafe. Retailers in Malugram 3 noted strong consumer preference for 200ml beverage tetra packs."
2026-05-26,Tuesday,22,May,Sengupta Agencies,Amarjeet Deb Purkayastha,Saurav Sinha,Malugram 3,Silchar Urban,OUT_2_004,Malugram 3 Counter 4,General Store,Medium,Market Street,Yes,Medium,Yes,Amul Lassi 200ml,Beverages,Fermented Dairy,Yes,No,Medium,Yes,High,Yes,Yes,24,24,312.96,Yes,Purabi / Sting / Coke,,None,No,Low,None,"Active pitching of Amul Tru (Mango, Litchi) and Kool Cafe. Retailers in Malugram 3 noted strong consumer preference for 200ml beverage tetra packs."
2026-05-26,Tuesday,22,May,Sengupta Agencies,Amarjeet Deb Purkayastha,Saurav Sinha,Malugram 3,Silchar Urban,OUT_2_004,Malugram 3 Counter 4,General Store,Medium,Market Street,Yes,Medium,Yes,Amul Kool Cafe 200ml (Can),Beverages,Flavoured Milk,Yes,No,Medium,Yes,Low,No,No,0,0,0.0,Yes,Purabi / Sting / Coke,Existing inventory unsold,Stock Already Available,Yes,High,Stock Already Available,"Active pitching of Amul Tru (Mango, Litchi) and Kool Cafe. Retailers in Malugram 3 noted strong consumer preference for 200ml beverage tetra packs."
2026-05-26,Tuesday,22,May,Sengupta Agencies,Amarjeet Deb Purkayastha,Saurav Sinha,Malugram 3,Silchar Urban,OUT_2_004,Malugram 3 Counter 4,General Store,Medium,Market Street,Yes,Medium,Yes,Amul Tinned Paneer 425g,Dairy,Paneer,Yes,No,Medium,Yes,Low,No,No,0,0,0.0,Yes,Purabi / Sting / Coke,Existing inventory unsold,Stock Already Available,Yes,High,Stock Already Available,"Active pitching of Amul Tru (Mango, Litchi) and Kool Cafe. Retailers in Malugram 3 noted strong consumer preference for 200ml beverage tetra packs."
2026-05-26,Tuesday,22,May,Sengupta Agencies,Amarjeet Deb Purkayastha,Saurav Sinha,Malugram 3,Silchar Urban,OUT_2_005,Malugram 3 Counter 5,Kirana Store,Medium,Market Street,No,Medium,Yes,Amul Lassi 200ml,Beverages,Fermented Dairy,Yes,No,Medium,Yes,High,Yes,Yes,24,24,312.96,Yes,Purabi / Sting / Coke,,None,No,Low,None,"Active pitching of Amul Tru (Mango, Litchi) and Kool Cafe. Retailers in Malugram 3 noted strong consumer preference for 200ml beverage tetra packs."
2026-05-26,Tuesday,22,May,Sengupta Agencies,Amarjeet Deb Purkayastha,Saurav Sinha,Malugram 3,Silchar Urban,OUT_2_005,Malugram 3 Counter 5,Kirana Store,Medium,Market Street,No,Medium,Yes,Amul Kool Cafe 200ml (Can),Beverages,Flavoured Milk,Yes,No,Medium,Yes,High,Yes,Yes,24,24,817.2,Yes,Purabi / Sting / Coke,,None,No,Low,None,"Active pitching of Amul Tru (Mango, Litchi) and Kool Cafe. Retailers in Malugram 3 noted strong consumer preference for 200ml beverage tetra packs."
2026-05-26,Tuesday,22,May,Sengupta Agencies,Amarjeet Deb Purkayastha,Saurav Sinha,Malugram 3,Silchar Urban,OUT_2_005,Malugram 3 Counter 5,Kirana Store,Medium,Market Street,No,Medium,Yes,Amul Tinned Paneer 425g,Dairy,Paneer,Yes,No,Medium,Yes,Low,No,No,0,0,0.0,Yes,Purabi / Sting / Coke,Existing inventory unsold,Stock Already Available,Yes,High,Stock Already Available,"Active pitching of Amul Tru (Mango, Litchi) and Kool Cafe. Retailers in Malugram 3 noted strong consumer preference for 200ml beverage tetra packs."
2026-05-26,Tuesday,22,May,Sengupta Agencies,Amarjeet Deb Purkayastha,Saurav Sinha,Malugram 3,Silchar Urban,OUT_2_006,Malugram 3 Counter 6,General Store,Medium,Market Street,Yes,Medium,Yes,Amul Lassi 200ml,Beverages,Fermented Dairy,Yes,No,Medium,Yes,High,Yes,Yes,24,24,312.96,Yes,Purabi / Sting / Coke,,None,No,Low,None,"Active pitching of Amul Tru (Mango, Litchi) and Kool Cafe. Retailers in Malugram 3 noted strong consumer preference for 200ml beverage tetra packs."
2026-05-26,Tuesday,22,May,Sengupta Agencies,Amarjeet Deb Purkayastha,Saurav Sinha,Malugram 3,Silchar Urban,OUT_2_006,Malugram 3 Counter 6,General Store,Medium,Market Street,Yes,Medium,Yes,Amul Kool Cafe 200ml (Can),Beverages,Flavoured Milk,Yes,No,Medium,Yes,Low,No,No,0,0,0.0,Yes,Purabi / Sting / Coke,Existing inventory unsold,Stock Already Available,Yes,High,Stock Already Available,"Active pitching of Amul Tru (Mango, Litchi) and Kool Cafe. Retailers in Malugram 3 noted strong consumer preference for 200ml beverage tetra packs."
2026-05-26,Tuesday,22,May,Sengupta Agencies,Amarjeet Deb Purkayastha,Saurav Sinha,Malugram 3,Silchar Urban,OUT_2_006,Malugram 3 Counter 6,General Store,Medium,Market Street,Yes,Medium,Yes,Amul Tinned Paneer 425g,Dairy,Paneer,Yes,No,Medium,Yes,Low,No,No,0,0,0.0,Yes,Purabi / Sting / Coke,Existing inventory unsold,Stock Already Available,Yes,High,Stock Already Available,"Active pitching of Amul Tru (Mango, Litchi) and Kool Cafe. Retailers in Malugram 3 noted strong consumer preference for 200ml beverage tetra packs."
2026-05-26,Tuesday,22,May,Sengupta Agencies,Amarjeet Deb Purkayastha,Saurav Sinha,Malugram 3,Silchar Urban,OUT_2_007,Malugram 3 Counter 7,Kirana Store,Medium,Market Street,Yes,Medium,Yes,Amul Lassi 200ml,Beverages,Fermented Dairy,Yes,No,Medium,Yes,High,Yes,Yes,24,24,312.96,Yes,Purabi / Sting / Coke,,None,No,Low,None,"Active pitching of Amul Tru (Mango, Litchi) and Kool Cafe. Retailers in Malugram 3 noted strong consumer preference for 200ml beverage tetra packs."
2026-05-26,Tuesday,22,May,Sengupta Agencies,Amarjeet Deb Purkayastha,Saurav Sinha,Malugram 3,Silchar Urban,OUT_2_007,Malugram 3 Counter 7,Kirana Store,Medium,Market Street,Yes,Medium,Yes,Amul Kool Cafe 200ml (Can),Beverages,Flavoured Milk,Yes,No,Medium,Yes,High,Yes,Yes,24,24,817.2,Yes,Purabi / Sting / Coke,,None,No,Low,None,"Active pitching of Amul Tru (Mango, Litchi) and Kool Cafe. Retailers in Malugram 3 noted strong consumer preference for 200ml beverage tetra packs."
2026-05-26,Tuesday,22,May,Sengupta Agencies,Amarjeet Deb Purkayastha,Saurav Sinha,Malugram 3,Silchar Urban,OUT_2_007,Malugram 3 Counter 7,Kirana Store,Medium,Market Street,Yes,Medium,Yes,Amul Tinned Paneer 425g,Dairy,Paneer,Yes,No,Medium,Yes,Low,No,No,0,0,0.0,Yes,Purabi / Sting / Coke,Existing inventory unsold,Stock Already Available,Yes,High,Stock Already Available,"Active pitching of Amul Tru (Mango, Litchi) and Kool Cafe. Retailers in Malugram 3 noted strong consumer preference for 200ml beverage tetra packs."
2026-05-26,Tuesday,22,May,Sengupta Agencies,Amarjeet Deb Purkayastha,Saurav Sinha,Malugram 3,Silchar Urban,OUT_2_008,Malugram 3 Counter 8,General Store,Medium,Market Street,Yes,Medium,Yes,Amul Lassi 200ml,Beverages,Fermented Dairy,Yes,No,Medium,Yes,High,Yes,Yes,24,24,312.96,Yes,Purabi / Sting / Coke,,None,No,Low,None,"Active pitching of Amul Tru (Mango, Litchi) and Kool Cafe. Retailers in Malugram 3 noted strong consumer preference for 200ml beverage tetra packs."
2026-05-26,Tuesday,22,May,Sengupta Agencies,Amarjeet Deb Purkayastha,Saurav Sinha,Malugram 3,Silchar Urban,OUT_2_008,Malugram 3 Counter 8,General Store,Medium,Market Street,Yes,Medium,Yes,Amul Kool Cafe 200ml (Can),Beverages,Flavoured Milk,Yes,No,Medium,Yes,Low,No,No,0,0,0.0,Yes,Purabi / Sting / Coke,Existing inventory unsold,Stock Already Available,Yes,High,Stock Already Available,"Active pitching of Amul Tru (Mango, Litchi) and Kool Cafe. Retailers in Malugram 3 noted strong consumer preference for 200ml beverage tetra packs."
2026-05-26,Tuesday,22,May,Sengupta Agencies,Amarjeet Deb Purkayastha,Saurav Sinha,Malugram 3,Silchar Urban,OUT_2_008,Malugram 3 Counter 8,General Store,Medium,Market Street,Yes,Medium,Yes,Amul Tinned Paneer 425g,Dairy,Paneer,Yes,No,Medium,Yes,Low,No,No,0,0,0.0,Yes,Purabi / Sting / Coke,Existing inventory unsold,Stock Already Available,Yes,High,Stock Already Available,"Active pitching of Amul Tru (Mango, Litchi) and Kool Cafe. Retailers in Malugram 3 noted strong consumer preference for 200ml beverage tetra packs."
2026-05-26,Tuesday,22,May,Sengupta Agencies,Amarjeet Deb Purkayastha,Saurav Sinha,Malugram 3,Silchar Urban,OUT_2_009,Malugram 3 Counter 9,Kirana Store,Medium,Market Street,No,Medium,Yes,Amul Lassi 200ml,Beverages,Fermented Dairy,Yes,No,Medium,Yes,High,Yes,Yes,24,24,312.96,Yes,Purabi / Sting / Coke,,None,No,Low,None,"Active pitching of Amul Tru (Mango, Litchi) and Kool Cafe. Retailers in Malugram 3 noted strong consumer preference for 200ml beverage tetra packs."
2026-05-26,Tuesday,22,May,Sengupta Agencies,Amarjeet Deb Purkayastha,Saurav Sinha,Malugram 3,Silchar Urban,OUT_2_009,Malugram 3 Counter 9,Kirana Store,Medium,Market Street,No,Medium,Yes,Amul Kool Cafe 200ml (Can),Beverages,Flavoured Milk,Yes,No,Medium,Yes,High,Yes,Yes,24,24,817.2,Yes,Purabi / Sting / Coke,,None,No,Low,None,"Active pitching of Amul Tru (Mango, Litchi) and Kool Cafe. Retailers in Malugram 3 noted strong consumer preference for 200ml beverage tetra packs."
2026-05-26,Tuesday,22,May,Sengupta Agencies,Amarjeet Deb Purkayastha,Saurav Sinha,Malugram 3,Silchar Urban,OUT_2_009,Malugram 3 Counter 9,Kirana Store,Medium,Market Street,No,Medium,Yes,Amul Tinned Paneer 425g,Dairy,Paneer,Yes,No,Medium,Yes,Low,No,No,0,0,0.0,Yes,Purabi / Sting / Coke,Existing inventory unsold,Stock Already Available,Yes,High,Stock Already Available,"Active pitching of Amul Tru (Mango, Litchi) and Kool Cafe. Retailers in Malugram 3 noted strong consumer preference for 200ml beverage tetra packs."
2026-05-26,Tuesday,22,May,Sengupta Agencies,Amarjeet Deb Purkayastha,Saurav Sinha,Malugram 3,Silchar Urban,OUT_2_010,Malugram 3 Counter 10,General Store,Medium,Market Street,Yes,Medium,Yes,Amul Lassi 200ml,Beverages,Fermented Dairy,Yes,No,Medium,Yes,High,Yes,Yes,24,24,312.96,Yes,Purabi / Sting / Coke,,None,No,Low,None,"Active pitching of Amul Tru (Mango, Litchi) and Kool Cafe. Retailers in Malugram 3 noted strong consumer preference for 200ml beverage tetra packs."
2026-05-26,Tuesday,22,May,Sengupta Agencies,Amarjeet Deb Purkayastha,Saurav Sinha,Malugram 3,Silchar Urban,OUT_2_010,Malugram 3 Counter 10,General Store,Medium,Market Street,Yes,Medium,Yes,Amul Kool Cafe 200ml (Can),Beverages,Flavoured Milk,Yes,No,Medium,Yes,Low,No,No,0,0,0.0,Yes,Purabi / Sting / Coke,Existing inventory unsold,Stock Already Available,Yes,High,Stock Already Available,"Active pitching of Amul Tru (Mango, Litchi) and Kool Cafe. Retailers in Malugram 3 noted strong consumer preference for 200ml beverage tetra packs."
2026-05-26,Tuesday,22,May,Sengupta Agencies,Amarjeet Deb Purkayastha,Saurav Sinha,Malugram 3,Silchar Urban,OUT_2_010,Malugram 3 Counter 10,General Store,Medium,Market Street,Yes,Medium,Yes,Amul Tinned Paneer 425g,Dairy,Paneer,Yes,No,Medium,Yes,Low,No,No,0,0,0.0,Yes,Purabi / Sting / Coke,Existing inventory unsold,Stock Already Available,Yes,High,Stock Already Available,"Active pitching of Amul Tru (Mango, Litchi) and Kool Cafe. Retailers in Malugram 3 noted strong consumer preference for 200ml beverage tetra packs."
2026-05-26,Tuesday,22,May,Sengupta Agencies,Amarjeet Deb Purkayastha,Saurav Sinha,Malugram 3,Silchar Urban,OUT_2_011,Malugram 3 Counter 11,Kirana Store,Medium,Market Street,Yes,Medium,Yes,Amul Lassi 200ml,Beverages,Fermented Dairy,Yes,No,Medium,Yes,High,Yes,Yes,24,24,312.96,Yes,Purabi / Sting / Coke,,None,No,Low,None,"Active pitching of Amul Tru (Mango, Litchi) and Kool Cafe. Retailers in Malugram 3 noted strong consumer preference for 200ml beverage tetra packs."
2026-05-26,Tuesday,22,May,Sengupta Agencies,Amarjeet Deb Purkayastha,Saurav Sinha,Malugram 3,Silchar Urban,OUT_2_011,Malugram 3 Counter 11,Kirana Store,Medium,Market Street,Yes,Medium,Yes,Amul Kool Cafe 200ml (Can),Beverages,Flavoured Milk,Yes,No,Medium,Yes,High,Yes,Yes,24,24,817.2,Yes,Purabi / Sting / Coke,,None,No,Low,None,"Active pitching of Amul Tru (Mango, Litchi) and Kool Cafe. Retailers in Malugram 3 noted strong consumer preference for 200ml beverage tetra packs."
2026-05-26,Tuesday,22,May,Sengupta Agencies,Amarjeet Deb Purkayastha,Saurav Sinha,Malugram 3,Silchar Urban,OUT_2_011,Malugram 3 Counter 11,Kirana Store,Medium,Market Street,Yes,Medium,Yes,Amul Tinned Paneer 425g,Dairy,Paneer,Yes,No,Medium,Yes,Low,No,No,0,0,0.0,Yes,Purabi / Sting / Coke,Existing inventory unsold,Stock Already Available,Yes,High,Stock Already Available,"Active pitching of Amul Tru (Mango, Litchi) and Kool Cafe. Retailers in Malugram 3 noted strong consumer preference for 200ml beverage tetra packs."
2026-05-26,Tuesday,22,May,Sengupta Agencies,Amarjeet Deb Purkayastha,Saurav Sinha,Malugram 3,Silchar Urban,OUT_2_012,Malugram 3 Counter 12,General Store,Medium,Market Street,Yes,Medium,Yes,Amul Lassi 200ml,Beverages,Fermented Dairy,Yes,No,Medium,Yes,High,Yes,Yes,24,24,312.96,Yes,Purabi / Sting / Coke,,None,No,Low,None,"Active pitching of Amul Tru (Mango, Litchi) and Kool Cafe. Retailers in Malugram 3 noted strong consumer preference for 200ml beverage tetra packs."
2026-05-26,Tuesday,22,May,Sengupta Agencies,Amarjeet Deb Purkayastha,Saurav Sinha,Malugram 3,Silchar Urban,OUT_2_012,Malugram 3 Counter 12,General Store,Medium,Market Street,Yes,Medium,Yes,Amul Kool Cafe 200ml (Can),Beverages,Flavoured Milk,Yes,No,Medium,Yes,Low,No,No,0,0,0.0,Yes,Purabi / Sting / Coke,Existing inventory unsold,Stock Already Available,Yes,High,Stock Already Available,"Active pitching of Amul Tru (Mango, Litchi) and Kool Cafe. Retailers in Malugram 3 noted strong consumer preference for 200ml beverage tetra packs."
2026-05-26,Tuesday,22,May,Sengupta Agencies,Amarjeet Deb Purkayastha,Saurav Sinha,Malugram 3,Silchar Urban,OUT_2_012,Malugram 3 Counter 12,General Store,Medium,Market Street,Yes,Medium,Yes,Amul Tinned Paneer 425g,Dairy,Paneer,Yes,No,Medium,Yes,Low,No,No,0,0,0.0,Yes,Purabi / Sting / Coke,Existing inventory unsold,Stock Already Available,Yes,High,Stock Already Available,"Active pitching of Amul Tru (Mango, Litchi) and Kool Cafe. Retailers in Malugram 3 noted strong consumer preference for 200ml beverage tetra packs."
2026-05-26,Tuesday,22,May,Sengupta Agencies,Amarjeet Deb Purkayastha,Saurav Sinha,Malugram 3,Silchar Urban,OUT_2_013,Malugram 3 Counter 13,Kirana Store,Medium,Market Street,No,Medium,Yes,Amul Lassi 200ml,Beverages,Fermented Dairy,Yes,No,Medium,Yes,High,Yes,Yes,24,24,312.96,Yes,Purabi / Sting / Coke,,None,No,Low,None,"Active pitching of Amul Tru (Mango, Litchi) and Kool Cafe. Retailers in Malugram 3 noted strong consumer preference for 200ml beverage tetra packs."
2026-05-26,Tuesday,22,May,Sengupta Agencies,Amarjeet Deb Purkayastha,Saurav Sinha,Malugram 3,Silchar Urban,OUT_2_013,Malugram 3 Counter 13,Kirana Store,Medium,Market Street,No,Medium,Yes,Amul Kool Cafe 200ml (Can),Beverages,Flavoured Milk,Yes,No,Medium,Yes,High,Yes,Yes,24,24,817.2,Yes,Purabi / Sting / Coke,,None,No,Low,None,"Active pitching of Amul Tru (Mango, Litchi) and Kool Cafe. Retailers in Malugram 3 noted strong consumer preference for 200ml beverage tetra packs."
2026-05-26,Tuesday,22,May,Sengupta Agencies,Amarjeet Deb Purkayastha,Saurav Sinha,Malugram 3,Silchar Urban,OUT_2_013,Malugram 3 Counter 13,Kirana Store,Medium,Market Street,No,Medium,Yes,Amul Tinned Paneer 425g,Dairy,Paneer,Yes,No,Medium,Yes,Low,No,No,0,0,0.0,Yes,Purabi / Sting / Coke,Existing inventory unsold,Stock Already Available,Yes,High,Stock Already Available,"Active pitching of Amul Tru (Mango, Litchi) and Kool Cafe. Retailers in Malugram 3 noted strong consumer preference for 200ml beverage tetra packs."
2026-05-26,Tuesday,22,May,Sengupta Agencies,Amarjeet Deb Purkayastha,Saurav Sinha,Malugram 3,Silchar Urban,OUT_2_014,Malugram 3 Counter 14,General Store,Medium,Market Street,Yes,Medium,Yes,Amul Lassi 200ml,Beverages,Fermented Dairy,Yes,No,Medium,Yes,Low,No,No,0,0,0.0,Yes,Purabi / Sting / Coke,Existing inventory unsold,Stock Already Available,Yes,High,Stock Already Available,"Active pitching of Amul Tru (Mango, Litchi) and Kool Cafe. Retailers in Malugram 3 noted strong consumer preference for 200ml beverage tetra packs."
2026-05-26,Tuesday,22,May,Sengupta Agencies,Amarjeet Deb Purkayastha,Saurav Sinha,Malugram 3,Silchar Urban,OUT_2_014,Malugram 3 Counter 14,General Store,Medium,Market Street,Yes,Medium,Yes,Amul Kool Cafe 200ml (Can),Beverages,Flavoured Milk,Yes,No,Medium,Yes,Low,No,No,0,0,0.0,Yes,Purabi / Sting / Coke,Existing inventory unsold,Stock Already Available,Yes,High,Stock Already Available,"Active pitching of Amul Tru (Mango, Litchi) and Kool Cafe. Retailers in Malugram 3 noted strong consumer preference for 200ml beverage tetra packs."
2026-05-26,Tuesday,22,May,Sengupta Agencies,Amarjeet Deb Purkayastha,Saurav Sinha,Malugram 3,Silchar Urban,OUT_2_014,Malugram 3 Counter 14,General Store,Medium,Market Street,Yes,Medium,Yes,Amul Tinned Paneer 425g,Dairy,Paneer,Yes,No,Medium,Yes,Low,No,No,0,0,0.0,Yes,Purabi / Sting / Coke,Existing inventory unsold,Stock Already Available,Yes,High,Stock Already Available,"Active pitching of Amul Tru (Mango, Litchi) and Kool Cafe. Retailers in Malugram 3 noted strong consumer preference for 200ml beverage tetra packs."
2026-05-26,Tuesday,22,May,Sengupta Agencies,Amarjeet Deb Purkayastha,Saurav Sinha,Malugram 3,Silchar Urban,OUT_2_015,Malugram 3 Counter 15,Kirana Store,Medium,Market Street,Yes,Medium,Yes,Amul Lassi 200ml,Beverages,Fermented Dairy,Yes,No,Medium,Yes,Low,No,No,0,0,0.0,Yes,Purabi / Sting / Coke,Existing inventory unsold,Stock Already Available,Yes,High,Stock Already Available,"Active pitching of Amul Tru (Mango, Litchi) and Kool Cafe. Retailers in Malugram 3 noted strong consumer preference for 200ml beverage tetra packs."
2026-05-26,Tuesday,22,May,Sengupta Agencies,Amarjeet Deb Purkayastha,Saurav Sinha,Malugram 3,Silchar Urban,OUT_2_015,Malugram 3 Counter 15,Kirana Store,Medium,Market Street,Yes,Medium,Yes,Amul Kool Cafe 200ml (Can),Beverages,Flavoured Milk,Yes,No,Medium,Yes,Low,No,No,0,0,0.0,Yes,Purabi / Sting / Coke,Existing inventory unsold,Stock Already Available,Yes,High,Stock Already Available,"Active pitching of Amul Tru (Mango, Litchi) and Kool Cafe. Retailers in Malugram 3 noted strong consumer preference for 200ml beverage tetra packs."
2026-05-26,Tuesday,22,May,Sengupta Agencies,Amarjeet Deb Purkayastha,Saurav Sinha,Malugram 3,Silchar Urban,OUT_2_015,Malugram 3 Counter 15,Kirana Store,Medium,Market Street,Yes,Medium,Yes,Amul Tinned Paneer 425g,Dairy,Paneer,Yes,No,Medium,Yes,Low,No,No,0,0,0.0,Yes,Purabi / Sting / Coke,Existing inventory unsold,Stock Already Available,Yes,High,Stock Already Available,"Active pitching of Amul Tru (Mango, Litchi) and Kool Cafe. Retailers in Malugram 3 noted strong consumer preference for 200ml beverage tetra packs."
2026-05-27,Wednesday,22,May,Sengupta Agencies,Amarjeet Deb Purkayastha,Saurav Sinha,Malugram 1,Silchar Urban,OUT_3_001,Malugram 1 Counter 1,Kirana Store,Medium,Market Street,No,Medium,Yes,Amul Kool Cafe 200ml (Can),Beverages,Flavoured Milk,Yes,No,Medium,Yes,High,Yes,Yes,24,24,817.2,Yes,Purabi / Sting / Coke,,None,No,Low,None,Heavy demand for ₹35 Amul Butter (50g) across kirana counters; identified recurring stock-out gap at distributor level. High conversion on Amul Tru.
2026-05-27,Wednesday,22,May,Sengupta Agencies,Amarjeet Deb Purkayastha,Saurav Sinha,Malugram 1,Silchar Urban,OUT_3_001,Malugram 1 Counter 1,Kirana Store,Medium,Market Street,No,Medium,Yes,Amul Tinned Paneer 425g,Dairy,Paneer,Yes,No,Medium,Yes,High,Yes,Yes,24,24,3024.0,Yes,Purabi / Sting / Coke,,None,No,Low,None,Heavy demand for ₹35 Amul Butter (50g) across kirana counters; identified recurring stock-out gap at distributor level. High conversion on Amul Tru.
2026-05-27,Wednesday,22,May,Sengupta Agencies,Amarjeet Deb Purkayastha,Saurav Sinha,Malugram 1,Silchar Urban,OUT_3_001,Malugram 1 Counter 1,Kirana Store,Medium,Market Street,No,Medium,Yes,Amul Butter 50g (₹35 Small Pack),Dairy,Butter,Yes,No,Medium,Yes,Low,No,No,0,0,0.0,Yes,Purabi / Sting / Coke,Existing inventory unsold,Stock Already Available,Yes,High,Stock Already Available,Heavy demand for ₹35 Amul Butter (50g) across kirana counters; identified recurring stock-out gap at distributor level. High conversion on Amul Tru.
2026-05-27,Wednesday,22,May,Sengupta Agencies,Amarjeet Deb Purkayastha,Saurav Sinha,Malugram 1,Silchar Urban,OUT_3_002,Malugram 1 Counter 2,General Store,Medium,Market Street,Yes,Medium,Yes,Amul Kool Cafe 200ml (Can),Beverages,Flavoured Milk,Yes,No,Medium,Yes,High,Yes,Yes,24,24,817.2,Yes,Purabi / Sting / Coke,,None,No,Low,None,Heavy demand for ₹35 Amul Butter (50g) across kirana counters; identified recurring stock-out gap at distributor level. High conversion on Amul Tru.
2026-05-27,Wednesday,22,May,Sengupta Agencies,Amarjeet Deb Purkayastha,Saurav Sinha,Malugram 1,Silchar Urban,OUT_3_002,Malugram 1 Counter 2,General Store,Medium,Market Street,Yes,Medium,Yes,Amul Tinned Paneer 425g,Dairy,Paneer,Yes,No,Medium,Yes,Low,No,No,0,0,0.0,Yes,Purabi / Sting / Coke,Existing inventory unsold,Stock Already Available,Yes,High,Stock Already Available,Heavy demand for ₹35 Amul Butter (50g) across kirana counters; identified recurring stock-out gap at distributor level. High conversion on Amul Tru.
2026-05-27,Wednesday,22,May,Sengupta Agencies,Amarjeet Deb Purkayastha,Saurav Sinha,Malugram 1,Silchar Urban,OUT_3_002,Malugram 1 Counter 2,General Store,Medium,Market Street,Yes,Medium,Yes,Amul Butter 50g (₹35 Small Pack),Dairy,Butter,Yes,No,Medium,Yes,Low,No,No,0,0,0.0,Yes,Purabi / Sting / Coke,Existing inventory unsold,Stock Already Available,Yes,High,Stock Already Available,Heavy demand for ₹35 Amul Butter (50g) across kirana counters; identified recurring stock-out gap at distributor level. High conversion on Amul Tru.
2026-05-27,Wednesday,22,May,Sengupta Agencies,Amarjeet Deb Purkayastha,Saurav Sinha,Malugram 1,Silchar Urban,OUT_3_003,Malugram 1 Counter 3,Kirana Store,Medium,Market Street,Yes,Medium,Yes,Amul Kool Cafe 200ml (Can),Beverages,Flavoured Milk,Yes,No,Medium,Yes,High,Yes,Yes,24,24,817.2,Yes,Purabi / Sting / Coke,,None,No,Low,None,Heavy demand for ₹35 Amul Butter (50g) across kirana counters; identified recurring stock-out gap at distributor level. High conversion on Amul Tru.
2026-05-27,Wednesday,22,May,Sengupta Agencies,Amarjeet Deb Purkayastha,Saurav Sinha,Malugram 1,Silchar Urban,OUT_3_003,Malugram 1 Counter 3,Kirana Store,Medium,Market Street,Yes,Medium,Yes,Amul Tinned Paneer 425g,Dairy,Paneer,Yes,No,Medium,Yes,High,Yes,Yes,24,24,3024.0,Yes,Purabi / Sting / Coke,,None,No,Low,None,Heavy demand for ₹35 Amul Butter (50g) across kirana counters; identified recurring stock-out gap at distributor level. High conversion on Amul Tru.
2026-05-27,Wednesday,22,May,Sengupta Agencies,Amarjeet Deb Purkayastha,Saurav Sinha,Malugram 1,Silchar Urban,OUT_3_003,Malugram 1 Counter 3,Kirana Store,Medium,Market Street,Yes,Medium,Yes,Amul Butter 50g (₹35 Small Pack),Dairy,Butter,Yes,No,Medium,Yes,Low,No,No,0,0,0.0,Yes,Purabi / Sting / Coke,Existing inventory unsold,Stock Already Available,Yes,High,Stock Already Available,Heavy demand for ₹35 Amul Butter (50g) across kirana counters; identified recurring stock-out gap at distributor level. High conversion on Amul Tru.
2026-05-27,Wednesday,22,May,Sengupta Agencies,Amarjeet Deb Purkayastha,Saurav Sinha,Malugram 1,Silchar Urban,OUT_3_004,Malugram 1 Counter 4,General Store,Medium,Market Street,Yes,Medium,Yes,Amul Kool Cafe 200ml (Can),Beverages,Flavoured Milk,Yes,No,Medium,Yes,High,Yes,Yes,24,24,817.2,Yes,Purabi / Sting / Coke,,None,No,Low,None,Heavy demand for ₹35 Amul Butter (50g) across kirana counters; identified recurring stock-out gap at distributor level. High conversion on Amul Tru.
2026-05-27,Wednesday,22,May,Sengupta Agencies,Amarjeet Deb Purkayastha,Saurav Sinha,Malugram 1,Silchar Urban,OUT_3_004,Malugram 1 Counter 4,General Store,Medium,Market Street,Yes,Medium,Yes,Amul Tinned Paneer 425g,Dairy,Paneer,Yes,No,Medium,Yes,Low,No,No,0,0,0.0,Yes,Purabi / Sting / Coke,Existing inventory unsold,Stock Already Available,Yes,High,Stock Already Available,Heavy demand for ₹35 Amul Butter (50g) across kirana counters; identified recurring stock-out gap at distributor level. High conversion on Amul Tru.
2026-05-27,Wednesday,22,May,Sengupta Agencies,Amarjeet Deb Purkayastha,Saurav Sinha,Malugram 1,Silchar Urban,OUT_3_004,Malugram 1 Counter 4,General Store,Medium,Market Street,Yes,Medium,Yes,Amul Butter 50g (₹35 Small Pack),Dairy,Butter,Yes,No,Medium,Yes,Low,No,No,0,0,0.0,Yes,Purabi / Sting / Coke,Existing inventory unsold,Stock Already Available,Yes,High,Stock Already Available,Heavy demand for ₹35 Amul Butter (50g) across kirana counters; identified recurring stock-out gap at distributor level. High conversion on Amul Tru.
2026-05-27,Wednesday,22,May,Sengupta Agencies,Amarjeet Deb Purkayastha,Saurav Sinha,Malugram 1,Silchar Urban,OUT_3_005,Malugram 1 Counter 5,Kirana Store,Medium,Market Street,No,Medium,Yes,Amul Kool Cafe 200ml (Can),Beverages,Flavoured Milk,Yes,No,Medium,Yes,High,Yes,Yes,24,24,817.2,Yes,Purabi / Sting / Coke,,None,No,Low,None,Heavy demand for ₹35 Amul Butter (50g) across kirana counters; identified recurring stock-out gap at distributor level. High conversion on Amul Tru.
2026-05-27,Wednesday,22,May,Sengupta Agencies,Amarjeet Deb Purkayastha,Saurav Sinha,Malugram 1,Silchar Urban,OUT_3_005,Malugram 1 Counter 5,Kirana Store,Medium,Market Street,No,Medium,Yes,Amul Tinned Paneer 425g,Dairy,Paneer,Yes,No,Medium,Yes,High,Yes,Yes,24,24,3024.0,Yes,Purabi / Sting / Coke,,None,No,Low,None,Heavy demand for ₹35 Amul Butter (50g) across kirana counters; identified recurring stock-out gap at distributor level. High conversion on Amul Tru.
2026-05-27,Wednesday,22,May,Sengupta Agencies,Amarjeet Deb Purkayastha,Saurav Sinha,Malugram 1,Silchar Urban,OUT_3_005,Malugram 1 Counter 5,Kirana Store,Medium,Market Street,No,Medium,Yes,Amul Butter 50g (₹35 Small Pack),Dairy,Butter,Yes,No,Medium,Yes,Low,No,No,0,0,0.0,Yes,Purabi / Sting / Coke,Existing inventory unsold,Stock Already Available,Yes,High,Stock Already Available,Heavy demand for ₹35 Amul Butter (50g) across kirana counters; identified recurring stock-out gap at distributor level. High conversion on Amul Tru.
2026-05-27,Wednesday,22,May,Sengupta Agencies,Amarjeet Deb Purkayastha,Saurav Sinha,Malugram 1,Silchar Urban,OUT_3_006,Malugram 1 Counter 6,General Store,Medium,Market Street,Yes,Medium,Yes,Amul Kool Cafe 200ml (Can),Beverages,Flavoured Milk,Yes,No,Medium,Yes,High,Yes,Yes,24,24,817.2,Yes,Purabi / Sting / Coke,,None,No,Low,None,Heavy demand for ₹35 Amul Butter (50g) across kirana counters; identified recurring stock-out gap at distributor level. High conversion on Amul Tru.
2026-05-27,Wednesday,22,May,Sengupta Agencies,Amarjeet Deb Purkayastha,Saurav Sinha,Malugram 1,Silchar Urban,OUT_3_006,Malugram 1 Counter 6,General Store,Medium,Market Street,Yes,Medium,Yes,Amul Tinned Paneer 425g,Dairy,Paneer,Yes,No,Medium,Yes,Low,No,No,0,0,0.0,Yes,Purabi / Sting / Coke,Existing inventory unsold,Stock Already Available,Yes,High,Stock Already Available,Heavy demand for ₹35 Amul Butter (50g) across kirana counters; identified recurring stock-out gap at distributor level. High conversion on Amul Tru.
2026-05-27,Wednesday,22,May,Sengupta Agencies,Amarjeet Deb Purkayastha,Saurav Sinha,Malugram 1,Silchar Urban,OUT_3_006,Malugram 1 Counter 6,General Store,Medium,Market Street,Yes,Medium,Yes,Amul Butter 50g (₹35 Small Pack),Dairy,Butter,Yes,No,Medium,Yes,Low,No,No,0,0,0.0,Yes,Purabi / Sting / Coke,Existing inventory unsold,Stock Already Available,Yes,High,Stock Already Available,Heavy demand for ₹35 Amul Butter (50g) across kirana counters; identified recurring stock-out gap at distributor level. High conversion on Amul Tru.
2026-05-27,Wednesday,22,May,Sengupta Agencies,Amarjeet Deb Purkayastha,Saurav Sinha,Malugram 1,Silchar Urban,OUT_3_007,Malugram 1 Counter 7,Kirana Store,Medium,Market Street,Yes,Medium,Yes,Amul Kool Cafe 200ml (Can),Beverages,Flavoured Milk,Yes,No,Medium,Yes,High,Yes,Yes,24,24,817.2,Yes,Purabi / Sting / Coke,,None,No,Low,None,Heavy demand for ₹35 Amul Butter (50g) across kirana counters; identified recurring stock-out gap at distributor level. High conversion on Amul Tru.
2026-05-27,Wednesday,22,May,Sengupta Agencies,Amarjeet Deb Purkayastha,Saurav Sinha,Malugram 1,Silchar Urban,OUT_3_007,Malugram 1 Counter 7,Kirana Store,Medium,Market Street,Yes,Medium,Yes,Amul Tinned Paneer 425g,Dairy,Paneer,Yes,No,Medium,Yes,High,Yes,Yes,24,24,3024.0,Yes,Purabi / Sting / Coke,,None,No,Low,None,Heavy demand for ₹35 Amul Butter (50g) across kirana counters; identified recurring stock-out gap at distributor level. High conversion on Amul Tru.
2026-05-27,Wednesday,22,May,Sengupta Agencies,Amarjeet Deb Purkayastha,Saurav Sinha,Malugram 1,Silchar Urban,OUT_3_007,Malugram 1 Counter 7,Kirana Store,Medium,Market Street,Yes,Medium,Yes,Amul Butter 50g (₹35 Small Pack),Dairy,Butter,Yes,No,Medium,Yes,Low,No,No,0,0,0.0,Yes,Purabi / Sting / Coke,Existing inventory unsold,Stock Already Available,Yes,High,Stock Already Available,Heavy demand for ₹35 Amul Butter (50g) across kirana counters; identified recurring stock-out gap at distributor level. High conversion on Amul Tru.
2026-05-27,Wednesday,22,May,Sengupta Agencies,Amarjeet Deb Purkayastha,Saurav Sinha,Malugram 1,Silchar Urban,OUT_3_008,Malugram 1 Counter 8,General Store,Medium,Market Street,Yes,Medium,Yes,Amul Kool Cafe 200ml (Can),Beverages,Flavoured Milk,Yes,No,Medium,Yes,High,Yes,Yes,24,24,817.2,Yes,Purabi / Sting / Coke,,None,No,Low,None,Heavy demand for ₹35 Amul Butter (50g) across kirana counters; identified recurring stock-out gap at distributor level. High conversion on Amul Tru.
2026-05-27,Wednesday,22,May,Sengupta Agencies,Amarjeet Deb Purkayastha,Saurav Sinha,Malugram 1,Silchar Urban,OUT_3_008,Malugram 1 Counter 8,General Store,Medium,Market Street,Yes,Medium,Yes,Amul Tinned Paneer 425g,Dairy,Paneer,Yes,No,Medium,Yes,Low,No,No,0,0,0.0,Yes,Purabi / Sting / Coke,Existing inventory unsold,Stock Already Available,Yes,High,Stock Already Available,Heavy demand for ₹35 Amul Butter (50g) across kirana counters; identified recurring stock-out gap at distributor level. High conversion on Amul Tru.
2026-05-27,Wednesday,22,May,Sengupta Agencies,Amarjeet Deb Purkayastha,Saurav Sinha,Malugram 1,Silchar Urban,OUT_3_008,Malugram 1 Counter 8,General Store,Medium,Market Street,Yes,Medium,Yes,Amul Butter 50g (₹35 Small Pack),Dairy,Butter,Yes,No,Medium,Yes,Low,No,No,0,0,0.0,Yes,Purabi / Sting / Coke,Existing inventory unsold,Stock Already Available,Yes,High,Stock Already Available,Heavy demand for ₹35 Amul Butter (50g) across kirana counters; identified recurring stock-out gap at distributor level. High conversion on Amul Tru.
2026-05-27,Wednesday,22,May,Sengupta Agencies,Amarjeet Deb Purkayastha,Saurav Sinha,Malugram 1,Silchar Urban,OUT_3_009,Malugram 1 Counter 9,Kirana Store,Medium,Market Street,No,Medium,Yes,Amul Kool Cafe 200ml (Can),Beverages,Flavoured Milk,Yes,No,Medium,Yes,High,Yes,Yes,24,24,817.2,Yes,Purabi / Sting / Coke,,None,No,Low,None,Heavy demand for ₹35 Amul Butter (50g) across kirana counters; identified recurring stock-out gap at distributor level. High conversion on Amul Tru.
2026-05-27,Wednesday,22,May,Sengupta Agencies,Amarjeet Deb Purkayastha,Saurav Sinha,Malugram 1,Silchar Urban,OUT_3_009,Malugram 1 Counter 9,Kirana Store,Medium,Market Street,No,Medium,Yes,Amul Tinned Paneer 425g,Dairy,Paneer,Yes,No,Medium,Yes,High,Yes,Yes,24,24,3024.0,Yes,Purabi / Sting / Coke,,None,No,Low,None,Heavy demand for ₹35 Amul Butter (50g) across kirana counters; identified recurring stock-out gap at distributor level. High conversion on Amul Tru.
2026-05-27,Wednesday,22,May,Sengupta Agencies,Amarjeet Deb Purkayastha,Saurav Sinha,Malugram 1,Silchar Urban,OUT_3_009,Malugram 1 Counter 9,Kirana Store,Medium,Market Street,No,Medium,Yes,Amul Butter 50g (₹35 Small Pack),Dairy,Butter,Yes,No,Medium,Yes,Low,No,No,0,0,0.0,Yes,Purabi / Sting / Coke,Existing inventory unsold,Stock Already Available,Yes,High,Stock Already Available,Heavy demand for ₹35 Amul Butter (50g) across kirana counters; identified recurring stock-out gap at distributor level. High conversion on Amul Tru.
2026-05-27,Wednesday,22,May,Sengupta Agencies,Amarjeet Deb Purkayastha,Saurav Sinha,Malugram 1,Silchar Urban,OUT_3_010,Malugram 1 Counter 10,General Store,Medium,Market Street,Yes,Medium,Yes,Amul Kool Cafe 200ml (Can),Beverages,Flavoured Milk,Yes,No,Medium,Yes,High,Yes,Yes,24,24,817.2,Yes,Purabi / Sting / Coke,,None,No,Low,None,Heavy demand for ₹35 Amul Butter (50g) across kirana counters; identified recurring stock-out gap at distributor level. High conversion on Amul Tru.
2026-05-27,Wednesday,22,May,Sengupta Agencies,Amarjeet Deb Purkayastha,Saurav Sinha,Malugram 1,Silchar Urban,OUT_3_010,Malugram 1 Counter 10,General Store,Medium,Market Street,Yes,Medium,Yes,Amul Tinned Paneer 425g,Dairy,Paneer,Yes,No,Medium,Yes,Low,No,No,0,0,0.0,Yes,Purabi / Sting / Coke,Existing inventory unsold,Stock Already Available,Yes,High,Stock Already Available,Heavy demand for ₹35 Amul Butter (50g) across kirana counters; identified recurring stock-out gap at distributor level. High conversion on Amul Tru.
2026-05-27,Wednesday,22,May,Sengupta Agencies,Amarjeet Deb Purkayastha,Saurav Sinha,Malugram 1,Silchar Urban,OUT_3_010,Malugram 1 Counter 10,General Store,Medium,Market Street,Yes,Medium,Yes,Amul Butter 50g (₹35 Small Pack),Dairy,Butter,Yes,No,Medium,Yes,Low,No,No,0,0,0.0,Yes,Purabi / Sting / Coke,Existing inventory unsold,Stock Already Available,Yes,High,Stock Already Available,Heavy demand for ₹35 Amul Butter (50g) across kirana counters; identified recurring stock-out gap at distributor level. High conversion on Amul Tru.
2026-05-27,Wednesday,22,May,Sengupta Agencies,Amarjeet Deb Purkayastha,Saurav Sinha,Malugram 1,Silchar Urban,OUT_3_011,Malugram 1 Counter 11,Kirana Store,Medium,Market Street,Yes,Medium,Yes,Amul Kool Cafe 200ml (Can),Beverages,Flavoured Milk,Yes,No,Medium,Yes,High,Yes,Yes,24,24,817.2,Yes,Purabi / Sting / Coke,,None,No,Low,None,Heavy demand for ₹35 Amul Butter (50g) across kirana counters; identified recurring stock-out gap at distributor level. High conversion on Amul Tru.
2026-05-27,Wednesday,22,May,Sengupta Agencies,Amarjeet Deb Purkayastha,Saurav Sinha,Malugram 1,Silchar Urban,OUT_3_011,Malugram 1 Counter 11,Kirana Store,Medium,Market Street,Yes,Medium,Yes,Amul Tinned Paneer 425g,Dairy,Paneer,Yes,No,Medium,Yes,High,Yes,Yes,24,24,3024.0,Yes,Purabi / Sting / Coke,,None,No,Low,None,Heavy demand for ₹35 Amul Butter (50g) across kirana counters; identified recurring stock-out gap at distributor level. High conversion on Amul Tru.
2026-05-27,Wednesday,22,May,Sengupta Agencies,Amarjeet Deb Purkayastha,Saurav Sinha,Malugram 1,Silchar Urban,OUT_3_011,Malugram 1 Counter 11,Kirana Store,Medium,Market Street,Yes,Medium,Yes,Amul Butter 50g (₹35 Small Pack),Dairy,Butter,Yes,No,Medium,Yes,Low,No,No,0,0,0.0,Yes,Purabi / Sting / Coke,Existing inventory unsold,Stock Already Available,Yes,High,Stock Already Available,Heavy demand for ₹35 Amul Butter (50g) across kirana counters; identified recurring stock-out gap at distributor level. High conversion on Amul Tru.
2026-05-27,Wednesday,22,May,Sengupta Agencies,Amarjeet Deb Purkayastha,Saurav Sinha,Malugram 1,Silchar Urban,OUT_3_012,Malugram 1 Counter 12,General Store,Medium,Market Street,Yes,Medium,Yes,Amul Kool Cafe 200ml (Can),Beverages,Flavoured Milk,Yes,No,Medium,Yes,High,Yes,Yes,24,24,817.2,Yes,Purabi / Sting / Coke,,None,No,Low,None,Heavy demand for ₹35 Amul Butter (50g) across kirana counters; identified recurring stock-out gap at distributor level. High conversion on Amul Tru.
2026-05-27,Wednesday,22,May,Sengupta Agencies,Amarjeet Deb Purkayastha,Saurav Sinha,Malugram 1,Silchar Urban,OUT_3_012,Malugram 1 Counter 12,General Store,Medium,Market Street,Yes,Medium,Yes,Amul Tinned Paneer 425g,Dairy,Paneer,Yes,No,Medium,Yes,Low,No,No,0,0,0.0,Yes,Purabi / Sting / Coke,Existing inventory unsold,Stock Already Available,Yes,High,Stock Already Available,Heavy demand for ₹35 Amul Butter (50g) across kirana counters; identified recurring stock-out gap at distributor level. High conversion on Amul Tru.
2026-05-27,Wednesday,22,May,Sengupta Agencies,Amarjeet Deb Purkayastha,Saurav Sinha,Malugram 1,Silchar Urban,OUT_3_012,Malugram 1 Counter 12,General Store,Medium,Market Street,Yes,Medium,Yes,Amul Butter 50g (₹35 Small Pack),Dairy,Butter,Yes,No,Medium,Yes,Low,No,No,0,0,0.0,Yes,Purabi / Sting / Coke,Existing inventory unsold,Stock Already Available,Yes,High,Stock Already Available,Heavy demand for ₹35 Amul Butter (50g) across kirana counters; identified recurring stock-out gap at distributor level. High conversion on Amul Tru.
2026-05-27,Wednesday,22,May,Sengupta Agencies,Amarjeet Deb Purkayastha,Saurav Sinha,Malugram 1,Silchar Urban,OUT_3_013,Malugram 1 Counter 13,Kirana Store,Medium,Market Street,No,Medium,Yes,Amul Kool Cafe 200ml (Can),Beverages,Flavoured Milk,Yes,No,Medium,Yes,High,Yes,Yes,24,24,817.2,Yes,Purabi / Sting / Coke,,None,No,Low,None,Heavy demand for ₹35 Amul Butter (50g) across kirana counters; identified recurring stock-out gap at distributor level. High conversion on Amul Tru.
2026-05-27,Wednesday,22,May,Sengupta Agencies,Amarjeet Deb Purkayastha,Saurav Sinha,Malugram 1,Silchar Urban,OUT_3_013,Malugram 1 Counter 13,Kirana Store,Medium,Market Street,No,Medium,Yes,Amul Tinned Paneer 425g,Dairy,Paneer,Yes,No,Medium,Yes,High,Yes,Yes,24,24,3024.0,Yes,Purabi / Sting / Coke,,None,No,Low,None,Heavy demand for ₹35 Amul Butter (50g) across kirana counters; identified recurring stock-out gap at distributor level. High conversion on Amul Tru.
2026-05-27,Wednesday,22,May,Sengupta Agencies,Amarjeet Deb Purkayastha,Saurav Sinha,Malugram 1,Silchar Urban,OUT_3_013,Malugram 1 Counter 13,Kirana Store,Medium,Market Street,No,Medium,Yes,Amul Butter 50g (₹35 Small Pack),Dairy,Butter,Yes,No,Medium,Yes,Low,No,No,0,0,0.0,Yes,Purabi / Sting / Coke,Existing inventory unsold,Stock Already Available,Yes,High,Stock Already Available,Heavy demand for ₹35 Amul Butter (50g) across kirana counters; identified recurring stock-out gap at distributor level. High conversion on Amul Tru.
2026-05-27,Wednesday,22,May,Sengupta Agencies,Amarjeet Deb Purkayastha,Saurav Sinha,Malugram 1,Silchar Urban,OUT_3_014,Malugram 1 Counter 14,General Store,Medium,Market Street,Yes,Medium,Yes,Amul Kool Cafe 200ml (Can),Beverages,Flavoured Milk,Yes,No,Medium,Yes,High,Yes,Yes,24,24,817.2,Yes,Purabi / Sting / Coke,,None,No,Low,None,Heavy demand for ₹35 Amul Butter (50g) across kirana counters; identified recurring stock-out gap at distributor level. High conversion on Amul Tru.
2026-05-27,Wednesday,22,May,Sengupta Agencies,Amarjeet Deb Purkayastha,Saurav Sinha,Malugram 1,Silchar Urban,OUT_3_014,Malugram 1 Counter 14,General Store,Medium,Market Street,Yes,Medium,Yes,Amul Tinned Paneer 425g,Dairy,Paneer,Yes,No,Medium,Yes,Low,No,No,0,0,0.0,Yes,Purabi / Sting / Coke,Existing inventory unsold,Stock Already Available,Yes,High,Stock Already Available,Heavy demand for ₹35 Amul Butter (50g) across kirana counters; identified recurring stock-out gap at distributor level. High conversion on Amul Tru.
2026-05-27,Wednesday,22,May,Sengupta Agencies,Amarjeet Deb Purkayastha,Saurav Sinha,Malugram 1,Silchar Urban,OUT_3_014,Malugram 1 Counter 14,General Store,Medium,Market Street,Yes,Medium,Yes,Amul Butter 50g (₹35 Small Pack),Dairy,Butter,Yes,No,Medium,Yes,Low,No,No,0,0,0.0,Yes,Purabi / Sting / Coke,Existing inventory unsold,Stock Already Available,Yes,High,Stock Already Available,Heavy demand for ₹35 Amul Butter (50g) across kirana counters; identified recurring stock-out gap at distributor level. High conversion on Amul Tru.
2026-05-27,Wednesday,22,May,Sengupta Agencies,Amarjeet Deb Purkayastha,Saurav Sinha,Malugram 1,Silchar Urban,OUT_3_015,Malugram 1 Counter 15,Kirana Store,Medium,Market Street,Yes,Medium,Yes,Amul Kool Cafe 200ml (Can),Beverages,Flavoured Milk,Yes,No,Medium,Yes,High,Yes,Yes,24,24,817.2,Yes,Purabi / Sting / Coke,,None,No,Low,None,Heavy demand for ₹35 Amul Butter (50g) across kirana counters; identified recurring stock-out gap at distributor level. High conversion on Amul Tru.
2026-05-27,Wednesday,22,May,Sengupta Agencies,Amarjeet Deb Purkayastha,Saurav Sinha,Malugram 1,Silchar Urban,OUT_3_015,Malugram 1 Counter 15,Kirana Store,Medium,Market Street,Yes,Medium,Yes,Amul Tinned Paneer 425g,Dairy,Paneer,Yes,No,Medium,Yes,High,Yes,Yes,24,24,3024.0,Yes,Purabi / Sting / Coke,,None,No,Low,None,Heavy demand for ₹35 Amul Butter (50g) across kirana counters; identified recurring stock-out gap at distributor level. High conversion on Amul Tru.
2026-05-27,Wednesday,22,May,Sengupta Agencies,Amarjeet Deb Purkayastha,Saurav Sinha,Malugram 1,Silchar Urban,OUT_3_015,Malugram 1 Counter 15,Kirana Store,Medium,Market Street,Yes,Medium,Yes,Amul Butter 50g (₹35 Small Pack),Dairy,Butter,Yes,No,Medium,Yes,Low,No,No,0,0,0.0,Yes,Purabi / Sting / Coke,Existing inventory unsold,Stock Already Available,Yes,High,Stock Already Available,Heavy demand for ₹35 Amul Butter (50g) across kirana counters; identified recurring stock-out gap at distributor level. High conversion on Amul Tru.
2026-05-27,Wednesday,22,May,Sengupta Agencies,Amarjeet Deb Purkayastha,Saurav Sinha,Malugram 1,Silchar Urban,OUT_3_016,Malugram 1 Counter 16,General Store,Medium,Market Street,Yes,Medium,Yes,Amul Kool Cafe 200ml (Can),Beverages,Flavoured Milk,Yes,No,Medium,Yes,High,Yes,Yes,24,24,817.2,Yes,Purabi / Sting / Coke,,None,No,Low,None,Heavy demand for ₹35 Amul Butter (50g) across kirana counters; identified recurring stock-out gap at distributor level. High conversion on Amul Tru.
2026-05-27,Wednesday,22,May,Sengupta Agencies,Amarjeet Deb Purkayastha,Saurav Sinha,Malugram 1,Silchar Urban,OUT_3_016,Malugram 1 Counter 16,General Store,Medium,Market Street,Yes,Medium,Yes,Amul Tinned Paneer 425g,Dairy,Paneer,Yes,No,Medium,Yes,Low,No,No,0,0,0.0,Yes,Purabi / Sting / Coke,Existing inventory unsold,Stock Already Available,Yes,High,Stock Already Available,Heavy demand for ₹35 Amul Butter (50g) across kirana counters; identified recurring stock-out gap at distributor level. High conversion on Amul Tru.
2026-05-27,Wednesday,22,May,Sengupta Agencies,Amarjeet Deb Purkayastha,Saurav Sinha,Malugram 1,Silchar Urban,OUT_3_016,Malugram 1 Counter 16,General Store,Medium,Market Street,Yes,Medium,Yes,Amul Butter 50g (₹35 Small Pack),Dairy,Butter,Yes,No,Medium,Yes,Low,No,No,0,0,0.0,Yes,Purabi / Sting / Coke,Existing inventory unsold,Stock Already Available,Yes,High,Stock Already Available,Heavy demand for ₹35 Amul Butter (50g) across kirana counters; identified recurring stock-out gap at distributor level. High conversion on Amul Tru.
2026-05-27,Wednesday,22,May,Sengupta Agencies,Amarjeet Deb Purkayastha,Saurav Sinha,Malugram 1,Silchar Urban,OUT_3_017,Malugram 1 Counter 17,Kirana Store,Medium,Market Street,No,Medium,Yes,Amul Kool Cafe 200ml (Can),Beverages,Flavoured Milk,Yes,No,Medium,Yes,High,Yes,Yes,24,24,817.2,Yes,Purabi / Sting / Coke,,None,No,Low,None,Heavy demand for ₹35 Amul Butter (50g) across kirana counters; identified recurring stock-out gap at distributor level. High conversion on Amul Tru.
2026-05-27,Wednesday,22,May,Sengupta Agencies,Amarjeet Deb Purkayastha,Saurav Sinha,Malugram 1,Silchar Urban,OUT_3_017,Malugram 1 Counter 17,Kirana Store,Medium,Market Street,No,Medium,Yes,Amul Tinned Paneer 425g,Dairy,Paneer,Yes,No,Medium,Yes,High,Yes,Yes,24,24,3024.0,Yes,Purabi / Sting / Coke,,None,No,Low,None,Heavy demand for ₹35 Amul Butter (50g) across kirana counters; identified recurring stock-out gap at distributor level. High conversion on Amul Tru.
2026-05-27,Wednesday,22,May,Sengupta Agencies,Amarjeet Deb Purkayastha,Saurav Sinha,Malugram 1,Silchar Urban,OUT_3_017,Malugram 1 Counter 17,Kirana Store,Medium,Market Street,No,Medium,Yes,Amul Butter 50g (₹35 Small Pack),Dairy,Butter,Yes,No,Medium,Yes,Low,No,No,0,0,0.0,Yes,Purabi / Sting / Coke,Existing inventory unsold,Stock Already Available,Yes,High,Stock Already Available,Heavy demand for ₹35 Amul Butter (50g) across kirana counters; identified recurring stock-out gap at distributor level. High conversion on Amul Tru.
2026-05-27,Wednesday,22,May,Sengupta Agencies,Amarjeet Deb Purkayastha,Saurav Sinha,Malugram 1,Silchar Urban,OUT_3_018,Malugram 1 Counter 18,General Store,Medium,Market Street,Yes,Medium,Yes,Amul Kool Cafe 200ml (Can),Beverages,Flavoured Milk,Yes,No,Medium,Yes,High,Yes,Yes,24,24,817.2,Yes,Purabi / Sting / Coke,,None,No,Low,None,Heavy demand for ₹35 Amul Butter (50g) across kirana counters; identified recurring stock-out gap at distributor level. High conversion on Amul Tru.
2026-05-27,Wednesday,22,May,Sengupta Agencies,Amarjeet Deb Purkayastha,Saurav Sinha,Malugram 1,Silchar Urban,OUT_3_018,Malugram 1 Counter 18,General Store,Medium,Market Street,Yes,Medium,Yes,Amul Tinned Paneer 425g,Dairy,Paneer,Yes,No,Medium,Yes,Low,No,No,0,0,0.0,Yes,Purabi / Sting / Coke,Existing inventory unsold,Stock Already Available,Yes,High,Stock Already Available,Heavy demand for ₹35 Amul Butter (50g) across kirana counters; identified recurring stock-out gap at distributor level. High conversion on Amul Tru.
2026-05-27,Wednesday,22,May,Sengupta Agencies,Amarjeet Deb Purkayastha,Saurav Sinha,Malugram 1,Silchar Urban,OUT_3_018,Malugram 1 Counter 18,General Store,Medium,Market Street,Yes,Medium,Yes,Amul Butter 50g (₹35 Small Pack),Dairy,Butter,Yes,No,Medium,Yes,Low,No,No,0,0,0.0,Yes,Purabi / Sting / Coke,Existing inventory unsold,Stock Already Available,Yes,High,Stock Already Available,Heavy demand for ₹35 Amul Butter (50g) across kirana counters; identified recurring stock-out gap at distributor level. High conversion on Amul Tru.
2026-05-27,Wednesday,22,May,Sengupta Agencies,Amarjeet Deb Purkayastha,Saurav Sinha,Malugram 1,Silchar Urban,OUT_3_019,Malugram 1 Counter 19,Kirana Store,Medium,Market Street,Yes,Medium,Yes,Amul Kool Cafe 200ml (Can),Beverages,Flavoured Milk,Yes,No,Medium,Yes,Low,No,No,0,0,0.0,Yes,Purabi / Sting / Coke,Existing inventory unsold,Stock Already Available,Yes,High,Stock Already Available,Heavy demand for ₹35 Amul Butter (50g) across kirana counters; identified recurring stock-out gap at distributor level. High conversion on Amul Tru.
2026-05-27,Wednesday,22,May,Sengupta Agencies,Amarjeet Deb Purkayastha,Saurav Sinha,Malugram 1,Silchar Urban,OUT_3_019,Malugram 1 Counter 19,Kirana Store,Medium,Market Street,Yes,Medium,Yes,Amul Tinned Paneer 425g,Dairy,Paneer,Yes,No,Medium,Yes,Low,No,No,0,0,0.0,Yes,Purabi / Sting / Coke,Existing inventory unsold,Stock Already Available,Yes,High,Stock Already Available,Heavy demand for ₹35 Amul Butter (50g) across kirana counters; identified recurring stock-out gap at distributor level. High conversion on Amul Tru.
2026-05-27,Wednesday,22,May,Sengupta Agencies,Amarjeet Deb Purkayastha,Saurav Sinha,Malugram 1,Silchar Urban,OUT_3_019,Malugram 1 Counter 19,Kirana Store,Medium,Market Street,Yes,Medium,Yes,Amul Butter 50g (₹35 Small Pack),Dairy,Butter,Yes,No,Medium,Yes,Low,No,No,0,0,0.0,Yes,Purabi / Sting / Coke,Existing inventory unsold,Stock Already Available,Yes,High,Stock Already Available,Heavy demand for ₹35 Amul Butter (50g) across kirana counters; identified recurring stock-out gap at distributor level. High conversion on Amul Tru.
2026-05-27,Wednesday,22,May,Sengupta Agencies,Amarjeet Deb Purkayastha,Saurav Sinha,Malugram 1,Silchar Urban,OUT_3_020,Malugram 1 Counter 20,General Store,Medium,Market Street,Yes,Medium,Yes,Amul Kool Cafe 200ml (Can),Beverages,Flavoured Milk,Yes,No,Medium,Yes,Low,No,No,0,0,0.0,Yes,Purabi / Sting / Coke,Existing inventory unsold,Stock Already Available,Yes,High,Stock Already Available,Heavy demand for ₹35 Amul Butter (50g) across kirana counters; identified recurring stock-out gap at distributor level. High conversion on Amul Tru.
2026-05-27,Wednesday,22,May,Sengupta Agencies,Amarjeet Deb Purkayastha,Saurav Sinha,Malugram 1,Silchar Urban,OUT_3_020,Malugram 1 Counter 20,General Store,Medium,Market Street,Yes,Medium,Yes,Amul Tinned Paneer 425g,Dairy,Paneer,Yes,No,Medium,Yes,Low,No,No,0,0,0.0,Yes,Purabi / Sting / Coke,Existing inventory unsold,Stock Already Available,Yes,High,Stock Already Available,Heavy demand for ₹35 Amul Butter (50g) across kirana counters; identified recurring stock-out gap at distributor level. High conversion on Amul Tru.
2026-05-27,Wednesday,22,May,Sengupta Agencies,Amarjeet Deb Purkayastha,Saurav Sinha,Malugram 1,Silchar Urban,OUT_3_020,Malugram 1 Counter 20,General Store,Medium,Market Street,Yes,Medium,Yes,Amul Butter 50g (₹35 Small Pack),Dairy,Butter,Yes,No,Medium,Yes,Low,No,No,0,0,0.0,Yes,Purabi / Sting / Coke,Existing inventory unsold,Stock Already Available,Yes,High,Stock Already Available,Heavy demand for ₹35 Amul Butter (50g) across kirana counters; identified recurring stock-out gap at distributor level. High conversion on Amul Tru.
2026-05-27,Wednesday,22,May,Sengupta Agencies,Amarjeet Deb Purkayastha,Saurav Sinha,Malugram 1,Silchar Urban,OUT_3_021,Malugram 1 Counter 21,Kirana Store,Medium,Market Street,No,Medium,Yes,Amul Kool Cafe 200ml (Can),Beverages,Flavoured Milk,Yes,No,Medium,Yes,Low,No,No,0,0,0.0,Yes,Purabi / Sting / Coke,Existing inventory unsold,Stock Already Available,Yes,High,Stock Already Available,Heavy demand for ₹35 Amul Butter (50g) across kirana counters; identified recurring stock-out gap at distributor level. High conversion on Amul Tru.
2026-05-27,Wednesday,22,May,Sengupta Agencies,Amarjeet Deb Purkayastha,Saurav Sinha,Malugram 1,Silchar Urban,OUT_3_021,Malugram 1 Counter 21,Kirana Store,Medium,Market Street,No,Medium,Yes,Amul Tinned Paneer 425g,Dairy,Paneer,Yes,No,Medium,Yes,Low,No,No,0,0,0.0,Yes,Purabi / Sting / Coke,Existing inventory unsold,Stock Already Available,Yes,High,Stock Already Available,Heavy demand for ₹35 Amul Butter (50g) across kirana counters; identified recurring stock-out gap at distributor level. High conversion on Amul Tru.
2026-05-27,Wednesday,22,May,Sengupta Agencies,Amarjeet Deb Purkayastha,Saurav Sinha,Malugram 1,Silchar Urban,OUT_3_021,Malugram 1 Counter 21,Kirana Store,Medium,Market Street,No,Medium,Yes,Amul Butter 50g (₹35 Small Pack),Dairy,Butter,Yes,No,Medium,Yes,Low,No,No,0,0,0.0,Yes,Purabi / Sting / Coke,Existing inventory unsold,Stock Already Available,Yes,High,Stock Already Available,Heavy demand for ₹35 Amul Butter (50g) across kirana counters; identified recurring stock-out gap at distributor level. High conversion on Amul Tru.
2026-05-27,Wednesday,22,May,Sengupta Agencies,Amarjeet Deb Purkayastha,Saurav Sinha,Malugram 1,Silchar Urban,OUT_3_022,Malugram 1 Counter 22,General Store,Medium,Market Street,Yes,Medium,Yes,Amul Kool Cafe 200ml (Can),Beverages,Flavoured Milk,Yes,No,Medium,Yes,Low,No,No,0,0,0.0,Yes,Purabi / Sting / Coke,Existing inventory unsold,Stock Already Available,Yes,High,Stock Already Available,Heavy demand for ₹35 Amul Butter (50g) across kirana counters; identified recurring stock-out gap at distributor level. High conversion on Amul Tru.
2026-05-27,Wednesday,22,May,Sengupta Agencies,Amarjeet Deb Purkayastha,Saurav Sinha,Malugram 1,Silchar Urban,OUT_3_022,Malugram 1 Counter 22,General Store,Medium,Market Street,Yes,Medium,Yes,Amul Tinned Paneer 425g,Dairy,Paneer,Yes,No,Medium,Yes,Low,No,No,0,0,0.0,Yes,Purabi / Sting / Coke,Existing inventory unsold,Stock Already Available,Yes,High,Stock Already Available,Heavy demand for ₹35 Amul Butter (50g) across kirana counters; identified recurring stock-out gap at distributor level. High conversion on Amul Tru.
2026-05-27,Wednesday,22,May,Sengupta Agencies,Amarjeet Deb Purkayastha,Saurav Sinha,Malugram 1,Silchar Urban,OUT_3_022,Malugram 1 Counter 22,General Store,Medium,Market Street,Yes,Medium,Yes,Amul Butter 50g (₹35 Small Pack),Dairy,Butter,Yes,No,Medium,Yes,Low,No,No,0,0,0.0,Yes,Purabi / Sting / Coke,Existing inventory unsold,Stock Already Available,Yes,High,Stock Already Available,Heavy demand for ₹35 Amul Butter (50g) across kirana counters; identified recurring stock-out gap at distributor level. High conversion on Amul Tru.
2026-05-27,Wednesday,22,May,Sengupta Agencies,Amarjeet Deb Purkayastha,Saurav Sinha,Malugram 1,Silchar Urban,OUT_3_023,Malugram 1 Counter 23,Kirana Store,Medium,Market Street,Yes,Medium,Yes,Amul Kool Cafe 200ml (Can),Beverages,Flavoured Milk,Yes,No,Medium,Yes,Low,No,No,0,0,0.0,Yes,Purabi / Sting / Coke,Existing inventory unsold,Stock Already Available,Yes,High,Stock Already Available,Heavy demand for ₹35 Amul Butter (50g) across kirana counters; identified recurring stock-out gap at distributor level. High conversion on Amul Tru.
2026-05-27,Wednesday,22,May,Sengupta Agencies,Amarjeet Deb Purkayastha,Saurav Sinha,Malugram 1,Silchar Urban,OUT_3_023,Malugram 1 Counter 23,Kirana Store,Medium,Market Street,Yes,Medium,Yes,Amul Tinned Paneer 425g,Dairy,Paneer,Yes,No,Medium,Yes,Low,No,No,0,0,0.0,Yes,Purabi / Sting / Coke,Existing inventory unsold,Stock Already Available,Yes,High,Stock Already Available,Heavy demand for ₹35 Amul Butter (50g) across kirana counters; identified recurring stock-out gap at distributor level. High conversion on Amul Tru.
2026-05-27,Wednesday,22,May,Sengupta Agencies,Amarjeet Deb Purkayastha,Saurav Sinha,Malugram 1,Silchar Urban,OUT_3_023,Malugram 1 Counter 23,Kirana Store,Medium,Market Street,Yes,Medium,Yes,Amul Butter 50g (₹35 Small Pack),Dairy,Butter,Yes,No,Medium,Yes,Low,No,No,0,0,0.0,Yes,Purabi / Sting / Coke,Existing inventory unsold,Stock Already Available,Yes,High,Stock Already Available,Heavy demand for ₹35 Amul Butter (50g) across kirana counters; identified recurring stock-out gap at distributor level. High conversion on Amul Tru.
2026-05-28,Thursday,22,May,Sengupta Agencies,Amarjeet Deb Purkayastha,Saurav Sinha,Itkhola,Silchar Urban,OUT_4_001,Itkhola Counter 1,Kirana Store,Medium,Market Street,No,Medium,Yes,Amul Tinned Paneer 425g,Dairy,Paneer,Yes,No,Medium,Yes,High,Yes,Yes,24,24,3024.0,Yes,Purabi / Sting / Coke,,None,No,Low,None,Conducted deep retailer interviews in Itkhola. Retailers noted competition from Purabi Lassi due to higher dealer margin; Amul brand pull remains stro
2026-05-28,Thursday,22,May,Sengupta Agencies,Amarjeet Deb Purkayastha,Saurav Sinha,Itkhola,Silchar Urban,OUT_4_001,Itkhola Counter 1,Kirana Store,Medium,Market Street,No,Medium,Yes,Amul Butter 50g (₹35 Small Pack),Dairy,Butter,Yes,No,Medium,Yes,High,Yes,Yes,24,24,736.8,Yes,Purabi / Sting / Coke,,None,No,Low,None,Conducted deep retailer interviews in Itkhola. Retailers noted competition from Purabi Lassi due to higher dealer margin; Amul brand pull remains stro
2026-05-28,Thursday,22,May,Sengupta Agencies,Amarjeet Deb Purkayastha,Saurav Sinha,Itkhola,Silchar Urban,OUT_4_001,Itkhola Counter 1,Kirana Store,Medium,Market Street,No,Medium,Yes,Amul Dark Chocolate 150g,Confectionery,Chocolates,Yes,No,Medium,Yes,Low,No,No,0,0,0.0,Yes,Purabi / Sting / Coke,Competitors offer higher trade margin,Low Margin vs Competitor,Yes,High,Low Margin vs Competitor,Conducted deep retailer interviews in Itkhola. Retailers noted competition from Purabi Lassi due to higher dealer margin; Amul brand pull remains stro
2026-05-28,Thursday,22,May,Sengupta Agencies,Amarjeet Deb Purkayastha,Saurav Sinha,Itkhola,Silchar Urban,OUT_4_002,Itkhola Counter 2,General Store,Medium,Market Street,Yes,Medium,Yes,Amul Tinned Paneer 425g,Dairy,Paneer,Yes,No,Medium,Yes,High,Yes,Yes,24,24,3024.0,Yes,Purabi / Sting / Coke,,None,No,Low,None,Conducted deep retailer interviews in Itkhola. Retailers noted competition from Purabi Lassi due to higher dealer margin; Amul brand pull remains stro
2026-05-28,Thursday,22,May,Sengupta Agencies,Amarjeet Deb Purkayastha,Saurav Sinha,Itkhola,Silchar Urban,OUT_4_002,Itkhola Counter 2,General Store,Medium,Market Street,Yes,Medium,Yes,Amul Butter 50g (₹35 Small Pack),Dairy,Butter,Yes,No,Medium,Yes,Low,No,No,0,0,0.0,Yes,Purabi / Sting / Coke,Competitors offer higher trade margin,Low Margin vs Competitor,Yes,High,Low Margin vs Competitor,Conducted deep retailer interviews in Itkhola. Retailers noted competition from Purabi Lassi due to higher dealer margin; Amul brand pull remains stro
2026-05-28,Thursday,22,May,Sengupta Agencies,Amarjeet Deb Purkayastha,Saurav Sinha,Itkhola,Silchar Urban,OUT_4_002,Itkhola Counter 2,General Store,Medium,Market Street,Yes,Medium,Yes,Amul Dark Chocolate 150g,Confectionery,Chocolates,Yes,No,Medium,Yes,Low,No,No,0,0,0.0,Yes,Purabi / Sting / Coke,Competitors offer higher trade margin,Low Margin vs Competitor,Yes,High,Low Margin vs Competitor,Conducted deep retailer interviews in Itkhola. Retailers noted competition from Purabi Lassi due to higher dealer margin; Amul brand pull remains stro
2026-05-28,Thursday,22,May,Sengupta Agencies,Amarjeet Deb Purkayastha,Saurav Sinha,Itkhola,Silchar Urban,OUT_4_003,Itkhola Counter 3,Kirana Store,Medium,Market Street,Yes,Medium,Yes,Amul Tinned Paneer 425g,Dairy,Paneer,Yes,No,Medium,Yes,High,Yes,Yes,24,24,3024.0,Yes,Purabi / Sting / Coke,,None,No,Low,None,Conducted deep retailer interviews in Itkhola. Retailers noted competition from Purabi Lassi due to higher dealer margin; Amul brand pull remains stro
2026-05-28,Thursday,22,May,Sengupta Agencies,Amarjeet Deb Purkayastha,Saurav Sinha,Itkhola,Silchar Urban,OUT_4_003,Itkhola Counter 3,Kirana Store,Medium,Market Street,Yes,Medium,Yes,Amul Butter 50g (₹35 Small Pack),Dairy,Butter,Yes,No,Medium,Yes,High,Yes,Yes,24,24,736.8,Yes,Purabi / Sting / Coke,,None,No,Low,None,Conducted deep retailer interviews in Itkhola. Retailers noted competition from Purabi Lassi due to higher dealer margin; Amul brand pull remains stro
2026-05-28,Thursday,22,May,Sengupta Agencies,Amarjeet Deb Purkayastha,Saurav Sinha,Itkhola,Silchar Urban,OUT_4_003,Itkhola Counter 3,Kirana Store,Medium,Market Street,Yes,Medium,Yes,Amul Dark Chocolate 150g,Confectionery,Chocolates,Yes,No,Medium,Yes,Low,No,No,0,0,0.0,Yes,Purabi / Sting / Coke,Competitors offer higher trade margin,Low Margin vs Competitor,Yes,High,Low Margin vs Competitor,Conducted deep retailer interviews in Itkhola. Retailers noted competition from Purabi Lassi due to higher dealer margin; Amul brand pull remains stro
2026-05-28,Thursday,22,May,Sengupta Agencies,Amarjeet Deb Purkayastha,Saurav Sinha,Itkhola,Silchar Urban,OUT_4_004,Itkhola Counter 4,General Store,Medium,Market Street,Yes,Medium,Yes,Amul Tinned Paneer 425g,Dairy,Paneer,Yes,No,Medium,Yes,High,Yes,Yes,24,24,3024.0,Yes,Purabi / Sting / Coke,,None,No,Low,None,Conducted deep retailer interviews in Itkhola. Retailers noted competition from Purabi Lassi due to higher dealer margin; Amul brand pull remains stro
2026-05-28,Thursday,22,May,Sengupta Agencies,Amarjeet Deb Purkayastha,Saurav Sinha,Itkhola,Silchar Urban,OUT_4_004,Itkhola Counter 4,General Store,Medium,Market Street,Yes,Medium,Yes,Amul Butter 50g (₹35 Small Pack),Dairy,Butter,Yes,No,Medium,Yes,Low,No,No,0,0,0.0,Yes,Purabi / Sting / Coke,Competitors offer higher trade margin,Low Margin vs Competitor,Yes,High,Low Margin vs Competitor,Conducted deep retailer interviews in Itkhola. Retailers noted competition from Purabi Lassi due to higher dealer margin; Amul brand pull remains stro
2026-05-28,Thursday,22,May,Sengupta Agencies,Amarjeet Deb Purkayastha,Saurav Sinha,Itkhola,Silchar Urban,OUT_4_004,Itkhola Counter 4,General Store,Medium,Market Street,Yes,Medium,Yes,Amul Dark Chocolate 150g,Confectionery,Chocolates,Yes,No,Medium,Yes,Low,No,No,0,0,0.0,Yes,Purabi / Sting / Coke,Competitors offer higher trade margin,Low Margin vs Competitor,Yes,High,Low Margin vs Competitor,Conducted deep retailer interviews in Itkhola. Retailers noted competition from Purabi Lassi due to higher dealer margin; Amul brand pull remains stro
2026-05-28,Thursday,22,May,Sengupta Agencies,Amarjeet Deb Purkayastha,Saurav Sinha,Itkhola,Silchar Urban,OUT_4_005,Itkhola Counter 5,Kirana Store,Medium,Market Street,No,Medium,Yes,Amul Tinned Paneer 425g,Dairy,Paneer,Yes,No,Medium,Yes,High,Yes,Yes,24,24,3024.0,Yes,Purabi / Sting / Coke,,None,No,Low,None,Conducted deep retailer interviews in Itkhola. Retailers noted competition from Purabi Lassi due to higher dealer margin; Amul brand pull remains stro
2026-05-28,Thursday,22,May,Sengupta Agencies,Amarjeet Deb Purkayastha,Saurav Sinha,Itkhola,Silchar Urban,OUT_4_005,Itkhola Counter 5,Kirana Store,Medium,Market Street,No,Medium,Yes,Amul Butter 50g (₹35 Small Pack),Dairy,Butter,Yes,No,Medium,Yes,High,Yes,Yes,24,24,736.8,Yes,Purabi / Sting / Coke,,None,No,Low,None,Conducted deep retailer interviews in Itkhola. Retailers noted competition from Purabi Lassi due to higher dealer margin; Amul brand pull remains stro
2026-05-28,Thursday,22,May,Sengupta Agencies,Amarjeet Deb Purkayastha,Saurav Sinha,Itkhola,Silchar Urban,OUT_4_005,Itkhola Counter 5,Kirana Store,Medium,Market Street,No,Medium,Yes,Amul Dark Chocolate 150g,Confectionery,Chocolates,Yes,No,Medium,Yes,Low,No,No,0,0,0.0,Yes,Purabi / Sting / Coke,Competitors offer higher trade margin,Low Margin vs Competitor,Yes,High,Low Margin vs Competitor,Conducted deep retailer interviews in Itkhola. Retailers noted competition from Purabi Lassi due to higher dealer margin; Amul brand pull remains stro
2026-05-28,Thursday,22,May,Sengupta Agencies,Amarjeet Deb Purkayastha,Saurav Sinha,Itkhola,Silchar Urban,OUT_4_006,Itkhola Counter 6,General Store,Medium,Market Street,Yes,Medium,Yes,Amul Tinned Paneer 425g,Dairy,Paneer,Yes,No,Medium,Yes,High,Yes,Yes,24,24,3024.0,Yes,Purabi / Sting / Coke,,None,No,Low,None,Conducted deep retailer interviews in Itkhola. Retailers noted competition from Purabi Lassi due to higher dealer margin; Amul brand pull remains stro
2026-05-28,Thursday,22,May,Sengupta Agencies,Amarjeet Deb Purkayastha,Saurav Sinha,Itkhola,Silchar Urban,OUT_4_006,Itkhola Counter 6,General Store,Medium,Market Street,Yes,Medium,Yes,Amul Butter 50g (₹35 Small Pack),Dairy,Butter,Yes,No,Medium,Yes,Low,No,No,0,0,0.0,Yes,Purabi / Sting / Coke,Competitors offer higher trade margin,Low Margin vs Competitor,Yes,High,Low Margin vs Competitor,Conducted deep retailer interviews in Itkhola. Retailers noted competition from Purabi Lassi due to higher dealer margin; Amul brand pull remains stro
2026-05-28,Thursday,22,May,Sengupta Agencies,Amarjeet Deb Purkayastha,Saurav Sinha,Itkhola,Silchar Urban,OUT_4_006,Itkhola Counter 6,General Store,Medium,Market Street,Yes,Medium,Yes,Amul Dark Chocolate 150g,Confectionery,Chocolates,Yes,No,Medium,Yes,Low,No,No,0,0,0.0,Yes,Purabi / Sting / Coke,Competitors offer higher trade margin,Low Margin vs Competitor,Yes,High,Low Margin vs Competitor,Conducted deep retailer interviews in Itkhola. Retailers noted competition from Purabi Lassi due to higher dealer margin; Amul brand pull remains stro
2026-05-28,Thursday,22,May,Sengupta Agencies,Amarjeet Deb Purkayastha,Saurav Sinha,Itkhola,Silchar Urban,OUT_4_007,Itkhola Counter 7,Kirana Store,Medium,Market Street,Yes,Medium,Yes,Amul Tinned Paneer 425g,Dairy,Paneer,Yes,No,Medium,Yes,High,Yes,Yes,24,24,3024.0,Yes,Purabi / Sting / Coke,,None,No,Low,None,Conducted deep retailer interviews in Itkhola. Retailers noted competition from Purabi Lassi due to higher dealer margin; Amul brand pull remains stro
2026-05-28,Thursday,22,May,Sengupta Agencies,Amarjeet Deb Purkayastha,Saurav Sinha,Itkhola,Silchar Urban,OUT_4_007,Itkhola Counter 7,Kirana Store,Medium,Market Street,Yes,Medium,Yes,Amul Butter 50g (₹35 Small Pack),Dairy,Butter,Yes,No,Medium,Yes,High,Yes,Yes,24,24,736.8,Yes,Purabi / Sting / Coke,,None,No,Low,None,Conducted deep retailer interviews in Itkhola. Retailers noted competition from Purabi Lassi due to higher dealer margin; Amul brand pull remains stro
2026-05-28,Thursday,22,May,Sengupta Agencies,Amarjeet Deb Purkayastha,Saurav Sinha,Itkhola,Silchar Urban,OUT_4_007,Itkhola Counter 7,Kirana Store,Medium,Market Street,Yes,Medium,Yes,Amul Dark Chocolate 150g,Confectionery,Chocolates,Yes,No,Medium,Yes,Low,No,No,0,0,0.0,Yes,Purabi / Sting / Coke,Competitors offer higher trade margin,Low Margin vs Competitor,Yes,High,Low Margin vs Competitor,Conducted deep retailer interviews in Itkhola. Retailers noted competition from Purabi Lassi due to higher dealer margin; Amul brand pull remains stro
2026-05-28,Thursday,22,May,Sengupta Agencies,Amarjeet Deb Purkayastha,Saurav Sinha,Itkhola,Silchar Urban,OUT_4_008,Itkhola Counter 8,General Store,Medium,Market Street,Yes,Medium,Yes,Amul Tinned Paneer 425g,Dairy,Paneer,Yes,No,Medium,Yes,High,Yes,Yes,24,24,3024.0,Yes,Purabi / Sting / Coke,,None,No,Low,None,Conducted deep retailer interviews in Itkhola. Retailers noted competition from Purabi Lassi due to higher dealer margin; Amul brand pull remains stro
2026-05-28,Thursday,22,May,Sengupta Agencies,Amarjeet Deb Purkayastha,Saurav Sinha,Itkhola,Silchar Urban,OUT_4_008,Itkhola Counter 8,General Store,Medium,Market Street,Yes,Medium,Yes,Amul Butter 50g (₹35 Small Pack),Dairy,Butter,Yes,No,Medium,Yes,Low,No,No,0,0,0.0,Yes,Purabi / Sting / Coke,Competitors offer higher trade margin,Low Margin vs Competitor,Yes,High,Low Margin vs Competitor,Conducted deep retailer interviews in Itkhola. Retailers noted competition from Purabi Lassi due to higher dealer margin; Amul brand pull remains stro
2026-05-28,Thursday,22,May,Sengupta Agencies,Amarjeet Deb Purkayastha,Saurav Sinha,Itkhola,Silchar Urban,OUT_4_008,Itkhola Counter 8,General Store,Medium,Market Street,Yes,Medium,Yes,Amul Dark Chocolate 150g,Confectionery,Chocolates,Yes,No,Medium,Yes,Low,No,No,0,0,0.0,Yes,Purabi / Sting / Coke,Competitors offer higher trade margin,Low Margin vs Competitor,Yes,High,Low Margin vs Competitor,Conducted deep retailer interviews in Itkhola. Retailers noted competition from Purabi Lassi due to higher dealer margin; Amul brand pull remains stro
2026-05-28,Thursday,22,May,Sengupta Agencies,Amarjeet Deb Purkayastha,Saurav Sinha,Itkhola,Silchar Urban,OUT_4_009,Itkhola Counter 9,Kirana Store,Medium,Market Street,No,Medium,Yes,Amul Tinned Paneer 425g,Dairy,Paneer,Yes,No,Medium,Yes,High,Yes,Yes,24,24,3024.0,Yes,Purabi / Sting / Coke,,None,No,Low,None,Conducted deep retailer interviews in Itkhola. Retailers noted competition from Purabi Lassi due to higher dealer margin; Amul brand pull remains stro
2026-05-28,Thursday,22,May,Sengupta Agencies,Amarjeet Deb Purkayastha,Saurav Sinha,Itkhola,Silchar Urban,OUT_4_009,Itkhola Counter 9,Kirana Store,Medium,Market Street,No,Medium,Yes,Amul Butter 50g (₹35 Small Pack),Dairy,Butter,Yes,No,Medium,Yes,High,Yes,Yes,24,24,736.8,Yes,Purabi / Sting / Coke,,None,No,Low,None,Conducted deep retailer interviews in Itkhola. Retailers noted competition from Purabi Lassi due to higher dealer margin; Amul brand pull remains stro
2026-05-28,Thursday,22,May,Sengupta Agencies,Amarjeet Deb Purkayastha,Saurav Sinha,Itkhola,Silchar Urban,OUT_4_009,Itkhola Counter 9,Kirana Store,Medium,Market Street,No,Medium,Yes,Amul Dark Chocolate 150g,Confectionery,Chocolates,Yes,No,Medium,Yes,Low,No,No,0,0,0.0,Yes,Purabi / Sting / Coke,Competitors offer higher trade margin,Low Margin vs Competitor,Yes,High,Low Margin vs Competitor,Conducted deep retailer interviews in Itkhola. Retailers noted competition from Purabi Lassi due to higher dealer margin; Amul brand pull remains stro
2026-05-28,Thursday,22,May,Sengupta Agencies,Amarjeet Deb Purkayastha,Saurav Sinha,Itkhola,Silchar Urban,OUT_4_010,Itkhola Counter 10,General Store,Medium,Market Street,Yes,Medium,Yes,Amul Tinned Paneer 425g,Dairy,Paneer,Yes,No,Medium,Yes,High,Yes,Yes,24,24,3024.0,Yes,Purabi / Sting / Coke,,None,No,Low,None,Conducted deep retailer interviews in Itkhola. Retailers noted competition from Purabi Lassi due to higher dealer margin; Amul brand pull remains stro
2026-05-28,Thursday,22,May,Sengupta Agencies,Amarjeet Deb Purkayastha,Saurav Sinha,Itkhola,Silchar Urban,OUT_4_010,Itkhola Counter 10,General Store,Medium,Market Street,Yes,Medium,Yes,Amul Butter 50g (₹35 Small Pack),Dairy,Butter,Yes,No,Medium,Yes,Low,No,No,0,0,0.0,Yes,Purabi / Sting / Coke,Competitors offer higher trade margin,Low Margin vs Competitor,Yes,High,Low Margin vs Competitor,Conducted deep retailer interviews in Itkhola. Retailers noted competition from Purabi Lassi due to higher dealer margin; Amul brand pull remains stro
2026-05-28,Thursday,22,May,Sengupta Agencies,Amarjeet Deb Purkayastha,Saurav Sinha,Itkhola,Silchar Urban,OUT_4_010,Itkhola Counter 10,General Store,Medium,Market Street,Yes,Medium,Yes,Amul Dark Chocolate 150g,Confectionery,Chocolates,Yes,No,Medium,Yes,Low,No,No,0,0,0.0,Yes,Purabi / Sting / Coke,Competitors offer higher trade margin,Low Margin vs Competitor,Yes,High,Low Margin vs Competitor,Conducted deep retailer interviews in Itkhola. Retailers noted competition from Purabi Lassi due to higher dealer margin; Amul brand pull remains stro
2026-05-28,Thursday,22,May,Sengupta Agencies,Amarjeet Deb Purkayastha,Saurav Sinha,Itkhola,Silchar Urban,OUT_4_011,Itkhola Counter 11,Kirana Store,Medium,Market Street,Yes,Medium,Yes,Amul Tinned Paneer 425g,Dairy,Paneer,Yes,No,Medium,Yes,High,Yes,Yes,24,24,3024.0,Yes,Purabi / Sting / Coke,,None,No,Low,None,Conducted deep retailer interviews in Itkhola. Retailers noted competition from Purabi Lassi due to higher dealer margin; Amul brand pull remains stro
2026-05-28,Thursday,22,May,Sengupta Agencies,Amarjeet Deb Purkayastha,Saurav Sinha,Itkhola,Silchar Urban,OUT_4_011,Itkhola Counter 11,Kirana Store,Medium,Market Street,Yes,Medium,Yes,Amul Butter 50g (₹35 Small Pack),Dairy,Butter,Yes,No,Medium,Yes,High,Yes,Yes,24,24,736.8,Yes,Purabi / Sting / Coke,,None,No,Low,None,Conducted deep retailer interviews in Itkhola. Retailers noted competition from Purabi Lassi due to higher dealer margin; Amul brand pull remains stro
2026-05-28,Thursday,22,May,Sengupta Agencies,Amarjeet Deb Purkayastha,Saurav Sinha,Itkhola,Silchar Urban,OUT_4_011,Itkhola Counter 11,Kirana Store,Medium,Market Street,Yes,Medium,Yes,Amul Dark Chocolate 150g,Confectionery,Chocolates,Yes,No,Medium,Yes,Low,No,No,0,0,0.0,Yes,Purabi / Sting / Coke,Competitors offer higher trade margin,Low Margin vs Competitor,Yes,High,Low Margin vs Competitor,Conducted deep retailer interviews in Itkhola. Retailers noted competition from Purabi Lassi due to higher dealer margin; Amul brand pull remains stro
2026-05-28,Thursday,22,May,Sengupta Agencies,Amarjeet Deb Purkayastha,Saurav Sinha,Itkhola,Silchar Urban,OUT_4_012,Itkhola Counter 12,General Store,Medium,Market Street,Yes,Medium,Yes,Amul Tinned Paneer 425g,Dairy,Paneer,Yes,No,Medium,Yes,High,Yes,Yes,24,24,3024.0,Yes,Purabi / Sting / Coke,,None,No,Low,None,Conducted deep retailer interviews in Itkhola. Retailers noted competition from Purabi Lassi due to higher dealer margin; Amul brand pull remains stro
2026-05-28,Thursday,22,May,Sengupta Agencies,Amarjeet Deb Purkayastha,Saurav Sinha,Itkhola,Silchar Urban,OUT_4_012,Itkhola Counter 12,General Store,Medium,Market Street,Yes,Medium,Yes,Amul Butter 50g (₹35 Small Pack),Dairy,Butter,Yes,No,Medium,Yes,Low,No,No,0,0,0.0,Yes,Purabi / Sting / Coke,Competitors offer higher trade margin,Low Margin vs Competitor,Yes,High,Low Margin vs Competitor,Conducted deep retailer interviews in Itkhola. Retailers noted competition from Purabi Lassi due to higher dealer margin; Amul brand pull remains stro
2026-05-28,Thursday,22,May,Sengupta Agencies,Amarjeet Deb Purkayastha,Saurav Sinha,Itkhola,Silchar Urban,OUT_4_012,Itkhola Counter 12,General Store,Medium,Market Street,Yes,Medium,Yes,Amul Dark Chocolate 150g,Confectionery,Chocolates,Yes,No,Medium,Yes,Low,No,No,0,0,0.0,Yes,Purabi / Sting / Coke,Competitors offer higher trade margin,Low Margin vs Competitor,Yes,High,Low Margin vs Competitor,Conducted deep retailer interviews in Itkhola. Retailers noted competition from Purabi Lassi due to higher dealer margin; Amul brand pull remains stro
2026-05-28,Thursday,22,May,Sengupta Agencies,Amarjeet Deb Purkayastha,Saurav Sinha,Itkhola,Silchar Urban,OUT_4_013,Itkhola Counter 13,Kirana Store,Medium,Market Street,No,Medium,Yes,Amul Tinned Paneer 425g,Dairy,Paneer,Yes,No,Medium,Yes,High,Yes,Yes,24,24,3024.0,Yes,Purabi / Sting / Coke,,None,No,Low,None,Conducted deep retailer interviews in Itkhola. Retailers noted competition from Purabi Lassi due to higher dealer margin; Amul brand pull remains stro
2026-05-28,Thursday,22,May,Sengupta Agencies,Amarjeet Deb Purkayastha,Saurav Sinha,Itkhola,Silchar Urban,OUT_4_013,Itkhola Counter 13,Kirana Store,Medium,Market Street,No,Medium,Yes,Amul Butter 50g (₹35 Small Pack),Dairy,Butter,Yes,No,Medium,Yes,High,Yes,Yes,24,24,736.8,Yes,Purabi / Sting / Coke,,None,No,Low,None,Conducted deep retailer interviews in Itkhola. Retailers noted competition from Purabi Lassi due to higher dealer margin; Amul brand pull remains stro
2026-05-28,Thursday,22,May,Sengupta Agencies,Amarjeet Deb Purkayastha,Saurav Sinha,Itkhola,Silchar Urban,OUT_4_013,Itkhola Counter 13,Kirana Store,Medium,Market Street,No,Medium,Yes,Amul Dark Chocolate 150g,Confectionery,Chocolates,Yes,No,Medium,Yes,Low,No,No,0,0,0.0,Yes,Purabi / Sting / Coke,Competitors offer higher trade margin,Low Margin vs Competitor,Yes,High,Low Margin vs Competitor,Conducted deep retailer interviews in Itkhola. Retailers noted competition from Purabi Lassi due to higher dealer margin; Amul brand pull remains stro
2026-05-28,Thursday,22,May,Sengupta Agencies,Amarjeet Deb Purkayastha,Saurav Sinha,Itkhola,Silchar Urban,OUT_4_014,Itkhola Counter 14,General Store,Medium,Market Street,Yes,Medium,Yes,Amul Tinned Paneer 425g,Dairy,Paneer,Yes,No,Medium,Yes,High,Yes,Yes,24,24,3024.0,Yes,Purabi / Sting / Coke,,None,No,Low,None,Conducted deep retailer interviews in Itkhola. Retailers noted competition from Purabi Lassi due to higher dealer margin; Amul brand pull remains stro
2026-05-28,Thursday,22,May,Sengupta Agencies,Amarjeet Deb Purkayastha,Saurav Sinha,Itkhola,Silchar Urban,OUT_4_014,Itkhola Counter 14,General Store,Medium,Market Street,Yes,Medium,Yes,Amul Butter 50g (₹35 Small Pack),Dairy,Butter,Yes,No,Medium,Yes,Low,No,No,0,0,0.0,Yes,Purabi / Sting / Coke,Competitors offer higher trade margin,Low Margin vs Competitor,Yes,High,Low Margin vs Competitor,Conducted deep retailer interviews in Itkhola. Retailers noted competition from Purabi Lassi due to higher dealer margin; Amul brand pull remains stro
2026-05-28,Thursday,22,May,Sengupta Agencies,Amarjeet Deb Purkayastha,Saurav Sinha,Itkhola,Silchar Urban,OUT_4_014,Itkhola Counter 14,General Store,Medium,Market Street,Yes,Medium,Yes,Amul Dark Chocolate 150g,Confectionery,Chocolates,Yes,No,Medium,Yes,Low,No,No,0,0,0.0,Yes,Purabi / Sting / Coke,Competitors offer higher trade margin,Low Margin vs Competitor,Yes,High,Low Margin vs Competitor,Conducted deep retailer interviews in Itkhola. Retailers noted competition from Purabi Lassi due to higher dealer margin; Amul brand pull remains stro
2026-05-28,Thursday,22,May,Sengupta Agencies,Amarjeet Deb Purkayastha,Saurav Sinha,Itkhola,Silchar Urban,OUT_4_015,Itkhola Counter 15,Kirana Store,Medium,Market Street,Yes,Medium,Yes,Amul Tinned Paneer 425g,Dairy,Paneer,Yes,No,Medium,Yes,Low,No,No,0,0,0.0,Yes,Purabi / Sting / Coke,Competitors offer higher trade margin,Low Margin vs Competitor,Yes,High,Low Margin vs Competitor,Conducted deep retailer interviews in Itkhola. Retailers noted competition from Purabi Lassi due to higher dealer margin; Amul brand pull remains stro
2026-05-28,Thursday,22,May,Sengupta Agencies,Amarjeet Deb Purkayastha,Saurav Sinha,Itkhola,Silchar Urban,OUT_4_015,Itkhola Counter 15,Kirana Store,Medium,Market Street,Yes,Medium,Yes,Amul Butter 50g (₹35 Small Pack),Dairy,Butter,Yes,No,Medium,Yes,Low,No,No,0,0,0.0,Yes,Purabi / Sting / Coke,Competitors offer higher trade margin,Low Margin vs Competitor,Yes,High,Low Margin vs Competitor,Conducted deep retailer interviews in Itkhola. Retailers noted competition from Purabi Lassi due to higher dealer margin; Amul brand pull remains stro
2026-05-28,Thursday,22,May,Sengupta Agencies,Amarjeet Deb Purkayastha,Saurav Sinha,Itkhola,Silchar Urban,OUT_4_015,Itkhola Counter 15,Kirana Store,Medium,Market Street,Yes,Medium,Yes,Amul Dark Chocolate 150g,Confectionery,Chocolates,Yes,No,Medium,Yes,Low,No,No,0,0,0.0,Yes,Purabi / Sting / Coke,Competitors offer higher trade margin,Low Margin vs Competitor,Yes,High,Low Margin vs Competitor,Conducted deep retailer interviews in Itkhola. Retailers noted competition from Purabi Lassi due to higher dealer margin; Amul brand pull remains stro
2026-05-28,Thursday,22,May,Sengupta Agencies,Amarjeet Deb Purkayastha,Saurav Sinha,Itkhola,Silchar Urban,OUT_4_016,Itkhola Counter 16,General Store,Medium,Market Street,Yes,Medium,Yes,Amul Tinned Paneer 425g,Dairy,Paneer,Yes,No,Medium,Yes,Low,No,No,0,0,0.0,Yes,Purabi / Sting / Coke,Competitors offer higher trade margin,Low Margin vs Competitor,Yes,High,Low Margin vs Competitor,Conducted deep retailer interviews in Itkhola. Retailers noted competition from Purabi Lassi due to higher dealer margin; Amul brand pull remains stro
2026-05-28,Thursday,22,May,Sengupta Agencies,Amarjeet Deb Purkayastha,Saurav Sinha,Itkhola,Silchar Urban,OUT_4_016,Itkhola Counter 16,General Store,Medium,Market Street,Yes,Medium,Yes,Amul Butter 50g (₹35 Small Pack),Dairy,Butter,Yes,No,Medium,Yes,Low,No,No,0,0,0.0,Yes,Purabi / Sting / Coke,Competitors offer higher trade margin,Low Margin vs Competitor,Yes,High,Low Margin vs Competitor,Conducted deep retailer interviews in Itkhola. Retailers noted competition from Purabi Lassi due to higher dealer margin; Amul brand pull remains stro
2026-05-28,Thursday,22,May,Sengupta Agencies,Amarjeet Deb Purkayastha,Saurav Sinha,Itkhola,Silchar Urban,OUT_4_016,Itkhola Counter 16,General Store,Medium,Market Street,Yes,Medium,Yes,Amul Dark Chocolate 150g,Confectionery,Chocolates,Yes,No,Medium,Yes,Low,No,No,0,0,0.0,Yes,Purabi / Sting / Coke,Competitors offer higher trade margin,Low Margin vs Competitor,Yes,High,Low Margin vs Competitor,Conducted deep retailer interviews in Itkhola. Retailers noted competition from Purabi Lassi due to higher dealer margin; Amul brand pull remains stro
2026-05-28,Thursday,22,May,Sengupta Agencies,Amarjeet Deb Purkayastha,Saurav Sinha,Itkhola,Silchar Urban,OUT_4_017,Itkhola Counter 17,Kirana Store,Medium,Market Street,No,Medium,Yes,Amul Tinned Paneer 425g,Dairy,Paneer,Yes,No,Medium,Yes,Low,No,No,0,0,0.0,Yes,Purabi / Sting / Coke,Competitors offer higher trade margin,Low Margin vs Competitor,Yes,High,Low Margin vs Competitor,Conducted deep retailer interviews in Itkhola. Retailers noted competition from Purabi Lassi due to higher dealer margin; Amul brand pull remains stro
2026-05-28,Thursday,22,May,Sengupta Agencies,Amarjeet Deb Purkayastha,Saurav Sinha,Itkhola,Silchar Urban,OUT_4_017,Itkhola Counter 17,Kirana Store,Medium,Market Street,No,Medium,Yes,Amul Butter 50g (₹35 Small Pack),Dairy,Butter,Yes,No,Medium,Yes,Low,No,No,0,0,0.0,Yes,Purabi / Sting / Coke,Competitors offer higher trade margin,Low Margin vs Competitor,Yes,High,Low Margin vs Competitor,Conducted deep retailer interviews in Itkhola. Retailers noted competition from Purabi Lassi due to higher dealer margin; Amul brand pull remains stro
2026-05-28,Thursday,22,May,Sengupta Agencies,Amarjeet Deb Purkayastha,Saurav Sinha,Itkhola,Silchar Urban,OUT_4_017,Itkhola Counter 17,Kirana Store,Medium,Market Street,No,Medium,Yes,Amul Dark Chocolate 150g,Confectionery,Chocolates,Yes,No,Medium,Yes,Low,No,No,0,0,0.0,Yes,Purabi / Sting / Coke,Competitors offer higher trade margin,Low Margin vs Competitor,Yes,High,Low Margin vs Competitor,Conducted deep retailer interviews in Itkhola. Retailers noted competition from Purabi Lassi due to higher dealer margin; Amul brand pull remains stro
2026-05-28,Thursday,22,May,Sengupta Agencies,Amarjeet Deb Purkayastha,Saurav Sinha,Itkhola,Silchar Urban,OUT_4_018,Itkhola Counter 18,General Store,Medium,Market Street,Yes,Medium,Yes,Amul Tinned Paneer 425g,Dairy,Paneer,Yes,No,Medium,Yes,Low,No,No,0,0,0.0,Yes,Purabi / Sting / Coke,Competitors offer higher trade margin,Low Margin vs Competitor,Yes,High,Low Margin vs Competitor,Conducted deep retailer interviews in Itkhola. Retailers noted competition from Purabi Lassi due to higher dealer margin; Amul brand pull remains stro
2026-05-28,Thursday,22,May,Sengupta Agencies,Amarjeet Deb Purkayastha,Saurav Sinha,Itkhola,Silchar Urban,OUT_4_018,Itkhola Counter 18,General Store,Medium,Market Street,Yes,Medium,Yes,Amul Butter 50g (₹35 Small Pack),Dairy,Butter,Yes,No,Medium,Yes,Low,No,No,0,0,0.0,Yes,Purabi / Sting / Coke,Competitors offer higher trade margin,Low Margin vs Competitor,Yes,High,Low Margin vs Competitor,Conducted deep retailer interviews in Itkhola. Retailers noted competition from Purabi Lassi due to higher dealer margin; Amul brand pull remains stro
2026-05-28,Thursday,22,May,Sengupta Agencies,Amarjeet Deb Purkayastha,Saurav Sinha,Itkhola,Silchar Urban,OUT_4_018,Itkhola Counter 18,General Store,Medium,Market Street,Yes,Medium,Yes,Amul Dark Chocolate 150g,Confectionery,Chocolates,Yes,No,Medium,Yes,Low,No,No,0,0,0.0,Yes,Purabi / Sting / Coke,Competitors offer higher trade margin,Low Margin vs Competitor,Yes,High,Low Margin vs Competitor,Conducted deep retailer interviews in Itkhola. Retailers noted competition from Purabi Lassi due to higher dealer margin; Amul brand pull remains stro
2026-05-28,Thursday,22,May,Sengupta Agencies,Amarjeet Deb Purkayastha,Saurav Sinha,Itkhola,Silchar Urban,OUT_4_019,Itkhola Counter 19,Kirana Store,Medium,Market Street,Yes,Medium,Yes,Amul Tinned Paneer 425g,Dairy,Paneer,Yes,No,Medium,Yes,Low,No,No,0,0,0.0,Yes,Purabi / Sting / Coke,Competitors offer higher trade margin,Low Margin vs Competitor,Yes,High,Low Margin vs Competitor,Conducted deep retailer interviews in Itkhola. Retailers noted competition from Purabi Lassi due to higher dealer margin; Amul brand pull remains stro
2026-05-28,Thursday,22,May,Sengupta Agencies,Amarjeet Deb Purkayastha,Saurav Sinha,Itkhola,Silchar Urban,OUT_4_019,Itkhola Counter 19,Kirana Store,Medium,Market Street,Yes,Medium,Yes,Amul Butter 50g (₹35 Small Pack),Dairy,Butter,Yes,No,Medium,Yes,Low,No,No,0,0,0.0,Yes,Purabi / Sting / Coke,Competitors offer higher trade margin,Low Margin vs Competitor,Yes,High,Low Margin vs Competitor,Conducted deep retailer interviews in Itkhola. Retailers noted competition from Purabi Lassi due to higher dealer margin; Amul brand pull remains stro
2026-05-28,Thursday,22,May,Sengupta Agencies,Amarjeet Deb Purkayastha,Saurav Sinha,Itkhola,Silchar Urban,OUT_4_019,Itkhola Counter 19,Kirana Store,Medium,Market Street,Yes,Medium,Yes,Amul Dark Chocolate 150g,Confectionery,Chocolates,Yes,No,Medium,Yes,Low,No,No,0,0,0.0,Yes,Purabi / Sting / Coke,Competitors offer higher trade margin,Low Margin vs Competitor,Yes,High,Low Margin vs Competitor,Conducted deep retailer interviews in Itkhola. Retailers noted competition from Purabi Lassi due to higher dealer margin; Amul brand pull remains stro
2026-05-28,Thursday,22,May,Sengupta Agencies,Amarjeet Deb Purkayastha,Saurav Sinha,Itkhola,Silchar Urban,OUT_4_020,Itkhola Counter 20,General Store,Medium,Market Street,Yes,Medium,Yes,Amul Tinned Paneer 425g,Dairy,Paneer,Yes,No,Medium,Yes,Low,No,No,0,0,0.0,Yes,Purabi / Sting / Coke,Competitors offer higher trade margin,Low Margin vs Competitor,Yes,High,Low Margin vs Competitor,Conducted deep retailer interviews in Itkhola. Retailers noted competition from Purabi Lassi due to higher dealer margin; Amul brand pull remains stro
2026-05-28,Thursday,22,May,Sengupta Agencies,Amarjeet Deb Purkayastha,Saurav Sinha,Itkhola,Silchar Urban,OUT_4_020,Itkhola Counter 20,General Store,Medium,Market Street,Yes,Medium,Yes,Amul Butter 50g (₹35 Small Pack),Dairy,Butter,Yes,No,Medium,Yes,Low,No,No,0,0,0.0,Yes,Purabi / Sting / Coke,Competitors offer higher trade margin,Low Margin vs Competitor,Yes,High,Low Margin vs Competitor,Conducted deep retailer interviews in Itkhola. Retailers noted competition from Purabi Lassi due to higher dealer margin; Amul brand pull remains stro
2026-05-28,Thursday,22,May,Sengupta Agencies,Amarjeet Deb Purkayastha,Saurav Sinha,Itkhola,Silchar Urban,OUT_4_020,Itkhola Counter 20,General Store,Medium,Market Street,Yes,Medium,Yes,Amul Dark Chocolate 150g,Confectionery,Chocolates,Yes,No,Medium,Yes,Low,No,No,0,0,0.0,Yes,Purabi / Sting / Coke,Competitors offer higher trade margin,Low Margin vs Competitor,Yes,High,Low Margin vs Competitor,Conducted deep retailer interviews in Itkhola. Retailers noted competition from Purabi Lassi due to higher dealer margin; Amul brand pull remains stro
2026-05-28,Thursday,22,May,Sengupta Agencies,Amarjeet Deb Purkayastha,Saurav Sinha,Itkhola,Silchar Urban,OUT_4_021,Itkhola Counter 21,Kirana Store,Medium,Market Street,No,Medium,Yes,Amul Tinned Paneer 425g,Dairy,Paneer,Yes,No,Medium,Yes,Low,No,No,0,0,0.0,Yes,Purabi / Sting / Coke,Competitors offer higher trade margin,Low Margin vs Competitor,Yes,High,Low Margin vs Competitor,Conducted deep retailer interviews in Itkhola. Retailers noted competition from Purabi Lassi due to higher dealer margin; Amul brand pull remains stro
2026-05-28,Thursday,22,May,Sengupta Agencies,Amarjeet Deb Purkayastha,Saurav Sinha,Itkhola,Silchar Urban,OUT_4_021,Itkhola Counter 21,Kirana Store,Medium,Market Street,No,Medium,Yes,Amul Butter 50g (₹35 Small Pack),Dairy,Butter,Yes,No,Medium,Yes,Low,No,No,0,0,0.0,Yes,Purabi / Sting / Coke,Competitors offer higher trade margin,Low Margin vs Competitor,Yes,High,Low Margin vs Competitor,Conducted deep retailer interviews in Itkhola. Retailers noted competition from Purabi Lassi due to higher dealer margin; Amul brand pull remains stro
2026-05-28,Thursday,22,May,Sengupta Agencies,Amarjeet Deb Purkayastha,Saurav Sinha,Itkhola,Silchar Urban,OUT_4_021,Itkhola Counter 21,Kirana Store,Medium,Market Street,No,Medium,Yes,Amul Dark Chocolate 150g,Confectionery,Chocolates,Yes,No,Medium,Yes,Low,No,No,0,0,0.0,Yes,Purabi / Sting / Coke,Competitors offer higher trade margin,Low Margin vs Competitor,Yes,High,Low Margin vs Competitor,Conducted deep retailer interviews in Itkhola. Retailers noted competition from Purabi Lassi due to higher dealer margin; Amul brand pull remains stro
2026-05-28,Thursday,22,May,Sengupta Agencies,Amarjeet Deb Purkayastha,Saurav Sinha,Itkhola,Silchar Urban,OUT_4_022,Itkhola Counter 22,General Store,Medium,Market Street,Yes,Medium,Yes,Amul Tinned Paneer 425g,Dairy,Paneer,Yes,No,Medium,Yes,Low,No,No,0,0,0.0,Yes,Purabi / Sting / Coke,Competitors offer higher trade margin,Low Margin vs Competitor,Yes,High,Low Margin vs Competitor,Conducted deep retailer interviews in Itkhola. Retailers noted competition from Purabi Lassi due to higher dealer margin; Amul brand pull remains stro
2026-05-28,Thursday,22,May,Sengupta Agencies,Amarjeet Deb Purkayastha,Saurav Sinha,Itkhola,Silchar Urban,OUT_4_022,Itkhola Counter 22,General Store,Medium,Market Street,Yes,Medium,Yes,Amul Butter 50g (₹35 Small Pack),Dairy,Butter,Yes,No,Medium,Yes,Low,No,No,0,0,0.0,Yes,Purabi / Sting / Coke,Competitors offer higher trade margin,Low Margin vs Competitor,Yes,High,Low Margin vs Competitor,Conducted deep retailer interviews in Itkhola. Retailers noted competition from Purabi Lassi due to higher dealer margin; Amul brand pull remains stro
2026-05-28,Thursday,22,May,Sengupta Agencies,Amarjeet Deb Purkayastha,Saurav Sinha,Itkhola,Silchar Urban,OUT_4_022,Itkhola Counter 22,General Store,Medium,Market Street,Yes,Medium,Yes,Amul Dark Chocolate 150g,Confectionery,Chocolates,Yes,No,Medium,Yes,Low,No,No,0,0,0.0,Yes,Purabi / Sting / Coke,Competitors offer higher trade margin,Low Margin vs Competitor,Yes,High,Low Margin vs Competitor,Conducted deep retailer interviews in Itkhola. Retailers noted competition from Purabi Lassi due to higher dealer margin; Amul brand pull remains stro
2026-05-28,Thursday,22,May,Sengupta Agencies,Amarjeet Deb Purkayastha,Saurav Sinha,Itkhola,Silchar Urban,OUT_4_023,Itkhola Counter 23,Kirana Store,Medium,Market Street,Yes,Medium,Yes,Amul Tinned Paneer 425g,Dairy,Paneer,Yes,No,Medium,Yes,Low,No,No,0,0,0.0,Yes,Purabi / Sting / Coke,Competitors offer higher trade margin,Low Margin vs Competitor,Yes,High,Low Margin vs Competitor,Conducted deep retailer interviews in Itkhola. Retailers noted competition from Purabi Lassi due to higher dealer margin; Amul brand pull remains stro
2026-05-28,Thursday,22,May,Sengupta Agencies,Amarjeet Deb Purkayastha,Saurav Sinha,Itkhola,Silchar Urban,OUT_4_023,Itkhola Counter 23,Kirana Store,Medium,Market Street,Yes,Medium,Yes,Amul Butter 50g (₹35 Small Pack),Dairy,Butter,Yes,No,Medium,Yes,Low,No,No,0,0,0.0,Yes,Purabi / Sting / Coke,Competitors offer higher trade margin,Low Margin vs Competitor,Yes,High,Low Margin vs Competitor,Conducted deep retailer interviews in Itkhola. Retailers noted competition from Purabi Lassi due to higher dealer margin; Amul brand pull remains stro
2026-05-28,Thursday,22,May,Sengupta Agencies,Amarjeet Deb Purkayastha,Saurav Sinha,Itkhola,Silchar Urban,OUT_4_023,Itkhola Counter 23,Kirana Store,Medium,Market Street,Yes,Medium,Yes,Amul Dark Chocolate 150g,Confectionery,Chocolates,Yes,No,Medium,Yes,Low,No,No,0,0,0.0,Yes,Purabi / Sting / Coke,Competitors offer higher trade margin,Low Margin vs Competitor,Yes,High,Low Margin vs Competitor,Conducted deep retailer interviews in Itkhola. Retailers noted competition from Purabi Lassi due to higher dealer margin; Amul brand pull remains stro
2026-05-28,Thursday,22,May,Sengupta Agencies,Amarjeet Deb Purkayastha,Saurav Sinha,Itkhola,Silchar Urban,OUT_4_024,Itkhola Counter 24,General Store,Medium,Market Street,Yes,Medium,Yes,Amul Tinned Paneer 425g,Dairy,Paneer,Yes,No,Medium,Yes,Low,No,No,0,0,0.0,Yes,Purabi / Sting / Coke,Competitors offer higher trade margin,Low Margin vs Competitor,Yes,High,Low Margin vs Competitor,Conducted deep retailer interviews in Itkhola. Retailers noted competition from Purabi Lassi due to higher dealer margin; Amul brand pull remains stro
2026-05-28,Thursday,22,May,Sengupta Agencies,Amarjeet Deb Purkayastha,Saurav Sinha,Itkhola,Silchar Urban,OUT_4_024,Itkhola Counter 24,General Store,Medium,Market Street,Yes,Medium,Yes,Amul Butter 50g (₹35 Small Pack),Dairy,Butter,Yes,No,Medium,Yes,Low,No,No,0,0,0.0,Yes,Purabi / Sting / Coke,Competitors offer higher trade margin,Low Margin vs Competitor,Yes,High,Low Margin vs Competitor,Conducted deep retailer interviews in Itkhola. Retailers noted competition from Purabi Lassi due to higher dealer margin; Amul brand pull remains stro
2026-05-28,Thursday,22,May,Sengupta Agencies,Amarjeet Deb Purkayastha,Saurav Sinha,Itkhola,Silchar Urban,OUT_4_024,Itkhola Counter 24,General Store,Medium,Market Street,Yes,Medium,Yes,Amul Dark Chocolate 150g,Confectionery,Chocolates,Yes,No,Medium,Yes,Low,No,No,0,0,0.0,Yes,Purabi / Sting / Coke,Competitors offer higher trade margin,Low Margin vs Competitor,Yes,High,Low Margin vs Competitor,Conducted deep retailer interviews in Itkhola. Retailers noted competition from Purabi Lassi due to higher dealer margin; Amul brand pull remains stro
2026-05-28,Thursday,22,May,Sengupta Agencies,Amarjeet Deb Purkayastha,Saurav Sinha,Itkhola,Silchar Urban,OUT_4_025,Itkhola Counter 25,Kirana Store,Medium,Market Street,No,Medium,Yes,Amul Tinned Paneer 425g,Dairy,Paneer,Yes,No,Medium,Yes,Low,No,No,0,0,0.0,Yes,Purabi / Sting / Coke,Competitors offer higher trade margin,Low Margin vs Competitor,Yes,High,Low Margin vs Competitor,Conducted deep retailer interviews in Itkhola. Retailers noted competition from Purabi Lassi due to higher dealer margin; Amul brand pull remains stro
2026-05-28,Thursday,22,May,Sengupta Agencies,Amarjeet Deb Purkayastha,Saurav Sinha,Itkhola,Silchar Urban,OUT_4_025,Itkhola Counter 25,Kirana Store,Medium,Market Street,No,Medium,Yes,Amul Butter 50g (₹35 Small Pack),Dairy,Butter,Yes,No,Medium,Yes,Low,No,No,0,0,0.0,Yes,Purabi / Sting / Coke,Competitors offer higher trade margin,Low Margin vs Competitor,Yes,High,Low Margin vs Competitor,Conducted deep retailer interviews in Itkhola. Retailers noted competition from Purabi Lassi due to higher dealer margin; Amul brand pull remains stro
2026-05-28,Thursday,22,May,Sengupta Agencies,Amarjeet Deb Purkayastha,Saurav Sinha,Itkhola,Silchar Urban,OUT_4_025,Itkhola Counter 25,Kirana Store,Medium,Market Street,No,Medium,Yes,Amul Dark Chocolate 150g,Confectionery,Chocolates,Yes,No,Medium,Yes,Low,No,No,0,0,0.0,Yes,Purabi / Sting / Coke,Competitors offer higher trade margin,Low Margin vs Competitor,Yes,High,Low Margin vs Competitor,Conducted deep retailer interviews in Itkhola. Retailers noted competition from Purabi Lassi due to higher dealer margin; Amul brand pull remains stro
2026-06-01,Monday,23,June,Shaan Enterprise,Biswajit Bormon,Saurav Sinha,Ghungoor,Silchar Urban,OUT_5_815,Gupta Store,Kirana Store,Medium,Commercial Market,Yes,High,Yes,Amul Regular Aata 1kg,Staples,Flour,Yes,No,High,Yes,High,Yes,Yes,12,12,600.0,Yes,Purabi / Coke / Sting,,None,No,Normal,,Extensive kirana coverage in Ghungoor. Strong placement of Amul Regular Aata 1kg and Tinned Paneer 425g; chocolates placed in confectionery counters.
2026-06-01,Monday,23,June,Shaan Enterprise,Biswajit Bormon,Saurav Sinha,Ghungoor,Silchar Urban,OUT_5_815,Gupta Store,Kirana Store,Medium,Commercial Market,Yes,Medium,Yes,Amul Butter 50g (₹35 Small Pack),Dairy,Butter,Yes,No,Medium,Yes,Medium,No,No,0,0,0,Yes,Purabi / Coke / Sting,Focus SKU rejected,Existing Stock Sufficient,Yes,Medium,Re-pitch during next weekly beat cycle,Extensive kirana coverage in Ghungoor. Strong placement of Amul Regular Aata 1kg and Tinned Paneer 425g; chocolates placed in confectionery counters.
2026-06-01,Monday,23,June,Shaan Enterprise,Biswajit Bormon,Saurav Sinha,Ghungoor,Silchar Urban,OUT_5_815,Gupta Store,Kirana Store,Medium,Commercial Market,Yes,Medium,Yes,Amul Dark Chocolate 150g,Confectionery,Chocolates,Yes,No,Medium,Yes,Medium,No,No,0,0,0,Yes,Purabi / Coke / Sting,Focus SKU rejected,Existing Stock Sufficient,Yes,Medium,Re-pitch during next weekly beat cycle,Extensive kirana coverage in Ghungoor. Strong placement of Amul Regular Aata 1kg and Tinned Paneer 425g; chocolates placed in confectionery counters.
2026-06-01,Monday,23,June,Shaan Enterprise,Biswajit Bormon,Saurav Sinha,Ghungoor,Silchar Urban,OUT_5_815,Gupta Store,Kirana Store,Medium,Commercial Market,Yes,Medium,Yes,Amul Tru Mango 200ml,Beverages,Fruit Drinks,Yes,No,Medium,Yes,Medium,No,No,0,0,0,Yes,Purabi / Coke / Sting,Focus SKU rejected,Existing Stock Sufficient,Yes,Medium,Re-pitch during next weekly beat cycle,Extensive kirana coverage in Ghungoor. Strong placement of Amul Regular Aata 1kg and Tinned Paneer 425g; chocolates placed in confectionery counters.
2026-06-01,Monday,23,June,Shaan Enterprise,Biswajit Bormon,Saurav Sinha,Ghungoor,Silchar Urban,OUT_5_815,Gupta Store,Kirana Store,Medium,Commercial Market,Yes,Medium,Yes,Amul Tru Litchi 200ml,Beverages,Fruit Drinks,Yes,No,Medium,Yes,Medium,No,No,0,0,0,Yes,Purabi / Coke / Sting,Focus SKU rejected,Existing Stock Sufficient,Yes,Medium,Re-pitch during next weekly beat cycle,Extensive kirana coverage in Ghungoor. Strong placement of Amul Regular Aata 1kg and Tinned Paneer 425g; chocolates placed in confectionery counters.
2026-06-01,Monday,23,June,Shaan Enterprise,Biswajit Bormon,Saurav Sinha,Ghungoor,Silchar Urban,OUT_5_106,HP Traders,Bakery & Confectionery,Medium,Commercial Market,Yes,High,Yes,Amul Dark Chocolate 35g,Confectionery,Chocolates,Yes,No,High,Yes,High,Yes,Yes,20,20,600.0,Yes,Purabi / Coke / Sting,,None,No,Normal,,Extensive kirana coverage in Ghungoor. Strong placement of Amul Regular Aata 1kg and Tinned Paneer 425g; chocolates placed in confectionery counters.
2026-06-01,Monday,23,June,Shaan Enterprise,Biswajit Bormon,Saurav Sinha,Ghungoor,Silchar Urban,OUT_5_106,HP Traders,Bakery & Confectionery,Medium,Commercial Market,Yes,High,Yes,Amul Butter Rusk,Bakery,Rusk & Toast,Yes,No,High,Yes,High,Yes,Yes,6,6,204.0,Yes,Purabi / Coke / Sting,,None,No,Normal,,Extensive kirana coverage in Ghungoor. Strong placement of Amul Regular Aata 1kg and Tinned Paneer 425g; chocolates placed in confectionery counters.
2026-06-01,Monday,23,June,Shaan Enterprise,Biswajit Bormon,Saurav Sinha,Ghungoor,Silchar Urban,OUT_5_106,HP Traders,Bakery & Confectionery,Medium,Commercial Market,Yes,High,Yes,Amul Tinned Paneer 425g,Dairy,Paneer,Yes,No,High,Yes,High,Yes,Yes,6,6,756.0,Yes,Purabi / Coke / Sting,,None,No,Normal,,Extensive kirana coverage in Ghungoor. Strong placement of Amul Regular Aata 1kg and Tinned Paneer 425g; chocolates placed in confectionery counters.
2026-06-01,Monday,23,June,Shaan Enterprise,Biswajit Bormon,Saurav Sinha,Ghungoor,Silchar Urban,OUT_5_106,HP Traders,Kirana Store,Medium,Commercial Market,Yes,Medium,Yes,Amul Butter 50g (₹35 Small Pack),Dairy,Butter,Yes,No,Medium,Yes,Medium,No,No,0,0,0,Yes,Purabi / Coke / Sting,Focus SKU rejected,Existing Stock Sufficient,Yes,Medium,Re-pitch during next weekly beat cycle,Extensive kirana coverage in Ghungoor. Strong placement of Amul Regular Aata 1kg and Tinned Paneer 425g; chocolates placed in confectionery counters.
2026-06-01,Monday,23,June,Shaan Enterprise,Biswajit Bormon,Saurav Sinha,Ghungoor,Silchar Urban,OUT_5_106,HP Traders,Kirana Store,Medium,Commercial Market,Yes,Medium,Yes,Amul Dark Chocolate 150g,Confectionery,Chocolates,Yes,No,Medium,Yes,Medium,No,No,0,0,0,Yes,Purabi / Coke / Sting,Focus SKU rejected,Existing Stock Sufficient,Yes,Medium,Re-pitch during next weekly beat cycle,Extensive kirana coverage in Ghungoor. Strong placement of Amul Regular Aata 1kg and Tinned Paneer 425g; chocolates placed in confectionery counters.
2026-06-01,Monday,23,June,Shaan Enterprise,Biswajit Bormon,Saurav Sinha,Ghungoor,Silchar Urban,OUT_5_106,HP Traders,Kirana Store,Medium,Commercial Market,Yes,Medium,Yes,Amul Tru Mango 200ml,Beverages,Fruit Drinks,Yes,No,Medium,Yes,Medium,No,No,0,0,0,Yes,Purabi / Coke / Sting,Focus SKU rejected,Existing Stock Sufficient,Yes,Medium,Re-pitch during next weekly beat cycle,Extensive kirana coverage in Ghungoor. Strong placement of Amul Regular Aata 1kg and Tinned Paneer 425g; chocolates placed in confectionery counters.
2026-06-01,Monday,23,June,Shaan Enterprise,Biswajit Bormon,Saurav Sinha,Ghungoor,Silchar Urban,OUT_5_106,HP Traders,Kirana Store,Medium,Commercial Market,Yes,Medium,Yes,Amul Tru Litchi 200ml,Beverages,Fruit Drinks,Yes,No,Medium,Yes,Medium,No,No,0,0,0,Yes,Purabi / Coke / Sting,Focus SKU rejected,Existing Stock Sufficient,Yes,Medium,Re-pitch during next weekly beat cycle,Extensive kirana coverage in Ghungoor. Strong placement of Amul Regular Aata 1kg and Tinned Paneer 425g; chocolates placed in confectionery counters.
2026-06-01,Monday,23,June,Shaan Enterprise,Biswajit Bormon,Saurav Sinha,Ghungoor,Silchar Urban,OUT_5_620,Kalyani Enterprise,Kirana Store,Medium,Commercial Market,Yes,High,Yes,Amul Regular Aata 1kg,Staples,Flour,Yes,No,High,Yes,High,Yes,Yes,12,12,600.0,Yes,Purabi / Coke / Sting,,None,No,Normal,,Extensive kirana coverage in Ghungoor. Strong placement of Amul Regular Aata 1kg and Tinned Paneer 425g; chocolates placed in confectionery counters.
2026-06-01,Monday,23,June,Shaan Enterprise,Biswajit Bormon,Saurav Sinha,Ghungoor,Silchar Urban,OUT_5_620,Kalyani Enterprise,Kirana Store,Medium,Commercial Market,Yes,High,Yes,Amul Tinned Paneer 425g,Dairy,Paneer,Yes,No,High,Yes,High,Yes,Yes,3,3,378.0,Yes,Purabi / Coke / Sting,,None,No,Normal,,Extensive kirana coverage in Ghungoor. Strong placement of Amul Regular Aata 1kg and Tinned Paneer 425g; chocolates placed in confectionery counters.
2026-06-01,Monday,23,June,Shaan Enterprise,Biswajit Bormon,Saurav Sinha,Ghungoor,Silchar Urban,OUT_5_620,Kalyani Enterprise,Kirana Store,Medium,Commercial Market,Yes,Medium,Yes,Amul Butter 50g (₹35 Small Pack),Dairy,Butter,Yes,No,Medium,Yes,Medium,No,No,0,0,0,Yes,Purabi / Coke / Sting,Focus SKU rejected,Existing Stock Sufficient,Yes,Medium,Re-pitch during next weekly beat cycle,Extensive kirana coverage in Ghungoor. Strong placement of Amul Regular Aata 1kg and Tinned Paneer 425g; chocolates placed in confectionery counters.
2026-06-01,Monday,23,June,Shaan Enterprise,Biswajit Bormon,Saurav Sinha,Ghungoor,Silchar Urban,OUT_5_620,Kalyani Enterprise,Kirana Store,Medium,Commercial Market,Yes,Medium,Yes,Amul Dark Chocolate 150g,Confectionery,Chocolates,Yes,No,Medium,Yes,Medium,No,No,0,0,0,Yes,Purabi / Coke / Sting,Focus SKU rejected,Existing Stock Sufficient,Yes,Medium,Re-pitch during next weekly beat cycle,Extensive kirana coverage in Ghungoor. Strong placement of Amul Regular Aata 1kg and Tinned Paneer 425g; chocolates placed in confectionery counters.
2026-06-01,Monday,23,June,Shaan Enterprise,Biswajit Bormon,Saurav Sinha,Ghungoor,Silchar Urban,OUT_5_620,Kalyani Enterprise,Kirana Store,Medium,Commercial Market,Yes,Medium,Yes,Amul Tru Mango 200ml,Beverages,Fruit Drinks,Yes,No,Medium,Yes,Medium,No,No,0,0,0,Yes,Purabi / Coke / Sting,Focus SKU rejected,Existing Stock Sufficient,Yes,Medium,Re-pitch during next weekly beat cycle,Extensive kirana coverage in Ghungoor. Strong placement of Amul Regular Aata 1kg and Tinned Paneer 425g; chocolates placed in confectionery counters.
2026-06-01,Monday,23,June,Shaan Enterprise,Biswajit Bormon,Saurav Sinha,Ghungoor,Silchar Urban,OUT_5_620,Kalyani Enterprise,Kirana Store,Medium,Commercial Market,Yes,Medium,Yes,Amul Tru Litchi 200ml,Beverages,Fruit Drinks,Yes,No,Medium,Yes,Medium,No,No,0,0,0,Yes,Purabi / Coke / Sting,Focus SKU rejected,Existing Stock Sufficient,Yes,Medium,Re-pitch during next weekly beat cycle,Extensive kirana coverage in Ghungoor. Strong placement of Amul Regular Aata 1kg and Tinned Paneer 425g; chocolates placed in confectionery counters.
2026-06-01,Monday,23,June,Shaan Enterprise,Biswajit Bormon,Saurav Sinha,Ghungoor,Silchar Urban,OUT_5_050,Maa Durga Store,Kirana Store,Medium,Commercial Market,Yes,High,Yes,Amul Regular Aata 1kg,Staples,Flour,Yes,No,High,Yes,High,Yes,Yes,24,24,1200.0,Yes,Purabi / Coke / Sting,,None,No,Normal,,Extensive kirana coverage in Ghungoor. Strong placement of Amul Regular Aata 1kg and Tinned Paneer 425g; chocolates placed in confectionery counters.
2026-06-01,Monday,23,June,Shaan Enterprise,Biswajit Bormon,Saurav Sinha,Ghungoor,Silchar Urban,OUT_5_050,Maa Durga Store,Kirana Store,Medium,Commercial Market,Yes,High,Yes,Amul Tinned Paneer 425g,Dairy,Paneer,Yes,No,High,Yes,High,Yes,Yes,12,12,1512.0,Yes,Purabi / Coke / Sting,,None,No,Normal,,Extensive kirana coverage in Ghungoor. Strong placement of Amul Regular Aata 1kg and Tinned Paneer 425g; chocolates placed in confectionery counters.
2026-06-01,Monday,23,June,Shaan Enterprise,Biswajit Bormon,Saurav Sinha,Ghungoor,Silchar Urban,OUT_5_050,Maa Durga Store,Kirana Store,Medium,Commercial Market,Yes,Medium,Yes,Amul Butter 50g (₹35 Small Pack),Dairy,Butter,Yes,No,Medium,Yes,Medium,No,No,0,0,0,Yes,Purabi / Coke / Sting,Focus SKU rejected,Existing Stock Sufficient,Yes,Medium,Re-pitch during next weekly beat cycle,Extensive kirana coverage in Ghungoor. Strong placement of Amul Regular Aata 1kg and Tinned Paneer 425g; chocolates placed in confectionery counters.
2026-06-01,Monday,23,June,Shaan Enterprise,Biswajit Bormon,Saurav Sinha,Ghungoor,Silchar Urban,OUT_5_050,Maa Durga Store,Kirana Store,Medium,Commercial Market,Yes,Medium,Yes,Amul Dark Chocolate 150g,Confectionery,Chocolates,Yes,No,Medium,Yes,Medium,No,No,0,0,0,Yes,Purabi / Coke / Sting,Focus SKU rejected,Existing Stock Sufficient,Yes,Medium,Re-pitch during next weekly beat cycle,Extensive kirana coverage in Ghungoor. Strong placement of Amul Regular Aata 1kg and Tinned Paneer 425g; chocolates placed in confectionery counters.
2026-06-01,Monday,23,June,Shaan Enterprise,Biswajit Bormon,Saurav Sinha,Ghungoor,Silchar Urban,OUT_5_050,Maa Durga Store,Kirana Store,Medium,Commercial Market,Yes,Medium,Yes,Amul Tru Mango 200ml,Beverages,Fruit Drinks,Yes,No,Medium,Yes,Medium,No,No,0,0,0,Yes,Purabi / Coke / Sting,Focus SKU rejected,Existing Stock Sufficient,Yes,Medium,Re-pitch during next weekly beat cycle,Extensive kirana coverage in Ghungoor. Strong placement of Amul Regular Aata 1kg and Tinned Paneer 425g; chocolates placed in confectionery counters.
2026-06-01,Monday,23,June,Shaan Enterprise,Biswajit Bormon,Saurav Sinha,Ghungoor,Silchar Urban,OUT_5_050,Maa Durga Store,Kirana Store,Medium,Commercial Market,Yes,Medium,Yes,Amul Tru Litchi 200ml,Beverages,Fruit Drinks,Yes,No,Medium,Yes,Medium,No,No,0,0,0,Yes,Purabi / Coke / Sting,Focus SKU rejected,Existing Stock Sufficient,Yes,Medium,Re-pitch during next weekly beat cycle,Extensive kirana coverage in Ghungoor. Strong placement of Amul Regular Aata 1kg and Tinned Paneer 425g; chocolates placed in confectionery counters.
2026-06-01,Monday,23,June,Shaan Enterprise,Biswajit Bormon,Saurav Sinha,Ghungoor,Silchar Urban,OUT_5_881,Rajesh Store,Kirana Store,Medium,Commercial Market,Yes,High,Yes,Amul Tinned Paneer 425g,Dairy,Paneer,Yes,No,High,Yes,High,Yes,Yes,3,3,378.0,Yes,Purabi / Coke / Sting,,None,No,Normal,,Extensive kirana coverage in Ghungoor. Strong placement of Amul Regular Aata 1kg and Tinned Paneer 425g; chocolates placed in confectionery counters.
2026-06-01,Monday,23,June,Shaan Enterprise,Biswajit Bormon,Saurav Sinha,Ghungoor,Silchar Urban,OUT_5_881,Rajesh Store,Kirana Store,Medium,Commercial Market,Yes,High,Yes,Amul Regular Aata 1kg,Staples,Flour,Yes,No,High,Yes,High,Yes,Yes,12,12,600.0,Yes,Purabi / Coke / Sting,,None,No,Normal,,Extensive kirana coverage in Ghungoor. Strong placement of Amul Regular Aata 1kg and Tinned Paneer 425g; chocolates placed in confectionery counters.
2026-06-01,Monday,23,June,Shaan Enterprise,Biswajit Bormon,Saurav Sinha,Ghungoor,Silchar Urban,OUT_5_881,Rajesh Store,Kirana Store,Medium,Commercial Market,Yes,Medium,Yes,Amul Butter 50g (₹35 Small Pack),Dairy,Butter,Yes,No,Medium,Yes,Medium,No,No,0,0,0,Yes,Purabi / Coke / Sting,Focus SKU rejected,Existing Stock Sufficient,Yes,Medium,Re-pitch during next weekly beat cycle,Extensive kirana coverage in Ghungoor. Strong placement of Amul Regular Aata 1kg and Tinned Paneer 425g; chocolates placed in confectionery counters.
2026-06-01,Monday,23,June,Shaan Enterprise,Biswajit Bormon,Saurav Sinha,Ghungoor,Silchar Urban,OUT_5_881,Rajesh Store,Kirana Store,Medium,Commercial Market,Yes,Medium,Yes,Amul Dark Chocolate 150g,Confectionery,Chocolates,Yes,No,Medium,Yes,Medium,No,No,0,0,0,Yes,Purabi / Coke / Sting,Focus SKU rejected,Existing Stock Sufficient,Yes,Medium,Re-pitch during next weekly beat cycle,Extensive kirana coverage in Ghungoor. Strong placement of Amul Regular Aata 1kg and Tinned Paneer 425g; chocolates placed in confectionery counters.
2026-06-01,Monday,23,June,Shaan Enterprise,Biswajit Bormon,Saurav Sinha,Ghungoor,Silchar Urban,OUT_5_881,Rajesh Store,Kirana Store,Medium,Commercial Market,Yes,Medium,Yes,Amul Tru Mango 200ml,Beverages,Fruit Drinks,Yes,No,Medium,Yes,Medium,No,No,0,0,0,Yes,Purabi / Coke / Sting,Focus SKU rejected,Existing Stock Sufficient,Yes,Medium,Re-pitch during next weekly beat cycle,Extensive kirana coverage in Ghungoor. Strong placement of Amul Regular Aata 1kg and Tinned Paneer 425g; chocolates placed in confectionery counters.
2026-06-01,Monday,23,June,Shaan Enterprise,Biswajit Bormon,Saurav Sinha,Ghungoor,Silchar Urban,OUT_5_881,Rajesh Store,Kirana Store,Medium,Commercial Market,Yes,Medium,Yes,Amul Tru Litchi 200ml,Beverages,Fruit Drinks,Yes,No,Medium,Yes,Medium,No,No,0,0,0,Yes,Purabi / Coke / Sting,Focus SKU rejected,Existing Stock Sufficient,Yes,Medium,Re-pitch during next weekly beat cycle,Extensive kirana coverage in Ghungoor. Strong placement of Amul Regular Aata 1kg and Tinned Paneer 425g; chocolates placed in confectionery counters.
2026-06-01,Monday,23,June,Shaan Enterprise,Biswajit Bormon,Saurav Sinha,Ghungoor,Silchar Urban,OUT_5_247,Das Store,Kirana Store,Medium,Commercial Market,Yes,High,Yes,Amul Dark Chocolate 35g,Confectionery,Chocolates,Yes,No,High,Yes,High,Yes,Yes,20,20,600.0,Yes,Purabi / Coke / Sting,,None,No,Normal,,Extensive kirana coverage in Ghungoor. Strong placement of Amul Regular Aata 1kg and Tinned Paneer 425g; chocolates placed in confectionery counters.
2026-06-01,Monday,23,June,Shaan Enterprise,Biswajit Bormon,Saurav Sinha,Ghungoor,Silchar Urban,OUT_5_247,Das Store,Kirana Store,Medium,Commercial Market,Yes,High,Yes,Amul Fruit & Nut Chocolate 35g,Confectionery,Chocolates,Yes,No,High,Yes,High,Yes,Yes,20,20,680.0,Yes,Purabi / Coke / Sting,,None,No,Normal,,Extensive kirana coverage in Ghungoor. Strong placement of Amul Regular Aata 1kg and Tinned Paneer 425g; chocolates placed in confectionery counters.
2026-06-01,Monday,23,June,Shaan Enterprise,Biswajit Bormon,Saurav Sinha,Ghungoor,Silchar Urban,OUT_5_247,Das Store,Kirana Store,Medium,Commercial Market,Yes,High,Yes,Amul Sugar-Free Dark Chocolate,Confectionery,Chocolates,Yes,No,High,Yes,High,Yes,Yes,20,20,2125.0,Yes,Purabi / Coke / Sting,,None,No,Normal,,Extensive kirana coverage in Ghungoor. Strong placement of Amul Regular Aata 1kg and Tinned Paneer 425g; chocolates placed in confectionery counters.
2026-06-01,Monday,23,June,Shaan Enterprise,Biswajit Bormon,Saurav Sinha,Ghungoor,Silchar Urban,OUT_5_247,Das Store,Kirana Store,Medium,Commercial Market,Yes,High,Yes,Amul Regular Aata 1kg,Staples,Flour,Yes,No,High,Yes,High,Yes,Yes,12,12,600.0,Yes,Purabi / Coke / Sting,,None,No,Normal,,Extensive kirana coverage in Ghungoor. Strong placement of Amul Regular Aata 1kg and Tinned Paneer 425g; chocolates placed in confectionery counters.
2026-06-01,Monday,23,June,Shaan Enterprise,Biswajit Bormon,Saurav Sinha,Ghungoor,Silchar Urban,OUT_5_247,Das Store,Kirana Store,Medium,Commercial Market,Yes,Medium,Yes,Amul Butter 50g (₹35 Small Pack),Dairy,Butter,Yes,No,Medium,Yes,Medium,No,No,0,0,0,Yes,Purabi / Coke / Sting,Focus SKU rejected,Existing Stock Sufficient,Yes,Medium,Re-pitch during next weekly beat cycle,Extensive kirana coverage in Ghungoor. Strong placement of Amul Regular Aata 1kg and Tinned Paneer 425g; chocolates placed in confectionery counters.
2026-06-01,Monday,23,June,Shaan Enterprise,Biswajit Bormon,Saurav Sinha,Ghungoor,Silchar Urban,OUT_5_247,Das Store,Kirana Store,Medium,Commercial Market,Yes,Medium,Yes,Amul Dark Chocolate 150g,Confectionery,Chocolates,Yes,No,Medium,Yes,Medium,No,No,0,0,0,Yes,Purabi / Coke / Sting,Focus SKU rejected,Existing Stock Sufficient,Yes,Medium,Re-pitch during next weekly beat cycle,Extensive kirana coverage in Ghungoor. Strong placement of Amul Regular Aata 1kg and Tinned Paneer 425g; chocolates placed in confectionery counters.
2026-06-01,Monday,23,June,Shaan Enterprise,Biswajit Bormon,Saurav Sinha,Ghungoor,Silchar Urban,OUT_5_247,Das Store,Kirana Store,Medium,Commercial Market,Yes,Medium,Yes,Amul Tru Mango 200ml,Beverages,Fruit Drinks,Yes,No,Medium,Yes,Medium,No,No,0,0,0,Yes,Purabi / Coke / Sting,Focus SKU rejected,Existing Stock Sufficient,Yes,Medium,Re-pitch during next weekly beat cycle,Extensive kirana coverage in Ghungoor. Strong placement of Amul Regular Aata 1kg and Tinned Paneer 425g; chocolates placed in confectionery counters.
2026-06-01,Monday,23,June,Shaan Enterprise,Biswajit Bormon,Saurav Sinha,Ghungoor,Silchar Urban,OUT_5_247,Das Store,Kirana Store,Medium,Commercial Market,Yes,Medium,Yes,Amul Tru Litchi 200ml,Beverages,Fruit Drinks,Yes,No,Medium,Yes,Medium,No,No,0,0,0,Yes,Purabi / Coke / Sting,Focus SKU rejected,Existing Stock Sufficient,Yes,Medium,Re-pitch during next weekly beat cycle,Extensive kirana coverage in Ghungoor. Strong placement of Amul Regular Aata 1kg and Tinned Paneer 425g; chocolates placed in confectionery counters.
2026-06-01,Monday,23,June,Shaan Enterprise,Biswajit Bormon,Saurav Sinha,Ghungoor,Silchar Urban,OUT_5_264,Basanti Mini Mart,Bakery & Confectionery,Medium,Commercial Market,Yes,High,Yes,Amul Butter Rusk,Bakery,Rusk & Toast,Yes,No,High,Yes,High,Yes,Yes,12,12,408.0,Yes,Purabi / Coke / Sting,,None,No,Normal,,Extensive kirana coverage in Ghungoor. Strong placement of Amul Regular Aata 1kg and Tinned Paneer 425g; chocolates placed in confectionery counters.
2026-06-01,Monday,23,June,Shaan Enterprise,Biswajit Bormon,Saurav Sinha,Ghungoor,Silchar Urban,OUT_5_264,Basanti Mini Mart,Bakery & Confectionery,Medium,Commercial Market,Yes,High,Yes,Amul Choco Mini,Confectionery,Chocolates,Yes,No,High,Yes,High,Yes,Yes,6,6,51.0,Yes,Purabi / Coke / Sting,,None,No,Normal,,Extensive kirana coverage in Ghungoor. Strong placement of Amul Regular Aata 1kg and Tinned Paneer 425g; chocolates placed in confectionery counters.
2026-06-01,Monday,23,June,Shaan Enterprise,Biswajit Bormon,Saurav Sinha,Ghungoor,Silchar Urban,OUT_5_264,Basanti Mini Mart,Bakery & Confectionery,Medium,Commercial Market,Yes,High,Yes,Amul Fruit & Nut Chocolate 35g,Confectionery,Chocolates,Yes,No,High,Yes,High,Yes,Yes,40,40,1360.0,Yes,Purabi / Coke / Sting,,None,No,Normal,,Extensive kirana coverage in Ghungoor. Strong placement of Amul Regular Aata 1kg and Tinned Paneer 425g; chocolates placed in confectionery counters.
2026-06-01,Monday,23,June,Shaan Enterprise,Biswajit Bormon,Saurav Sinha,Ghungoor,Silchar Urban,OUT_5_264,Basanti Mini Mart,Bakery & Confectionery,Medium,Commercial Market,Yes,High,Yes,Amul Tinned Paneer 425g,Dairy,Paneer,Yes,No,High,Yes,High,Yes,Yes,6,6,756.0,Yes,Purabi / Coke / Sting,,None,No,Normal,,Extensive kirana coverage in Ghungoor. Strong placement of Amul Regular Aata 1kg and Tinned Paneer 425g; chocolates placed in confectionery counters.
2026-06-01,Monday,23,June,Shaan Enterprise,Biswajit Bormon,Saurav Sinha,Ghungoor,Silchar Urban,OUT_5_264,Basanti Mini Mart,Bakery & Confectionery,Medium,Commercial Market,Yes,High,Yes,Amul Regular Aata 1kg,Staples,Flour,Yes,No,High,Yes,High,Yes,Yes,72,72,3600.0,Yes,Purabi / Coke / Sting,,None,No,Normal,,Extensive kirana coverage in Ghungoor. Strong placement of Amul Regular Aata 1kg and Tinned Paneer 425g; chocolates placed in confectionery counters.
2026-06-01,Monday,23,June,Shaan Enterprise,Biswajit Bormon,Saurav Sinha,Ghungoor,Silchar Urban,OUT_5_264,Basanti Mini Mart,Kirana Store,Medium,Commercial Market,Yes,Medium,Yes,Amul Butter 50g (₹35 Small Pack),Dairy,Butter,Yes,No,Medium,Yes,Medium,No,No,0,0,0,Yes,Purabi / Coke / Sting,Focus SKU rejected,Existing Stock Sufficient,Yes,Medium,Re-pitch during next weekly beat cycle,Extensive kirana coverage in Ghungoor. Strong placement of Amul Regular Aata 1kg and Tinned Paneer 425g; chocolates placed in confectionery counters.
2026-06-01,Monday,23,June,Shaan Enterprise,Biswajit Bormon,Saurav Sinha,Ghungoor,Silchar Urban,OUT_5_264,Basanti Mini Mart,Kirana Store,Medium,Commercial Market,Yes,Medium,Yes,Amul Dark Chocolate 150g,Confectionery,Chocolates,Yes,No,Medium,Yes,Medium,No,No,0,0,0,Yes,Purabi / Coke / Sting,Focus SKU rejected,Existing Stock Sufficient,Yes,Medium,Re-pitch during next weekly beat cycle,Extensive kirana coverage in Ghungoor. Strong placement of Amul Regular Aata 1kg and Tinned Paneer 425g; chocolates placed in confectionery counters.
2026-06-01,Monday,23,June,Shaan Enterprise,Biswajit Bormon,Saurav Sinha,Ghungoor,Silchar Urban,OUT_5_264,Basanti Mini Mart,Kirana Store,Medium,Commercial Market,Yes,Medium,Yes,Amul Tru Mango 200ml,Beverages,Fruit Drinks,Yes,No,Medium,Yes,Medium,No,No,0,0,0,Yes,Purabi / Coke / Sting,Focus SKU rejected,Existing Stock Sufficient,Yes,Medium,Re-pitch during next weekly beat cycle,Extensive kirana coverage in Ghungoor. Strong placement of Amul Regular Aata 1kg and Tinned Paneer 425g; chocolates placed in confectionery counters.
2026-06-01,Monday,23,June,Shaan Enterprise,Biswajit Bormon,Saurav Sinha,Ghungoor,Silchar Urban,OUT_5_264,Basanti Mini Mart,Kirana Store,Medium,Commercial Market,Yes,Medium,Yes,Amul Tru Litchi 200ml,Beverages,Fruit Drinks,Yes,No,Medium,Yes,Medium,No,No,0,0,0,Yes,Purabi / Coke / Sting,Focus SKU rejected,Existing Stock Sufficient,Yes,Medium,Re-pitch during next weekly beat cycle,Extensive kirana coverage in Ghungoor. Strong placement of Amul Regular Aata 1kg and Tinned Paneer 425g; chocolates placed in confectionery counters.
2026-06-01,Monday,23,June,Shaan Enterprise,Biswajit Bormon,Saurav Sinha,Ghungoor,Silchar Urban,OUT_5_667,Dev Store,Kirana Store,Medium,Commercial Market,Yes,High,Yes,Amul Tinned Paneer 425g,Dairy,Paneer,Yes,No,High,Yes,High,Yes,Yes,24,24,3024.0,Yes,Purabi / Coke / Sting,,None,No,Normal,,Extensive kirana coverage in Ghungoor. Strong placement of Amul Regular Aata 1kg and Tinned Paneer 425g; chocolates placed in confectionery counters.
2026-06-01,Monday,23,June,Shaan Enterprise,Biswajit Bormon,Saurav Sinha,Ghungoor,Silchar Urban,OUT_5_667,Dev Store,Kirana Store,Medium,Commercial Market,Yes,Medium,Yes,Amul Butter 50g (₹35 Small Pack),Dairy,Butter,Yes,No,Medium,Yes,Medium,No,No,0,0,0,Yes,Purabi / Coke / Sting,Focus SKU rejected,Existing Stock Sufficient,Yes,Medium,Re-pitch during next weekly beat cycle,Extensive kirana coverage in Ghungoor. Strong placement of Amul Regular Aata 1kg and Tinned Paneer 425g; chocolates placed in confectionery counters.
2026-06-01,Monday,23,June,Shaan Enterprise,Biswajit Bormon,Saurav Sinha,Ghungoor,Silchar Urban,OUT_5_667,Dev Store,Kirana Store,Medium,Commercial Market,Yes,Medium,Yes,Amul Dark Chocolate 150g,Confectionery,Chocolates,Yes,No,Medium,Yes,Medium,No,No,0,0,0,Yes,Purabi / Coke / Sting,Focus SKU rejected,Existing Stock Sufficient,Yes,Medium,Re-pitch during next weekly beat cycle,Extensive kirana coverage in Ghungoor. Strong placement of Amul Regular Aata 1kg and Tinned Paneer 425g; chocolates placed in confectionery counters.
2026-06-01,Monday,23,June,Shaan Enterprise,Biswajit Bormon,Saurav Sinha,Ghungoor,Silchar Urban,OUT_5_667,Dev Store,Kirana Store,Medium,Commercial Market,Yes,Medium,Yes,Amul Tru Mango 200ml,Beverages,Fruit Drinks,Yes,No,Medium,Yes,Medium,No,No,0,0,0,Yes,Purabi / Coke / Sting,Focus SKU rejected,Existing Stock Sufficient,Yes,Medium,Re-pitch during next weekly beat cycle,Extensive kirana coverage in Ghungoor. Strong placement of Amul Regular Aata 1kg and Tinned Paneer 425g; chocolates placed in confectionery counters.
2026-06-01,Monday,23,June,Shaan Enterprise,Biswajit Bormon,Saurav Sinha,Ghungoor,Silchar Urban,OUT_5_667,Dev Store,Kirana Store,Medium,Commercial Market,Yes,Medium,Yes,Amul Tru Litchi 200ml,Beverages,Fruit Drinks,Yes,No,Medium,Yes,Medium,No,No,0,0,0,Yes,Purabi / Coke / Sting,Focus SKU rejected,Existing Stock Sufficient,Yes,Medium,Re-pitch during next weekly beat cycle,Extensive kirana coverage in Ghungoor. Strong placement of Amul Regular Aata 1kg and Tinned Paneer 425g; chocolates placed in confectionery counters.
2026-06-01,Monday,23,June,Shaan Enterprise,Biswajit Bormon,Saurav Sinha,Ghungoor,Silchar Urban,OUT_5_313,Manda Stores,Kirana Store,Medium,Commercial Market,Yes,High,Yes,Amul Regular Aata 1kg,Staples,Flour,Yes,No,High,Yes,High,Yes,Yes,72,72,3600.0,Yes,Purabi / Coke / Sting,,None,No,Normal,,Extensive kirana coverage in Ghungoor. Strong placement of Amul Regular Aata 1kg and Tinned Paneer 425g; chocolates placed in confectionery counters.
2026-06-01,Monday,23,June,Shaan Enterprise,Biswajit Bormon,Saurav Sinha,Ghungoor,Silchar Urban,OUT_5_313,Manda Stores,Kirana Store,Medium,Commercial Market,Yes,Medium,Yes,Amul Butter 50g (₹35 Small Pack),Dairy,Butter,Yes,No,Medium,Yes,Medium,No,No,0,0,0,Yes,Purabi / Coke / Sting,Focus SKU rejected,Existing Stock Sufficient,Yes,Medium,Re-pitch during next weekly beat cycle,Extensive kirana coverage in Ghungoor. Strong placement of Amul Regular Aata 1kg and Tinned Paneer 425g; chocolates placed in confectionery counters.
2026-06-01,Monday,23,June,Shaan Enterprise,Biswajit Bormon,Saurav Sinha,Ghungoor,Silchar Urban,OUT_5_313,Manda Stores,Kirana Store,Medium,Commercial Market,Yes,Medium,Yes,Amul Dark Chocolate 150g,Confectionery,Chocolates,Yes,No,Medium,Yes,Medium,No,No,0,0,0,Yes,Purabi / Coke / Sting,Focus SKU rejected,Existing Stock Sufficient,Yes,Medium,Re-pitch during next weekly beat cycle,Extensive kirana coverage in Ghungoor. Strong placement of Amul Regular Aata 1kg and Tinned Paneer 425g; chocolates placed in confectionery counters.
2026-06-01,Monday,23,June,Shaan Enterprise,Biswajit Bormon,Saurav Sinha,Ghungoor,Silchar Urban,OUT_5_313,Manda Stores,Kirana Store,Medium,Commercial Market,Yes,Medium,Yes,Amul Tru Mango 200ml,Beverages,Fruit Drinks,Yes,No,Medium,Yes,Medium,No,No,0,0,0,Yes,Purabi / Coke / Sting,Focus SKU rejected,Existing Stock Sufficient,Yes,Medium,Re-pitch during next weekly beat cycle,Extensive kirana coverage in Ghungoor. Strong placement of Amul Regular Aata 1kg and Tinned Paneer 425g; chocolates placed in confectionery counters.
2026-06-01,Monday,23,June,Shaan Enterprise,Biswajit Bormon,Saurav Sinha,Ghungoor,Silchar Urban,OUT_5_313,Manda Stores,Kirana Store,Medium,Commercial Market,Yes,Medium,Yes,Amul Tru Litchi 200ml,Beverages,Fruit Drinks,Yes,No,Medium,Yes,Medium,No,No,0,0,0,Yes,Purabi / Coke / Sting,Focus SKU rejected,Existing Stock Sufficient,Yes,Medium,Re-pitch during next weekly beat cycle,Extensive kirana coverage in Ghungoor. Strong placement of Amul Regular Aata 1kg and Tinned Paneer 425g; chocolates placed in confectionery counters.
2026-06-01,Monday,23,June,Shaan Enterprise,Biswajit Bormon,Saurav Sinha,Ghungoor,Silchar Urban,OUT_5_010,Ghungoor Counter 10,Kirana Store,Medium,Market Street,No,Medium,Yes,Amul Butter 50g (₹35 Small Pack),Dairy,Butter,Yes,No,Medium,Yes,High,Yes,Yes,24,24,736.8,Yes,Purabi / Sting / Coke,,None,No,Low,None,Extensive kirana coverage in Ghungoor. Strong placement of Amul Regular Aata 1kg and Tinned Paneer 425g; chocolates placed in confectionery counters.
2026-06-01,Monday,23,June,Shaan Enterprise,Biswajit Bormon,Saurav Sinha,Ghungoor,Silchar Urban,OUT_5_010,Ghungoor Counter 10,Kirana Store,Medium,Market Street,No,Medium,Yes,Amul Dark Chocolate 150g,Confectionery,Chocolates,Yes,No,Medium,Yes,High,Yes,Yes,24,24,2448.0,Yes,Purabi / Sting / Coke,,None,No,Low,None,Extensive kirana coverage in Ghungoor. Strong placement of Amul Regular Aata 1kg and Tinned Paneer 425g; chocolates placed in confectionery counters.
2026-06-01,Monday,23,June,Shaan Enterprise,Biswajit Bormon,Saurav Sinha,Ghungoor,Silchar Urban,OUT_5_010,Ghungoor Counter 10,Kirana Store,Medium,Market Street,No,Medium,Yes,Amul Tru Mango 200ml,Beverages,Fruit Drinks,Yes,No,Medium,Yes,Low,No,No,0,0,0.0,Yes,Purabi / Sting / Coke,Existing inventory unsold,Stock Already Available,Yes,High,Stock Already Available,Extensive kirana coverage in Ghungoor. Strong placement of Amul Regular Aata 1kg and Tinned Paneer 425g; chocolates placed in confectionery counters.
2026-06-01,Monday,23,June,Shaan Enterprise,Biswajit Bormon,Saurav Sinha,Ghungoor,Silchar Urban,OUT_5_011,Ghungoor Counter 11,General Store,Medium,Market Street,Yes,Medium,Yes,Amul Butter 50g (₹35 Small Pack),Dairy,Butter,Yes,No,Medium,Yes,High,Yes,Yes,24,24,736.8,Yes,Purabi / Sting / Coke,,None,No,Low,None,Extensive kirana coverage in Ghungoor. Strong placement of Amul Regular Aata 1kg and Tinned Paneer 425g; chocolates placed in confectionery counters.
2026-06-01,Monday,23,June,Shaan Enterprise,Biswajit Bormon,Saurav Sinha,Ghungoor,Silchar Urban,OUT_5_011,Ghungoor Counter 11,General Store,Medium,Market Street,Yes,Medium,Yes,Amul Dark Chocolate 150g,Confectionery,Chocolates,Yes,No,Medium,Yes,Low,No,No,0,0,0.0,Yes,Purabi / Sting / Coke,Existing inventory unsold,Stock Already Available,Yes,High,Stock Already Available,Extensive kirana coverage in Ghungoor. Strong placement of Amul Regular Aata 1kg and Tinned Paneer 425g; chocolates placed in confectionery counters.
2026-06-01,Monday,23,June,Shaan Enterprise,Biswajit Bormon,Saurav Sinha,Ghungoor,Silchar Urban,OUT_5_011,Ghungoor Counter 11,General Store,Medium,Market Street,Yes,Medium,Yes,Amul Tru Mango 200ml,Beverages,Fruit Drinks,Yes,No,Medium,Yes,Low,No,No,0,0,0.0,Yes,Purabi / Sting / Coke,Existing inventory unsold,Stock Already Available,Yes,High,Stock Already Available,Extensive kirana coverage in Ghungoor. Strong placement of Amul Regular Aata 1kg and Tinned Paneer 425g; chocolates placed in confectionery counters.
2026-06-01,Monday,23,June,Shaan Enterprise,Biswajit Bormon,Saurav Sinha,Ghungoor,Silchar Urban,OUT_5_012,Ghungoor Counter 12,Kirana Store,Medium,Market Street,Yes,Medium,Yes,Amul Butter 50g (₹35 Small Pack),Dairy,Butter,Yes,No,Medium,Yes,High,Yes,Yes,24,24,736.8,Yes,Purabi / Sting / Coke,,None,No,Low,None,Extensive kirana coverage in Ghungoor. Strong placement of Amul Regular Aata 1kg and Tinned Paneer 425g; chocolates placed in confectionery counters.
2026-06-01,Monday,23,June,Shaan Enterprise,Biswajit Bormon,Saurav Sinha,Ghungoor,Silchar Urban,OUT_5_012,Ghungoor Counter 12,Kirana Store,Medium,Market Street,Yes,Medium,Yes,Amul Dark Chocolate 150g,Confectionery,Chocolates,Yes,No,Medium,Yes,High,Yes,Yes,24,24,2448.0,Yes,Purabi / Sting / Coke,,None,No,Low,None,Extensive kirana coverage in Ghungoor. Strong placement of Amul Regular Aata 1kg and Tinned Paneer 425g; chocolates placed in confectionery counters.
2026-06-01,Monday,23,June,Shaan Enterprise,Biswajit Bormon,Saurav Sinha,Ghungoor,Silchar Urban,OUT_5_012,Ghungoor Counter 12,Kirana Store,Medium,Market Street,Yes,Medium,Yes,Amul Tru Mango 200ml,Beverages,Fruit Drinks,Yes,No,Medium,Yes,Low,No,No,0,0,0.0,Yes,Purabi / Sting / Coke,Existing inventory unsold,Stock Already Available,Yes,High,Stock Already Available,Extensive kirana coverage in Ghungoor. Strong placement of Amul Regular Aata 1kg and Tinned Paneer 425g; chocolates placed in confectionery counters.
2026-06-01,Monday,23,June,Shaan Enterprise,Biswajit Bormon,Saurav Sinha,Ghungoor,Silchar Urban,OUT_5_013,Ghungoor Counter 13,General Store,Medium,Market Street,Yes,Medium,Yes,Amul Butter 50g (₹35 Small Pack),Dairy,Butter,Yes,No,Medium,Yes,High,Yes,Yes,24,24,736.8,Yes,Purabi / Sting / Coke,,None,No,Low,None,Extensive kirana coverage in Ghungoor. Strong placement of Amul Regular Aata 1kg and Tinned Paneer 425g; chocolates placed in confectionery counters.
2026-06-01,Monday,23,June,Shaan Enterprise,Biswajit Bormon,Saurav Sinha,Ghungoor,Silchar Urban,OUT_5_013,Ghungoor Counter 13,General Store,Medium,Market Street,Yes,Medium,Yes,Amul Dark Chocolate 150g,Confectionery,Chocolates,Yes,No,Medium,Yes,Low,No,No,0,0,0.0,Yes,Purabi / Sting / Coke,Existing inventory unsold,Stock Already Available,Yes,High,Stock Already Available,Extensive kirana coverage in Ghungoor. Strong placement of Amul Regular Aata 1kg and Tinned Paneer 425g; chocolates placed in confectionery counters.
2026-06-01,Monday,23,June,Shaan Enterprise,Biswajit Bormon,Saurav Sinha,Ghungoor,Silchar Urban,OUT_5_013,Ghungoor Counter 13,General Store,Medium,Market Street,Yes,Medium,Yes,Amul Tru Mango 200ml,Beverages,Fruit Drinks,Yes,No,Medium,Yes,Low,No,No,0,0,0.0,Yes,Purabi / Sting / Coke,Existing inventory unsold,Stock Already Available,Yes,High,Stock Already Available,Extensive kirana coverage in Ghungoor. Strong placement of Amul Regular Aata 1kg and Tinned Paneer 425g; chocolates placed in confectionery counters.
2026-06-01,Monday,23,June,Shaan Enterprise,Biswajit Bormon,Saurav Sinha,Ghungoor,Silchar Urban,OUT_5_014,Ghungoor Counter 14,Kirana Store,Medium,Market Street,No,Medium,Yes,Amul Butter 50g (₹35 Small Pack),Dairy,Butter,Yes,No,Medium,Yes,High,Yes,Yes,24,24,736.8,Yes,Purabi / Sting / Coke,,None,No,Low,None,Extensive kirana coverage in Ghungoor. Strong placement of Amul Regular Aata 1kg and Tinned Paneer 425g; chocolates placed in confectionery counters.
2026-06-01,Monday,23,June,Shaan Enterprise,Biswajit Bormon,Saurav Sinha,Ghungoor,Silchar Urban,OUT_5_014,Ghungoor Counter 14,Kirana Store,Medium,Market Street,No,Medium,Yes,Amul Dark Chocolate 150g,Confectionery,Chocolates,Yes,No,Medium,Yes,High,Yes,Yes,24,24,2448.0,Yes,Purabi / Sting / Coke,,None,No,Low,None,Extensive kirana coverage in Ghungoor. Strong placement of Amul Regular Aata 1kg and Tinned Paneer 425g; chocolates placed in confectionery counters.
2026-06-01,Monday,23,June,Shaan Enterprise,Biswajit Bormon,Saurav Sinha,Ghungoor,Silchar Urban,OUT_5_014,Ghungoor Counter 14,Kirana Store,Medium,Market Street,No,Medium,Yes,Amul Tru Mango 200ml,Beverages,Fruit Drinks,Yes,No,Medium,Yes,Low,No,No,0,0,0.0,Yes,Purabi / Sting / Coke,Existing inventory unsold,Stock Already Available,Yes,High,Stock Already Available,Extensive kirana coverage in Ghungoor. Strong placement of Amul Regular Aata 1kg and Tinned Paneer 425g; chocolates placed in confectionery counters.
2026-06-01,Monday,23,June,Shaan Enterprise,Biswajit Bormon,Saurav Sinha,Ghungoor,Silchar Urban,OUT_5_015,Ghungoor Counter 15,General Store,Medium,Market Street,Yes,Medium,Yes,Amul Butter 50g (₹35 Small Pack),Dairy,Butter,Yes,No,Medium,Yes,High,Yes,Yes,24,24,736.8,Yes,Purabi / Sting / Coke,,None,No,Low,None,Extensive kirana coverage in Ghungoor. Strong placement of Amul Regular Aata 1kg and Tinned Paneer 425g; chocolates placed in confectionery counters.
2026-06-01,Monday,23,June,Shaan Enterprise,Biswajit Bormon,Saurav Sinha,Ghungoor,Silchar Urban,OUT_5_015,Ghungoor Counter 15,General Store,Medium,Market Street,Yes,Medium,Yes,Amul Dark Chocolate 150g,Confectionery,Chocolates,Yes,No,Medium,Yes,Low,No,No,0,0,0.0,Yes,Purabi / Sting / Coke,Existing inventory unsold,Stock Already Available,Yes,High,Stock Already Available,Extensive kirana coverage in Ghungoor. Strong placement of Amul Regular Aata 1kg and Tinned Paneer 425g; chocolates placed in confectionery counters.
2026-06-01,Monday,23,June,Shaan Enterprise,Biswajit Bormon,Saurav Sinha,Ghungoor,Silchar Urban,OUT_5_015,Ghungoor Counter 15,General Store,Medium,Market Street,Yes,Medium,Yes,Amul Tru Mango 200ml,Beverages,Fruit Drinks,Yes,No,Medium,Yes,Low,No,No,0,0,0.0,Yes,Purabi / Sting / Coke,Existing inventory unsold,Stock Already Available,Yes,High,Stock Already Available,Extensive kirana coverage in Ghungoor. Strong placement of Amul Regular Aata 1kg and Tinned Paneer 425g; chocolates placed in confectionery counters.
2026-06-01,Monday,23,June,Shaan Enterprise,Biswajit Bormon,Saurav Sinha,Ghungoor,Silchar Urban,OUT_5_016,Ghungoor Counter 16,Kirana Store,Medium,Market Street,Yes,Medium,Yes,Amul Butter 50g (₹35 Small Pack),Dairy,Butter,Yes,No,Medium,Yes,Low,No,No,0,0,0.0,Yes,Purabi / Sting / Coke,Existing inventory unsold,Stock Already Available,Yes,High,Stock Already Available,Extensive kirana coverage in Ghungoor. Strong placement of Amul Regular Aata 1kg and Tinned Paneer 425g; chocolates placed in confectionery counters.
2026-06-01,Monday,23,June,Shaan Enterprise,Biswajit Bormon,Saurav Sinha,Ghungoor,Silchar Urban,OUT_5_016,Ghungoor Counter 16,Kirana Store,Medium,Market Street,Yes,Medium,Yes,Amul Dark Chocolate 150g,Confectionery,Chocolates,Yes,No,Medium,Yes,Low,No,No,0,0,0.0,Yes,Purabi / Sting / Coke,Existing inventory unsold,Stock Already Available,Yes,High,Stock Already Available,Extensive kirana coverage in Ghungoor. Strong placement of Amul Regular Aata 1kg and Tinned Paneer 425g; chocolates placed in confectionery counters.
2026-06-01,Monday,23,June,Shaan Enterprise,Biswajit Bormon,Saurav Sinha,Ghungoor,Silchar Urban,OUT_5_016,Ghungoor Counter 16,Kirana Store,Medium,Market Street,Yes,Medium,Yes,Amul Tru Mango 200ml,Beverages,Fruit Drinks,Yes,No,Medium,Yes,Low,No,No,0,0,0.0,Yes,Purabi / Sting / Coke,Existing inventory unsold,Stock Already Available,Yes,High,Stock Already Available,Extensive kirana coverage in Ghungoor. Strong placement of Amul Regular Aata 1kg and Tinned Paneer 425g; chocolates placed in confectionery counters.
2026-06-01,Monday,23,June,Shaan Enterprise,Biswajit Bormon,Saurav Sinha,Ghungoor,Silchar Urban,OUT_5_017,Ghungoor Counter 17,General Store,Medium,Market Street,Yes,Medium,Yes,Amul Butter 50g (₹35 Small Pack),Dairy,Butter,Yes,No,Medium,Yes,Low,No,No,0,0,0.0,Yes,Purabi / Sting / Coke,Existing inventory unsold,Stock Already Available,Yes,High,Stock Already Available,Extensive kirana coverage in Ghungoor. Strong placement of Amul Regular Aata 1kg and Tinned Paneer 425g; chocolates placed in confectionery counters.
2026-06-01,Monday,23,June,Shaan Enterprise,Biswajit Bormon,Saurav Sinha,Ghungoor,Silchar Urban,OUT_5_017,Ghungoor Counter 17,General Store,Medium,Market Street,Yes,Medium,Yes,Amul Dark Chocolate 150g,Confectionery,Chocolates,Yes,No,Medium,Yes,Low,No,No,0,0,0.0,Yes,Purabi / Sting / Coke,Existing inventory unsold,Stock Already Available,Yes,High,Stock Already Available,Extensive kirana coverage in Ghungoor. Strong placement of Amul Regular Aata 1kg and Tinned Paneer 425g; chocolates placed in confectionery counters.
2026-06-01,Monday,23,June,Shaan Enterprise,Biswajit Bormon,Saurav Sinha,Ghungoor,Silchar Urban,OUT_5_017,Ghungoor Counter 17,General Store,Medium,Market Street,Yes,Medium,Yes,Amul Tru Mango 200ml,Beverages,Fruit Drinks,Yes,No,Medium,Yes,Low,No,No,0,0,0.0,Yes,Purabi / Sting / Coke,Existing inventory unsold,Stock Already Available,Yes,High,Stock Already Available,Extensive kirana coverage in Ghungoor. Strong placement of Amul Regular Aata 1kg and Tinned Paneer 425g; chocolates placed in confectionery counters.
2026-06-01,Monday,23,June,Shaan Enterprise,Biswajit Bormon,Saurav Sinha,Ghungoor,Silchar Urban,OUT_5_018,Ghungoor Counter 18,Kirana Store,Medium,Market Street,No,Medium,Yes,Amul Butter 50g (₹35 Small Pack),Dairy,Butter,Yes,No,Medium,Yes,Low,No,No,0,0,0.0,Yes,Purabi / Sting / Coke,Existing inventory unsold,Stock Already Available,Yes,High,Stock Already Available,Extensive kirana coverage in Ghungoor. Strong placement of Amul Regular Aata 1kg and Tinned Paneer 425g; chocolates placed in confectionery counters.
2026-06-01,Monday,23,June,Shaan Enterprise,Biswajit Bormon,Saurav Sinha,Ghungoor,Silchar Urban,OUT_5_018,Ghungoor Counter 18,Kirana Store,Medium,Market Street,No,Medium,Yes,Amul Dark Chocolate 150g,Confectionery,Chocolates,Yes,No,Medium,Yes,Low,No,No,0,0,0.0,Yes,Purabi / Sting / Coke,Existing inventory unsold,Stock Already Available,Yes,High,Stock Already Available,Extensive kirana coverage in Ghungoor. Strong placement of Amul Regular Aata 1kg and Tinned Paneer 425g; chocolates placed in confectionery counters.
2026-06-01,Monday,23,June,Shaan Enterprise,Biswajit Bormon,Saurav Sinha,Ghungoor,Silchar Urban,OUT_5_018,Ghungoor Counter 18,Kirana Store,Medium,Market Street,No,Medium,Yes,Amul Tru Mango 200ml,Beverages,Fruit Drinks,Yes,No,Medium,Yes,Low,No,No,0,0,0.0,Yes,Purabi / Sting / Coke,Existing inventory unsold,Stock Already Available,Yes,High,Stock Already Available,Extensive kirana coverage in Ghungoor. Strong placement of Amul Regular Aata 1kg and Tinned Paneer 425g; chocolates placed in confectionery counters.
2026-06-01,Monday,23,June,Shaan Enterprise,Biswajit Bormon,Saurav Sinha,Ghungoor,Silchar Urban,OUT_5_019,Ghungoor Counter 19,General Store,Medium,Market Street,Yes,Medium,Yes,Amul Butter 50g (₹35 Small Pack),Dairy,Butter,Yes,No,Medium,Yes,Low,No,No,0,0,0.0,Yes,Purabi / Sting / Coke,Existing inventory unsold,Stock Already Available,Yes,High,Stock Already Available,Extensive kirana coverage in Ghungoor. Strong placement of Amul Regular Aata 1kg and Tinned Paneer 425g; chocolates placed in confectionery counters.
2026-06-01,Monday,23,June,Shaan Enterprise,Biswajit Bormon,Saurav Sinha,Ghungoor,Silchar Urban,OUT_5_019,Ghungoor Counter 19,General Store,Medium,Market Street,Yes,Medium,Yes,Amul Dark Chocolate 150g,Confectionery,Chocolates,Yes,No,Medium,Yes,Low,No,No,0,0,0.0,Yes,Purabi / Sting / Coke,Existing inventory unsold,Stock Already Available,Yes,High,Stock Already Available,Extensive kirana coverage in Ghungoor. Strong placement of Amul Regular Aata 1kg and Tinned Paneer 425g; chocolates placed in confectionery counters.
2026-06-01,Monday,23,June,Shaan Enterprise,Biswajit Bormon,Saurav Sinha,Ghungoor,Silchar Urban,OUT_5_019,Ghungoor Counter 19,General Store,Medium,Market Street,Yes,Medium,Yes,Amul Tru Mango 200ml,Beverages,Fruit Drinks,Yes,No,Medium,Yes,Low,No,No,0,0,0.0,Yes,Purabi / Sting / Coke,Existing inventory unsold,Stock Already Available,Yes,High,Stock Already Available,Extensive kirana coverage in Ghungoor. Strong placement of Amul Regular Aata 1kg and Tinned Paneer 425g; chocolates placed in confectionery counters.
2026-06-01,Monday,23,June,Shaan Enterprise,Biswajit Bormon,Saurav Sinha,Ghungoor,Silchar Urban,OUT_5_020,Ghungoor Counter 20,Kirana Store,Medium,Market Street,Yes,Medium,Yes,Amul Butter 50g (₹35 Small Pack),Dairy,Butter,Yes,No,Medium,Yes,Low,No,No,0,0,0.0,Yes,Purabi / Sting / Coke,Existing inventory unsold,Stock Already Available,Yes,High,Stock Already Available,Extensive kirana coverage in Ghungoor. Strong placement of Amul Regular Aata 1kg and Tinned Paneer 425g; chocolates placed in confectionery counters.
2026-06-01,Monday,23,June,Shaan Enterprise,Biswajit Bormon,Saurav Sinha,Ghungoor,Silchar Urban,OUT_5_020,Ghungoor Counter 20,Kirana Store,Medium,Market Street,Yes,Medium,Yes,Amul Dark Chocolate 150g,Confectionery,Chocolates,Yes,No,Medium,Yes,Low,No,No,0,0,0.0,Yes,Purabi / Sting / Coke,Existing inventory unsold,Stock Already Available,Yes,High,Stock Already Available,Extensive kirana coverage in Ghungoor. Strong placement of Amul Regular Aata 1kg and Tinned Paneer 425g; chocolates placed in confectionery counters.
2026-06-01,Monday,23,June,Shaan Enterprise,Biswajit Bormon,Saurav Sinha,Ghungoor,Silchar Urban,OUT_5_020,Ghungoor Counter 20,Kirana Store,Medium,Market Street,Yes,Medium,Yes,Amul Tru Mango 200ml,Beverages,Fruit Drinks,Yes,No,Medium,Yes,Low,No,No,0,0,0.0,Yes,Purabi / Sting / Coke,Existing inventory unsold,Stock Already Available,Yes,High,Stock Already Available,Extensive kirana coverage in Ghungoor. Strong placement of Amul Regular Aata 1kg and Tinned Paneer 425g; chocolates placed in confectionery counters.
2026-06-01,Monday,23,June,Shaan Enterprise,Biswajit Bormon,Saurav Sinha,Ghungoor,Silchar Urban,OUT_5_021,Ghungoor Counter 21,General Store,Medium,Market Street,Yes,Medium,Yes,Amul Butter 50g (₹35 Small Pack),Dairy,Butter,Yes,No,Medium,Yes,Low,No,No,0,0,0.0,Yes,Purabi / Sting / Coke,Existing inventory unsold,Stock Already Available,Yes,High,Stock Already Available,Extensive kirana coverage in Ghungoor. Strong placement of Amul Regular Aata 1kg and Tinned Paneer 425g; chocolates placed in confectionery counters.
2026-06-01,Monday,23,June,Shaan Enterprise,Biswajit Bormon,Saurav Sinha,Ghungoor,Silchar Urban,OUT_5_021,Ghungoor Counter 21,General Store,Medium,Market Street,Yes,Medium,Yes,Amul Dark Chocolate 150g,Confectionery,Chocolates,Yes,No,Medium,Yes,Low,No,No,0,0,0.0,Yes,Purabi / Sting / Coke,Existing inventory unsold,Stock Already Available,Yes,High,Stock Already Available,Extensive kirana coverage in Ghungoor. Strong placement of Amul Regular Aata 1kg and Tinned Paneer 425g; chocolates placed in confectionery counters.
2026-06-01,Monday,23,June,Shaan Enterprise,Biswajit Bormon,Saurav Sinha,Ghungoor,Silchar Urban,OUT_5_021,Ghungoor Counter 21,General Store,Medium,Market Street,Yes,Medium,Yes,Amul Tru Mango 200ml,Beverages,Fruit Drinks,Yes,No,Medium,Yes,Low,No,No,0,0,0.0,Yes,Purabi / Sting / Coke,Existing inventory unsold,Stock Already Available,Yes,High,Stock Already Available,Extensive kirana coverage in Ghungoor. Strong placement of Amul Regular Aata 1kg and Tinned Paneer 425g; chocolates placed in confectionery counters.
2026-06-01,Monday,23,June,Shaan Enterprise,Biswajit Bormon,Saurav Sinha,Ghungoor,Silchar Urban,OUT_5_022,Ghungoor Counter 22,Kirana Store,Medium,Market Street,No,Medium,Yes,Amul Butter 50g (₹35 Small Pack),Dairy,Butter,Yes,No,Medium,Yes,Low,No,No,0,0,0.0,Yes,Purabi / Sting / Coke,Existing inventory unsold,Stock Already Available,Yes,High,Stock Already Available,Extensive kirana coverage in Ghungoor. Strong placement of Amul Regular Aata 1kg and Tinned Paneer 425g; chocolates placed in confectionery counters.
2026-06-01,Monday,23,June,Shaan Enterprise,Biswajit Bormon,Saurav Sinha,Ghungoor,Silchar Urban,OUT_5_022,Ghungoor Counter 22,Kirana Store,Medium,Market Street,No,Medium,Yes,Amul Dark Chocolate 150g,Confectionery,Chocolates,Yes,No,Medium,Yes,Low,No,No,0,0,0.0,Yes,Purabi / Sting / Coke,Existing inventory unsold,Stock Already Available,Yes,High,Stock Already Available,Extensive kirana coverage in Ghungoor. Strong placement of Amul Regular Aata 1kg and Tinned Paneer 425g; chocolates placed in confectionery counters.
2026-06-01,Monday,23,June,Shaan Enterprise,Biswajit Bormon,Saurav Sinha,Ghungoor,Silchar Urban,OUT_5_022,Ghungoor Counter 22,Kirana Store,Medium,Market Street,No,Medium,Yes,Amul Tru Mango 200ml,Beverages,Fruit Drinks,Yes,No,Medium,Yes,Low,No,No,0,0,0.0,Yes,Purabi / Sting / Coke,Existing inventory unsold,Stock Already Available,Yes,High,Stock Already Available,Extensive kirana coverage in Ghungoor. Strong placement of Amul Regular Aata 1kg and Tinned Paneer 425g; chocolates placed in confectionery counters.
2026-06-02,Tuesday,23,June,Shaan Enterprise,Biswajit Bormon,Saurav Sinha,2nd Link Road,Silchar Urban,OUT_6_014,MR Laskar,Bakery & Confectionery,Medium,Commercial Market,Yes,High,Yes,Amul Tinned Paneer 425g,Dairy,Paneer,Yes,No,High,Yes,High,Yes,Yes,12,12,1512.0,Yes,Purabi / Coke / Sting,,None,No,Normal,,High retailer conversion on 2nd Link Road. Regular orders placed for Tinned Paneer and Sugar-Free Dark Chocolate. Retailers expressed satisfaction wit
2026-06-02,Tuesday,23,June,Shaan Enterprise,Biswajit Bormon,Saurav Sinha,2nd Link Road,Silchar Urban,OUT_6_014,MR Laskar,Kirana Store,Medium,Commercial Market,Yes,Medium,Yes,Amul Dark Chocolate 150g,Confectionery,Chocolates,Yes,No,Medium,Yes,Medium,No,No,0,0,0,Yes,Purabi / Coke / Sting,Focus SKU rejected,Existing Stock Sufficient,Yes,Medium,Re-pitch during next weekly beat cycle,High retailer conversion on 2nd Link Road. Regular orders placed for Tinned Paneer and Sugar-Free Dark Chocolate. Retailers expressed satisfaction wit
2026-06-02,Tuesday,23,June,Shaan Enterprise,Biswajit Bormon,Saurav Sinha,2nd Link Road,Silchar Urban,OUT_6_014,MR Laskar,Kirana Store,Medium,Commercial Market,Yes,Medium,Yes,Amul Tru Mango 200ml,Beverages,Fruit Drinks,Yes,No,Medium,Yes,Medium,No,No,0,0,0,Yes,Purabi / Coke / Sting,Focus SKU rejected,Existing Stock Sufficient,Yes,Medium,Re-pitch during next weekly beat cycle,High retailer conversion on 2nd Link Road. Regular orders placed for Tinned Paneer and Sugar-Free Dark Chocolate. Retailers expressed satisfaction wit
2026-06-02,Tuesday,23,June,Shaan Enterprise,Biswajit Bormon,Saurav Sinha,2nd Link Road,Silchar Urban,OUT_6_014,MR Laskar,Kirana Store,Medium,Commercial Market,Yes,Medium,Yes,Amul Tru Litchi 200ml,Beverages,Fruit Drinks,Yes,No,Medium,Yes,Medium,No,No,0,0,0,Yes,Purabi / Coke / Sting,Focus SKU rejected,Existing Stock Sufficient,Yes,Medium,Re-pitch during next weekly beat cycle,High retailer conversion on 2nd Link Road. Regular orders placed for Tinned Paneer and Sugar-Free Dark Chocolate. Retailers expressed satisfaction wit
2026-06-02,Tuesday,23,June,Shaan Enterprise,Biswajit Bormon,Saurav Sinha,2nd Link Road,Silchar Urban,OUT_6_014,MR Laskar,Kirana Store,Medium,Commercial Market,Yes,Medium,Yes,Amul Lassi 200ml,Beverages,Fermented Dairy,Yes,No,Medium,Yes,Medium,No,No,0,0,0,Yes,Purabi / Coke / Sting,Focus SKU rejected,Existing Stock Sufficient,Yes,Medium,Re-pitch during next weekly beat cycle,High retailer conversion on 2nd Link Road. Regular orders placed for Tinned Paneer and Sugar-Free Dark Chocolate. Retailers expressed satisfaction wit
2026-06-02,Tuesday,23,June,Shaan Enterprise,Biswajit Bormon,Saurav Sinha,2nd Link Road,Silchar Urban,OUT_6_431,Daily Basket,Bakery & Confectionery,Medium,Commercial Market,Yes,High,Yes,Amul Sugar-Free Dark Chocolate,Confectionery,Chocolates,Yes,No,High,Yes,High,Yes,Yes,20,20,2125.0,Yes,Purabi / Coke / Sting,,None,No,Normal,,High retailer conversion on 2nd Link Road. Regular orders placed for Tinned Paneer and Sugar-Free Dark Chocolate. Retailers expressed satisfaction wit
2026-06-02,Tuesday,23,June,Shaan Enterprise,Biswajit Bormon,Saurav Sinha,2nd Link Road,Silchar Urban,OUT_6_431,Daily Basket,Bakery & Confectionery,Medium,Commercial Market,Yes,High,Yes,Amul Dark Chocolate 35g,Confectionery,Chocolates,Yes,No,High,Yes,High,Yes,Yes,20,20,600.0,Yes,Purabi / Coke / Sting,,None,No,Normal,,High retailer conversion on 2nd Link Road. Regular orders placed for Tinned Paneer and Sugar-Free Dark Chocolate. Retailers expressed satisfaction wit
2026-06-02,Tuesday,23,June,Shaan Enterprise,Biswajit Bormon,Saurav Sinha,2nd Link Road,Silchar Urban,OUT_6_431,Daily Basket,Bakery & Confectionery,Medium,Commercial Market,Yes,High,Yes,Amul Tinned Paneer 425g,Dairy,Paneer,Yes,No,High,Yes,High,Yes,Yes,6,6,756.0,Yes,Purabi / Coke / Sting,,None,No,Normal,,High retailer conversion on 2nd Link Road. Regular orders placed for Tinned Paneer and Sugar-Free Dark Chocolate. Retailers expressed satisfaction wit
2026-06-02,Tuesday,23,June,Shaan Enterprise,Biswajit Bormon,Saurav Sinha,2nd Link Road,Silchar Urban,OUT_6_431,Daily Basket,Kirana Store,Medium,Commercial Market,Yes,Medium,Yes,Amul Dark Chocolate 150g,Confectionery,Chocolates,Yes,No,Medium,Yes,Medium,No,No,0,0,0,Yes,Purabi / Coke / Sting,Focus SKU rejected,Existing Stock Sufficient,Yes,Medium,Re-pitch during next weekly beat cycle,High retailer conversion on 2nd Link Road. Regular orders placed for Tinned Paneer and Sugar-Free Dark Chocolate. Retailers expressed satisfaction wit
2026-06-02,Tuesday,23,June,Shaan Enterprise,Biswajit Bormon,Saurav Sinha,2nd Link Road,Silchar Urban,OUT_6_431,Daily Basket,Kirana Store,Medium,Commercial Market,Yes,Medium,Yes,Amul Tru Mango 200ml,Beverages,Fruit Drinks,Yes,No,Medium,Yes,Medium,No,No,0,0,0,Yes,Purabi / Coke / Sting,Focus SKU rejected,Existing Stock Sufficient,Yes,Medium,Re-pitch during next weekly beat cycle,High retailer conversion on 2nd Link Road. Regular orders placed for Tinned Paneer and Sugar-Free Dark Chocolate. Retailers expressed satisfaction wit
2026-06-02,Tuesday,23,June,Shaan Enterprise,Biswajit Bormon,Saurav Sinha,2nd Link Road,Silchar Urban,OUT_6_431,Daily Basket,Kirana Store,Medium,Commercial Market,Yes,Medium,Yes,Amul Tru Litchi 200ml,Beverages,Fruit Drinks,Yes,No,Medium,Yes,Medium,No,No,0,0,0,Yes,Purabi / Coke / Sting,Focus SKU rejected,Existing Stock Sufficient,Yes,Medium,Re-pitch during next weekly beat cycle,High retailer conversion on 2nd Link Road. Regular orders placed for Tinned Paneer and Sugar-Free Dark Chocolate. Retailers expressed satisfaction wit
2026-06-02,Tuesday,23,June,Shaan Enterprise,Biswajit Bormon,Saurav Sinha,2nd Link Road,Silchar Urban,OUT_6_431,Daily Basket,Kirana Store,Medium,Commercial Market,Yes,Medium,Yes,Amul Lassi 200ml,Beverages,Fermented Dairy,Yes,No,Medium,Yes,Medium,No,No,0,0,0,Yes,Purabi / Coke / Sting,Focus SKU rejected,Existing Stock Sufficient,Yes,Medium,Re-pitch during next weekly beat cycle,High retailer conversion on 2nd Link Road. Regular orders placed for Tinned Paneer and Sugar-Free Dark Chocolate. Retailers expressed satisfaction wit
2026-06-02,Tuesday,23,June,Shaan Enterprise,Biswajit Bormon,Saurav Sinha,2nd Link Road,Silchar Urban,OUT_6_741,Pallab De,Bakery & Confectionery,Medium,Commercial Market,Yes,High,Yes,Amul Tinned Paneer 425g,Dairy,Paneer,Yes,No,High,Yes,High,Yes,Yes,3,3,378.0,Yes,Purabi / Coke / Sting,,None,No,Normal,,High retailer conversion on 2nd Link Road. Regular orders placed for Tinned Paneer and Sugar-Free Dark Chocolate. Retailers expressed satisfaction wit
2026-06-02,Tuesday,23,June,Shaan Enterprise,Biswajit Bormon,Saurav Sinha,2nd Link Road,Silchar Urban,OUT_6_741,Pallab De,Kirana Store,Medium,Commercial Market,Yes,Medium,Yes,Amul Dark Chocolate 150g,Confectionery,Chocolates,Yes,No,Medium,Yes,Medium,No,No,0,0,0,Yes,Purabi / Coke / Sting,Focus SKU rejected,Existing Stock Sufficient,Yes,Medium,Re-pitch during next weekly beat cycle,High retailer conversion on 2nd Link Road. Regular orders placed for Tinned Paneer and Sugar-Free Dark Chocolate. Retailers expressed satisfaction wit
2026-06-02,Tuesday,23,June,Shaan Enterprise,Biswajit Bormon,Saurav Sinha,2nd Link Road,Silchar Urban,OUT_6_741,Pallab De,Kirana Store,Medium,Commercial Market,Yes,Medium,Yes,Amul Tru Mango 200ml,Beverages,Fruit Drinks,Yes,No,Medium,Yes,Medium,No,No,0,0,0,Yes,Purabi / Coke / Sting,Focus SKU rejected,Existing Stock Sufficient,Yes,Medium,Re-pitch during next weekly beat cycle,High retailer conversion on 2nd Link Road. Regular orders placed for Tinned Paneer and Sugar-Free Dark Chocolate. Retailers expressed satisfaction wit
2026-06-02,Tuesday,23,June,Shaan Enterprise,Biswajit Bormon,Saurav Sinha,2nd Link Road,Silchar Urban,OUT_6_741,Pallab De,Kirana Store,Medium,Commercial Market,Yes,Medium,Yes,Amul Tru Litchi 200ml,Beverages,Fruit Drinks,Yes,No,Medium,Yes,Medium,No,No,0,0,0,Yes,Purabi / Coke / Sting,Focus SKU rejected,Existing Stock Sufficient,Yes,Medium,Re-pitch during next weekly beat cycle,High retailer conversion on 2nd Link Road. Regular orders placed for Tinned Paneer and Sugar-Free Dark Chocolate. Retailers expressed satisfaction wit
2026-06-02,Tuesday,23,June,Shaan Enterprise,Biswajit Bormon,Saurav Sinha,2nd Link Road,Silchar Urban,OUT_6_741,Pallab De,Kirana Store,Medium,Commercial Market,Yes,Medium,Yes,Amul Lassi 200ml,Beverages,Fermented Dairy,Yes,No,Medium,Yes,Medium,No,No,0,0,0,Yes,Purabi / Coke / Sting,Focus SKU rejected,Existing Stock Sufficient,Yes,Medium,Re-pitch during next weekly beat cycle,High retailer conversion on 2nd Link Road. Regular orders placed for Tinned Paneer and Sugar-Free Dark Chocolate. Retailers expressed satisfaction wit
2026-06-02,Tuesday,23,June,Shaan Enterprise,Biswajit Bormon,Saurav Sinha,2nd Link Road,Silchar Urban,OUT_6_141,Deb Bhandar,Bakery & Confectionery,Medium,Commercial Market,Yes,High,Yes,Amul Tinned Paneer 425g,Dairy,Paneer,Yes,No,High,Yes,High,Yes,Yes,6,6,756.0,Yes,Purabi / Coke / Sting,,None,No,Normal,,High retailer conversion on 2nd Link Road. Regular orders placed for Tinned Paneer and Sugar-Free Dark Chocolate. Retailers expressed satisfaction wit
2026-06-02,Tuesday,23,June,Shaan Enterprise,Biswajit Bormon,Saurav Sinha,2nd Link Road,Silchar Urban,OUT_6_141,Deb Bhandar,Kirana Store,Medium,Commercial Market,Yes,Medium,Yes,Amul Dark Chocolate 150g,Confectionery,Chocolates,Yes,No,Medium,Yes,Medium,No,No,0,0,0,Yes,Purabi / Coke / Sting,Focus SKU rejected,Existing Stock Sufficient,Yes,Medium,Re-pitch during next weekly beat cycle,High retailer conversion on 2nd Link Road. Regular orders placed for Tinned Paneer and Sugar-Free Dark Chocolate. Retailers expressed satisfaction wit
2026-06-02,Tuesday,23,June,Shaan Enterprise,Biswajit Bormon,Saurav Sinha,2nd Link Road,Silchar Urban,OUT_6_141,Deb Bhandar,Kirana Store,Medium,Commercial Market,Yes,Medium,Yes,Amul Tru Mango 200ml,Beverages,Fruit Drinks,Yes,No,Medium,Yes,Medium,No,No,0,0,0,Yes,Purabi / Coke / Sting,Focus SKU rejected,Existing Stock Sufficient,Yes,Medium,Re-pitch during next weekly beat cycle,High retailer conversion on 2nd Link Road. Regular orders placed for Tinned Paneer and Sugar-Free Dark Chocolate. Retailers expressed satisfaction wit
2026-06-02,Tuesday,23,June,Shaan Enterprise,Biswajit Bormon,Saurav Sinha,2nd Link Road,Silchar Urban,OUT_6_141,Deb Bhandar,Kirana Store,Medium,Commercial Market,Yes,Medium,Yes,Amul Tru Litchi 200ml,Beverages,Fruit Drinks,Yes,No,Medium,Yes,Medium,No,No,0,0,0,Yes,Purabi / Coke / Sting,Focus SKU rejected,Existing Stock Sufficient,Yes,Medium,Re-pitch during next weekly beat cycle,High retailer conversion on 2nd Link Road. Regular orders placed for Tinned Paneer and Sugar-Free Dark Chocolate. Retailers expressed satisfaction wit
2026-06-02,Tuesday,23,June,Shaan Enterprise,Biswajit Bormon,Saurav Sinha,2nd Link Road,Silchar Urban,OUT_6_141,Deb Bhandar,Kirana Store,Medium,Commercial Market,Yes,Medium,Yes,Amul Lassi 200ml,Beverages,Fermented Dairy,Yes,No,Medium,Yes,Medium,No,No,0,0,0,Yes,Purabi / Coke / Sting,Focus SKU rejected,Existing Stock Sufficient,Yes,Medium,Re-pitch during next weekly beat cycle,High retailer conversion on 2nd Link Road. Regular orders placed for Tinned Paneer and Sugar-Free Dark Chocolate. Retailers expressed satisfaction wit
2026-06-02,Tuesday,23,June,Shaan Enterprise,Biswajit Bormon,Saurav Sinha,2nd Link Road,Silchar Urban,OUT_6_081,Sankari Store,Kirana Store,Medium,Commercial Market,Yes,High,Yes,Amul Tinned Paneer 425g,Dairy,Paneer,Yes,No,High,Yes,High,Yes,Yes,6,6,756.0,Yes,Purabi / Coke / Sting,,None,No,Normal,,High retailer conversion on 2nd Link Road. Regular orders placed for Tinned Paneer and Sugar-Free Dark Chocolate. Retailers expressed satisfaction wit
2026-06-02,Tuesday,23,June,Shaan Enterprise,Biswajit Bormon,Saurav Sinha,2nd Link Road,Silchar Urban,OUT_6_081,Sankari Store,Kirana Store,Medium,Commercial Market,Yes,Medium,Yes,Amul Dark Chocolate 150g,Confectionery,Chocolates,Yes,No,Medium,Yes,Medium,No,No,0,0,0,Yes,Purabi / Coke / Sting,Focus SKU rejected,Existing Stock Sufficient,Yes,Medium,Re-pitch during next weekly beat cycle,High retailer conversion on 2nd Link Road. Regular orders placed for Tinned Paneer and Sugar-Free Dark Chocolate. Retailers expressed satisfaction wit
2026-06-02,Tuesday,23,June,Shaan Enterprise,Biswajit Bormon,Saurav Sinha,2nd Link Road,Silchar Urban,OUT_6_081,Sankari Store,Kirana Store,Medium,Commercial Market,Yes,Medium,Yes,Amul Tru Mango 200ml,Beverages,Fruit Drinks,Yes,No,Medium,Yes,Medium,No,No,0,0,0,Yes,Purabi / Coke / Sting,Focus SKU rejected,Existing Stock Sufficient,Yes,Medium,Re-pitch during next weekly beat cycle,High retailer conversion on 2nd Link Road. Regular orders placed for Tinned Paneer and Sugar-Free Dark Chocolate. Retailers expressed satisfaction wit
2026-06-02,Tuesday,23,June,Shaan Enterprise,Biswajit Bormon,Saurav Sinha,2nd Link Road,Silchar Urban,OUT_6_081,Sankari Store,Kirana Store,Medium,Commercial Market,Yes,Medium,Yes,Amul Tru Litchi 200ml,Beverages,Fruit Drinks,Yes,No,Medium,Yes,Medium,No,No,0,0,0,Yes,Purabi / Coke / Sting,Focus SKU rejected,Existing Stock Sufficient,Yes,Medium,Re-pitch during next weekly beat cycle,High retailer conversion on 2nd Link Road. Regular orders placed for Tinned Paneer and Sugar-Free Dark Chocolate. Retailers expressed satisfaction wit
2026-06-02,Tuesday,23,June,Shaan Enterprise,Biswajit Bormon,Saurav Sinha,2nd Link Road,Silchar Urban,OUT_6_081,Sankari Store,Kirana Store,Medium,Commercial Market,Yes,Medium,Yes,Amul Lassi 200ml,Beverages,Fermented Dairy,Yes,No,Medium,Yes,Medium,No,No,0,0,0,Yes,Purabi / Coke / Sting,Focus SKU rejected,Existing Stock Sufficient,Yes,Medium,Re-pitch during next weekly beat cycle,High retailer conversion on 2nd Link Road. Regular orders placed for Tinned Paneer and Sugar-Free Dark Chocolate. Retailers expressed satisfaction wit
2026-06-02,Tuesday,23,June,Shaan Enterprise,Biswajit Bormon,Saurav Sinha,2nd Link Road,Silchar Urban,OUT_6_001,Charu Enterprises,Kirana Store,Medium,Commercial Market,Yes,High,Yes,Amul Poha 500g,Staples,Ready to Cook,Yes,No,High,Yes,High,Yes,Yes,12,12,468.0,Yes,Purabi / Coke / Sting,,None,No,Normal,,High retailer conversion on 2nd Link Road. Regular orders placed for Tinned Paneer and Sugar-Free Dark Chocolate. Retailers expressed satisfaction wit
2026-06-02,Tuesday,23,June,Shaan Enterprise,Biswajit Bormon,Saurav Sinha,2nd Link Road,Silchar Urban,OUT_6_001,Charu Enterprises,Kirana Store,Medium,Commercial Market,Yes,High,Yes,Amul Tinned Paneer 425g,Dairy,Paneer,Yes,No,High,Yes,High,Yes,Yes,1,1,126.0,Yes,Purabi / Coke / Sting,,None,No,Normal,,High retailer conversion on 2nd Link Road. Regular orders placed for Tinned Paneer and Sugar-Free Dark Chocolate. Retailers expressed satisfaction wit
2026-06-02,Tuesday,23,June,Shaan Enterprise,Biswajit Bormon,Saurav Sinha,2nd Link Road,Silchar Urban,OUT_6_001,Charu Enterprises,Kirana Store,Medium,Commercial Market,Yes,Medium,Yes,Amul Dark Chocolate 150g,Confectionery,Chocolates,Yes,No,Medium,Yes,Medium,No,No,0,0,0,Yes,Purabi / Coke / Sting,Focus SKU rejected,Existing Stock Sufficient,Yes,Medium,Re-pitch during next weekly beat cycle,High retailer conversion on 2nd Link Road. Regular orders placed for Tinned Paneer and Sugar-Free Dark Chocolate. Retailers expressed satisfaction wit
2026-06-02,Tuesday,23,June,Shaan Enterprise,Biswajit Bormon,Saurav Sinha,2nd Link Road,Silchar Urban,OUT_6_001,Charu Enterprises,Kirana Store,Medium,Commercial Market,Yes,Medium,Yes,Amul Tru Mango 200ml,Beverages,Fruit Drinks,Yes,No,Medium,Yes,Medium,No,No,0,0,0,Yes,Purabi / Coke / Sting,Focus SKU rejected,Existing Stock Sufficient,Yes,Medium,Re-pitch during next weekly beat cycle,High retailer conversion on 2nd Link Road. Regular orders placed for Tinned Paneer and Sugar-Free Dark Chocolate. Retailers expressed satisfaction wit
2026-06-02,Tuesday,23,June,Shaan Enterprise,Biswajit Bormon,Saurav Sinha,2nd Link Road,Silchar Urban,OUT_6_001,Charu Enterprises,Kirana Store,Medium,Commercial Market,Yes,Medium,Yes,Amul Tru Litchi 200ml,Beverages,Fruit Drinks,Yes,No,Medium,Yes,Medium,No,No,0,0,0,Yes,Purabi / Coke / Sting,Focus SKU rejected,Existing Stock Sufficient,Yes,Medium,Re-pitch during next weekly beat cycle,High retailer conversion on 2nd Link Road. Regular orders placed for Tinned Paneer and Sugar-Free Dark Chocolate. Retailers expressed satisfaction wit
2026-06-02,Tuesday,23,June,Shaan Enterprise,Biswajit Bormon,Saurav Sinha,2nd Link Road,Silchar Urban,OUT_6_001,Charu Enterprises,Kirana Store,Medium,Commercial Market,Yes,Medium,Yes,Amul Lassi 200ml,Beverages,Fermented Dairy,Yes,No,Medium,Yes,Medium,No,No,0,0,0,Yes,Purabi / Coke / Sting,Focus SKU rejected,Existing Stock Sufficient,Yes,Medium,Re-pitch during next weekly beat cycle,High retailer conversion on 2nd Link Road. Regular orders placed for Tinned Paneer and Sugar-Free Dark Chocolate. Retailers expressed satisfaction wit
2026-06-02,Tuesday,23,June,Shaan Enterprise,Biswajit Bormon,Saurav Sinha,2nd Link Road,Silchar Urban,OUT_6_456,Rina Stores,Kirana Store,Medium,Commercial Market,Yes,High,Yes,Amul Tinned Paneer 425g,Dairy,Paneer,Yes,No,High,Yes,High,Yes,Yes,12,12,1512.0,Yes,Purabi / Coke / Sting,,None,No,Normal,,High retailer conversion on 2nd Link Road. Regular orders placed for Tinned Paneer and Sugar-Free Dark Chocolate. Retailers expressed satisfaction wit
2026-06-02,Tuesday,23,June,Shaan Enterprise,Biswajit Bormon,Saurav Sinha,2nd Link Road,Silchar Urban,OUT_6_456,Rina Stores,Kirana Store,Medium,Commercial Market,Yes,Medium,Yes,Amul Dark Chocolate 150g,Confectionery,Chocolates,Yes,No,Medium,Yes,Medium,No,No,0,0,0,Yes,Purabi / Coke / Sting,Focus SKU rejected,Existing Stock Sufficient,Yes,Medium,Re-pitch during next weekly beat cycle,High retailer conversion on 2nd Link Road. Regular orders placed for Tinned Paneer and Sugar-Free Dark Chocolate. Retailers expressed satisfaction wit
2026-06-02,Tuesday,23,June,Shaan Enterprise,Biswajit Bormon,Saurav Sinha,2nd Link Road,Silchar Urban,OUT_6_456,Rina Stores,Kirana Store,Medium,Commercial Market,Yes,Medium,Yes,Amul Tru Mango 200ml,Beverages,Fruit Drinks,Yes,No,Medium,Yes,Medium,No,No,0,0,0,Yes,Purabi / Coke / Sting,Focus SKU rejected,Existing Stock Sufficient,Yes,Medium,Re-pitch during next weekly beat cycle,High retailer conversion on 2nd Link Road. Regular orders placed for Tinned Paneer and Sugar-Free Dark Chocolate. Retailers expressed satisfaction wit
2026-06-02,Tuesday,23,June,Shaan Enterprise,Biswajit Bormon,Saurav Sinha,2nd Link Road,Silchar Urban,OUT_6_456,Rina Stores,Kirana Store,Medium,Commercial Market,Yes,Medium,Yes,Amul Tru Litchi 200ml,Beverages,Fruit Drinks,Yes,No,Medium,Yes,Medium,No,No,0,0,0,Yes,Purabi / Coke / Sting,Focus SKU rejected,Existing Stock Sufficient,Yes,Medium,Re-pitch during next weekly beat cycle,High retailer conversion on 2nd Link Road. Regular orders placed for Tinned Paneer and Sugar-Free Dark Chocolate. Retailers expressed satisfaction wit
2026-06-02,Tuesday,23,June,Shaan Enterprise,Biswajit Bormon,Saurav Sinha,2nd Link Road,Silchar Urban,OUT_6_456,Rina Stores,Kirana Store,Medium,Commercial Market,Yes,Medium,Yes,Amul Lassi 200ml,Beverages,Fermented Dairy,Yes,No,Medium,Yes,Medium,No,No,0,0,0,Yes,Purabi / Coke / Sting,Focus SKU rejected,Existing Stock Sufficient,Yes,Medium,Re-pitch during next weekly beat cycle,High retailer conversion on 2nd Link Road. Regular orders placed for Tinned Paneer and Sugar-Free Dark Chocolate. Retailers expressed satisfaction wit
2026-06-02,Tuesday,23,June,Shaan Enterprise,Biswajit Bormon,Saurav Sinha,2nd Link Road,Silchar Urban,OUT_6_008,2nd Link Road Counter 8,Kirana Store,Medium,Market Street,No,Medium,Yes,Amul Dark Chocolate 150g,Confectionery,Chocolates,Yes,No,Medium,Yes,High,Yes,Yes,24,24,2448.0,Yes,Purabi / Sting / Coke,,None,No,Low,None,High retailer conversion on 2nd Link Road. Regular orders placed for Tinned Paneer and Sugar-Free Dark Chocolate. Retailers expressed satisfaction wit
2026-06-02,Tuesday,23,June,Shaan Enterprise,Biswajit Bormon,Saurav Sinha,2nd Link Road,Silchar Urban,OUT_6_008,2nd Link Road Counter 8,Kirana Store,Medium,Market Street,No,Medium,Yes,Amul Tru Mango 200ml,Beverages,Fruit Drinks,Yes,No,Medium,Yes,High,Yes,Yes,24,24,308.64,Yes,Purabi / Sting / Coke,,None,No,Low,None,High retailer conversion on 2nd Link Road. Regular orders placed for Tinned Paneer and Sugar-Free Dark Chocolate. Retailers expressed satisfaction wit
2026-06-02,Tuesday,23,June,Shaan Enterprise,Biswajit Bormon,Saurav Sinha,2nd Link Road,Silchar Urban,OUT_6_008,2nd Link Road Counter 8,Kirana Store,Medium,Market Street,No,Medium,Yes,Amul Tru Litchi 200ml,Beverages,Fruit Drinks,Yes,No,Medium,Yes,Low,No,No,0,0,0.0,Yes,Purabi / Sting / Coke,Existing inventory unsold,Stock Already Available,Yes,High,Stock Already Available,High retailer conversion on 2nd Link Road. Regular orders placed for Tinned Paneer and Sugar-Free Dark Chocolate. Retailers expressed satisfaction wit
2026-06-02,Tuesday,23,June,Shaan Enterprise,Biswajit Bormon,Saurav Sinha,2nd Link Road,Silchar Urban,OUT_6_009,2nd Link Road Counter 9,General Store,Medium,Market Street,Yes,Medium,Yes,Amul Dark Chocolate 150g,Confectionery,Chocolates,Yes,No,Medium,Yes,High,Yes,Yes,24,24,2448.0,Yes,Purabi / Sting / Coke,,None,No,Low,None,High retailer conversion on 2nd Link Road. Regular orders placed for Tinned Paneer and Sugar-Free Dark Chocolate. Retailers expressed satisfaction wit
2026-06-02,Tuesday,23,June,Shaan Enterprise,Biswajit Bormon,Saurav Sinha,2nd Link Road,Silchar Urban,OUT_6_009,2nd Link Road Counter 9,General Store,Medium,Market Street,Yes,Medium,Yes,Amul Tru Mango 200ml,Beverages,Fruit Drinks,Yes,No,Medium,Yes,Low,No,No,0,0,0.0,Yes,Purabi / Sting / Coke,Existing inventory unsold,Stock Already Available,Yes,High,Stock Already Available,High retailer conversion on 2nd Link Road. Regular orders placed for Tinned Paneer and Sugar-Free Dark Chocolate. Retailers expressed satisfaction wit
2026-06-02,Tuesday,23,June,Shaan Enterprise,Biswajit Bormon,Saurav Sinha,2nd Link Road,Silchar Urban,OUT_6_009,2nd Link Road Counter 9,General Store,Medium,Market Street,Yes,Medium,Yes,Amul Tru Litchi 200ml,Beverages,Fruit Drinks,Yes,No,Medium,Yes,Low,No,No,0,0,0.0,Yes,Purabi / Sting / Coke,Existing inventory unsold,Stock Already Available,Yes,High,Stock Already Available,High retailer conversion on 2nd Link Road. Regular orders placed for Tinned Paneer and Sugar-Free Dark Chocolate. Retailers expressed satisfaction wit
2026-06-02,Tuesday,23,June,Shaan Enterprise,Biswajit Bormon,Saurav Sinha,2nd Link Road,Silchar Urban,OUT_6_010,2nd Link Road Counter 10,Kirana Store,Medium,Market Street,Yes,Medium,Yes,Amul Dark Chocolate 150g,Confectionery,Chocolates,Yes,No,Medium,Yes,High,Yes,Yes,24,24,2448.0,Yes,Purabi / Sting / Coke,,None,No,Low,None,High retailer conversion on 2nd Link Road. Regular orders placed for Tinned Paneer and Sugar-Free Dark Chocolate. Retailers expressed satisfaction wit
2026-06-02,Tuesday,23,June,Shaan Enterprise,Biswajit Bormon,Saurav Sinha,2nd Link Road,Silchar Urban,OUT_6_010,2nd Link Road Counter 10,Kirana Store,Medium,Market Street,Yes,Medium,Yes,Amul Tru Mango 200ml,Beverages,Fruit Drinks,Yes,No,Medium,Yes,High,Yes,Yes,24,24,308.64,Yes,Purabi / Sting / Coke,,None,No,Low,None,High retailer conversion on 2nd Link Road. Regular orders placed for Tinned Paneer and Sugar-Free Dark Chocolate. Retailers expressed satisfaction wit
2026-06-02,Tuesday,23,June,Shaan Enterprise,Biswajit Bormon,Saurav Sinha,2nd Link Road,Silchar Urban,OUT_6_010,2nd Link Road Counter 10,Kirana Store,Medium,Market Street,Yes,Medium,Yes,Amul Tru Litchi 200ml,Beverages,Fruit Drinks,Yes,No,Medium,Yes,Low,No,No,0,0,0.0,Yes,Purabi / Sting / Coke,Existing inventory unsold,Stock Already Available,Yes,High,Stock Already Available,High retailer conversion on 2nd Link Road. Regular orders placed for Tinned Paneer and Sugar-Free Dark Chocolate. Retailers expressed satisfaction wit
2026-06-02,Tuesday,23,June,Shaan Enterprise,Biswajit Bormon,Saurav Sinha,2nd Link Road,Silchar Urban,OUT_6_011,2nd Link Road Counter 11,General Store,Medium,Market Street,Yes,Medium,Yes,Amul Dark Chocolate 150g,Confectionery,Chocolates,Yes,No,Medium,Yes,High,Yes,Yes,24,24,2448.0,Yes,Purabi / Sting / Coke,,None,No,Low,None,High retailer conversion on 2nd Link Road. Regular orders placed for Tinned Paneer and Sugar-Free Dark Chocolate. Retailers expressed satisfaction wit
2026-06-02,Tuesday,23,June,Shaan Enterprise,Biswajit Bormon,Saurav Sinha,2nd Link Road,Silchar Urban,OUT_6_011,2nd Link Road Counter 11,General Store,Medium,Market Street,Yes,Medium,Yes,Amul Tru Mango 200ml,Beverages,Fruit Drinks,Yes,No,Medium,Yes,Low,No,No,0,0,0.0,Yes,Purabi / Sting / Coke,Existing inventory unsold,Stock Already Available,Yes,High,Stock Already Available,High retailer conversion on 2nd Link Road. Regular orders placed for Tinned Paneer and Sugar-Free Dark Chocolate. Retailers expressed satisfaction wit
2026-06-02,Tuesday,23,June,Shaan Enterprise,Biswajit Bormon,Saurav Sinha,2nd Link Road,Silchar Urban,OUT_6_011,2nd Link Road Counter 11,General Store,Medium,Market Street,Yes,Medium,Yes,Amul Tru Litchi 200ml,Beverages,Fruit Drinks,Yes,No,Medium,Yes,Low,No,No,0,0,0.0,Yes,Purabi / Sting / Coke,Existing inventory unsold,Stock Already Available,Yes,High,Stock Already Available,High retailer conversion on 2nd Link Road. Regular orders placed for Tinned Paneer and Sugar-Free Dark Chocolate. Retailers expressed satisfaction wit
2026-06-02,Tuesday,23,June,Shaan Enterprise,Biswajit Bormon,Saurav Sinha,2nd Link Road,Silchar Urban,OUT_6_012,2nd Link Road Counter 12,Kirana Store,Medium,Market Street,No,Medium,Yes,Amul Dark Chocolate 150g,Confectionery,Chocolates,Yes,No,Medium,Yes,High,Yes,Yes,24,24,2448.0,Yes,Purabi / Sting / Coke,,None,No,Low,None,High retailer conversion on 2nd Link Road. Regular orders placed for Tinned Paneer and Sugar-Free Dark Chocolate. Retailers expressed satisfaction wit
2026-06-02,Tuesday,23,June,Shaan Enterprise,Biswajit Bormon,Saurav Sinha,2nd Link Road,Silchar Urban,OUT_6_012,2nd Link Road Counter 12,Kirana Store,Medium,Market Street,No,Medium,Yes,Amul Tru Mango 200ml,Beverages,Fruit Drinks,Yes,No,Medium,Yes,High,Yes,Yes,24,24,308.64,Yes,Purabi / Sting / Coke,,None,No,Low,None,High retailer conversion on 2nd Link Road. Regular orders placed for Tinned Paneer and Sugar-Free Dark Chocolate. Retailers expressed satisfaction wit
2026-06-02,Tuesday,23,June,Shaan Enterprise,Biswajit Bormon,Saurav Sinha,2nd Link Road,Silchar Urban,OUT_6_012,2nd Link Road Counter 12,Kirana Store,Medium,Market Street,No,Medium,Yes,Amul Tru Litchi 200ml,Beverages,Fruit Drinks,Yes,No,Medium,Yes,Low,No,No,0,0,0.0,Yes,Purabi / Sting / Coke,Existing inventory unsold,Stock Already Available,Yes,High,Stock Already Available,High retailer conversion on 2nd Link Road. Regular orders placed for Tinned Paneer and Sugar-Free Dark Chocolate. Retailers expressed satisfaction wit
2026-06-02,Tuesday,23,June,Shaan Enterprise,Biswajit Bormon,Saurav Sinha,2nd Link Road,Silchar Urban,OUT_6_013,2nd Link Road Counter 13,General Store,Medium,Market Street,Yes,Medium,Yes,Amul Dark Chocolate 150g,Confectionery,Chocolates,Yes,No,Medium,Yes,High,Yes,Yes,24,24,2448.0,Yes,Purabi / Sting / Coke,,None,No,Low,None,High retailer conversion on 2nd Link Road. Regular orders placed for Tinned Paneer and Sugar-Free Dark Chocolate. Retailers expressed satisfaction wit
2026-06-02,Tuesday,23,June,Shaan Enterprise,Biswajit Bormon,Saurav Sinha,2nd Link Road,Silchar Urban,OUT_6_013,2nd Link Road Counter 13,General Store,Medium,Market Street,Yes,Medium,Yes,Amul Tru Mango 200ml,Beverages,Fruit Drinks,Yes,No,Medium,Yes,Low,No,No,0,0,0.0,Yes,Purabi / Sting / Coke,Existing inventory unsold,Stock Already Available,Yes,High,Stock Already Available,High retailer conversion on 2nd Link Road. Regular orders placed for Tinned Paneer and Sugar-Free Dark Chocolate. Retailers expressed satisfaction wit
2026-06-02,Tuesday,23,June,Shaan Enterprise,Biswajit Bormon,Saurav Sinha,2nd Link Road,Silchar Urban,OUT_6_013,2nd Link Road Counter 13,General Store,Medium,Market Street,Yes,Medium,Yes,Amul Tru Litchi 200ml,Beverages,Fruit Drinks,Yes,No,Medium,Yes,Low,No,No,0,0,0.0,Yes,Purabi / Sting / Coke,Existing inventory unsold,Stock Already Available,Yes,High,Stock Already Available,High retailer conversion on 2nd Link Road. Regular orders placed for Tinned Paneer and Sugar-Free Dark Chocolate. Retailers expressed satisfaction wit
2026-06-02,Tuesday,23,June,Shaan Enterprise,Biswajit Bormon,Saurav Sinha,2nd Link Road,Silchar Urban,OUT_6_014,2nd Link Road Counter 14,Kirana Store,Medium,Market Street,Yes,Medium,Yes,Amul Dark Chocolate 150g,Confectionery,Chocolates,Yes,No,Medium,Yes,Low,No,No,0,0,0.0,Yes,Purabi / Sting / Coke,Existing inventory unsold,Stock Already Available,Yes,High,Stock Already Available,High retailer conversion on 2nd Link Road. Regular orders placed for Tinned Paneer and Sugar-Free Dark Chocolate. Retailers expressed satisfaction wit
2026-06-02,Tuesday,23,June,Shaan Enterprise,Biswajit Bormon,Saurav Sinha,2nd Link Road,Silchar Urban,OUT_6_014,2nd Link Road Counter 14,Kirana Store,Medium,Market Street,Yes,Medium,Yes,Amul Tru Mango 200ml,Beverages,Fruit Drinks,Yes,No,Medium,Yes,Low,No,No,0,0,0.0,Yes,Purabi / Sting / Coke,Existing inventory unsold,Stock Already Available,Yes,High,Stock Already Available,High retailer conversion on 2nd Link Road. Regular orders placed for Tinned Paneer and Sugar-Free Dark Chocolate. Retailers expressed satisfaction wit
2026-06-02,Tuesday,23,June,Shaan Enterprise,Biswajit Bormon,Saurav Sinha,2nd Link Road,Silchar Urban,OUT_6_014,2nd Link Road Counter 14,Kirana Store,Medium,Market Street,Yes,Medium,Yes,Amul Tru Litchi 200ml,Beverages,Fruit Drinks,Yes,No,Medium,Yes,Low,No,No,0,0,0.0,Yes,Purabi / Sting / Coke,Existing inventory unsold,Stock Already Available,Yes,High,Stock Already Available,High retailer conversion on 2nd Link Road. Regular orders placed for Tinned Paneer and Sugar-Free Dark Chocolate. Retailers expressed satisfaction wit
2026-06-02,Tuesday,23,June,Shaan Enterprise,Biswajit Bormon,Saurav Sinha,2nd Link Road,Silchar Urban,OUT_6_015,2nd Link Road Counter 15,General Store,Medium,Market Street,Yes,Medium,Yes,Amul Dark Chocolate 150g,Confectionery,Chocolates,Yes,No,Medium,Yes,Low,No,No,0,0,0.0,Yes,Purabi / Sting / Coke,Existing inventory unsold,Stock Already Available,Yes,High,Stock Already Available,High retailer conversion on 2nd Link Road. Regular orders placed for Tinned Paneer and Sugar-Free Dark Chocolate. Retailers expressed satisfaction wit
2026-06-02,Tuesday,23,June,Shaan Enterprise,Biswajit Bormon,Saurav Sinha,2nd Link Road,Silchar Urban,OUT_6_015,2nd Link Road Counter 15,General Store,Medium,Market Street,Yes,Medium,Yes,Amul Tru Mango 200ml,Beverages,Fruit Drinks,Yes,No,Medium,Yes,Low,No,No,0,0,0.0,Yes,Purabi / Sting / Coke,Existing inventory unsold,Stock Already Available,Yes,High,Stock Already Available,High retailer conversion on 2nd Link Road. Regular orders placed for Tinned Paneer and Sugar-Free Dark Chocolate. Retailers expressed satisfaction wit
2026-06-02,Tuesday,23,June,Shaan Enterprise,Biswajit Bormon,Saurav Sinha,2nd Link Road,Silchar Urban,OUT_6_015,2nd Link Road Counter 15,General Store,Medium,Market Street,Yes,Medium,Yes,Amul Tru Litchi 200ml,Beverages,Fruit Drinks,Yes,No,Medium,Yes,Low,No,No,0,0,0.0,Yes,Purabi / Sting / Coke,Existing inventory unsold,Stock Already Available,Yes,High,Stock Already Available,High retailer conversion on 2nd Link Road. Regular orders placed for Tinned Paneer and Sugar-Free Dark Chocolate. Retailers expressed satisfaction wit
2026-06-02,Tuesday,23,June,Shaan Enterprise,Biswajit Bormon,Saurav Sinha,2nd Link Road,Silchar Urban,OUT_6_016,2nd Link Road Counter 16,Kirana Store,Medium,Market Street,No,Medium,Yes,Amul Dark Chocolate 150g,Confectionery,Chocolates,Yes,No,Medium,Yes,Low,No,No,0,0,0.0,Yes,Purabi / Sting / Coke,Existing inventory unsold,Stock Already Available,Yes,High,Stock Already Available,High retailer conversion on 2nd Link Road. Regular orders placed for Tinned Paneer and Sugar-Free Dark Chocolate. Retailers expressed satisfaction wit
2026-06-02,Tuesday,23,June,Shaan Enterprise,Biswajit Bormon,Saurav Sinha,2nd Link Road,Silchar Urban,OUT_6_016,2nd Link Road Counter 16,Kirana Store,Medium,Market Street,No,Medium,Yes,Amul Tru Mango 200ml,Beverages,Fruit Drinks,Yes,No,Medium,Yes,Low,No,No,0,0,0.0,Yes,Purabi / Sting / Coke,Existing inventory unsold,Stock Already Available,Yes,High,Stock Already Available,High retailer conversion on 2nd Link Road. Regular orders placed for Tinned Paneer and Sugar-Free Dark Chocolate. Retailers expressed satisfaction wit
2026-06-02,Tuesday,23,June,Shaan Enterprise,Biswajit Bormon,Saurav Sinha,2nd Link Road,Silchar Urban,OUT_6_016,2nd Link Road Counter 16,Kirana Store,Medium,Market Street,No,Medium,Yes,Amul Tru Litchi 200ml,Beverages,Fruit Drinks,Yes,No,Medium,Yes,Low,No,No,0,0,0.0,Yes,Purabi / Sting / Coke,Existing inventory unsold,Stock Already Available,Yes,High,Stock Already Available,High retailer conversion on 2nd Link Road. Regular orders placed for Tinned Paneer and Sugar-Free Dark Chocolate. Retailers expressed satisfaction wit
2026-06-02,Tuesday,23,June,Shaan Enterprise,Biswajit Bormon,Saurav Sinha,2nd Link Road,Silchar Urban,OUT_6_017,2nd Link Road Counter 17,General Store,Medium,Market Street,Yes,Medium,Yes,Amul Dark Chocolate 150g,Confectionery,Chocolates,Yes,No,Medium,Yes,Low,No,No,0,0,0.0,Yes,Purabi / Sting / Coke,Existing inventory unsold,Stock Already Available,Yes,High,Stock Already Available,High retailer conversion on 2nd Link Road. Regular orders placed for Tinned Paneer and Sugar-Free Dark Chocolate. Retailers expressed satisfaction wit
2026-06-02,Tuesday,23,June,Shaan Enterprise,Biswajit Bormon,Saurav Sinha,2nd Link Road,Silchar Urban,OUT_6_017,2nd Link Road Counter 17,General Store,Medium,Market Street,Yes,Medium,Yes,Amul Tru Mango 200ml,Beverages,Fruit Drinks,Yes,No,Medium,Yes,Low,No,No,0,0,0.0,Yes,Purabi / Sting / Coke,Existing inventory unsold,Stock Already Available,Yes,High,Stock Already Available,High retailer conversion on 2nd Link Road. Regular orders placed for Tinned Paneer and Sugar-Free Dark Chocolate. Retailers expressed satisfaction wit
2026-06-02,Tuesday,23,June,Shaan Enterprise,Biswajit Bormon,Saurav Sinha,2nd Link Road,Silchar Urban,OUT_6_017,2nd Link Road Counter 17,General Store,Medium,Market Street,Yes,Medium,Yes,Amul Tru Litchi 200ml,Beverages,Fruit Drinks,Yes,No,Medium,Yes,Low,No,No,0,0,0.0,Yes,Purabi / Sting / Coke,Existing inventory unsold,Stock Already Available,Yes,High,Stock Already Available,High retailer conversion on 2nd Link Road. Regular orders placed for Tinned Paneer and Sugar-Free Dark Chocolate. Retailers expressed satisfaction wit
2026-06-02,Tuesday,23,June,Shaan Enterprise,Biswajit Bormon,Saurav Sinha,2nd Link Road,Silchar Urban,OUT_6_018,2nd Link Road Counter 18,Kirana Store,Medium,Market Street,Yes,Medium,Yes,Amul Dark Chocolate 150g,Confectionery,Chocolates,Yes,No,Medium,Yes,Low,No,No,0,0,0.0,Yes,Purabi / Sting / Coke,Existing inventory unsold,Stock Already Available,Yes,High,Stock Already Available,High retailer conversion on 2nd Link Road. Regular orders placed for Tinned Paneer and Sugar-Free Dark Chocolate. Retailers expressed satisfaction wit
2026-06-02,Tuesday,23,June,Shaan Enterprise,Biswajit Bormon,Saurav Sinha,2nd Link Road,Silchar Urban,OUT_6_018,2nd Link Road Counter 18,Kirana Store,Medium,Market Street,Yes,Medium,Yes,Amul Tru Mango 200ml,Beverages,Fruit Drinks,Yes,No,Medium,Yes,Low,No,No,0,0,0.0,Yes,Purabi / Sting / Coke,Existing inventory unsold,Stock Already Available,Yes,High,Stock Already Available,High retailer conversion on 2nd Link Road. Regular orders placed for Tinned Paneer and Sugar-Free Dark Chocolate. Retailers expressed satisfaction wit
2026-06-02,Tuesday,23,June,Shaan Enterprise,Biswajit Bormon,Saurav Sinha,2nd Link Road,Silchar Urban,OUT_6_018,2nd Link Road Counter 18,Kirana Store,Medium,Market Street,Yes,Medium,Yes,Amul Tru Litchi 200ml,Beverages,Fruit Drinks,Yes,No,Medium,Yes,Low,No,No,0,0,0.0,Yes,Purabi / Sting / Coke,Existing inventory unsold,Stock Already Available,Yes,High,Stock Already Available,High retailer conversion on 2nd Link Road. Regular orders placed for Tinned Paneer and Sugar-Free Dark Chocolate. Retailers expressed satisfaction wit
2026-06-02,Tuesday,23,June,Shaan Enterprise,Biswajit Bormon,Saurav Sinha,2nd Link Road,Silchar Urban,OUT_6_019,2nd Link Road Counter 19,General Store,Medium,Market Street,Yes,Medium,Yes,Amul Dark Chocolate 150g,Confectionery,Chocolates,Yes,No,Medium,Yes,Low,No,No,0,0,0.0,Yes,Purabi / Sting / Coke,Existing inventory unsold,Stock Already Available,Yes,High,Stock Already Available,High retailer conversion on 2nd Link Road. Regular orders placed for Tinned Paneer and Sugar-Free Dark Chocolate. Retailers expressed satisfaction wit
2026-06-02,Tuesday,23,June,Shaan Enterprise,Biswajit Bormon,Saurav Sinha,2nd Link Road,Silchar Urban,OUT_6_019,2nd Link Road Counter 19,General Store,Medium,Market Street,Yes,Medium,Yes,Amul Tru Mango 200ml,Beverages,Fruit Drinks,Yes,No,Medium,Yes,Low,No,No,0,0,0.0,Yes,Purabi / Sting / Coke,Existing inventory unsold,Stock Already Available,Yes,High,Stock Already Available,High retailer conversion on 2nd Link Road. Regular orders placed for Tinned Paneer and Sugar-Free Dark Chocolate. Retailers expressed satisfaction wit
2026-06-02,Tuesday,23,June,Shaan Enterprise,Biswajit Bormon,Saurav Sinha,2nd Link Road,Silchar Urban,OUT_6_019,2nd Link Road Counter 19,General Store,Medium,Market Street,Yes,Medium,Yes,Amul Tru Litchi 200ml,Beverages,Fruit Drinks,Yes,No,Medium,Yes,Low,No,No,0,0,0.0,Yes,Purabi / Sting / Coke,Existing inventory unsold,Stock Already Available,Yes,High,Stock Already Available,High retailer conversion on 2nd Link Road. Regular orders placed for Tinned Paneer and Sugar-Free Dark Chocolate. Retailers expressed satisfaction wit
2026-06-02,Tuesday,23,June,Shaan Enterprise,Biswajit Bormon,Saurav Sinha,2nd Link Road,Silchar Urban,OUT_6_020,2nd Link Road Counter 20,Kirana Store,Medium,Market Street,No,Medium,Yes,Amul Dark Chocolate 150g,Confectionery,Chocolates,Yes,No,Medium,Yes,Low,No,No,0,0,0.0,Yes,Purabi / Sting / Coke,Existing inventory unsold,Stock Already Available,Yes,High,Stock Already Available,High retailer conversion on 2nd Link Road. Regular orders placed for Tinned Paneer and Sugar-Free Dark Chocolate. Retailers expressed satisfaction wit
2026-06-02,Tuesday,23,June,Shaan Enterprise,Biswajit Bormon,Saurav Sinha,2nd Link Road,Silchar Urban,OUT_6_020,2nd Link Road Counter 20,Kirana Store,Medium,Market Street,No,Medium,Yes,Amul Tru Mango 200ml,Beverages,Fruit Drinks,Yes,No,Medium,Yes,Low,No,No,0,0,0.0,Yes,Purabi / Sting / Coke,Existing inventory unsold,Stock Already Available,Yes,High,Stock Already Available,High retailer conversion on 2nd Link Road. Regular orders placed for Tinned Paneer and Sugar-Free Dark Chocolate. Retailers expressed satisfaction wit
2026-06-02,Tuesday,23,June,Shaan Enterprise,Biswajit Bormon,Saurav Sinha,2nd Link Road,Silchar Urban,OUT_6_020,2nd Link Road Counter 20,Kirana Store,Medium,Market Street,No,Medium,Yes,Amul Tru Litchi 200ml,Beverages,Fruit Drinks,Yes,No,Medium,Yes,Low,No,No,0,0,0.0,Yes,Purabi / Sting / Coke,Existing inventory unsold,Stock Already Available,Yes,High,Stock Already Available,High retailer conversion on 2nd Link Road. Regular orders placed for Tinned Paneer and Sugar-Free Dark Chocolate. Retailers expressed satisfaction wit
2026-06-02,Tuesday,23,June,Shaan Enterprise,Biswajit Bormon,Saurav Sinha,2nd Link Road,Silchar Urban,OUT_6_021,2nd Link Road Counter 21,General Store,Medium,Market Street,Yes,Medium,Yes,Amul Dark Chocolate 150g,Confectionery,Chocolates,Yes,No,Medium,Yes,Low,No,No,0,0,0.0,Yes,Purabi / Sting / Coke,Existing inventory unsold,Stock Already Available,Yes,High,Stock Already Available,High retailer conversion on 2nd Link Road. Regular orders placed for Tinned Paneer and Sugar-Free Dark Chocolate. Retailers expressed satisfaction wit
2026-06-02,Tuesday,23,June,Shaan Enterprise,Biswajit Bormon,Saurav Sinha,2nd Link Road,Silchar Urban,OUT_6_021,2nd Link Road Counter 21,General Store,Medium,Market Street,Yes,Medium,Yes,Amul Tru Mango 200ml,Beverages,Fruit Drinks,Yes,No,Medium,Yes,Low,No,No,0,0,0.0,Yes,Purabi / Sting / Coke,Existing inventory unsold,Stock Already Available,Yes,High,Stock Already Available,High retailer conversion on 2nd Link Road. Regular orders placed for Tinned Paneer and Sugar-Free Dark Chocolate. Retailers expressed satisfaction wit
2026-06-02,Tuesday,23,June,Shaan Enterprise,Biswajit Bormon,Saurav Sinha,2nd Link Road,Silchar Urban,OUT_6_021,2nd Link Road Counter 21,General Store,Medium,Market Street,Yes,Medium,Yes,Amul Tru Litchi 200ml,Beverages,Fruit Drinks,Yes,No,Medium,Yes,Low,No,No,0,0,0.0,Yes,Purabi / Sting / Coke,Existing inventory unsold,Stock Already Available,Yes,High,Stock Already Available,High retailer conversion on 2nd Link Road. Regular orders placed for Tinned Paneer and Sugar-Free Dark Chocolate. Retailers expressed satisfaction wit
2026-06-02,Tuesday,23,June,Shaan Enterprise,Biswajit Bormon,Saurav Sinha,2nd Link Road,Silchar Urban,OUT_6_022,2nd Link Road Counter 22,Kirana Store,Medium,Market Street,Yes,Medium,Yes,Amul Dark Chocolate 150g,Confectionery,Chocolates,Yes,No,Medium,Yes,Low,No,No,0,0,0.0,Yes,Purabi / Sting / Coke,Existing inventory unsold,Stock Already Available,Yes,High,Stock Already Available,High retailer conversion on 2nd Link Road. Regular orders placed for Tinned Paneer and Sugar-Free Dark Chocolate. Retailers expressed satisfaction wit
2026-06-02,Tuesday,23,June,Shaan Enterprise,Biswajit Bormon,Saurav Sinha,2nd Link Road,Silchar Urban,OUT_6_022,2nd Link Road Counter 22,Kirana Store,Medium,Market Street,Yes,Medium,Yes,Amul Tru Mango 200ml,Beverages,Fruit Drinks,Yes,No,Medium,Yes,Low,No,No,0,0,0.0,Yes,Purabi / Sting / Coke,Existing inventory unsold,Stock Already Available,Yes,High,Stock Already Available,High retailer conversion on 2nd Link Road. Regular orders placed for Tinned Paneer and Sugar-Free Dark Chocolate. Retailers expressed satisfaction wit
2026-06-02,Tuesday,23,June,Shaan Enterprise,Biswajit Bormon,Saurav Sinha,2nd Link Road,Silchar Urban,OUT_6_022,2nd Link Road Counter 22,Kirana Store,Medium,Market Street,Yes,Medium,Yes,Amul Tru Litchi 200ml,Beverages,Fruit Drinks,Yes,No,Medium,Yes,Low,No,No,0,0,0.0,Yes,Purabi / Sting / Coke,Existing inventory unsold,Stock Already Available,Yes,High,Stock Already Available,High retailer conversion on 2nd Link Road. Regular orders placed for Tinned Paneer and Sugar-Free Dark Chocolate. Retailers expressed satisfaction wit
2026-06-02,Tuesday,23,June,Shaan Enterprise,Biswajit Bormon,Saurav Sinha,2nd Link Road,Silchar Urban,OUT_6_023,2nd Link Road Counter 23,General Store,Medium,Market Street,Yes,Medium,Yes,Amul Dark Chocolate 150g,Confectionery,Chocolates,Yes,No,Medium,Yes,Low,No,No,0,0,0.0,Yes,Purabi / Sting / Coke,Existing inventory unsold,Stock Already Available,Yes,High,Stock Already Available,High retailer conversion on 2nd Link Road. Regular orders placed for Tinned Paneer and Sugar-Free Dark Chocolate. Retailers expressed satisfaction wit
2026-06-02,Tuesday,23,June,Shaan Enterprise,Biswajit Bormon,Saurav Sinha,2nd Link Road,Silchar Urban,OUT_6_023,2nd Link Road Counter 23,General Store,Medium,Market Street,Yes,Medium,Yes,Amul Tru Mango 200ml,Beverages,Fruit Drinks,Yes,No,Medium,Yes,Low,No,No,0,0,0.0,Yes,Purabi / Sting / Coke,Existing inventory unsold,Stock Already Available,Yes,High,Stock Already Available,High retailer conversion on 2nd Link Road. Regular orders placed for Tinned Paneer and Sugar-Free Dark Chocolate. Retailers expressed satisfaction wit
2026-06-02,Tuesday,23,June,Shaan Enterprise,Biswajit Bormon,Saurav Sinha,2nd Link Road,Silchar Urban,OUT_6_023,2nd Link Road Counter 23,General Store,Medium,Market Street,Yes,Medium,Yes,Amul Tru Litchi 200ml,Beverages,Fruit Drinks,Yes,No,Medium,Yes,Low,No,No,0,0,0.0,Yes,Purabi / Sting / Coke,Existing inventory unsold,Stock Already Available,Yes,High,Stock Already Available,High retailer conversion on 2nd Link Road. Regular orders placed for Tinned Paneer and Sugar-Free Dark Chocolate. Retailers expressed satisfaction wit
2026-06-02,Tuesday,23,June,Shaan Enterprise,Biswajit Bormon,Saurav Sinha,2nd Link Road,Silchar Urban,OUT_6_024,2nd Link Road Counter 24,Kirana Store,Medium,Market Street,No,Medium,Yes,Amul Dark Chocolate 150g,Confectionery,Chocolates,Yes,No,Medium,Yes,Low,No,No,0,0,0.0,Yes,Purabi / Sting / Coke,Existing inventory unsold,Stock Already Available,Yes,High,Stock Already Available,High retailer conversion on 2nd Link Road. Regular orders placed for Tinned Paneer and Sugar-Free Dark Chocolate. Retailers expressed satisfaction wit
2026-06-02,Tuesday,23,June,Shaan Enterprise,Biswajit Bormon,Saurav Sinha,2nd Link Road,Silchar Urban,OUT_6_024,2nd Link Road Counter 24,Kirana Store,Medium,Market Street,No,Medium,Yes,Amul Tru Mango 200ml,Beverages,Fruit Drinks,Yes,No,Medium,Yes,Low,No,No,0,0,0.0,Yes,Purabi / Sting / Coke,Existing inventory unsold,Stock Already Available,Yes,High,Stock Already Available,High retailer conversion on 2nd Link Road. Regular orders placed for Tinned Paneer and Sugar-Free Dark Chocolate. Retailers expressed satisfaction wit
2026-06-02,Tuesday,23,June,Shaan Enterprise,Biswajit Bormon,Saurav Sinha,2nd Link Road,Silchar Urban,OUT_6_024,2nd Link Road Counter 24,Kirana Store,Medium,Market Street,No,Medium,Yes,Amul Tru Litchi 200ml,Beverages,Fruit Drinks,Yes,No,Medium,Yes,Low,No,No,0,0,0.0,Yes,Purabi / Sting / Coke,Existing inventory unsold,Stock Already Available,Yes,High,Stock Already Available,High retailer conversion on 2nd Link Road. Regular orders placed for Tinned Paneer and Sugar-Free Dark Chocolate. Retailers expressed satisfaction wit
2026-06-02,Tuesday,23,June,Shaan Enterprise,Biswajit Bormon,Saurav Sinha,2nd Link Road,Silchar Urban,OUT_6_025,2nd Link Road Counter 25,General Store,Medium,Market Street,Yes,Medium,Yes,Amul Dark Chocolate 150g,Confectionery,Chocolates,Yes,No,Medium,Yes,Low,No,No,0,0,0.0,Yes,Purabi / Sting / Coke,Existing inventory unsold,Stock Already Available,Yes,High,Stock Already Available,High retailer conversion on 2nd Link Road. Regular orders placed for Tinned Paneer and Sugar-Free Dark Chocolate. Retailers expressed satisfaction wit
2026-06-02,Tuesday,23,June,Shaan Enterprise,Biswajit Bormon,Saurav Sinha,2nd Link Road,Silchar Urban,OUT_6_025,2nd Link Road Counter 25,General Store,Medium,Market Street,Yes,Medium,Yes,Amul Tru Mango 200ml,Beverages,Fruit Drinks,Yes,No,Medium,Yes,Low,No,No,0,0,0.0,Yes,Purabi / Sting / Coke,Existing inventory unsold,Stock Already Available,Yes,High,Stock Already Available,High retailer conversion on 2nd Link Road. Regular orders placed for Tinned Paneer and Sugar-Free Dark Chocolate. Retailers expressed satisfaction wit
2026-06-02,Tuesday,23,June,Shaan Enterprise,Biswajit Bormon,Saurav Sinha,2nd Link Road,Silchar Urban,OUT_6_025,2nd Link Road Counter 25,General Store,Medium,Market Street,Yes,Medium,Yes,Amul Tru Litchi 200ml,Beverages,Fruit Drinks,Yes,No,Medium,Yes,Low,No,No,0,0,0.0,Yes,Purabi / Sting / Coke,Existing inventory unsold,Stock Already Available,Yes,High,Stock Already Available,High retailer conversion on 2nd Link Road. Regular orders placed for Tinned Paneer and Sugar-Free Dark Chocolate. Retailers expressed satisfaction wit
2026-06-02,Tuesday,23,June,Shaan Enterprise,Biswajit Bormon,Saurav Sinha,2nd Link Road,Silchar Urban,OUT_6_026,2nd Link Road Counter 26,Kirana Store,Medium,Market Street,Yes,Medium,Yes,Amul Dark Chocolate 150g,Confectionery,Chocolates,Yes,No,Medium,Yes,Low,No,No,0,0,0.0,Yes,Purabi / Sting / Coke,Existing inventory unsold,Stock Already Available,Yes,High,Stock Already Available,High retailer conversion on 2nd Link Road. Regular orders placed for Tinned Paneer and Sugar-Free Dark Chocolate. Retailers expressed satisfaction wit
2026-06-02,Tuesday,23,June,Shaan Enterprise,Biswajit Bormon,Saurav Sinha,2nd Link Road,Silchar Urban,OUT_6_026,2nd Link Road Counter 26,Kirana Store,Medium,Market Street,Yes,Medium,Yes,Amul Tru Mango 200ml,Beverages,Fruit Drinks,Yes,No,Medium,Yes,Low,No,No,0,0,0.0,Yes,Purabi / Sting / Coke,Existing inventory unsold,Stock Already Available,Yes,High,Stock Already Available,High retailer conversion on 2nd Link Road. Regular orders placed for Tinned Paneer and Sugar-Free Dark Chocolate. Retailers expressed satisfaction wit
2026-06-02,Tuesday,23,June,Shaan Enterprise,Biswajit Bormon,Saurav Sinha,2nd Link Road,Silchar Urban,OUT_6_026,2nd Link Road Counter 26,Kirana Store,Medium,Market Street,Yes,Medium,Yes,Amul Tru Litchi 200ml,Beverages,Fruit Drinks,Yes,No,Medium,Yes,Low,No,No,0,0,0.0,Yes,Purabi / Sting / Coke,Existing inventory unsold,Stock Already Available,Yes,High,Stock Already Available,High retailer conversion on 2nd Link Road. Regular orders placed for Tinned Paneer and Sugar-Free Dark Chocolate. Retailers expressed satisfaction wit
2026-06-03,Wednesday,23,June,Shaan Enterprise,Biswajit Bormon,Saurav Sinha,Fakirtilla,Silchar Urban,OUT_7_765,JP Store,Kirana Store,Medium,Commercial Market,Yes,High,Yes,Amul Choco Mini,Confectionery,Chocolates,Yes,No,High,Yes,High,Yes,Yes,3,3,25.5,Yes,Purabi / Coke / Sting,,None,No,Normal,,"Covered Fakirtilla market. High placement of Amul Fresh Mithai (Kaju Katli, Dudh Peda) and 35g chocolate bars across general stores."
2026-06-03,Wednesday,23,June,Shaan Enterprise,Biswajit Bormon,Saurav Sinha,Fakirtilla,Silchar Urban,OUT_7_765,JP Store,Kirana Store,Medium,Commercial Market,Yes,High,Yes,Amul Fresh Mithai & Sweets,Dairy,Traditional Sweets,Yes,No,High,Yes,High,Yes,Yes,3,3,153.0,Yes,Purabi / Coke / Sting,,None,No,Normal,,"Covered Fakirtilla market. High placement of Amul Fresh Mithai (Kaju Katli, Dudh Peda) and 35g chocolate bars across general stores."
2026-06-03,Wednesday,23,June,Shaan Enterprise,Biswajit Bormon,Saurav Sinha,Fakirtilla,Silchar Urban,OUT_7_765,JP Store,Kirana Store,Medium,Commercial Market,Yes,High,Yes,Amul Dark Chocolate 35g,Confectionery,Chocolates,Yes,No,High,Yes,High,Yes,Yes,20,20,600.0,Yes,Purabi / Coke / Sting,,None,No,Normal,,"Covered Fakirtilla market. High placement of Amul Fresh Mithai (Kaju Katli, Dudh Peda) and 35g chocolate bars across general stores."
2026-06-03,Wednesday,23,June,Shaan Enterprise,Biswajit Bormon,Saurav Sinha,Fakirtilla,Silchar Urban,OUT_7_765,JP Store,Kirana Store,Medium,Commercial Market,Yes,Medium,Yes,Amul Tru Mango 200ml,Beverages,Fruit Drinks,Yes,No,Medium,Yes,Medium,No,No,0,0,0,Yes,Purabi / Coke / Sting,Focus SKU rejected,Existing Stock Sufficient,Yes,Medium,Re-pitch during next weekly beat cycle,"Covered Fakirtilla market. High placement of Amul Fresh Mithai (Kaju Katli, Dudh Peda) and 35g chocolate bars across general stores."
2026-06-03,Wednesday,23,June,Shaan Enterprise,Biswajit Bormon,Saurav Sinha,Fakirtilla,Silchar Urban,OUT_7_765,JP Store,Kirana Store,Medium,Commercial Market,Yes,Medium,Yes,Amul Tru Litchi 200ml,Beverages,Fruit Drinks,Yes,No,Medium,Yes,Medium,No,No,0,0,0,Yes,Purabi / Coke / Sting,Focus SKU rejected,Existing Stock Sufficient,Yes,Medium,Re-pitch during next weekly beat cycle,"Covered Fakirtilla market. High placement of Amul Fresh Mithai (Kaju Katli, Dudh Peda) and 35g chocolate bars across general stores."
2026-06-03,Wednesday,23,June,Shaan Enterprise,Biswajit Bormon,Saurav Sinha,Fakirtilla,Silchar Urban,OUT_7_765,JP Store,Kirana Store,Medium,Commercial Market,Yes,Medium,Yes,Amul Lassi 200ml,Beverages,Fermented Dairy,Yes,No,Medium,Yes,Medium,No,No,0,0,0,Yes,Purabi / Coke / Sting,Focus SKU rejected,Existing Stock Sufficient,Yes,Medium,Re-pitch during next weekly beat cycle,"Covered Fakirtilla market. High placement of Amul Fresh Mithai (Kaju Katli, Dudh Peda) and 35g chocolate bars across general stores."
2026-06-03,Wednesday,23,June,Shaan Enterprise,Biswajit Bormon,Saurav Sinha,Fakirtilla,Silchar Urban,OUT_7_765,JP Store,Kirana Store,Medium,Commercial Market,Yes,Medium,Yes,Amul Kool Cafe 200ml (Can),Beverages,Flavoured Milk,Yes,No,Medium,Yes,Medium,No,No,0,0,0,Yes,Purabi / Coke / Sting,Focus SKU rejected,Existing Stock Sufficient,Yes,Medium,Re-pitch during next weekly beat cycle,"Covered Fakirtilla market. High placement of Amul Fresh Mithai (Kaju Katli, Dudh Peda) and 35g chocolate bars across general stores."
2026-06-03,Wednesday,23,June,Shaan Enterprise,Biswajit Bormon,Saurav Sinha,Fakirtilla,Silchar Urban,OUT_7_651,Sai Amul Parlour,Bakery & Confectionery,Medium,Commercial Market,Yes,High,Yes,Amul Fresh Mithai & Sweets,Dairy,Traditional Sweets,Yes,No,High,Yes,High,Yes,Yes,9,9,459.0,Yes,Purabi / Coke / Sting,,None,No,Normal,,"Covered Fakirtilla market. High placement of Amul Fresh Mithai (Kaju Katli, Dudh Peda) and 35g chocolate bars across general stores."
2026-06-03,Wednesday,23,June,Shaan Enterprise,Biswajit Bormon,Saurav Sinha,Fakirtilla,Silchar Urban,OUT_7_651,Sai Amul Parlour,Kirana Store,Medium,Commercial Market,Yes,Medium,Yes,Amul Tru Mango 200ml,Beverages,Fruit Drinks,Yes,No,Medium,Yes,Medium,No,No,0,0,0,Yes,Purabi / Coke / Sting,Focus SKU rejected,Existing Stock Sufficient,Yes,Medium,Re-pitch during next weekly beat cycle,"Covered Fakirtilla market. High placement of Amul Fresh Mithai (Kaju Katli, Dudh Peda) and 35g chocolate bars across general stores."
2026-06-03,Wednesday,23,June,Shaan Enterprise,Biswajit Bormon,Saurav Sinha,Fakirtilla,Silchar Urban,OUT_7_651,Sai Amul Parlour,Kirana Store,Medium,Commercial Market,Yes,Medium,Yes,Amul Tru Litchi 200ml,Beverages,Fruit Drinks,Yes,No,Medium,Yes,Medium,No,No,0,0,0,Yes,Purabi / Coke / Sting,Focus SKU rejected,Existing Stock Sufficient,Yes,Medium,Re-pitch during next weekly beat cycle,"Covered Fakirtilla market. High placement of Amul Fresh Mithai (Kaju Katli, Dudh Peda) and 35g chocolate bars across general stores."
2026-06-03,Wednesday,23,June,Shaan Enterprise,Biswajit Bormon,Saurav Sinha,Fakirtilla,Silchar Urban,OUT_7_651,Sai Amul Parlour,Kirana Store,Medium,Commercial Market,Yes,Medium,Yes,Amul Lassi 200ml,Beverages,Fermented Dairy,Yes,No,Medium,Yes,Medium,No,No,0,0,0,Yes,Purabi / Coke / Sting,Focus SKU rejected,Existing Stock Sufficient,Yes,Medium,Re-pitch during next weekly beat cycle,"Covered Fakirtilla market. High placement of Amul Fresh Mithai (Kaju Katli, Dudh Peda) and 35g chocolate bars across general stores."
2026-06-03,Wednesday,23,June,Shaan Enterprise,Biswajit Bormon,Saurav Sinha,Fakirtilla,Silchar Urban,OUT_7_651,Sai Amul Parlour,Kirana Store,Medium,Commercial Market,Yes,Medium,Yes,Amul Kool Cafe 200ml (Can),Beverages,Flavoured Milk,Yes,No,Medium,Yes,Medium,No,No,0,0,0,Yes,Purabi / Coke / Sting,Focus SKU rejected,Existing Stock Sufficient,Yes,Medium,Re-pitch during next weekly beat cycle,"Covered Fakirtilla market. High placement of Amul Fresh Mithai (Kaju Katli, Dudh Peda) and 35g chocolate bars across general stores."
2026-06-03,Wednesday,23,June,Shaan Enterprise,Biswajit Bormon,Saurav Sinha,Fakirtilla,Silchar Urban,OUT_7_163,Laxmi Stores,Kirana Store,Medium,Commercial Market,Yes,High,Yes,Amul Tinned Paneer 425g,Dairy,Paneer,Yes,No,High,Yes,High,Yes,Yes,48,48,6048.0,Yes,Purabi / Coke / Sting,,None,No,Normal,,"Covered Fakirtilla market. High placement of Amul Fresh Mithai (Kaju Katli, Dudh Peda) and 35g chocolate bars across general stores."
2026-06-03,Wednesday,23,June,Shaan Enterprise,Biswajit Bormon,Saurav Sinha,Fakirtilla,Silchar Urban,OUT_7_163,Laxmi Stores,Kirana Store,Medium,Commercial Market,Yes,Medium,Yes,Amul Tru Mango 200ml,Beverages,Fruit Drinks,Yes,No,Medium,Yes,Medium,No,No,0,0,0,Yes,Purabi / Coke / Sting,Focus SKU rejected,Existing Stock Sufficient,Yes,Medium,Re-pitch during next weekly beat cycle,"Covered Fakirtilla market. High placement of Amul Fresh Mithai (Kaju Katli, Dudh Peda) and 35g chocolate bars across general stores."
2026-06-03,Wednesday,23,June,Shaan Enterprise,Biswajit Bormon,Saurav Sinha,Fakirtilla,Silchar Urban,OUT_7_163,Laxmi Stores,Kirana Store,Medium,Commercial Market,Yes,Medium,Yes,Amul Tru Litchi 200ml,Beverages,Fruit Drinks,Yes,No,Medium,Yes,Medium,No,No,0,0,0,Yes,Purabi / Coke / Sting,Focus SKU rejected,Existing Stock Sufficient,Yes,Medium,Re-pitch during next weekly beat cycle,"Covered Fakirtilla market. High placement of Amul Fresh Mithai (Kaju Katli, Dudh Peda) and 35g chocolate bars across general stores."
2026-06-03,Wednesday,23,June,Shaan Enterprise,Biswajit Bormon,Saurav Sinha,Fakirtilla,Silchar Urban,OUT_7_163,Laxmi Stores,Kirana Store,Medium,Commercial Market,Yes,Medium,Yes,Amul Lassi 200ml,Beverages,Fermented Dairy,Yes,No,Medium,Yes,Medium,No,No,0,0,0,Yes,Purabi / Coke / Sting,Focus SKU rejected,Existing Stock Sufficient,Yes,Medium,Re-pitch during next weekly beat cycle,"Covered Fakirtilla market. High placement of Amul Fresh Mithai (Kaju Katli, Dudh Peda) and 35g chocolate bars across general stores."
2026-06-03,Wednesday,23,June,Shaan Enterprise,Biswajit Bormon,Saurav Sinha,Fakirtilla,Silchar Urban,OUT_7_163,Laxmi Stores,Kirana Store,Medium,Commercial Market,Yes,Medium,Yes,Amul Kool Cafe 200ml (Can),Beverages,Flavoured Milk,Yes,No,Medium,Yes,Medium,No,No,0,0,0,Yes,Purabi / Coke / Sting,Focus SKU rejected,Existing Stock Sufficient,Yes,Medium,Re-pitch during next weekly beat cycle,"Covered Fakirtilla market. High placement of Amul Fresh Mithai (Kaju Katli, Dudh Peda) and 35g chocolate bars across general stores."
2026-06-03,Wednesday,23,June,Shaan Enterprise,Biswajit Bormon,Saurav Sinha,Fakirtilla,Silchar Urban,OUT_7_984,Joymoti Stores,Kirana Store,Medium,Commercial Market,Yes,High,Yes,Amul Dark Chocolate 35g,Confectionery,Chocolates,Yes,No,High,Yes,High,Yes,Yes,20,20,600.0,Yes,Purabi / Coke / Sting,,None,No,Normal,,"Covered Fakirtilla market. High placement of Amul Fresh Mithai (Kaju Katli, Dudh Peda) and 35g chocolate bars across general stores."
2026-06-03,Wednesday,23,June,Shaan Enterprise,Biswajit Bormon,Saurav Sinha,Fakirtilla,Silchar Urban,OUT_7_984,Joymoti Stores,Kirana Store,Medium,Commercial Market,Yes,High,Yes,Amul Fresh Mithai & Sweets,Dairy,Traditional Sweets,Yes,No,High,Yes,High,Yes,Yes,18,18,918.0,Yes,Purabi / Coke / Sting,,None,No,Normal,,"Covered Fakirtilla market. High placement of Amul Fresh Mithai (Kaju Katli, Dudh Peda) and 35g chocolate bars across general stores."
2026-06-03,Wednesday,23,June,Shaan Enterprise,Biswajit Bormon,Saurav Sinha,Fakirtilla,Silchar Urban,OUT_7_984,Joymoti Stores,Kirana Store,Medium,Commercial Market,Yes,Medium,Yes,Amul Tru Mango 200ml,Beverages,Fruit Drinks,Yes,No,Medium,Yes,Medium,No,No,0,0,0,Yes,Purabi / Coke / Sting,Focus SKU rejected,Existing Stock Sufficient,Yes,Medium,Re-pitch during next weekly beat cycle,"Covered Fakirtilla market. High placement of Amul Fresh Mithai (Kaju Katli, Dudh Peda) and 35g chocolate bars across general stores."
2026-06-03,Wednesday,23,June,Shaan Enterprise,Biswajit Bormon,Saurav Sinha,Fakirtilla,Silchar Urban,OUT_7_984,Joymoti Stores,Kirana Store,Medium,Commercial Market,Yes,Medium,Yes,Amul Tru Litchi 200ml,Beverages,Fruit Drinks,Yes,No,Medium,Yes,Medium,No,No,0,0,0,Yes,Purabi / Coke / Sting,Focus SKU rejected,Existing Stock Sufficient,Yes,Medium,Re-pitch during next weekly beat cycle,"Covered Fakirtilla market. High placement of Amul Fresh Mithai (Kaju Katli, Dudh Peda) and 35g chocolate bars across general stores."
2026-06-03,Wednesday,23,June,Shaan Enterprise,Biswajit Bormon,Saurav Sinha,Fakirtilla,Silchar Urban,OUT_7_984,Joymoti Stores,Kirana Store,Medium,Commercial Market,Yes,Medium,Yes,Amul Lassi 200ml,Beverages,Fermented Dairy,Yes,No,Medium,Yes,Medium,No,No,0,0,0,Yes,Purabi / Coke / Sting,Focus SKU rejected,Existing Stock Sufficient,Yes,Medium,Re-pitch during next weekly beat cycle,"Covered Fakirtilla market. High placement of Amul Fresh Mithai (Kaju Katli, Dudh Peda) and 35g chocolate bars across general stores."
2026-06-03,Wednesday,23,June,Shaan Enterprise,Biswajit Bormon,Saurav Sinha,Fakirtilla,Silchar Urban,OUT_7_984,Joymoti Stores,Kirana Store,Medium,Commercial Market,Yes,Medium,Yes,Amul Kool Cafe 200ml (Can),Beverages,Flavoured Milk,Yes,No,Medium,Yes,Medium,No,No,0,0,0,Yes,Purabi / Coke / Sting,Focus SKU rejected,Existing Stock Sufficient,Yes,Medium,Re-pitch during next weekly beat cycle,"Covered Fakirtilla market. High placement of Amul Fresh Mithai (Kaju Katli, Dudh Peda) and 35g chocolate bars across general stores."
2026-06-03,Wednesday,23,June,Shaan Enterprise,Biswajit Bormon,Saurav Sinha,Fakirtilla,Silchar Urban,OUT_7_270,iWay 2.0,Bakery & Confectionery,Medium,Commercial Market,Yes,High,Yes,Amul Fresh Mithai & Sweets,Dairy,Traditional Sweets,Yes,No,High,Yes,High,Yes,Yes,30,30,1530.0,Yes,Purabi / Coke / Sting,,None,No,Normal,,"Covered Fakirtilla market. High placement of Amul Fresh Mithai (Kaju Katli, Dudh Peda) and 35g chocolate bars across general stores."
2026-06-03,Wednesday,23,June,Shaan Enterprise,Biswajit Bormon,Saurav Sinha,Fakirtilla,Silchar Urban,OUT_7_270,iWay 2.0,Kirana Store,Medium,Commercial Market,Yes,Medium,Yes,Amul Tru Mango 200ml,Beverages,Fruit Drinks,Yes,No,Medium,Yes,Medium,No,No,0,0,0,Yes,Purabi / Coke / Sting,Focus SKU rejected,Existing Stock Sufficient,Yes,Medium,Re-pitch during next weekly beat cycle,"Covered Fakirtilla market. High placement of Amul Fresh Mithai (Kaju Katli, Dudh Peda) and 35g chocolate bars across general stores."
2026-06-03,Wednesday,23,June,Shaan Enterprise,Biswajit Bormon,Saurav Sinha,Fakirtilla,Silchar Urban,OUT_7_270,iWay 2.0,Kirana Store,Medium,Commercial Market,Yes,Medium,Yes,Amul Tru Litchi 200ml,Beverages,Fruit Drinks,Yes,No,Medium,Yes,Medium,No,No,0,0,0,Yes,Purabi / Coke / Sting,Focus SKU rejected,Existing Stock Sufficient,Yes,Medium,Re-pitch during next weekly beat cycle,"Covered Fakirtilla market. High placement of Amul Fresh Mithai (Kaju Katli, Dudh Peda) and 35g chocolate bars across general stores."
2026-06-03,Wednesday,23,June,Shaan Enterprise,Biswajit Bormon,Saurav Sinha,Fakirtilla,Silchar Urban,OUT_7_270,iWay 2.0,Kirana Store,Medium,Commercial Market,Yes,Medium,Yes,Amul Lassi 200ml,Beverages,Fermented Dairy,Yes,No,Medium,Yes,Medium,No,No,0,0,0,Yes,Purabi / Coke / Sting,Focus SKU rejected,Existing Stock Sufficient,Yes,Medium,Re-pitch during next weekly beat cycle,"Covered Fakirtilla market. High placement of Amul Fresh Mithai (Kaju Katli, Dudh Peda) and 35g chocolate bars across general stores."
2026-06-03,Wednesday,23,June,Shaan Enterprise,Biswajit Bormon,Saurav Sinha,Fakirtilla,Silchar Urban,OUT_7_270,iWay 2.0,Kirana Store,Medium,Commercial Market,Yes,Medium,Yes,Amul Kool Cafe 200ml (Can),Beverages,Flavoured Milk,Yes,No,Medium,Yes,Medium,No,No,0,0,0,Yes,Purabi / Coke / Sting,Focus SKU rejected,Existing Stock Sufficient,Yes,Medium,Re-pitch during next weekly beat cycle,"Covered Fakirtilla market. High placement of Amul Fresh Mithai (Kaju Katli, Dudh Peda) and 35g chocolate bars across general stores."
2026-06-03,Wednesday,23,June,Shaan Enterprise,Biswajit Bormon,Saurav Sinha,Fakirtilla,Silchar Urban,OUT_7_006,Fakirtilla Counter 6,Kirana Store,Medium,Market Street,No,Medium,Yes,Amul Tru Mango 200ml,Beverages,Fruit Drinks,Yes,No,Medium,Yes,Low,No,No,0,0,0.0,Yes,Purabi / Sting / Coke,Existing inventory unsold,Stock Already Available,Yes,High,Stock Already Available,"Covered Fakirtilla market. High placement of Amul Fresh Mithai (Kaju Katli, Dudh Peda) and 35g chocolate bars across general stores."
2026-06-03,Wednesday,23,June,Shaan Enterprise,Biswajit Bormon,Saurav Sinha,Fakirtilla,Silchar Urban,OUT_7_006,Fakirtilla Counter 6,Kirana Store,Medium,Market Street,No,Medium,Yes,Amul Tru Litchi 200ml,Beverages,Fruit Drinks,Yes,No,Medium,Yes,Low,No,No,0,0,0.0,Yes,Purabi / Sting / Coke,Existing inventory unsold,Stock Already Available,Yes,High,Stock Already Available,"Covered Fakirtilla market. High placement of Amul Fresh Mithai (Kaju Katli, Dudh Peda) and 35g chocolate bars across general stores."
2026-06-03,Wednesday,23,June,Shaan Enterprise,Biswajit Bormon,Saurav Sinha,Fakirtilla,Silchar Urban,OUT_7_006,Fakirtilla Counter 6,Kirana Store,Medium,Market Street,No,Medium,Yes,Amul Lassi 200ml,Beverages,Fermented Dairy,Yes,No,Medium,Yes,Low,No,No,0,0,0.0,Yes,Purabi / Sting / Coke,Existing inventory unsold,Stock Already Available,Yes,High,Stock Already Available,"Covered Fakirtilla market. High placement of Amul Fresh Mithai (Kaju Katli, Dudh Peda) and 35g chocolate bars across general stores."
2026-06-03,Wednesday,23,June,Shaan Enterprise,Biswajit Bormon,Saurav Sinha,Fakirtilla,Silchar Urban,OUT_7_007,Fakirtilla Counter 7,General Store,Medium,Market Street,Yes,Medium,Yes,Amul Tru Mango 200ml,Beverages,Fruit Drinks,Yes,No,Medium,Yes,Low,No,No,0,0,0.0,Yes,Purabi / Sting / Coke,Existing inventory unsold,Stock Already Available,Yes,High,Stock Already Available,"Covered Fakirtilla market. High placement of Amul Fresh Mithai (Kaju Katli, Dudh Peda) and 35g chocolate bars across general stores."
2026-06-03,Wednesday,23,June,Shaan Enterprise,Biswajit Bormon,Saurav Sinha,Fakirtilla,Silchar Urban,OUT_7_007,Fakirtilla Counter 7,General Store,Medium,Market Street,Yes,Medium,Yes,Amul Tru Litchi 200ml,Beverages,Fruit Drinks,Yes,No,Medium,Yes,Low,No,No,0,0,0.0,Yes,Purabi / Sting / Coke,Existing inventory unsold,Stock Already Available,Yes,High,Stock Already Available,"Covered Fakirtilla market. High placement of Amul Fresh Mithai (Kaju Katli, Dudh Peda) and 35g chocolate bars across general stores."
2026-06-03,Wednesday,23,June,Shaan Enterprise,Biswajit Bormon,Saurav Sinha,Fakirtilla,Silchar Urban,OUT_7_007,Fakirtilla Counter 7,General Store,Medium,Market Street,Yes,Medium,Yes,Amul Lassi 200ml,Beverages,Fermented Dairy,Yes,No,Medium,Yes,Low,No,No,0,0,0.0,Yes,Purabi / Sting / Coke,Existing inventory unsold,Stock Already Available,Yes,High,Stock Already Available,"Covered Fakirtilla market. High placement of Amul Fresh Mithai (Kaju Katli, Dudh Peda) and 35g chocolate bars across general stores."
2026-06-03,Wednesday,23,June,Shaan Enterprise,Biswajit Bormon,Saurav Sinha,Fakirtilla,Silchar Urban,OUT_7_008,Fakirtilla Counter 8,Kirana Store,Medium,Market Street,Yes,Medium,Yes,Amul Tru Mango 200ml,Beverages,Fruit Drinks,Yes,No,Medium,Yes,Low,No,No,0,0,0.0,Yes,Purabi / Sting / Coke,Existing inventory unsold,Stock Already Available,Yes,High,Stock Already Available,"Covered Fakirtilla market. High placement of Amul Fresh Mithai (Kaju Katli, Dudh Peda) and 35g chocolate bars across general stores."
2026-06-03,Wednesday,23,June,Shaan Enterprise,Biswajit Bormon,Saurav Sinha,Fakirtilla,Silchar Urban,OUT_7_008,Fakirtilla Counter 8,Kirana Store,Medium,Market Street,Yes,Medium,Yes,Amul Tru Litchi 200ml,Beverages,Fruit Drinks,Yes,No,Medium,Yes,Low,No,No,0,0,0.0,Yes,Purabi / Sting / Coke,Existing inventory unsold,Stock Already Available,Yes,High,Stock Already Available,"Covered Fakirtilla market. High placement of Amul Fresh Mithai (Kaju Katli, Dudh Peda) and 35g chocolate bars across general stores."
2026-06-03,Wednesday,23,June,Shaan Enterprise,Biswajit Bormon,Saurav Sinha,Fakirtilla,Silchar Urban,OUT_7_008,Fakirtilla Counter 8,Kirana Store,Medium,Market Street,Yes,Medium,Yes,Amul Lassi 200ml,Beverages,Fermented Dairy,Yes,No,Medium,Yes,Low,No,No,0,0,0.0,Yes,Purabi / Sting / Coke,Existing inventory unsold,Stock Already Available,Yes,High,Stock Already Available,"Covered Fakirtilla market. High placement of Amul Fresh Mithai (Kaju Katli, Dudh Peda) and 35g chocolate bars across general stores."
2026-06-03,Wednesday,23,June,Shaan Enterprise,Biswajit Bormon,Saurav Sinha,Fakirtilla,Silchar Urban,OUT_7_009,Fakirtilla Counter 9,General Store,Medium,Market Street,Yes,Medium,Yes,Amul Tru Mango 200ml,Beverages,Fruit Drinks,Yes,No,Medium,Yes,Low,No,No,0,0,0.0,Yes,Purabi / Sting / Coke,Existing inventory unsold,Stock Already Available,Yes,High,Stock Already Available,"Covered Fakirtilla market. High placement of Amul Fresh Mithai (Kaju Katli, Dudh Peda) and 35g chocolate bars across general stores."
2026-06-03,Wednesday,23,June,Shaan Enterprise,Biswajit Bormon,Saurav Sinha,Fakirtilla,Silchar Urban,OUT_7_009,Fakirtilla Counter 9,General Store,Medium,Market Street,Yes,Medium,Yes,Amul Tru Litchi 200ml,Beverages,Fruit Drinks,Yes,No,Medium,Yes,Low,No,No,0,0,0.0,Yes,Purabi / Sting / Coke,Existing inventory unsold,Stock Already Available,Yes,High,Stock Already Available,"Covered Fakirtilla market. High placement of Amul Fresh Mithai (Kaju Katli, Dudh Peda) and 35g chocolate bars across general stores."
2026-06-03,Wednesday,23,June,Shaan Enterprise,Biswajit Bormon,Saurav Sinha,Fakirtilla,Silchar Urban,OUT_7_009,Fakirtilla Counter 9,General Store,Medium,Market Street,Yes,Medium,Yes,Amul Lassi 200ml,Beverages,Fermented Dairy,Yes,No,Medium,Yes,Low,No,No,0,0,0.0,Yes,Purabi / Sting / Coke,Existing inventory unsold,Stock Already Available,Yes,High,Stock Already Available,"Covered Fakirtilla market. High placement of Amul Fresh Mithai (Kaju Katli, Dudh Peda) and 35g chocolate bars across general stores."
2026-06-03,Wednesday,23,June,Shaan Enterprise,Biswajit Bormon,Saurav Sinha,Fakirtilla,Silchar Urban,OUT_7_010,Fakirtilla Counter 10,Kirana Store,Medium,Market Street,No,Medium,Yes,Amul Tru Mango 200ml,Beverages,Fruit Drinks,Yes,No,Medium,Yes,Low,No,No,0,0,0.0,Yes,Purabi / Sting / Coke,Existing inventory unsold,Stock Already Available,Yes,High,Stock Already Available,"Covered Fakirtilla market. High placement of Amul Fresh Mithai (Kaju Katli, Dudh Peda) and 35g chocolate bars across general stores."
2026-06-03,Wednesday,23,June,Shaan Enterprise,Biswajit Bormon,Saurav Sinha,Fakirtilla,Silchar Urban,OUT_7_010,Fakirtilla Counter 10,Kirana Store,Medium,Market Street,No,Medium,Yes,Amul Tru Litchi 200ml,Beverages,Fruit Drinks,Yes,No,Medium,Yes,Low,No,No,0,0,0.0,Yes,Purabi / Sting / Coke,Existing inventory unsold,Stock Already Available,Yes,High,Stock Already Available,"Covered Fakirtilla market. High placement of Amul Fresh Mithai (Kaju Katli, Dudh Peda) and 35g chocolate bars across general stores."
2026-06-03,Wednesday,23,June,Shaan Enterprise,Biswajit Bormon,Saurav Sinha,Fakirtilla,Silchar Urban,OUT_7_010,Fakirtilla Counter 10,Kirana Store,Medium,Market Street,No,Medium,Yes,Amul Lassi 200ml,Beverages,Fermented Dairy,Yes,No,Medium,Yes,Low,No,No,0,0,0.0,Yes,Purabi / Sting / Coke,Existing inventory unsold,Stock Already Available,Yes,High,Stock Already Available,"Covered Fakirtilla market. High placement of Amul Fresh Mithai (Kaju Katli, Dudh Peda) and 35g chocolate bars across general stores."
2026-06-04,Thursday,23,June,Shaan Enterprise,Biswajit Bormon,Saurav Sinha,Silcoorie-Irongmara,Silchar Urban,OUT_8_001,Silcoorie-Irongmara Counter 1,Kirana Store,Medium,Market Street,No,Medium,Yes,Amul Tru Litchi 200ml,Beverages,Fruit Drinks,Yes,No,Medium,Yes,High,Yes,Yes,24,24,308.64,Yes,Purabi / Sting / Coke,,None,No,Low,None,Visited Silcoorie-Irongmara transit route. Evaluated cold chain availability. Retailers without refrigerators accepted ambient beverages and tinned pa
2026-06-04,Thursday,23,June,Shaan Enterprise,Biswajit Bormon,Saurav Sinha,Silcoorie-Irongmara,Silchar Urban,OUT_8_001,Silcoorie-Irongmara Counter 1,Kirana Store,Medium,Market Street,No,Medium,Yes,Amul Lassi 200ml,Beverages,Fermented Dairy,Yes,No,Medium,Yes,High,Yes,Yes,24,24,312.96,Yes,Purabi / Sting / Coke,,None,No,Low,None,Visited Silcoorie-Irongmara transit route. Evaluated cold chain availability. Retailers without refrigerators accepted ambient beverages and tinned pa
2026-06-04,Thursday,23,June,Shaan Enterprise,Biswajit Bormon,Saurav Sinha,Silcoorie-Irongmara,Silchar Urban,OUT_8_001,Silcoorie-Irongmara Counter 1,Kirana Store,Medium,Market Street,No,Medium,Yes,Amul Kool Cafe 200ml (Can),Beverages,Flavoured Milk,Yes,No,Medium,Yes,Low,No,No,0,0,0.0,Yes,Purabi / Sting / Coke,Existing inventory unsold,Stock Already Available,Yes,High,Stock Already Available,Visited Silcoorie-Irongmara transit route. Evaluated cold chain availability. Retailers without refrigerators accepted ambient beverages and tinned pa
2026-06-04,Thursday,23,June,Shaan Enterprise,Biswajit Bormon,Saurav Sinha,Silcoorie-Irongmara,Silchar Urban,OUT_8_002,Silcoorie-Irongmara Counter 2,General Store,Medium,Market Street,Yes,Medium,Yes,Amul Tru Litchi 200ml,Beverages,Fruit Drinks,Yes,No,Medium,Yes,High,Yes,Yes,24,24,308.64,Yes,Purabi / Sting / Coke,,None,No,Low,None,Visited Silcoorie-Irongmara transit route. Evaluated cold chain availability. Retailers without refrigerators accepted ambient beverages and tinned pa
2026-06-04,Thursday,23,June,Shaan Enterprise,Biswajit Bormon,Saurav Sinha,Silcoorie-Irongmara,Silchar Urban,OUT_8_002,Silcoorie-Irongmara Counter 2,General Store,Medium,Market Street,Yes,Medium,Yes,Amul Lassi 200ml,Beverages,Fermented Dairy,Yes,No,Medium,Yes,Low,No,No,0,0,0.0,Yes,Purabi / Sting / Coke,Existing inventory unsold,Stock Already Available,Yes,High,Stock Already Available,Visited Silcoorie-Irongmara transit route. Evaluated cold chain availability. Retailers without refrigerators accepted ambient beverages and tinned pa
2026-06-04,Thursday,23,June,Shaan Enterprise,Biswajit Bormon,Saurav Sinha,Silcoorie-Irongmara,Silchar Urban,OUT_8_002,Silcoorie-Irongmara Counter 2,General Store,Medium,Market Street,Yes,Medium,Yes,Amul Kool Cafe 200ml (Can),Beverages,Flavoured Milk,Yes,No,Medium,Yes,Low,No,No,0,0,0.0,Yes,Purabi / Sting / Coke,Existing inventory unsold,Stock Already Available,Yes,High,Stock Already Available,Visited Silcoorie-Irongmara transit route. Evaluated cold chain availability. Retailers without refrigerators accepted ambient beverages and tinned pa
2026-06-04,Thursday,23,June,Shaan Enterprise,Biswajit Bormon,Saurav Sinha,Silcoorie-Irongmara,Silchar Urban,OUT_8_003,Silcoorie-Irongmara Counter 3,Kirana Store,Medium,Market Street,Yes,Medium,Yes,Amul Tru Litchi 200ml,Beverages,Fruit Drinks,Yes,No,Medium,Yes,High,Yes,Yes,24,24,308.64,Yes,Purabi / Sting / Coke,,None,No,Low,None,Visited Silcoorie-Irongmara transit route. Evaluated cold chain availability. Retailers without refrigerators accepted ambient beverages and tinned pa
2026-06-04,Thursday,23,June,Shaan Enterprise,Biswajit Bormon,Saurav Sinha,Silcoorie-Irongmara,Silchar Urban,OUT_8_003,Silcoorie-Irongmara Counter 3,Kirana Store,Medium,Market Street,Yes,Medium,Yes,Amul Lassi 200ml,Beverages,Fermented Dairy,Yes,No,Medium,Yes,High,Yes,Yes,24,24,312.96,Yes,Purabi / Sting / Coke,,None,No,Low,None,Visited Silcoorie-Irongmara transit route. Evaluated cold chain availability. Retailers without refrigerators accepted ambient beverages and tinned pa
2026-06-04,Thursday,23,June,Shaan Enterprise,Biswajit Bormon,Saurav Sinha,Silcoorie-Irongmara,Silchar Urban,OUT_8_003,Silcoorie-Irongmara Counter 3,Kirana Store,Medium,Market Street,Yes,Medium,Yes,Amul Kool Cafe 200ml (Can),Beverages,Flavoured Milk,Yes,No,Medium,Yes,Low,No,No,0,0,0.0,Yes,Purabi / Sting / Coke,Existing inventory unsold,Stock Already Available,Yes,High,Stock Already Available,Visited Silcoorie-Irongmara transit route. Evaluated cold chain availability. Retailers without refrigerators accepted ambient beverages and tinned pa
2026-06-04,Thursday,23,June,Shaan Enterprise,Biswajit Bormon,Saurav Sinha,Silcoorie-Irongmara,Silchar Urban,OUT_8_004,Silcoorie-Irongmara Counter 4,General Store,Medium,Market Street,Yes,Medium,Yes,Amul Tru Litchi 200ml,Beverages,Fruit Drinks,Yes,No,Medium,Yes,High,Yes,Yes,24,24,308.64,Yes,Purabi / Sting / Coke,,None,No,Low,None,Visited Silcoorie-Irongmara transit route. Evaluated cold chain availability. Retailers without refrigerators accepted ambient beverages and tinned pa
2026-06-04,Thursday,23,June,Shaan Enterprise,Biswajit Bormon,Saurav Sinha,Silcoorie-Irongmara,Silchar Urban,OUT_8_004,Silcoorie-Irongmara Counter 4,General Store,Medium,Market Street,Yes,Medium,Yes,Amul Lassi 200ml,Beverages,Fermented Dairy,Yes,No,Medium,Yes,Low,No,No,0,0,0.0,Yes,Purabi / Sting / Coke,Existing inventory unsold,Stock Already Available,Yes,High,Stock Already Available,Visited Silcoorie-Irongmara transit route. Evaluated cold chain availability. Retailers without refrigerators accepted ambient beverages and tinned pa
2026-06-04,Thursday,23,June,Shaan Enterprise,Biswajit Bormon,Saurav Sinha,Silcoorie-Irongmara,Silchar Urban,OUT_8_004,Silcoorie-Irongmara Counter 4,General Store,Medium,Market Street,Yes,Medium,Yes,Amul Kool Cafe 200ml (Can),Beverages,Flavoured Milk,Yes,No,Medium,Yes,Low,No,No,0,0,0.0,Yes,Purabi / Sting / Coke,Existing inventory unsold,Stock Already Available,Yes,High,Stock Already Available,Visited Silcoorie-Irongmara transit route. Evaluated cold chain availability. Retailers without refrigerators accepted ambient beverages and tinned pa
2026-06-04,Thursday,23,June,Shaan Enterprise,Biswajit Bormon,Saurav Sinha,Silcoorie-Irongmara,Silchar Urban,OUT_8_005,Silcoorie-Irongmara Counter 5,Kirana Store,Medium,Market Street,No,Medium,Yes,Amul Tru Litchi 200ml,Beverages,Fruit Drinks,Yes,No,Medium,Yes,High,Yes,Yes,24,24,308.64,Yes,Purabi / Sting / Coke,,None,No,Low,None,Visited Silcoorie-Irongmara transit route. Evaluated cold chain availability. Retailers without refrigerators accepted ambient beverages and tinned pa
2026-06-04,Thursday,23,June,Shaan Enterprise,Biswajit Bormon,Saurav Sinha,Silcoorie-Irongmara,Silchar Urban,OUT_8_005,Silcoorie-Irongmara Counter 5,Kirana Store,Medium,Market Street,No,Medium,Yes,Amul Lassi 200ml,Beverages,Fermented Dairy,Yes,No,Medium,Yes,High,Yes,Yes,24,24,312.96,Yes,Purabi / Sting / Coke,,None,No,Low,None,Visited Silcoorie-Irongmara transit route. Evaluated cold chain availability. Retailers without refrigerators accepted ambient beverages and tinned pa
2026-06-04,Thursday,23,June,Shaan Enterprise,Biswajit Bormon,Saurav Sinha,Silcoorie-Irongmara,Silchar Urban,OUT_8_005,Silcoorie-Irongmara Counter 5,Kirana Store,Medium,Market Street,No,Medium,Yes,Amul Kool Cafe 200ml (Can),Beverages,Flavoured Milk,Yes,No,Medium,Yes,Low,No,No,0,0,0.0,Yes,Purabi / Sting / Coke,Existing inventory unsold,Stock Already Available,Yes,High,Stock Already Available,Visited Silcoorie-Irongmara transit route. Evaluated cold chain availability. Retailers without refrigerators accepted ambient beverages and tinned pa
2026-06-04,Thursday,23,June,Shaan Enterprise,Biswajit Bormon,Saurav Sinha,Silcoorie-Irongmara,Silchar Urban,OUT_8_006,Silcoorie-Irongmara Counter 6,General Store,Medium,Market Street,Yes,Medium,Yes,Amul Tru Litchi 200ml,Beverages,Fruit Drinks,Yes,No,Medium,Yes,High,Yes,Yes,24,24,308.64,Yes,Purabi / Sting / Coke,,None,No,Low,None,Visited Silcoorie-Irongmara transit route. Evaluated cold chain availability. Retailers without refrigerators accepted ambient beverages and tinned pa
2026-06-04,Thursday,23,June,Shaan Enterprise,Biswajit Bormon,Saurav Sinha,Silcoorie-Irongmara,Silchar Urban,OUT_8_006,Silcoorie-Irongmara Counter 6,General Store,Medium,Market Street,Yes,Medium,Yes,Amul Lassi 200ml,Beverages,Fermented Dairy,Yes,No,Medium,Yes,Low,No,No,0,0,0.0,Yes,Purabi / Sting / Coke,Existing inventory unsold,Stock Already Available,Yes,High,Stock Already Available,Visited Silcoorie-Irongmara transit route. Evaluated cold chain availability. Retailers without refrigerators accepted ambient beverages and tinned pa
2026-06-04,Thursday,23,June,Shaan Enterprise,Biswajit Bormon,Saurav Sinha,Silcoorie-Irongmara,Silchar Urban,OUT_8_006,Silcoorie-Irongmara Counter 6,General Store,Medium,Market Street,Yes,Medium,Yes,Amul Kool Cafe 200ml (Can),Beverages,Flavoured Milk,Yes,No,Medium,Yes,Low,No,No,0,0,0.0,Yes,Purabi / Sting / Coke,Existing inventory unsold,Stock Already Available,Yes,High,Stock Already Available,Visited Silcoorie-Irongmara transit route. Evaluated cold chain availability. Retailers without refrigerators accepted ambient beverages and tinned pa
2026-06-04,Thursday,23,June,Shaan Enterprise,Biswajit Bormon,Saurav Sinha,Silcoorie-Irongmara,Silchar Urban,OUT_8_007,Silcoorie-Irongmara Counter 7,Kirana Store,Medium,Market Street,Yes,Medium,Yes,Amul Tru Litchi 200ml,Beverages,Fruit Drinks,Yes,No,Medium,Yes,High,Yes,Yes,24,24,308.64,Yes,Purabi / Sting / Coke,,None,No,Low,None,Visited Silcoorie-Irongmara transit route. Evaluated cold chain availability. Retailers without refrigerators accepted ambient beverages and tinned pa
2026-06-04,Thursday,23,June,Shaan Enterprise,Biswajit Bormon,Saurav Sinha,Silcoorie-Irongmara,Silchar Urban,OUT_8_007,Silcoorie-Irongmara Counter 7,Kirana Store,Medium,Market Street,Yes,Medium,Yes,Amul Lassi 200ml,Beverages,Fermented Dairy,Yes,No,Medium,Yes,High,Yes,Yes,24,24,312.96,Yes,Purabi / Sting / Coke,,None,No,Low,None,Visited Silcoorie-Irongmara transit route. Evaluated cold chain availability. Retailers without refrigerators accepted ambient beverages and tinned pa
2026-06-04,Thursday,23,June,Shaan Enterprise,Biswajit Bormon,Saurav Sinha,Silcoorie-Irongmara,Silchar Urban,OUT_8_007,Silcoorie-Irongmara Counter 7,Kirana Store,Medium,Market Street,Yes,Medium,Yes,Amul Kool Cafe 200ml (Can),Beverages,Flavoured Milk,Yes,No,Medium,Yes,Low,No,No,0,0,0.0,Yes,Purabi / Sting / Coke,Existing inventory unsold,Stock Already Available,Yes,High,Stock Already Available,Visited Silcoorie-Irongmara transit route. Evaluated cold chain availability. Retailers without refrigerators accepted ambient beverages and tinned pa
2026-06-04,Thursday,23,June,Shaan Enterprise,Biswajit Bormon,Saurav Sinha,Silcoorie-Irongmara,Silchar Urban,OUT_8_008,Silcoorie-Irongmara Counter 8,General Store,Medium,Market Street,Yes,Medium,Yes,Amul Tru Litchi 200ml,Beverages,Fruit Drinks,Yes,No,Medium,Yes,High,Yes,Yes,24,24,308.64,Yes,Purabi / Sting / Coke,,None,No,Low,None,Visited Silcoorie-Irongmara transit route. Evaluated cold chain availability. Retailers without refrigerators accepted ambient beverages and tinned pa
2026-06-04,Thursday,23,June,Shaan Enterprise,Biswajit Bormon,Saurav Sinha,Silcoorie-Irongmara,Silchar Urban,OUT_8_008,Silcoorie-Irongmara Counter 8,General Store,Medium,Market Street,Yes,Medium,Yes,Amul Lassi 200ml,Beverages,Fermented Dairy,Yes,No,Medium,Yes,Low,No,No,0,0,0.0,Yes,Purabi / Sting / Coke,Existing inventory unsold,Stock Already Available,Yes,High,Stock Already Available,Visited Silcoorie-Irongmara transit route. Evaluated cold chain availability. Retailers without refrigerators accepted ambient beverages and tinned pa
2026-06-04,Thursday,23,June,Shaan Enterprise,Biswajit Bormon,Saurav Sinha,Silcoorie-Irongmara,Silchar Urban,OUT_8_008,Silcoorie-Irongmara Counter 8,General Store,Medium,Market Street,Yes,Medium,Yes,Amul Kool Cafe 200ml (Can),Beverages,Flavoured Milk,Yes,No,Medium,Yes,Low,No,No,0,0,0.0,Yes,Purabi / Sting / Coke,Existing inventory unsold,Stock Already Available,Yes,High,Stock Already Available,Visited Silcoorie-Irongmara transit route. Evaluated cold chain availability. Retailers without refrigerators accepted ambient beverages and tinned pa
2026-06-04,Thursday,23,June,Shaan Enterprise,Biswajit Bormon,Saurav Sinha,Silcoorie-Irongmara,Silchar Urban,OUT_8_009,Silcoorie-Irongmara Counter 9,Kirana Store,Medium,Market Street,No,Medium,Yes,Amul Tru Litchi 200ml,Beverages,Fruit Drinks,Yes,No,Medium,Yes,High,Yes,Yes,24,24,308.64,Yes,Purabi / Sting / Coke,,None,No,Low,None,Visited Silcoorie-Irongmara transit route. Evaluated cold chain availability. Retailers without refrigerators accepted ambient beverages and tinned pa
2026-06-04,Thursday,23,June,Shaan Enterprise,Biswajit Bormon,Saurav Sinha,Silcoorie-Irongmara,Silchar Urban,OUT_8_009,Silcoorie-Irongmara Counter 9,Kirana Store,Medium,Market Street,No,Medium,Yes,Amul Lassi 200ml,Beverages,Fermented Dairy,Yes,No,Medium,Yes,High,Yes,Yes,24,24,312.96,Yes,Purabi / Sting / Coke,,None,No,Low,None,Visited Silcoorie-Irongmara transit route. Evaluated cold chain availability. Retailers without refrigerators accepted ambient beverages and tinned pa
2026-06-04,Thursday,23,June,Shaan Enterprise,Biswajit Bormon,Saurav Sinha,Silcoorie-Irongmara,Silchar Urban,OUT_8_009,Silcoorie-Irongmara Counter 9,Kirana Store,Medium,Market Street,No,Medium,Yes,Amul Kool Cafe 200ml (Can),Beverages,Flavoured Milk,Yes,No,Medium,Yes,Low,No,No,0,0,0.0,Yes,Purabi / Sting / Coke,Existing inventory unsold,Stock Already Available,Yes,High,Stock Already Available,Visited Silcoorie-Irongmara transit route. Evaluated cold chain availability. Retailers without refrigerators accepted ambient beverages and tinned pa
2026-06-04,Thursday,23,June,Shaan Enterprise,Biswajit Bormon,Saurav Sinha,Silcoorie-Irongmara,Silchar Urban,OUT_8_010,Silcoorie-Irongmara Counter 10,General Store,Medium,Market Street,Yes,Medium,Yes,Amul Tru Litchi 200ml,Beverages,Fruit Drinks,Yes,No,Medium,Yes,Low,No,No,0,0,0.0,Yes,Purabi / Sting / Coke,Existing inventory unsold,Stock Already Available,Yes,High,Stock Already Available,Visited Silcoorie-Irongmara transit route. Evaluated cold chain availability. Retailers without refrigerators accepted ambient beverages and tinned pa
2026-06-04,Thursday,23,June,Shaan Enterprise,Biswajit Bormon,Saurav Sinha,Silcoorie-Irongmara,Silchar Urban,OUT_8_010,Silcoorie-Irongmara Counter 10,General Store,Medium,Market Street,Yes,Medium,Yes,Amul Lassi 200ml,Beverages,Fermented Dairy,Yes,No,Medium,Yes,Low,No,No,0,0,0.0,Yes,Purabi / Sting / Coke,Existing inventory unsold,Stock Already Available,Yes,High,Stock Already Available,Visited Silcoorie-Irongmara transit route. Evaluated cold chain availability. Retailers without refrigerators accepted ambient beverages and tinned pa
2026-06-04,Thursday,23,June,Shaan Enterprise,Biswajit Bormon,Saurav Sinha,Silcoorie-Irongmara,Silchar Urban,OUT_8_010,Silcoorie-Irongmara Counter 10,General Store,Medium,Market Street,Yes,Medium,Yes,Amul Kool Cafe 200ml (Can),Beverages,Flavoured Milk,Yes,No,Medium,Yes,Low,No,No,0,0,0.0,Yes,Purabi / Sting / Coke,Existing inventory unsold,Stock Already Available,Yes,High,Stock Already Available,Visited Silcoorie-Irongmara transit route. Evaluated cold chain availability. Retailers without refrigerators accepted ambient beverages and tinned pa
2026-06-04,Thursday,23,June,Shaan Enterprise,Biswajit Bormon,Saurav Sinha,Silcoorie-Irongmara,Silchar Urban,OUT_8_011,Silcoorie-Irongmara Counter 11,Kirana Store,Medium,Market Street,Yes,Medium,Yes,Amul Tru Litchi 200ml,Beverages,Fruit Drinks,Yes,No,Medium,Yes,Low,No,No,0,0,0.0,Yes,Purabi / Sting / Coke,Existing inventory unsold,Stock Already Available,Yes,High,Stock Already Available,Visited Silcoorie-Irongmara transit route. Evaluated cold chain availability. Retailers without refrigerators accepted ambient beverages and tinned pa
2026-06-04,Thursday,23,June,Shaan Enterprise,Biswajit Bormon,Saurav Sinha,Silcoorie-Irongmara,Silchar Urban,OUT_8_011,Silcoorie-Irongmara Counter 11,Kirana Store,Medium,Market Street,Yes,Medium,Yes,Amul Lassi 200ml,Beverages,Fermented Dairy,Yes,No,Medium,Yes,Low,No,No,0,0,0.0,Yes,Purabi / Sting / Coke,Existing inventory unsold,Stock Already Available,Yes,High,Stock Already Available,Visited Silcoorie-Irongmara transit route. Evaluated cold chain availability. Retailers without refrigerators accepted ambient beverages and tinned pa
2026-06-04,Thursday,23,June,Shaan Enterprise,Biswajit Bormon,Saurav Sinha,Silcoorie-Irongmara,Silchar Urban,OUT_8_011,Silcoorie-Irongmara Counter 11,Kirana Store,Medium,Market Street,Yes,Medium,Yes,Amul Kool Cafe 200ml (Can),Beverages,Flavoured Milk,Yes,No,Medium,Yes,Low,No,No,0,0,0.0,Yes,Purabi / Sting / Coke,Existing inventory unsold,Stock Already Available,Yes,High,Stock Already Available,Visited Silcoorie-Irongmara transit route. Evaluated cold chain availability. Retailers without refrigerators accepted ambient beverages and tinned pa
2026-06-04,Thursday,23,June,Shaan Enterprise,Biswajit Bormon,Saurav Sinha,Silcoorie-Irongmara,Silchar Urban,OUT_8_012,Silcoorie-Irongmara Counter 12,General Store,Medium,Market Street,Yes,Medium,Yes,Amul Tru Litchi 200ml,Beverages,Fruit Drinks,Yes,No,Medium,Yes,Low,No,No,0,0,0.0,Yes,Purabi / Sting / Coke,Existing inventory unsold,Stock Already Available,Yes,High,Stock Already Available,Visited Silcoorie-Irongmara transit route. Evaluated cold chain availability. Retailers without refrigerators accepted ambient beverages and tinned pa
2026-06-04,Thursday,23,June,Shaan Enterprise,Biswajit Bormon,Saurav Sinha,Silcoorie-Irongmara,Silchar Urban,OUT_8_012,Silcoorie-Irongmara Counter 12,General Store,Medium,Market Street,Yes,Medium,Yes,Amul Lassi 200ml,Beverages,Fermented Dairy,Yes,No,Medium,Yes,Low,No,No,0,0,0.0,Yes,Purabi / Sting / Coke,Existing inventory unsold,Stock Already Available,Yes,High,Stock Already Available,Visited Silcoorie-Irongmara transit route. Evaluated cold chain availability. Retailers without refrigerators accepted ambient beverages and tinned pa
2026-06-04,Thursday,23,June,Shaan Enterprise,Biswajit Bormon,Saurav Sinha,Silcoorie-Irongmara,Silchar Urban,OUT_8_012,Silcoorie-Irongmara Counter 12,General Store,Medium,Market Street,Yes,Medium,Yes,Amul Kool Cafe 200ml (Can),Beverages,Flavoured Milk,Yes,No,Medium,Yes,Low,No,No,0,0,0.0,Yes,Purabi / Sting / Coke,Existing inventory unsold,Stock Already Available,Yes,High,Stock Already Available,Visited Silcoorie-Irongmara transit route. Evaluated cold chain availability. Retailers without refrigerators accepted ambient beverages and tinned pa
2026-06-04,Thursday,23,June,Shaan Enterprise,Biswajit Bormon,Saurav Sinha,Silcoorie-Irongmara,Silchar Urban,OUT_8_013,Silcoorie-Irongmara Counter 13,Kirana Store,Medium,Market Street,No,Medium,Yes,Amul Tru Litchi 200ml,Beverages,Fruit Drinks,Yes,No,Medium,Yes,Low,No,No,0,0,0.0,Yes,Purabi / Sting / Coke,Existing inventory unsold,Stock Already Available,Yes,High,Stock Already Available,Visited Silcoorie-Irongmara transit route. Evaluated cold chain availability. Retailers without refrigerators accepted ambient beverages and tinned pa
2026-06-04,Thursday,23,June,Shaan Enterprise,Biswajit Bormon,Saurav Sinha,Silcoorie-Irongmara,Silchar Urban,OUT_8_013,Silcoorie-Irongmara Counter 13,Kirana Store,Medium,Market Street,No,Medium,Yes,Amul Lassi 200ml,Beverages,Fermented Dairy,Yes,No,Medium,Yes,Low,No,No,0,0,0.0,Yes,Purabi / Sting / Coke,Existing inventory unsold,Stock Already Available,Yes,High,Stock Already Available,Visited Silcoorie-Irongmara transit route. Evaluated cold chain availability. Retailers without refrigerators accepted ambient beverages and tinned pa
2026-06-04,Thursday,23,June,Shaan Enterprise,Biswajit Bormon,Saurav Sinha,Silcoorie-Irongmara,Silchar Urban,OUT_8_013,Silcoorie-Irongmara Counter 13,Kirana Store,Medium,Market Street,No,Medium,Yes,Amul Kool Cafe 200ml (Can),Beverages,Flavoured Milk,Yes,No,Medium,Yes,Low,No,No,0,0,0.0,Yes,Purabi / Sting / Coke,Existing inventory unsold,Stock Already Available,Yes,High,Stock Already Available,Visited Silcoorie-Irongmara transit route. Evaluated cold chain availability. Retailers without refrigerators accepted ambient beverages and tinned pa
2026-06-04,Thursday,23,June,Shaan Enterprise,Biswajit Bormon,Saurav Sinha,Silcoorie-Irongmara,Silchar Urban,OUT_8_014,Silcoorie-Irongmara Counter 14,General Store,Medium,Market Street,Yes,Medium,Yes,Amul Tru Litchi 200ml,Beverages,Fruit Drinks,Yes,No,Medium,Yes,Low,No,No,0,0,0.0,Yes,Purabi / Sting / Coke,Existing inventory unsold,Stock Already Available,Yes,High,Stock Already Available,Visited Silcoorie-Irongmara transit route. Evaluated cold chain availability. Retailers without refrigerators accepted ambient beverages and tinned pa
2026-06-04,Thursday,23,June,Shaan Enterprise,Biswajit Bormon,Saurav Sinha,Silcoorie-Irongmara,Silchar Urban,OUT_8_014,Silcoorie-Irongmara Counter 14,General Store,Medium,Market Street,Yes,Medium,Yes,Amul Lassi 200ml,Beverages,Fermented Dairy,Yes,No,Medium,Yes,Low,No,No,0,0,0.0,Yes,Purabi / Sting / Coke,Existing inventory unsold,Stock Already Available,Yes,High,Stock Already Available,Visited Silcoorie-Irongmara transit route. Evaluated cold chain availability. Retailers without refrigerators accepted ambient beverages and tinned pa
2026-06-04,Thursday,23,June,Shaan Enterprise,Biswajit Bormon,Saurav Sinha,Silcoorie-Irongmara,Silchar Urban,OUT_8_014,Silcoorie-Irongmara Counter 14,General Store,Medium,Market Street,Yes,Medium,Yes,Amul Kool Cafe 200ml (Can),Beverages,Flavoured Milk,Yes,No,Medium,Yes,Low,No,No,0,0,0.0,Yes,Purabi / Sting / Coke,Existing inventory unsold,Stock Already Available,Yes,High,Stock Already Available,Visited Silcoorie-Irongmara transit route. Evaluated cold chain availability. Retailers without refrigerators accepted ambient beverages and tinned pa
2026-06-04,Thursday,23,June,Shaan Enterprise,Biswajit Bormon,Saurav Sinha,Silcoorie-Irongmara,Silchar Urban,OUT_8_015,Silcoorie-Irongmara Counter 15,Kirana Store,Medium,Market Street,Yes,Medium,Yes,Amul Tru Litchi 200ml,Beverages,Fruit Drinks,Yes,No,Medium,Yes,Low,No,No,0,0,0.0,Yes,Purabi / Sting / Coke,Existing inventory unsold,Stock Already Available,Yes,High,Stock Already Available,Visited Silcoorie-Irongmara transit route. Evaluated cold chain availability. Retailers without refrigerators accepted ambient beverages and tinned pa
2026-06-04,Thursday,23,June,Shaan Enterprise,Biswajit Bormon,Saurav Sinha,Silcoorie-Irongmara,Silchar Urban,OUT_8_015,Silcoorie-Irongmara Counter 15,Kirana Store,Medium,Market Street,Yes,Medium,Yes,Amul Lassi 200ml,Beverages,Fermented Dairy,Yes,No,Medium,Yes,Low,No,No,0,0,0.0,Yes,Purabi / Sting / Coke,Existing inventory unsold,Stock Already Available,Yes,High,Stock Already Available,Visited Silcoorie-Irongmara transit route. Evaluated cold chain availability. Retailers without refrigerators accepted ambient beverages and tinned pa
2026-06-04,Thursday,23,June,Shaan Enterprise,Biswajit Bormon,Saurav Sinha,Silcoorie-Irongmara,Silchar Urban,OUT_8_015,Silcoorie-Irongmara Counter 15,Kirana Store,Medium,Market Street,Yes,Medium,Yes,Amul Kool Cafe 200ml (Can),Beverages,Flavoured Milk,Yes,No,Medium,Yes,Low,No,No,0,0,0.0,Yes,Purabi / Sting / Coke,Existing inventory unsold,Stock Already Available,Yes,High,Stock Already Available,Visited Silcoorie-Irongmara transit route. Evaluated cold chain availability. Retailers without refrigerators accepted ambient beverages and tinned pa
2026-06-04,Thursday,23,June,Shaan Enterprise,Biswajit Bormon,Saurav Sinha,Silcoorie-Irongmara,Silchar Urban,OUT_8_016,Silcoorie-Irongmara Counter 16,General Store,Medium,Market Street,Yes,Medium,Yes,Amul Tru Litchi 200ml,Beverages,Fruit Drinks,Yes,No,Medium,Yes,Low,No,No,0,0,0.0,Yes,Purabi / Sting / Coke,Existing inventory unsold,Stock Already Available,Yes,High,Stock Already Available,Visited Silcoorie-Irongmara transit route. Evaluated cold chain availability. Retailers without refrigerators accepted ambient beverages and tinned pa
2026-06-04,Thursday,23,June,Shaan Enterprise,Biswajit Bormon,Saurav Sinha,Silcoorie-Irongmara,Silchar Urban,OUT_8_016,Silcoorie-Irongmara Counter 16,General Store,Medium,Market Street,Yes,Medium,Yes,Amul Lassi 200ml,Beverages,Fermented Dairy,Yes,No,Medium,Yes,Low,No,No,0,0,0.0,Yes,Purabi / Sting / Coke,Existing inventory unsold,Stock Already Available,Yes,High,Stock Already Available,Visited Silcoorie-Irongmara transit route. Evaluated cold chain availability. Retailers without refrigerators accepted ambient beverages and tinned pa
2026-06-04,Thursday,23,June,Shaan Enterprise,Biswajit Bormon,Saurav Sinha,Silcoorie-Irongmara,Silchar Urban,OUT_8_016,Silcoorie-Irongmara Counter 16,General Store,Medium,Market Street,Yes,Medium,Yes,Amul Kool Cafe 200ml (Can),Beverages,Flavoured Milk,Yes,No,Medium,Yes,Low,No,No,0,0,0.0,Yes,Purabi / Sting / Coke,Existing inventory unsold,Stock Already Available,Yes,High,Stock Already Available,Visited Silcoorie-Irongmara transit route. Evaluated cold chain availability. Retailers without refrigerators accepted ambient beverages and tinned pa
2026-06-04,Thursday,23,June,Shaan Enterprise,Biswajit Bormon,Saurav Sinha,Silcoorie-Irongmara,Silchar Urban,OUT_8_017,Silcoorie-Irongmara Counter 17,Kirana Store,Medium,Market Street,No,Medium,Yes,Amul Tru Litchi 200ml,Beverages,Fruit Drinks,Yes,No,Medium,Yes,Low,No,No,0,0,0.0,Yes,Purabi / Sting / Coke,Existing inventory unsold,Stock Already Available,Yes,High,Stock Already Available,Visited Silcoorie-Irongmara transit route. Evaluated cold chain availability. Retailers without refrigerators accepted ambient beverages and tinned pa
2026-06-04,Thursday,23,June,Shaan Enterprise,Biswajit Bormon,Saurav Sinha,Silcoorie-Irongmara,Silchar Urban,OUT_8_017,Silcoorie-Irongmara Counter 17,Kirana Store,Medium,Market Street,No,Medium,Yes,Amul Lassi 200ml,Beverages,Fermented Dairy,Yes,No,Medium,Yes,Low,No,No,0,0,0.0,Yes,Purabi / Sting / Coke,Existing inventory unsold,Stock Already Available,Yes,High,Stock Already Available,Visited Silcoorie-Irongmara transit route. Evaluated cold chain availability. Retailers without refrigerators accepted ambient beverages and tinned pa
2026-06-04,Thursday,23,June,Shaan Enterprise,Biswajit Bormon,Saurav Sinha,Silcoorie-Irongmara,Silchar Urban,OUT_8_017,Silcoorie-Irongmara Counter 17,Kirana Store,Medium,Market Street,No,Medium,Yes,Amul Kool Cafe 200ml (Can),Beverages,Flavoured Milk,Yes,No,Medium,Yes,Low,No,No,0,0,0.0,Yes,Purabi / Sting / Coke,Existing inventory unsold,Stock Already Available,Yes,High,Stock Already Available,Visited Silcoorie-Irongmara transit route. Evaluated cold chain availability. Retailers without refrigerators accepted ambient beverages and tinned pa
2026-06-04,Thursday,23,June,Shaan Enterprise,Biswajit Bormon,Saurav Sinha,Silcoorie-Irongmara,Silchar Urban,OUT_8_018,Silcoorie-Irongmara Counter 18,General Store,Medium,Market Street,Yes,Medium,Yes,Amul Tru Litchi 200ml,Beverages,Fruit Drinks,Yes,No,Medium,Yes,Low,No,No,0,0,0.0,Yes,Purabi / Sting / Coke,Existing inventory unsold,Stock Already Available,Yes,High,Stock Already Available,Visited Silcoorie-Irongmara transit route. Evaluated cold chain availability. Retailers without refrigerators accepted ambient beverages and tinned pa
2026-06-04,Thursday,23,June,Shaan Enterprise,Biswajit Bormon,Saurav Sinha,Silcoorie-Irongmara,Silchar Urban,OUT_8_018,Silcoorie-Irongmara Counter 18,General Store,Medium,Market Street,Yes,Medium,Yes,Amul Lassi 200ml,Beverages,Fermented Dairy,Yes,No,Medium,Yes,Low,No,No,0,0,0.0,Yes,Purabi / Sting / Coke,Existing inventory unsold,Stock Already Available,Yes,High,Stock Already Available,Visited Silcoorie-Irongmara transit route. Evaluated cold chain availability. Retailers without refrigerators accepted ambient beverages and tinned pa
2026-06-04,Thursday,23,June,Shaan Enterprise,Biswajit Bormon,Saurav Sinha,Silcoorie-Irongmara,Silchar Urban,OUT_8_018,Silcoorie-Irongmara Counter 18,General Store,Medium,Market Street,Yes,Medium,Yes,Amul Kool Cafe 200ml (Can),Beverages,Flavoured Milk,Yes,No,Medium,Yes,Low,No,No,0,0,0.0,Yes,Purabi / Sting / Coke,Existing inventory unsold,Stock Already Available,Yes,High,Stock Already Available,Visited Silcoorie-Irongmara transit route. Evaluated cold chain availability. Retailers without refrigerators accepted ambient beverages and tinned pa
2026-06-04,Thursday,23,June,Shaan Enterprise,Biswajit Bormon,Saurav Sinha,Silcoorie-Irongmara,Silchar Urban,OUT_8_019,Silcoorie-Irongmara Counter 19,Kirana Store,Medium,Market Street,Yes,Medium,Yes,Amul Tru Litchi 200ml,Beverages,Fruit Drinks,Yes,No,Medium,Yes,Low,No,No,0,0,0.0,Yes,Purabi / Sting / Coke,Existing inventory unsold,Stock Already Available,Yes,High,Stock Already Available,Visited Silcoorie-Irongmara transit route. Evaluated cold chain availability. Retailers without refrigerators accepted ambient beverages and tinned pa
2026-06-04,Thursday,23,June,Shaan Enterprise,Biswajit Bormon,Saurav Sinha,Silcoorie-Irongmara,Silchar Urban,OUT_8_019,Silcoorie-Irongmara Counter 19,Kirana Store,Medium,Market Street,Yes,Medium,Yes,Amul Lassi 200ml,Beverages,Fermented Dairy,Yes,No,Medium,Yes,Low,No,No,0,0,0.0,Yes,Purabi / Sting / Coke,Existing inventory unsold,Stock Already Available,Yes,High,Stock Already Available,Visited Silcoorie-Irongmara transit route. Evaluated cold chain availability. Retailers without refrigerators accepted ambient beverages and tinned pa
2026-06-04,Thursday,23,June,Shaan Enterprise,Biswajit Bormon,Saurav Sinha,Silcoorie-Irongmara,Silchar Urban,OUT_8_019,Silcoorie-Irongmara Counter 19,Kirana Store,Medium,Market Street,Yes,Medium,Yes,Amul Kool Cafe 200ml (Can),Beverages,Flavoured Milk,Yes,No,Medium,Yes,Low,No,No,0,0,0.0,Yes,Purabi / Sting / Coke,Existing inventory unsold,Stock Already Available,Yes,High,Stock Already Available,Visited Silcoorie-Irongmara transit route. Evaluated cold chain availability. Retailers without refrigerators accepted ambient beverages and tinned pa
2026-06-04,Thursday,23,June,Shaan Enterprise,Biswajit Bormon,Saurav Sinha,Silcoorie-Irongmara,Silchar Urban,OUT_8_020,Silcoorie-Irongmara Counter 20,General Store,Medium,Market Street,Yes,Medium,Yes,Amul Tru Litchi 200ml,Beverages,Fruit Drinks,Yes,No,Medium,Yes,Low,No,No,0,0,0.0,Yes,Purabi / Sting / Coke,Existing inventory unsold,Stock Already Available,Yes,High,Stock Already Available,Visited Silcoorie-Irongmara transit route. Evaluated cold chain availability. Retailers without refrigerators accepted ambient beverages and tinned pa
2026-06-04,Thursday,23,June,Shaan Enterprise,Biswajit Bormon,Saurav Sinha,Silcoorie-Irongmara,Silchar Urban,OUT_8_020,Silcoorie-Irongmara Counter 20,General Store,Medium,Market Street,Yes,Medium,Yes,Amul Lassi 200ml,Beverages,Fermented Dairy,Yes,No,Medium,Yes,Low,No,No,0,0,0.0,Yes,Purabi / Sting / Coke,Existing inventory unsold,Stock Already Available,Yes,High,Stock Already Available,Visited Silcoorie-Irongmara transit route. Evaluated cold chain availability. Retailers without refrigerators accepted ambient beverages and tinned pa
2026-06-04,Thursday,23,June,Shaan Enterprise,Biswajit Bormon,Saurav Sinha,Silcoorie-Irongmara,Silchar Urban,OUT_8_020,Silcoorie-Irongmara Counter 20,General Store,Medium,Market Street,Yes,Medium,Yes,Amul Kool Cafe 200ml (Can),Beverages,Flavoured Milk,Yes,No,Medium,Yes,Low,No,No,0,0,0.0,Yes,Purabi / Sting / Coke,Existing inventory unsold,Stock Already Available,Yes,High,Stock Already Available,Visited Silcoorie-Irongmara transit route. Evaluated cold chain availability. Retailers without refrigerators accepted ambient beverages and tinned pa
2026-06-04,Thursday,23,June,Shaan Enterprise,Biswajit Bormon,Saurav Sinha,Silcoorie-Irongmara,Silchar Urban,OUT_8_021,Silcoorie-Irongmara Counter 21,Kirana Store,Medium,Market Street,No,Medium,Yes,Amul Tru Litchi 200ml,Beverages,Fruit Drinks,Yes,No,Medium,Yes,Low,No,No,0,0,0.0,Yes,Purabi / Sting / Coke,Existing inventory unsold,Stock Already Available,Yes,High,Stock Already Available,Visited Silcoorie-Irongmara transit route. Evaluated cold chain availability. Retailers without refrigerators accepted ambient beverages and tinned pa
2026-06-04,Thursday,23,June,Shaan Enterprise,Biswajit Bormon,Saurav Sinha,Silcoorie-Irongmara,Silchar Urban,OUT_8_021,Silcoorie-Irongmara Counter 21,Kirana Store,Medium,Market Street,No,Medium,Yes,Amul Lassi 200ml,Beverages,Fermented Dairy,Yes,No,Medium,Yes,Low,No,No,0,0,0.0,Yes,Purabi / Sting / Coke,Existing inventory unsold,Stock Already Available,Yes,High,Stock Already Available,Visited Silcoorie-Irongmara transit route. Evaluated cold chain availability. Retailers without refrigerators accepted ambient beverages and tinned pa
2026-06-04,Thursday,23,June,Shaan Enterprise,Biswajit Bormon,Saurav Sinha,Silcoorie-Irongmara,Silchar Urban,OUT_8_021,Silcoorie-Irongmara Counter 21,Kirana Store,Medium,Market Street,No,Medium,Yes,Amul Kool Cafe 200ml (Can),Beverages,Flavoured Milk,Yes,No,Medium,Yes,Low,No,No,0,0,0.0,Yes,Purabi / Sting / Coke,Existing inventory unsold,Stock Already Available,Yes,High,Stock Already Available,Visited Silcoorie-Irongmara transit route. Evaluated cold chain availability. Retailers without refrigerators accepted ambient beverages and tinned pa
2026-06-04,Thursday,23,June,Shaan Enterprise,Biswajit Bormon,Saurav Sinha,Silcoorie-Irongmara,Silchar Urban,OUT_8_022,Silcoorie-Irongmara Counter 22,General Store,Medium,Market Street,Yes,Medium,Yes,Amul Tru Litchi 200ml,Beverages,Fruit Drinks,Yes,No,Medium,Yes,Low,No,No,0,0,0.0,Yes,Purabi / Sting / Coke,Existing inventory unsold,Stock Already Available,Yes,High,Stock Already Available,Visited Silcoorie-Irongmara transit route. Evaluated cold chain availability. Retailers without refrigerators accepted ambient beverages and tinned pa
2026-06-04,Thursday,23,June,Shaan Enterprise,Biswajit Bormon,Saurav Sinha,Silcoorie-Irongmara,Silchar Urban,OUT_8_022,Silcoorie-Irongmara Counter 22,General Store,Medium,Market Street,Yes,Medium,Yes,Amul Lassi 200ml,Beverages,Fermented Dairy,Yes,No,Medium,Yes,Low,No,No,0,0,0.0,Yes,Purabi / Sting / Coke,Existing inventory unsold,Stock Already Available,Yes,High,Stock Already Available,Visited Silcoorie-Irongmara transit route. Evaluated cold chain availability. Retailers without refrigerators accepted ambient beverages and tinned pa
2026-06-04,Thursday,23,June,Shaan Enterprise,Biswajit Bormon,Saurav Sinha,Silcoorie-Irongmara,Silchar Urban,OUT_8_022,Silcoorie-Irongmara Counter 22,General Store,Medium,Market Street,Yes,Medium,Yes,Amul Kool Cafe 200ml (Can),Beverages,Flavoured Milk,Yes,No,Medium,Yes,Low,No,No,0,0,0.0,Yes,Purabi / Sting / Coke,Existing inventory unsold,Stock Already Available,Yes,High,Stock Already Available,Visited Silcoorie-Irongmara transit route. Evaluated cold chain availability. Retailers without refrigerators accepted ambient beverages and tinned pa
2026-06-04,Thursday,23,June,Shaan Enterprise,Biswajit Bormon,Saurav Sinha,Silcoorie-Irongmara,Silchar Urban,OUT_8_023,Silcoorie-Irongmara Counter 23,Kirana Store,Medium,Market Street,Yes,Medium,Yes,Amul Tru Litchi 200ml,Beverages,Fruit Drinks,Yes,No,Medium,Yes,Low,No,No,0,0,0.0,Yes,Purabi / Sting / Coke,Existing inventory unsold,Stock Already Available,Yes,High,Stock Already Available,Visited Silcoorie-Irongmara transit route. Evaluated cold chain availability. Retailers without refrigerators accepted ambient beverages and tinned pa
2026-06-04,Thursday,23,June,Shaan Enterprise,Biswajit Bormon,Saurav Sinha,Silcoorie-Irongmara,Silchar Urban,OUT_8_023,Silcoorie-Irongmara Counter 23,Kirana Store,Medium,Market Street,Yes,Medium,Yes,Amul Lassi 200ml,Beverages,Fermented Dairy,Yes,No,Medium,Yes,Low,No,No,0,0,0.0,Yes,Purabi / Sting / Coke,Existing inventory unsold,Stock Already Available,Yes,High,Stock Already Available,Visited Silcoorie-Irongmara transit route. Evaluated cold chain availability. Retailers without refrigerators accepted ambient beverages and tinned pa
2026-06-04,Thursday,23,June,Shaan Enterprise,Biswajit Bormon,Saurav Sinha,Silcoorie-Irongmara,Silchar Urban,OUT_8_023,Silcoorie-Irongmara Counter 23,Kirana Store,Medium,Market Street,Yes,Medium,Yes,Amul Kool Cafe 200ml (Can),Beverages,Flavoured Milk,Yes,No,Medium,Yes,Low,No,No,0,0,0.0,Yes,Purabi / Sting / Coke,Existing inventory unsold,Stock Already Available,Yes,High,Stock Already Available,Visited Silcoorie-Irongmara transit route. Evaluated cold chain availability. Retailers without refrigerators accepted ambient beverages and tinned pa
2026-06-04,Thursday,23,June,Shaan Enterprise,Biswajit Bormon,Saurav Sinha,Silcoorie-Irongmara,Silchar Urban,OUT_8_024,Silcoorie-Irongmara Counter 24,General Store,Medium,Market Street,Yes,Medium,Yes,Amul Tru Litchi 200ml,Beverages,Fruit Drinks,Yes,No,Medium,Yes,Low,No,No,0,0,0.0,Yes,Purabi / Sting / Coke,Existing inventory unsold,Stock Already Available,Yes,High,Stock Already Available,Visited Silcoorie-Irongmara transit route. Evaluated cold chain availability. Retailers without refrigerators accepted ambient beverages and tinned pa
2026-06-04,Thursday,23,June,Shaan Enterprise,Biswajit Bormon,Saurav Sinha,Silcoorie-Irongmara,Silchar Urban,OUT_8_024,Silcoorie-Irongmara Counter 24,General Store,Medium,Market Street,Yes,Medium,Yes,Amul Lassi 200ml,Beverages,Fermented Dairy,Yes,No,Medium,Yes,Low,No,No,0,0,0.0,Yes,Purabi / Sting / Coke,Existing inventory unsold,Stock Already Available,Yes,High,Stock Already Available,Visited Silcoorie-Irongmara transit route. Evaluated cold chain availability. Retailers without refrigerators accepted ambient beverages and tinned pa
2026-06-04,Thursday,23,June,Shaan Enterprise,Biswajit Bormon,Saurav Sinha,Silcoorie-Irongmara,Silchar Urban,OUT_8_024,Silcoorie-Irongmara Counter 24,General Store,Medium,Market Street,Yes,Medium,Yes,Amul Kool Cafe 200ml (Can),Beverages,Flavoured Milk,Yes,No,Medium,Yes,Low,No,No,0,0,0.0,Yes,Purabi / Sting / Coke,Existing inventory unsold,Stock Already Available,Yes,High,Stock Already Available,Visited Silcoorie-Irongmara transit route. Evaluated cold chain availability. Retailers without refrigerators accepted ambient beverages and tinned pa
2026-06-04,Thursday,23,June,Shaan Enterprise,Biswajit Bormon,Saurav Sinha,Silcoorie-Irongmara,Silchar Urban,OUT_8_025,Silcoorie-Irongmara Counter 25,Kirana Store,Medium,Market Street,No,Medium,Yes,Amul Tru Litchi 200ml,Beverages,Fruit Drinks,Yes,No,Medium,Yes,Low,No,No,0,0,0.0,Yes,Purabi / Sting / Coke,Existing inventory unsold,Stock Already Available,Yes,High,Stock Already Available,Visited Silcoorie-Irongmara transit route. Evaluated cold chain availability. Retailers without refrigerators accepted ambient beverages and tinned pa
2026-06-04,Thursday,23,June,Shaan Enterprise,Biswajit Bormon,Saurav Sinha,Silcoorie-Irongmara,Silchar Urban,OUT_8_025,Silcoorie-Irongmara Counter 25,Kirana Store,Medium,Market Street,No,Medium,Yes,Amul Lassi 200ml,Beverages,Fermented Dairy,Yes,No,Medium,Yes,Low,No,No,0,0,0.0,Yes,Purabi / Sting / Coke,Existing inventory unsold,Stock Already Available,Yes,High,Stock Already Available,Visited Silcoorie-Irongmara transit route. Evaluated cold chain availability. Retailers without refrigerators accepted ambient beverages and tinned pa
2026-06-04,Thursday,23,June,Shaan Enterprise,Biswajit Bormon,Saurav Sinha,Silcoorie-Irongmara,Silchar Urban,OUT_8_025,Silcoorie-Irongmara Counter 25,Kirana Store,Medium,Market Street,No,Medium,Yes,Amul Kool Cafe 200ml (Can),Beverages,Flavoured Milk,Yes,No,Medium,Yes,Low,No,No,0,0,0.0,Yes,Purabi / Sting / Coke,Existing inventory unsold,Stock Already Available,Yes,High,Stock Already Available,Visited Silcoorie-Irongmara transit route. Evaluated cold chain availability. Retailers without refrigerators accepted ambient beverages and tinned pa
2026-06-04,Thursday,23,June,Shaan Enterprise,Biswajit Bormon,Saurav Sinha,Silcoorie-Irongmara,Silchar Urban,OUT_8_026,Silcoorie-Irongmara Counter 26,General Store,Medium,Market Street,Yes,Medium,Yes,Amul Tru Litchi 200ml,Beverages,Fruit Drinks,Yes,No,Medium,Yes,Low,No,No,0,0,0.0,Yes,Purabi / Sting / Coke,Existing inventory unsold,Stock Already Available,Yes,High,Stock Already Available,Visited Silcoorie-Irongmara transit route. Evaluated cold chain availability. Retailers without refrigerators accepted ambient beverages and tinned pa
2026-06-04,Thursday,23,June,Shaan Enterprise,Biswajit Bormon,Saurav Sinha,Silcoorie-Irongmara,Silchar Urban,OUT_8_026,Silcoorie-Irongmara Counter 26,General Store,Medium,Market Street,Yes,Medium,Yes,Amul Lassi 200ml,Beverages,Fermented Dairy,Yes,No,Medium,Yes,Low,No,No,0,0,0.0,Yes,Purabi / Sting / Coke,Existing inventory unsold,Stock Already Available,Yes,High,Stock Already Available,Visited Silcoorie-Irongmara transit route. Evaluated cold chain availability. Retailers without refrigerators accepted ambient beverages and tinned pa
2026-06-04,Thursday,23,June,Shaan Enterprise,Biswajit Bormon,Saurav Sinha,Silcoorie-Irongmara,Silchar Urban,OUT_8_026,Silcoorie-Irongmara Counter 26,General Store,Medium,Market Street,Yes,Medium,Yes,Amul Kool Cafe 200ml (Can),Beverages,Flavoured Milk,Yes,No,Medium,Yes,Low,No,No,0,0,0.0,Yes,Purabi / Sting / Coke,Existing inventory unsold,Stock Already Available,Yes,High,Stock Already Available,Visited Silcoorie-Irongmara transit route. Evaluated cold chain availability. Retailers without refrigerators accepted ambient beverages and tinned pa
2026-06-04,Thursday,23,June,Shaan Enterprise,Biswajit Bormon,Saurav Sinha,Silcoorie-Irongmara,Silchar Urban,OUT_8_027,Silcoorie-Irongmara Counter 27,Kirana Store,Medium,Market Street,Yes,Medium,Yes,Amul Tru Litchi 200ml,Beverages,Fruit Drinks,Yes,No,Medium,Yes,Low,No,No,0,0,0.0,Yes,Purabi / Sting / Coke,Existing inventory unsold,Stock Already Available,Yes,High,Stock Already Available,Visited Silcoorie-Irongmara transit route. Evaluated cold chain availability. Retailers without refrigerators accepted ambient beverages and tinned pa
2026-06-04,Thursday,23,June,Shaan Enterprise,Biswajit Bormon,Saurav Sinha,Silcoorie-Irongmara,Silchar Urban,OUT_8_027,Silcoorie-Irongmara Counter 27,Kirana Store,Medium,Market Street,Yes,Medium,Yes,Amul Lassi 200ml,Beverages,Fermented Dairy,Yes,No,Medium,Yes,Low,No,No,0,0,0.0,Yes,Purabi / Sting / Coke,Existing inventory unsold,Stock Already Available,Yes,High,Stock Already Available,Visited Silcoorie-Irongmara transit route. Evaluated cold chain availability. Retailers without refrigerators accepted ambient beverages and tinned pa
2026-06-04,Thursday,23,June,Shaan Enterprise,Biswajit Bormon,Saurav Sinha,Silcoorie-Irongmara,Silchar Urban,OUT_8_027,Silcoorie-Irongmara Counter 27,Kirana Store,Medium,Market Street,Yes,Medium,Yes,Amul Kool Cafe 200ml (Can),Beverages,Flavoured Milk,Yes,No,Medium,Yes,Low,No,No,0,0,0.0,Yes,Purabi / Sting / Coke,Existing inventory unsold,Stock Already Available,Yes,High,Stock Already Available,Visited Silcoorie-Irongmara transit route. Evaluated cold chain availability. Retailers without refrigerators accepted ambient beverages and tinned pa
2026-06-04,Thursday,23,June,Shaan Enterprise,Biswajit Bormon,Saurav Sinha,Silcoorie-Irongmara,Silchar Urban,OUT_8_028,Silcoorie-Irongmara Counter 28,General Store,Medium,Market Street,Yes,Medium,Yes,Amul Tru Litchi 200ml,Beverages,Fruit Drinks,Yes,No,Medium,Yes,Low,No,No,0,0,0.0,Yes,Purabi / Sting / Coke,Existing inventory unsold,Stock Already Available,Yes,High,Stock Already Available,Visited Silcoorie-Irongmara transit route. Evaluated cold chain availability. Retailers without refrigerators accepted ambient beverages and tinned pa
2026-06-04,Thursday,23,June,Shaan Enterprise,Biswajit Bormon,Saurav Sinha,Silcoorie-Irongmara,Silchar Urban,OUT_8_028,Silcoorie-Irongmara Counter 28,General Store,Medium,Market Street,Yes,Medium,Yes,Amul Lassi 200ml,Beverages,Fermented Dairy,Yes,No,Medium,Yes,Low,No,No,0,0,0.0,Yes,Purabi / Sting / Coke,Existing inventory unsold,Stock Already Available,Yes,High,Stock Already Available,Visited Silcoorie-Irongmara transit route. Evaluated cold chain availability. Retailers without refrigerators accepted ambient beverages and tinned pa
2026-06-04,Thursday,23,June,Shaan Enterprise,Biswajit Bormon,Saurav Sinha,Silcoorie-Irongmara,Silchar Urban,OUT_8_028,Silcoorie-Irongmara Counter 28,General Store,Medium,Market Street,Yes,Medium,Yes,Amul Kool Cafe 200ml (Can),Beverages,Flavoured Milk,Yes,No,Medium,Yes,Low,No,No,0,0,0.0,Yes,Purabi / Sting / Coke,Existing inventory unsold,Stock Already Available,Yes,High,Stock Already Available,Visited Silcoorie-Irongmara transit route. Evaluated cold chain availability. Retailers without refrigerators accepted ambient beverages and tinned pa
2026-06-04,Thursday,23,June,Shaan Enterprise,Biswajit Bormon,Saurav Sinha,Silcoorie-Irongmara,Silchar Urban,OUT_8_029,Silcoorie-Irongmara Counter 29,Kirana Store,Medium,Market Street,No,Medium,Yes,Amul Tru Litchi 200ml,Beverages,Fruit Drinks,Yes,No,Medium,Yes,Low,No,No,0,0,0.0,Yes,Purabi / Sting / Coke,Existing inventory unsold,Stock Already Available,Yes,High,Stock Already Available,Visited Silcoorie-Irongmara transit route. Evaluated cold chain availability. Retailers without refrigerators accepted ambient beverages and tinned pa
2026-06-04,Thursday,23,June,Shaan Enterprise,Biswajit Bormon,Saurav Sinha,Silcoorie-Irongmara,Silchar Urban,OUT_8_029,Silcoorie-Irongmara Counter 29,Kirana Store,Medium,Market Street,No,Medium,Yes,Amul Lassi 200ml,Beverages,Fermented Dairy,Yes,No,Medium,Yes,Low,No,No,0,0,0.0,Yes,Purabi / Sting / Coke,Existing inventory unsold,Stock Already Available,Yes,High,Stock Already Available,Visited Silcoorie-Irongmara transit route. Evaluated cold chain availability. Retailers without refrigerators accepted ambient beverages and tinned pa
2026-06-04,Thursday,23,June,Shaan Enterprise,Biswajit Bormon,Saurav Sinha,Silcoorie-Irongmara,Silchar Urban,OUT_8_029,Silcoorie-Irongmara Counter 29,Kirana Store,Medium,Market Street,No,Medium,Yes,Amul Kool Cafe 200ml (Can),Beverages,Flavoured Milk,Yes,No,Medium,Yes,Low,No,No,0,0,0.0,Yes,Purabi / Sting / Coke,Existing inventory unsold,Stock Already Available,Yes,High,Stock Already Available,Visited Silcoorie-Irongmara transit route. Evaluated cold chain availability. Retailers without refrigerators accepted ambient beverages and tinned pa
2026-06-04,Thursday,23,June,Shaan Enterprise,Biswajit Bormon,Saurav Sinha,Silcoorie-Irongmara,Silchar Urban,OUT_8_030,Silcoorie-Irongmara Counter 30,General Store,Medium,Market Street,Yes,Medium,Yes,Amul Tru Litchi 200ml,Beverages,Fruit Drinks,Yes,No,Medium,Yes,Low,No,No,0,0,0.0,Yes,Purabi / Sting / Coke,Existing inventory unsold,Stock Already Available,Yes,High,Stock Already Available,Visited Silcoorie-Irongmara transit route. Evaluated cold chain availability. Retailers without refrigerators accepted ambient beverages and tinned pa
2026-06-04,Thursday,23,June,Shaan Enterprise,Biswajit Bormon,Saurav Sinha,Silcoorie-Irongmara,Silchar Urban,OUT_8_030,Silcoorie-Irongmara Counter 30,General Store,Medium,Market Street,Yes,Medium,Yes,Amul Lassi 200ml,Beverages,Fermented Dairy,Yes,No,Medium,Yes,Low,No,No,0,0,0.0,Yes,Purabi / Sting / Coke,Existing inventory unsold,Stock Already Available,Yes,High,Stock Already Available,Visited Silcoorie-Irongmara transit route. Evaluated cold chain availability. Retailers without refrigerators accepted ambient beverages and tinned pa
2026-06-04,Thursday,23,June,Shaan Enterprise,Biswajit Bormon,Saurav Sinha,Silcoorie-Irongmara,Silchar Urban,OUT_8_030,Silcoorie-Irongmara Counter 30,General Store,Medium,Market Street,Yes,Medium,Yes,Amul Kool Cafe 200ml (Can),Beverages,Flavoured Milk,Yes,No,Medium,Yes,Low,No,No,0,0,0.0,Yes,Purabi / Sting / Coke,Existing inventory unsold,Stock Already Available,Yes,High,Stock Already Available,Visited Silcoorie-Irongmara transit route. Evaluated cold chain availability. Retailers without refrigerators accepted ambient beverages and tinned pa
2026-06-08,Monday,24,June,Shaan Enterprise,Biswajit Bormon,Saurav Sinha,Ghungoor,Silchar Urban,OUT_9_001,Ghungoor Counter 1,Kirana Store,Medium,Market Street,No,Medium,Yes,Amul Lassi 200ml,Beverages,Fermented Dairy,Yes,No,Medium,Yes,High,Yes,Yes,24,24,312.96,Yes,Purabi / Sting / Coke,,None,No,Low,None,Re-covered Ghungoor route. Strong recurring order placement for Amul Aata and Paneer; retailers requested promotional POS display posters.
2026-06-08,Monday,24,June,Shaan Enterprise,Biswajit Bormon,Saurav Sinha,Ghungoor,Silchar Urban,OUT_9_001,Ghungoor Counter 1,Kirana Store,Medium,Market Street,No,Medium,Yes,Amul Kool Cafe 200ml (Can),Beverages,Flavoured Milk,Yes,No,Medium,Yes,High,Yes,Yes,24,24,817.2,Yes,Purabi / Sting / Coke,,None,No,Low,None,Re-covered Ghungoor route. Strong recurring order placement for Amul Aata and Paneer; retailers requested promotional POS display posters.
2026-06-08,Monday,24,June,Shaan Enterprise,Biswajit Bormon,Saurav Sinha,Ghungoor,Silchar Urban,OUT_9_001,Ghungoor Counter 1,Kirana Store,Medium,Market Street,No,Medium,Yes,Amul Tinned Paneer 425g,Dairy,Paneer,Yes,No,Medium,Yes,Low,No,No,0,0,0.0,Yes,Purabi / Sting / Coke,Existing inventory unsold,Stock Already Available,Yes,High,Stock Already Available,Re-covered Ghungoor route. Strong recurring order placement for Amul Aata and Paneer; retailers requested promotional POS display posters.
2026-06-08,Monday,24,June,Shaan Enterprise,Biswajit Bormon,Saurav Sinha,Ghungoor,Silchar Urban,OUT_9_002,Ghungoor Counter 2,General Store,Medium,Market Street,Yes,Medium,Yes,Amul Lassi 200ml,Beverages,Fermented Dairy,Yes,No,Medium,Yes,High,Yes,Yes,24,24,312.96,Yes,Purabi / Sting / Coke,,None,No,Low,None,Re-covered Ghungoor route. Strong recurring order placement for Amul Aata and Paneer; retailers requested promotional POS display posters.
2026-06-08,Monday,24,June,Shaan Enterprise,Biswajit Bormon,Saurav Sinha,Ghungoor,Silchar Urban,OUT_9_002,Ghungoor Counter 2,General Store,Medium,Market Street,Yes,Medium,Yes,Amul Kool Cafe 200ml (Can),Beverages,Flavoured Milk,Yes,No,Medium,Yes,Low,No,No,0,0,0.0,Yes,Purabi / Sting / Coke,Existing inventory unsold,Stock Already Available,Yes,High,Stock Already Available,Re-covered Ghungoor route. Strong recurring order placement for Amul Aata and Paneer; retailers requested promotional POS display posters.
2026-06-08,Monday,24,June,Shaan Enterprise,Biswajit Bormon,Saurav Sinha,Ghungoor,Silchar Urban,OUT_9_002,Ghungoor Counter 2,General Store,Medium,Market Street,Yes,Medium,Yes,Amul Tinned Paneer 425g,Dairy,Paneer,Yes,No,Medium,Yes,Low,No,No,0,0,0.0,Yes,Purabi / Sting / Coke,Existing inventory unsold,Stock Already Available,Yes,High,Stock Already Available,Re-covered Ghungoor route. Strong recurring order placement for Amul Aata and Paneer; retailers requested promotional POS display posters.
2026-06-08,Monday,24,June,Shaan Enterprise,Biswajit Bormon,Saurav Sinha,Ghungoor,Silchar Urban,OUT_9_003,Ghungoor Counter 3,Kirana Store,Medium,Market Street,Yes,Medium,Yes,Amul Lassi 200ml,Beverages,Fermented Dairy,Yes,No,Medium,Yes,High,Yes,Yes,24,24,312.96,Yes,Purabi / Sting / Coke,,None,No,Low,None,Re-covered Ghungoor route. Strong recurring order placement for Amul Aata and Paneer; retailers requested promotional POS display posters.
2026-06-08,Monday,24,June,Shaan Enterprise,Biswajit Bormon,Saurav Sinha,Ghungoor,Silchar Urban,OUT_9_003,Ghungoor Counter 3,Kirana Store,Medium,Market Street,Yes,Medium,Yes,Amul Kool Cafe 200ml (Can),Beverages,Flavoured Milk,Yes,No,Medium,Yes,High,Yes,Yes,24,24,817.2,Yes,Purabi / Sting / Coke,,None,No,Low,None,Re-covered Ghungoor route. Strong recurring order placement for Amul Aata and Paneer; retailers requested promotional POS display posters.
2026-06-08,Monday,24,June,Shaan Enterprise,Biswajit Bormon,Saurav Sinha,Ghungoor,Silchar Urban,OUT_9_003,Ghungoor Counter 3,Kirana Store,Medium,Market Street,Yes,Medium,Yes,Amul Tinned Paneer 425g,Dairy,Paneer,Yes,No,Medium,Yes,Low,No,No,0,0,0.0,Yes,Purabi / Sting / Coke,Existing inventory unsold,Stock Already Available,Yes,High,Stock Already Available,Re-covered Ghungoor route. Strong recurring order placement for Amul Aata and Paneer; retailers requested promotional POS display posters.
2026-06-08,Monday,24,June,Shaan Enterprise,Biswajit Bormon,Saurav Sinha,Ghungoor,Silchar Urban,OUT_9_004,Ghungoor Counter 4,General Store,Medium,Market Street,Yes,Medium,Yes,Amul Lassi 200ml,Beverages,Fermented Dairy,Yes,No,Medium,Yes,High,Yes,Yes,24,24,312.96,Yes,Purabi / Sting / Coke,,None,No,Low,None,Re-covered Ghungoor route. Strong recurring order placement for Amul Aata and Paneer; retailers requested promotional POS display posters.
2026-06-08,Monday,24,June,Shaan Enterprise,Biswajit Bormon,Saurav Sinha,Ghungoor,Silchar Urban,OUT_9_004,Ghungoor Counter 4,General Store,Medium,Market Street,Yes,Medium,Yes,Amul Kool Cafe 200ml (Can),Beverages,Flavoured Milk,Yes,No,Medium,Yes,Low,No,No,0,0,0.0,Yes,Purabi / Sting / Coke,Existing inventory unsold,Stock Already Available,Yes,High,Stock Already Available,Re-covered Ghungoor route. Strong recurring order placement for Amul Aata and Paneer; retailers requested promotional POS display posters.
2026-06-08,Monday,24,June,Shaan Enterprise,Biswajit Bormon,Saurav Sinha,Ghungoor,Silchar Urban,OUT_9_004,Ghungoor Counter 4,General Store,Medium,Market Street,Yes,Medium,Yes,Amul Tinned Paneer 425g,Dairy,Paneer,Yes,No,Medium,Yes,Low,No,No,0,0,0.0,Yes,Purabi / Sting / Coke,Existing inventory unsold,Stock Already Available,Yes,High,Stock Already Available,Re-covered Ghungoor route. Strong recurring order placement for Amul Aata and Paneer; retailers requested promotional POS display posters.
2026-06-08,Monday,24,June,Shaan Enterprise,Biswajit Bormon,Saurav Sinha,Ghungoor,Silchar Urban,OUT_9_005,Ghungoor Counter 5,Kirana Store,Medium,Market Street,No,Medium,Yes,Amul Lassi 200ml,Beverages,Fermented Dairy,Yes,No,Medium,Yes,High,Yes,Yes,24,24,312.96,Yes,Purabi / Sting / Coke,,None,No,Low,None,Re-covered Ghungoor route. Strong recurring order placement for Amul Aata and Paneer; retailers requested promotional POS display posters.
2026-06-08,Monday,24,June,Shaan Enterprise,Biswajit Bormon,Saurav Sinha,Ghungoor,Silchar Urban,OUT_9_005,Ghungoor Counter 5,Kirana Store,Medium,Market Street,No,Medium,Yes,Amul Kool Cafe 200ml (Can),Beverages,Flavoured Milk,Yes,No,Medium,Yes,High,Yes,Yes,24,24,817.2,Yes,Purabi / Sting / Coke,,None,No,Low,None,Re-covered Ghungoor route. Strong recurring order placement for Amul Aata and Paneer; retailers requested promotional POS display posters.
2026-06-08,Monday,24,June,Shaan Enterprise,Biswajit Bormon,Saurav Sinha,Ghungoor,Silchar Urban,OUT_9_005,Ghungoor Counter 5,Kirana Store,Medium,Market Street,No,Medium,Yes,Amul Tinned Paneer 425g,Dairy,Paneer,Yes,No,Medium,Yes,Low,No,No,0,0,0.0,Yes,Purabi / Sting / Coke,Existing inventory unsold,Stock Already Available,Yes,High,Stock Already Available,Re-covered Ghungoor route. Strong recurring order placement for Amul Aata and Paneer; retailers requested promotional POS display posters.
2026-06-08,Monday,24,June,Shaan Enterprise,Biswajit Bormon,Saurav Sinha,Ghungoor,Silchar Urban,OUT_9_006,Ghungoor Counter 6,General Store,Medium,Market Street,Yes,Medium,Yes,Amul Lassi 200ml,Beverages,Fermented Dairy,Yes,No,Medium,Yes,High,Yes,Yes,24,24,312.96,Yes,Purabi / Sting / Coke,,None,No,Low,None,Re-covered Ghungoor route. Strong recurring order placement for Amul Aata and Paneer; retailers requested promotional POS display posters.
2026-06-08,Monday,24,June,Shaan Enterprise,Biswajit Bormon,Saurav Sinha,Ghungoor,Silchar Urban,OUT_9_006,Ghungoor Counter 6,General Store,Medium,Market Street,Yes,Medium,Yes,Amul Kool Cafe 200ml (Can),Beverages,Flavoured Milk,Yes,No,Medium,Yes,Low,No,No,0,0,0.0,Yes,Purabi / Sting / Coke,Existing inventory unsold,Stock Already Available,Yes,High,Stock Already Available,Re-covered Ghungoor route. Strong recurring order placement for Amul Aata and Paneer; retailers requested promotional POS display posters.
2026-06-08,Monday,24,June,Shaan Enterprise,Biswajit Bormon,Saurav Sinha,Ghungoor,Silchar Urban,OUT_9_006,Ghungoor Counter 6,General Store,Medium,Market Street,Yes,Medium,Yes,Amul Tinned Paneer 425g,Dairy,Paneer,Yes,No,Medium,Yes,Low,No,No,0,0,0.0,Yes,Purabi / Sting / Coke,Existing inventory unsold,Stock Already Available,Yes,High,Stock Already Available,Re-covered Ghungoor route. Strong recurring order placement for Amul Aata and Paneer; retailers requested promotional POS display posters.
2026-06-08,Monday,24,June,Shaan Enterprise,Biswajit Bormon,Saurav Sinha,Ghungoor,Silchar Urban,OUT_9_007,Ghungoor Counter 7,Kirana Store,Medium,Market Street,Yes,Medium,Yes,Amul Lassi 200ml,Beverages,Fermented Dairy,Yes,No,Medium,Yes,High,Yes,Yes,24,24,312.96,Yes,Purabi / Sting / Coke,,None,No,Low,None,Re-covered Ghungoor route. Strong recurring order placement for Amul Aata and Paneer; retailers requested promotional POS display posters.
2026-06-08,Monday,24,June,Shaan Enterprise,Biswajit Bormon,Saurav Sinha,Ghungoor,Silchar Urban,OUT_9_007,Ghungoor Counter 7,Kirana Store,Medium,Market Street,Yes,Medium,Yes,Amul Kool Cafe 200ml (Can),Beverages,Flavoured Milk,Yes,No,Medium,Yes,High,Yes,Yes,24,24,817.2,Yes,Purabi / Sting / Coke,,None,No,Low,None,Re-covered Ghungoor route. Strong recurring order placement for Amul Aata and Paneer; retailers requested promotional POS display posters.
2026-06-08,Monday,24,June,Shaan Enterprise,Biswajit Bormon,Saurav Sinha,Ghungoor,Silchar Urban,OUT_9_007,Ghungoor Counter 7,Kirana Store,Medium,Market Street,Yes,Medium,Yes,Amul Tinned Paneer 425g,Dairy,Paneer,Yes,No,Medium,Yes,Low,No,No,0,0,0.0,Yes,Purabi / Sting / Coke,Existing inventory unsold,Stock Already Available,Yes,High,Stock Already Available,Re-covered Ghungoor route. Strong recurring order placement for Amul Aata and Paneer; retailers requested promotional POS display posters.
2026-06-08,Monday,24,June,Shaan Enterprise,Biswajit Bormon,Saurav Sinha,Ghungoor,Silchar Urban,OUT_9_008,Ghungoor Counter 8,General Store,Medium,Market Street,Yes,Medium,Yes,Amul Lassi 200ml,Beverages,Fermented Dairy,Yes,No,Medium,Yes,High,Yes,Yes,24,24,312.96,Yes,Purabi / Sting / Coke,,None,No,Low,None,Re-covered Ghungoor route. Strong recurring order placement for Amul Aata and Paneer; retailers requested promotional POS display posters.
2026-06-08,Monday,24,June,Shaan Enterprise,Biswajit Bormon,Saurav Sinha,Ghungoor,Silchar Urban,OUT_9_008,Ghungoor Counter 8,General Store,Medium,Market Street,Yes,Medium,Yes,Amul Kool Cafe 200ml (Can),Beverages,Flavoured Milk,Yes,No,Medium,Yes,Low,No,No,0,0,0.0,Yes,Purabi / Sting / Coke,Existing inventory unsold,Stock Already Available,Yes,High,Stock Already Available,Re-covered Ghungoor route. Strong recurring order placement for Amul Aata and Paneer; retailers requested promotional POS display posters.
2026-06-08,Monday,24,June,Shaan Enterprise,Biswajit Bormon,Saurav Sinha,Ghungoor,Silchar Urban,OUT_9_008,Ghungoor Counter 8,General Store,Medium,Market Street,Yes,Medium,Yes,Amul Tinned Paneer 425g,Dairy,Paneer,Yes,No,Medium,Yes,Low,No,No,0,0,0.0,Yes,Purabi / Sting / Coke,Existing inventory unsold,Stock Already Available,Yes,High,Stock Already Available,Re-covered Ghungoor route. Strong recurring order placement for Amul Aata and Paneer; retailers requested promotional POS display posters.
2026-06-08,Monday,24,June,Shaan Enterprise,Biswajit Bormon,Saurav Sinha,Ghungoor,Silchar Urban,OUT_9_009,Ghungoor Counter 9,Kirana Store,Medium,Market Street,No,Medium,Yes,Amul Lassi 200ml,Beverages,Fermented Dairy,Yes,No,Medium,Yes,High,Yes,Yes,24,24,312.96,Yes,Purabi / Sting / Coke,,None,No,Low,None,Re-covered Ghungoor route. Strong recurring order placement for Amul Aata and Paneer; retailers requested promotional POS display posters.
2026-06-08,Monday,24,June,Shaan Enterprise,Biswajit Bormon,Saurav Sinha,Ghungoor,Silchar Urban,OUT_9_009,Ghungoor Counter 9,Kirana Store,Medium,Market Street,No,Medium,Yes,Amul Kool Cafe 200ml (Can),Beverages,Flavoured Milk,Yes,No,Medium,Yes,High,Yes,Yes,24,24,817.2,Yes,Purabi / Sting / Coke,,None,No,Low,None,Re-covered Ghungoor route. Strong recurring order placement for Amul Aata and Paneer; retailers requested promotional POS display posters.
2026-06-08,Monday,24,June,Shaan Enterprise,Biswajit Bormon,Saurav Sinha,Ghungoor,Silchar Urban,OUT_9_009,Ghungoor Counter 9,Kirana Store,Medium,Market Street,No,Medium,Yes,Amul Tinned Paneer 425g,Dairy,Paneer,Yes,No,Medium,Yes,Low,No,No,0,0,0.0,Yes,Purabi / Sting / Coke,Existing inventory unsold,Stock Already Available,Yes,High,Stock Already Available,Re-covered Ghungoor route. Strong recurring order placement for Amul Aata and Paneer; retailers requested promotional POS display posters.
2026-06-08,Monday,24,June,Shaan Enterprise,Biswajit Bormon,Saurav Sinha,Ghungoor,Silchar Urban,OUT_9_010,Ghungoor Counter 10,General Store,Medium,Market Street,Yes,Medium,Yes,Amul Lassi 200ml,Beverages,Fermented Dairy,Yes,No,Medium,Yes,High,Yes,Yes,24,24,312.96,Yes,Purabi / Sting / Coke,,None,No,Low,None,Re-covered Ghungoor route. Strong recurring order placement for Amul Aata and Paneer; retailers requested promotional POS display posters.
2026-06-08,Monday,24,June,Shaan Enterprise,Biswajit Bormon,Saurav Sinha,Ghungoor,Silchar Urban,OUT_9_010,Ghungoor Counter 10,General Store,Medium,Market Street,Yes,Medium,Yes,Amul Kool Cafe 200ml (Can),Beverages,Flavoured Milk,Yes,No,Medium,Yes,Low,No,No,0,0,0.0,Yes,Purabi / Sting / Coke,Existing inventory unsold,Stock Already Available,Yes,High,Stock Already Available,Re-covered Ghungoor route. Strong recurring order placement for Amul Aata and Paneer; retailers requested promotional POS display posters.
2026-06-08,Monday,24,June,Shaan Enterprise,Biswajit Bormon,Saurav Sinha,Ghungoor,Silchar Urban,OUT_9_010,Ghungoor Counter 10,General Store,Medium,Market Street,Yes,Medium,Yes,Amul Tinned Paneer 425g,Dairy,Paneer,Yes,No,Medium,Yes,Low,No,No,0,0,0.0,Yes,Purabi / Sting / Coke,Existing inventory unsold,Stock Already Available,Yes,High,Stock Already Available,Re-covered Ghungoor route. Strong recurring order placement for Amul Aata and Paneer; retailers requested promotional POS display posters.
2026-06-08,Monday,24,June,Shaan Enterprise,Biswajit Bormon,Saurav Sinha,Ghungoor,Silchar Urban,OUT_9_011,Ghungoor Counter 11,Kirana Store,Medium,Market Street,Yes,Medium,Yes,Amul Lassi 200ml,Beverages,Fermented Dairy,Yes,No,Medium,Yes,High,Yes,Yes,24,24,312.96,Yes,Purabi / Sting / Coke,,None,No,Low,None,Re-covered Ghungoor route. Strong recurring order placement for Amul Aata and Paneer; retailers requested promotional POS display posters.
2026-06-08,Monday,24,June,Shaan Enterprise,Biswajit Bormon,Saurav Sinha,Ghungoor,Silchar Urban,OUT_9_011,Ghungoor Counter 11,Kirana Store,Medium,Market Street,Yes,Medium,Yes,Amul Kool Cafe 200ml (Can),Beverages,Flavoured Milk,Yes,No,Medium,Yes,High,Yes,Yes,24,24,817.2,Yes,Purabi / Sting / Coke,,None,No,Low,None,Re-covered Ghungoor route. Strong recurring order placement for Amul Aata and Paneer; retailers requested promotional POS display posters.
2026-06-08,Monday,24,June,Shaan Enterprise,Biswajit Bormon,Saurav Sinha,Ghungoor,Silchar Urban,OUT_9_011,Ghungoor Counter 11,Kirana Store,Medium,Market Street,Yes,Medium,Yes,Amul Tinned Paneer 425g,Dairy,Paneer,Yes,No,Medium,Yes,Low,No,No,0,0,0.0,Yes,Purabi / Sting / Coke,Existing inventory unsold,Stock Already Available,Yes,High,Stock Already Available,Re-covered Ghungoor route. Strong recurring order placement for Amul Aata and Paneer; retailers requested promotional POS display posters.
2026-06-08,Monday,24,June,Shaan Enterprise,Biswajit Bormon,Saurav Sinha,Ghungoor,Silchar Urban,OUT_9_012,Ghungoor Counter 12,General Store,Medium,Market Street,Yes,Medium,Yes,Amul Lassi 200ml,Beverages,Fermented Dairy,Yes,No,Medium,Yes,High,Yes,Yes,24,24,312.96,Yes,Purabi / Sting / Coke,,None,No,Low,None,Re-covered Ghungoor route. Strong recurring order placement for Amul Aata and Paneer; retailers requested promotional POS display posters.
2026-06-08,Monday,24,June,Shaan Enterprise,Biswajit Bormon,Saurav Sinha,Ghungoor,Silchar Urban,OUT_9_012,Ghungoor Counter 12,General Store,Medium,Market Street,Yes,Medium,Yes,Amul Kool Cafe 200ml (Can),Beverages,Flavoured Milk,Yes,No,Medium,Yes,Low,No,No,0,0,0.0,Yes,Purabi / Sting / Coke,Existing inventory unsold,Stock Already Available,Yes,High,Stock Already Available,Re-covered Ghungoor route. Strong recurring order placement for Amul Aata and Paneer; retailers requested promotional POS display posters.
2026-06-08,Monday,24,June,Shaan Enterprise,Biswajit Bormon,Saurav Sinha,Ghungoor,Silchar Urban,OUT_9_012,Ghungoor Counter 12,General Store,Medium,Market Street,Yes,Medium,Yes,Amul Tinned Paneer 425g,Dairy,Paneer,Yes,No,Medium,Yes,Low,No,No,0,0,0.0,Yes,Purabi / Sting / Coke,Existing inventory unsold,Stock Already Available,Yes,High,Stock Already Available,Re-covered Ghungoor route. Strong recurring order placement for Amul Aata and Paneer; retailers requested promotional POS display posters.
2026-06-08,Monday,24,June,Shaan Enterprise,Biswajit Bormon,Saurav Sinha,Ghungoor,Silchar Urban,OUT_9_013,Ghungoor Counter 13,Kirana Store,Medium,Market Street,No,Medium,Yes,Amul Lassi 200ml,Beverages,Fermented Dairy,Yes,No,Medium,Yes,Low,No,No,0,0,0.0,Yes,Purabi / Sting / Coke,Existing inventory unsold,Stock Already Available,Yes,High,Stock Already Available,Re-covered Ghungoor route. Strong recurring order placement for Amul Aata and Paneer; retailers requested promotional POS display posters.
2026-06-08,Monday,24,June,Shaan Enterprise,Biswajit Bormon,Saurav Sinha,Ghungoor,Silchar Urban,OUT_9_013,Ghungoor Counter 13,Kirana Store,Medium,Market Street,No,Medium,Yes,Amul Kool Cafe 200ml (Can),Beverages,Flavoured Milk,Yes,No,Medium,Yes,Low,No,No,0,0,0.0,Yes,Purabi / Sting / Coke,Existing inventory unsold,Stock Already Available,Yes,High,Stock Already Available,Re-covered Ghungoor route. Strong recurring order placement for Amul Aata and Paneer; retailers requested promotional POS display posters.
2026-06-08,Monday,24,June,Shaan Enterprise,Biswajit Bormon,Saurav Sinha,Ghungoor,Silchar Urban,OUT_9_013,Ghungoor Counter 13,Kirana Store,Medium,Market Street,No,Medium,Yes,Amul Tinned Paneer 425g,Dairy,Paneer,Yes,No,Medium,Yes,Low,No,No,0,0,0.0,Yes,Purabi / Sting / Coke,Existing inventory unsold,Stock Already Available,Yes,High,Stock Already Available,Re-covered Ghungoor route. Strong recurring order placement for Amul Aata and Paneer; retailers requested promotional POS display posters.
2026-06-08,Monday,24,June,Shaan Enterprise,Biswajit Bormon,Saurav Sinha,Ghungoor,Silchar Urban,OUT_9_014,Ghungoor Counter 14,General Store,Medium,Market Street,Yes,Medium,Yes,Amul Lassi 200ml,Beverages,Fermented Dairy,Yes,No,Medium,Yes,Low,No,No,0,0,0.0,Yes,Purabi / Sting / Coke,Existing inventory unsold,Stock Already Available,Yes,High,Stock Already Available,Re-covered Ghungoor route. Strong recurring order placement for Amul Aata and Paneer; retailers requested promotional POS display posters.
2026-06-08,Monday,24,June,Shaan Enterprise,Biswajit Bormon,Saurav Sinha,Ghungoor,Silchar Urban,OUT_9_014,Ghungoor Counter 14,General Store,Medium,Market Street,Yes,Medium,Yes,Amul Kool Cafe 200ml (Can),Beverages,Flavoured Milk,Yes,No,Medium,Yes,Low,No,No,0,0,0.0,Yes,Purabi / Sting / Coke,Existing inventory unsold,Stock Already Available,Yes,High,Stock Already Available,Re-covered Ghungoor route. Strong recurring order placement for Amul Aata and Paneer; retailers requested promotional POS display posters.
2026-06-08,Monday,24,June,Shaan Enterprise,Biswajit Bormon,Saurav Sinha,Ghungoor,Silchar Urban,OUT_9_014,Ghungoor Counter 14,General Store,Medium,Market Street,Yes,Medium,Yes,Amul Tinned Paneer 425g,Dairy,Paneer,Yes,No,Medium,Yes,Low,No,No,0,0,0.0,Yes,Purabi / Sting / Coke,Existing inventory unsold,Stock Already Available,Yes,High,Stock Already Available,Re-covered Ghungoor route. Strong recurring order placement for Amul Aata and Paneer; retailers requested promotional POS display posters.
2026-06-08,Monday,24,June,Shaan Enterprise,Biswajit Bormon,Saurav Sinha,Ghungoor,Silchar Urban,OUT_9_015,Ghungoor Counter 15,Kirana Store,Medium,Market Street,Yes,Medium,Yes,Amul Lassi 200ml,Beverages,Fermented Dairy,Yes,No,Medium,Yes,Low,No,No,0,0,0.0,Yes,Purabi / Sting / Coke,Existing inventory unsold,Stock Already Available,Yes,High,Stock Already Available,Re-covered Ghungoor route. Strong recurring order placement for Amul Aata and Paneer; retailers requested promotional POS display posters.
2026-06-08,Monday,24,June,Shaan Enterprise,Biswajit Bormon,Saurav Sinha,Ghungoor,Silchar Urban,OUT_9_015,Ghungoor Counter 15,Kirana Store,Medium,Market Street,Yes,Medium,Yes,Amul Kool Cafe 200ml (Can),Beverages,Flavoured Milk,Yes,No,Medium,Yes,Low,No,No,0,0,0.0,Yes,Purabi / Sting / Coke,Existing inventory unsold,Stock Already Available,Yes,High,Stock Already Available,Re-covered Ghungoor route. Strong recurring order placement for Amul Aata and Paneer; retailers requested promotional POS display posters.
2026-06-08,Monday,24,June,Shaan Enterprise,Biswajit Bormon,Saurav Sinha,Ghungoor,Silchar Urban,OUT_9_015,Ghungoor Counter 15,Kirana Store,Medium,Market Street,Yes,Medium,Yes,Amul Tinned Paneer 425g,Dairy,Paneer,Yes,No,Medium,Yes,Low,No,No,0,0,0.0,Yes,Purabi / Sting / Coke,Existing inventory unsold,Stock Already Available,Yes,High,Stock Already Available,Re-covered Ghungoor route. Strong recurring order placement for Amul Aata and Paneer; retailers requested promotional POS display posters.
2026-06-08,Monday,24,June,Shaan Enterprise,Biswajit Bormon,Saurav Sinha,Ghungoor,Silchar Urban,OUT_9_016,Ghungoor Counter 16,General Store,Medium,Market Street,Yes,Medium,Yes,Amul Lassi 200ml,Beverages,Fermented Dairy,Yes,No,Medium,Yes,Low,No,No,0,0,0.0,Yes,Purabi / Sting / Coke,Existing inventory unsold,Stock Already Available,Yes,High,Stock Already Available,Re-covered Ghungoor route. Strong recurring order placement for Amul Aata and Paneer; retailers requested promotional POS display posters.
2026-06-08,Monday,24,June,Shaan Enterprise,Biswajit Bormon,Saurav Sinha,Ghungoor,Silchar Urban,OUT_9_016,Ghungoor Counter 16,General Store,Medium,Market Street,Yes,Medium,Yes,Amul Kool Cafe 200ml (Can),Beverages,Flavoured Milk,Yes,No,Medium,Yes,Low,No,No,0,0,0.0,Yes,Purabi / Sting / Coke,Existing inventory unsold,Stock Already Available,Yes,High,Stock Already Available,Re-covered Ghungoor route. Strong recurring order placement for Amul Aata and Paneer; retailers requested promotional POS display posters.
2026-06-08,Monday,24,June,Shaan Enterprise,Biswajit Bormon,Saurav Sinha,Ghungoor,Silchar Urban,OUT_9_016,Ghungoor Counter 16,General Store,Medium,Market Street,Yes,Medium,Yes,Amul Tinned Paneer 425g,Dairy,Paneer,Yes,No,Medium,Yes,Low,No,No,0,0,0.0,Yes,Purabi / Sting / Coke,Existing inventory unsold,Stock Already Available,Yes,High,Stock Already Available,Re-covered Ghungoor route. Strong recurring order placement for Amul Aata and Paneer; retailers requested promotional POS display posters.
2026-06-08,Monday,24,June,Shaan Enterprise,Biswajit Bormon,Saurav Sinha,Ghungoor,Silchar Urban,OUT_9_017,Ghungoor Counter 17,Kirana Store,Medium,Market Street,No,Medium,Yes,Amul Lassi 200ml,Beverages,Fermented Dairy,Yes,No,Medium,Yes,Low,No,No,0,0,0.0,Yes,Purabi / Sting / Coke,Existing inventory unsold,Stock Already Available,Yes,High,Stock Already Available,Re-covered Ghungoor route. Strong recurring order placement for Amul Aata and Paneer; retailers requested promotional POS display posters.
2026-06-08,Monday,24,June,Shaan Enterprise,Biswajit Bormon,Saurav Sinha,Ghungoor,Silchar Urban,OUT_9_017,Ghungoor Counter 17,Kirana Store,Medium,Market Street,No,Medium,Yes,Amul Kool Cafe 200ml (Can),Beverages,Flavoured Milk,Yes,No,Medium,Yes,Low,No,No,0,0,0.0,Yes,Purabi / Sting / Coke,Existing inventory unsold,Stock Already Available,Yes,High,Stock Already Available,Re-covered Ghungoor route. Strong recurring order placement for Amul Aata and Paneer; retailers requested promotional POS display posters.
2026-06-08,Monday,24,June,Shaan Enterprise,Biswajit Bormon,Saurav Sinha,Ghungoor,Silchar Urban,OUT_9_017,Ghungoor Counter 17,Kirana Store,Medium,Market Street,No,Medium,Yes,Amul Tinned Paneer 425g,Dairy,Paneer,Yes,No,Medium,Yes,Low,No,No,0,0,0.0,Yes,Purabi / Sting / Coke,Existing inventory unsold,Stock Already Available,Yes,High,Stock Already Available,Re-covered Ghungoor route. Strong recurring order placement for Amul Aata and Paneer; retailers requested promotional POS display posters.
2026-06-08,Monday,24,June,Shaan Enterprise,Biswajit Bormon,Saurav Sinha,Ghungoor,Silchar Urban,OUT_9_018,Ghungoor Counter 18,General Store,Medium,Market Street,Yes,Medium,Yes,Amul Lassi 200ml,Beverages,Fermented Dairy,Yes,No,Medium,Yes,Low,No,No,0,0,0.0,Yes,Purabi / Sting / Coke,Existing inventory unsold,Stock Already Available,Yes,High,Stock Already Available,Re-covered Ghungoor route. Strong recurring order placement for Amul Aata and Paneer; retailers requested promotional POS display posters.
2026-06-08,Monday,24,June,Shaan Enterprise,Biswajit Bormon,Saurav Sinha,Ghungoor,Silchar Urban,OUT_9_018,Ghungoor Counter 18,General Store,Medium,Market Street,Yes,Medium,Yes,Amul Kool Cafe 200ml (Can),Beverages,Flavoured Milk,Yes,No,Medium,Yes,Low,No,No,0,0,0.0,Yes,Purabi / Sting / Coke,Existing inventory unsold,Stock Already Available,Yes,High,Stock Already Available,Re-covered Ghungoor route. Strong recurring order placement for Amul Aata and Paneer; retailers requested promotional POS display posters.
2026-06-08,Monday,24,June,Shaan Enterprise,Biswajit Bormon,Saurav Sinha,Ghungoor,Silchar Urban,OUT_9_018,Ghungoor Counter 18,General Store,Medium,Market Street,Yes,Medium,Yes,Amul Tinned Paneer 425g,Dairy,Paneer,Yes,No,Medium,Yes,Low,No,No,0,0,0.0,Yes,Purabi / Sting / Coke,Existing inventory unsold,Stock Already Available,Yes,High,Stock Already Available,Re-covered Ghungoor route. Strong recurring order placement for Amul Aata and Paneer; retailers requested promotional POS display posters.
2026-06-08,Monday,24,June,Shaan Enterprise,Biswajit Bormon,Saurav Sinha,Ghungoor,Silchar Urban,OUT_9_019,Ghungoor Counter 19,Kirana Store,Medium,Market Street,Yes,Medium,Yes,Amul Lassi 200ml,Beverages,Fermented Dairy,Yes,No,Medium,Yes,Low,No,No,0,0,0.0,Yes,Purabi / Sting / Coke,Existing inventory unsold,Stock Already Available,Yes,High,Stock Already Available,Re-covered Ghungoor route. Strong recurring order placement for Amul Aata and Paneer; retailers requested promotional POS display posters.
2026-06-08,Monday,24,June,Shaan Enterprise,Biswajit Bormon,Saurav Sinha,Ghungoor,Silchar Urban,OUT_9_019,Ghungoor Counter 19,Kirana Store,Medium,Market Street,Yes,Medium,Yes,Amul Kool Cafe 200ml (Can),Beverages,Flavoured Milk,Yes,No,Medium,Yes,Low,No,No,0,0,0.0,Yes,Purabi / Sting / Coke,Existing inventory unsold,Stock Already Available,Yes,High,Stock Already Available,Re-covered Ghungoor route. Strong recurring order placement for Amul Aata and Paneer; retailers requested promotional POS display posters.
2026-06-08,Monday,24,June,Shaan Enterprise,Biswajit Bormon,Saurav Sinha,Ghungoor,Silchar Urban,OUT_9_019,Ghungoor Counter 19,Kirana Store,Medium,Market Street,Yes,Medium,Yes,Amul Tinned Paneer 425g,Dairy,Paneer,Yes,No,Medium,Yes,Low,No,No,0,0,0.0,Yes,Purabi / Sting / Coke,Existing inventory unsold,Stock Already Available,Yes,High,Stock Already Available,Re-covered Ghungoor route. Strong recurring order placement for Amul Aata and Paneer; retailers requested promotional POS display posters.
2026-06-08,Monday,24,June,Shaan Enterprise,Biswajit Bormon,Saurav Sinha,Ghungoor,Silchar Urban,OUT_9_020,Ghungoor Counter 20,General Store,Medium,Market Street,Yes,Medium,Yes,Amul Lassi 200ml,Beverages,Fermented Dairy,Yes,No,Medium,Yes,Low,No,No,0,0,0.0,Yes,Purabi / Sting / Coke,Existing inventory unsold,Stock Already Available,Yes,High,Stock Already Available,Re-covered Ghungoor route. Strong recurring order placement for Amul Aata and Paneer; retailers requested promotional POS display posters.
2026-06-08,Monday,24,June,Shaan Enterprise,Biswajit Bormon,Saurav Sinha,Ghungoor,Silchar Urban,OUT_9_020,Ghungoor Counter 20,General Store,Medium,Market Street,Yes,Medium,Yes,Amul Kool Cafe 200ml (Can),Beverages,Flavoured Milk,Yes,No,Medium,Yes,Low,No,No,0,0,0.0,Yes,Purabi / Sting / Coke,Existing inventory unsold,Stock Already Available,Yes,High,Stock Already Available,Re-covered Ghungoor route. Strong recurring order placement for Amul Aata and Paneer; retailers requested promotional POS display posters.
2026-06-08,Monday,24,June,Shaan Enterprise,Biswajit Bormon,Saurav Sinha,Ghungoor,Silchar Urban,OUT_9_020,Ghungoor Counter 20,General Store,Medium,Market Street,Yes,Medium,Yes,Amul Tinned Paneer 425g,Dairy,Paneer,Yes,No,Medium,Yes,Low,No,No,0,0,0.0,Yes,Purabi / Sting / Coke,Existing inventory unsold,Stock Already Available,Yes,High,Stock Already Available,Re-covered Ghungoor route. Strong recurring order placement for Amul Aata and Paneer; retailers requested promotional POS display posters.
2026-06-08,Monday,24,June,Shaan Enterprise,Biswajit Bormon,Saurav Sinha,Ghungoor,Silchar Urban,OUT_9_021,Ghungoor Counter 21,Kirana Store,Medium,Market Street,No,Medium,Yes,Amul Lassi 200ml,Beverages,Fermented Dairy,Yes,No,Medium,Yes,Low,No,No,0,0,0.0,Yes,Purabi / Sting / Coke,Existing inventory unsold,Stock Already Available,Yes,High,Stock Already Available,Re-covered Ghungoor route. Strong recurring order placement for Amul Aata and Paneer; retailers requested promotional POS display posters.
2026-06-08,Monday,24,June,Shaan Enterprise,Biswajit Bormon,Saurav Sinha,Ghungoor,Silchar Urban,OUT_9_021,Ghungoor Counter 21,Kirana Store,Medium,Market Street,No,Medium,Yes,Amul Kool Cafe 200ml (Can),Beverages,Flavoured Milk,Yes,No,Medium,Yes,Low,No,No,0,0,0.0,Yes,Purabi / Sting / Coke,Existing inventory unsold,Stock Already Available,Yes,High,Stock Already Available,Re-covered Ghungoor route. Strong recurring order placement for Amul Aata and Paneer; retailers requested promotional POS display posters.
2026-06-08,Monday,24,June,Shaan Enterprise,Biswajit Bormon,Saurav Sinha,Ghungoor,Silchar Urban,OUT_9_021,Ghungoor Counter 21,Kirana Store,Medium,Market Street,No,Medium,Yes,Amul Tinned Paneer 425g,Dairy,Paneer,Yes,No,Medium,Yes,Low,No,No,0,0,0.0,Yes,Purabi / Sting / Coke,Existing inventory unsold,Stock Already Available,Yes,High,Stock Already Available,Re-covered Ghungoor route. Strong recurring order placement for Amul Aata and Paneer; retailers requested promotional POS display posters.
2026-06-08,Monday,24,June,Shaan Enterprise,Biswajit Bormon,Saurav Sinha,Ghungoor,Silchar Urban,OUT_9_022,Ghungoor Counter 22,General Store,Medium,Market Street,Yes,Medium,Yes,Amul Lassi 200ml,Beverages,Fermented Dairy,Yes,No,Medium,Yes,Low,No,No,0,0,0.0,Yes,Purabi / Sting / Coke,Existing inventory unsold,Stock Already Available,Yes,High,Stock Already Available,Re-covered Ghungoor route. Strong recurring order placement for Amul Aata and Paneer; retailers requested promotional POS display posters.
2026-06-08,Monday,24,June,Shaan Enterprise,Biswajit Bormon,Saurav Sinha,Ghungoor,Silchar Urban,OUT_9_022,Ghungoor Counter 22,General Store,Medium,Market Street,Yes,Medium,Yes,Amul Kool Cafe 200ml (Can),Beverages,Flavoured Milk,Yes,No,Medium,Yes,Low,No,No,0,0,0.0,Yes,Purabi / Sting / Coke,Existing inventory unsold,Stock Already Available,Yes,High,Stock Already Available,Re-covered Ghungoor route. Strong recurring order placement for Amul Aata and Paneer; retailers requested promotional POS display posters.
2026-06-08,Monday,24,June,Shaan Enterprise,Biswajit Bormon,Saurav Sinha,Ghungoor,Silchar Urban,OUT_9_022,Ghungoor Counter 22,General Store,Medium,Market Street,Yes,Medium,Yes,Amul Tinned Paneer 425g,Dairy,Paneer,Yes,No,Medium,Yes,Low,No,No,0,0,0.0,Yes,Purabi / Sting / Coke,Existing inventory unsold,Stock Already Available,Yes,High,Stock Already Available,Re-covered Ghungoor route. Strong recurring order placement for Amul Aata and Paneer; retailers requested promotional POS display posters.
2026-06-08,Monday,24,June,Shaan Enterprise,Biswajit Bormon,Saurav Sinha,Ghungoor,Silchar Urban,OUT_9_023,Ghungoor Counter 23,Kirana Store,Medium,Market Street,Yes,Medium,Yes,Amul Lassi 200ml,Beverages,Fermented Dairy,Yes,No,Medium,Yes,Low,No,No,0,0,0.0,Yes,Purabi / Sting / Coke,Existing inventory unsold,Stock Already Available,Yes,High,Stock Already Available,Re-covered Ghungoor route. Strong recurring order placement for Amul Aata and Paneer; retailers requested promotional POS display posters.
2026-06-08,Monday,24,June,Shaan Enterprise,Biswajit Bormon,Saurav Sinha,Ghungoor,Silchar Urban,OUT_9_023,Ghungoor Counter 23,Kirana Store,Medium,Market Street,Yes,Medium,Yes,Amul Kool Cafe 200ml (Can),Beverages,Flavoured Milk,Yes,No,Medium,Yes,Low,No,No,0,0,0.0,Yes,Purabi / Sting / Coke,Existing inventory unsold,Stock Already Available,Yes,High,Stock Already Available,Re-covered Ghungoor route. Strong recurring order placement for Amul Aata and Paneer; retailers requested promotional POS display posters.
2026-06-08,Monday,24,June,Shaan Enterprise,Biswajit Bormon,Saurav Sinha,Ghungoor,Silchar Urban,OUT_9_023,Ghungoor Counter 23,Kirana Store,Medium,Market Street,Yes,Medium,Yes,Amul Tinned Paneer 425g,Dairy,Paneer,Yes,No,Medium,Yes,Low,No,No,0,0,0.0,Yes,Purabi / Sting / Coke,Existing inventory unsold,Stock Already Available,Yes,High,Stock Already Available,Re-covered Ghungoor route. Strong recurring order placement for Amul Aata and Paneer; retailers requested promotional POS display posters.
2026-06-08,Monday,24,June,Shaan Enterprise,Biswajit Bormon,Saurav Sinha,Ghungoor,Silchar Urban,OUT_9_024,Ghungoor Counter 24,General Store,Medium,Market Street,Yes,Medium,Yes,Amul Lassi 200ml,Beverages,Fermented Dairy,Yes,No,Medium,Yes,Low,No,No,0,0,0.0,Yes,Purabi / Sting / Coke,Existing inventory unsold,Stock Already Available,Yes,High,Stock Already Available,Re-covered Ghungoor route. Strong recurring order placement for Amul Aata and Paneer; retailers requested promotional POS display posters.
2026-06-08,Monday,24,June,Shaan Enterprise,Biswajit Bormon,Saurav Sinha,Ghungoor,Silchar Urban,OUT_9_024,Ghungoor Counter 24,General Store,Medium,Market Street,Yes,Medium,Yes,Amul Kool Cafe 200ml (Can),Beverages,Flavoured Milk,Yes,No,Medium,Yes,Low,No,No,0,0,0.0,Yes,Purabi / Sting / Coke,Existing inventory unsold,Stock Already Available,Yes,High,Stock Already Available,Re-covered Ghungoor route. Strong recurring order placement for Amul Aata and Paneer; retailers requested promotional POS display posters.
2026-06-08,Monday,24,June,Shaan Enterprise,Biswajit Bormon,Saurav Sinha,Ghungoor,Silchar Urban,OUT_9_024,Ghungoor Counter 24,General Store,Medium,Market Street,Yes,Medium,Yes,Amul Tinned Paneer 425g,Dairy,Paneer,Yes,No,Medium,Yes,Low,No,No,0,0,0.0,Yes,Purabi / Sting / Coke,Existing inventory unsold,Stock Already Available,Yes,High,Stock Already Available,Re-covered Ghungoor route. Strong recurring order placement for Amul Aata and Paneer; retailers requested promotional POS display posters.
2026-06-09,Tuesday,24,June,Shaan Enterprise,Biswajit Bormon,Saurav Sinha,2nd Link Road,Silchar Urban,OUT_10_001,2nd Link Road Counter 1,Kirana Store,Medium,Market Street,No,Medium,Yes,Amul Kool Cafe 200ml (Can),Beverages,Flavoured Milk,Yes,No,Medium,Yes,High,Yes,Yes,24,24,817.2,Yes,Purabi / Sting / Coke,,None,No,Low,None,High order booking on 2nd Link Road. Re-order velocity for Tinned Paneer and Dark Chocolate remains consistent across kirana outlets.
2026-06-09,Tuesday,24,June,Shaan Enterprise,Biswajit Bormon,Saurav Sinha,2nd Link Road,Silchar Urban,OUT_10_001,2nd Link Road Counter 1,Kirana Store,Medium,Market Street,No,Medium,Yes,Amul Tinned Paneer 425g,Dairy,Paneer,Yes,No,Medium,Yes,High,Yes,Yes,24,24,3024.0,Yes,Purabi / Sting / Coke,,None,No,Low,None,High order booking on 2nd Link Road. Re-order velocity for Tinned Paneer and Dark Chocolate remains consistent across kirana outlets.
2026-06-09,Tuesday,24,June,Shaan Enterprise,Biswajit Bormon,Saurav Sinha,2nd Link Road,Silchar Urban,OUT_10_001,2nd Link Road Counter 1,Kirana Store,Medium,Market Street,No,Medium,Yes,Amul Butter 50g (₹35 Small Pack),Dairy,Butter,Yes,No,Medium,Yes,Low,No,No,0,0,0.0,Yes,Purabi / Sting / Coke,Existing inventory unsold,Stock Already Available,Yes,High,Stock Already Available,High order booking on 2nd Link Road. Re-order velocity for Tinned Paneer and Dark Chocolate remains consistent across kirana outlets.
2026-06-09,Tuesday,24,June,Shaan Enterprise,Biswajit Bormon,Saurav Sinha,2nd Link Road,Silchar Urban,OUT_10_002,2nd Link Road Counter 2,General Store,Medium,Market Street,Yes,Medium,Yes,Amul Kool Cafe 200ml (Can),Beverages,Flavoured Milk,Yes,No,Medium,Yes,High,Yes,Yes,24,24,817.2,Yes,Purabi / Sting / Coke,,None,No,Low,None,High order booking on 2nd Link Road. Re-order velocity for Tinned Paneer and Dark Chocolate remains consistent across kirana outlets.
2026-06-09,Tuesday,24,June,Shaan Enterprise,Biswajit Bormon,Saurav Sinha,2nd Link Road,Silchar Urban,OUT_10_002,2nd Link Road Counter 2,General Store,Medium,Market Street,Yes,Medium,Yes,Amul Tinned Paneer 425g,Dairy,Paneer,Yes,No,Medium,Yes,Low,No,No,0,0,0.0,Yes,Purabi / Sting / Coke,Existing inventory unsold,Stock Already Available,Yes,High,Stock Already Available,High order booking on 2nd Link Road. Re-order velocity for Tinned Paneer and Dark Chocolate remains consistent across kirana outlets.
2026-06-09,Tuesday,24,June,Shaan Enterprise,Biswajit Bormon,Saurav Sinha,2nd Link Road,Silchar Urban,OUT_10_002,2nd Link Road Counter 2,General Store,Medium,Market Street,Yes,Medium,Yes,Amul Butter 50g (₹35 Small Pack),Dairy,Butter,Yes,No,Medium,Yes,Low,No,No,0,0,0.0,Yes,Purabi / Sting / Coke,Existing inventory unsold,Stock Already Available,Yes,High,Stock Already Available,High order booking on 2nd Link Road. Re-order velocity for Tinned Paneer and Dark Chocolate remains consistent across kirana outlets.
2026-06-09,Tuesday,24,June,Shaan Enterprise,Biswajit Bormon,Saurav Sinha,2nd Link Road,Silchar Urban,OUT_10_003,2nd Link Road Counter 3,Kirana Store,Medium,Market Street,Yes,Medium,Yes,Amul Kool Cafe 200ml (Can),Beverages,Flavoured Milk,Yes,No,Medium,Yes,High,Yes,Yes,24,24,817.2,Yes,Purabi / Sting / Coke,,None,No,Low,None,High order booking on 2nd Link Road. Re-order velocity for Tinned Paneer and Dark Chocolate remains consistent across kirana outlets.
2026-06-09,Tuesday,24,June,Shaan Enterprise,Biswajit Bormon,Saurav Sinha,2nd Link Road,Silchar Urban,OUT_10_003,2nd Link Road Counter 3,Kirana Store,Medium,Market Street,Yes,Medium,Yes,Amul Tinned Paneer 425g,Dairy,Paneer,Yes,No,Medium,Yes,High,Yes,Yes,24,24,3024.0,Yes,Purabi / Sting / Coke,,None,No,Low,None,High order booking on 2nd Link Road. Re-order velocity for Tinned Paneer and Dark Chocolate remains consistent across kirana outlets.
2026-06-09,Tuesday,24,June,Shaan Enterprise,Biswajit Bormon,Saurav Sinha,2nd Link Road,Silchar Urban,OUT_10_003,2nd Link Road Counter 3,Kirana Store,Medium,Market Street,Yes,Medium,Yes,Amul Butter 50g (₹35 Small Pack),Dairy,Butter,Yes,No,Medium,Yes,Low,No,No,0,0,0.0,Yes,Purabi / Sting / Coke,Existing inventory unsold,Stock Already Available,Yes,High,Stock Already Available,High order booking on 2nd Link Road. Re-order velocity for Tinned Paneer and Dark Chocolate remains consistent across kirana outlets.
2026-06-09,Tuesday,24,June,Shaan Enterprise,Biswajit Bormon,Saurav Sinha,2nd Link Road,Silchar Urban,OUT_10_004,2nd Link Road Counter 4,General Store,Medium,Market Street,Yes,Medium,Yes,Amul Kool Cafe 200ml (Can),Beverages,Flavoured Milk,Yes,No,Medium,Yes,High,Yes,Yes,24,24,817.2,Yes,Purabi / Sting / Coke,,None,No,Low,None,High order booking on 2nd Link Road. Re-order velocity for Tinned Paneer and Dark Chocolate remains consistent across kirana outlets.
2026-06-09,Tuesday,24,June,Shaan Enterprise,Biswajit Bormon,Saurav Sinha,2nd Link Road,Silchar Urban,OUT_10_004,2nd Link Road Counter 4,General Store,Medium,Market Street,Yes,Medium,Yes,Amul Tinned Paneer 425g,Dairy,Paneer,Yes,No,Medium,Yes,Low,No,No,0,0,0.0,Yes,Purabi / Sting / Coke,Existing inventory unsold,Stock Already Available,Yes,High,Stock Already Available,High order booking on 2nd Link Road. Re-order velocity for Tinned Paneer and Dark Chocolate remains consistent across kirana outlets.
2026-06-09,Tuesday,24,June,Shaan Enterprise,Biswajit Bormon,Saurav Sinha,2nd Link Road,Silchar Urban,OUT_10_004,2nd Link Road Counter 4,General Store,Medium,Market Street,Yes,Medium,Yes,Amul Butter 50g (₹35 Small Pack),Dairy,Butter,Yes,No,Medium,Yes,Low,No,No,0,0,0.0,Yes,Purabi / Sting / Coke,Existing inventory unsold,Stock Already Available,Yes,High,Stock Already Available,High order booking on 2nd Link Road. Re-order velocity for Tinned Paneer and Dark Chocolate remains consistent across kirana outlets.
2026-06-09,Tuesday,24,June,Shaan Enterprise,Biswajit Bormon,Saurav Sinha,2nd Link Road,Silchar Urban,OUT_10_005,2nd Link Road Counter 5,Kirana Store,Medium,Market Street,No,Medium,Yes,Amul Kool Cafe 200ml (Can),Beverages,Flavoured Milk,Yes,No,Medium,Yes,High,Yes,Yes,24,24,817.2,Yes,Purabi / Sting / Coke,,None,No,Low,None,High order booking on 2nd Link Road. Re-order velocity for Tinned Paneer and Dark Chocolate remains consistent across kirana outlets.
2026-06-09,Tuesday,24,June,Shaan Enterprise,Biswajit Bormon,Saurav Sinha,2nd Link Road,Silchar Urban,OUT_10_005,2nd Link Road Counter 5,Kirana Store,Medium,Market Street,No,Medium,Yes,Amul Tinned Paneer 425g,Dairy,Paneer,Yes,No,Medium,Yes,High,Yes,Yes,24,24,3024.0,Yes,Purabi / Sting / Coke,,None,No,Low,None,High order booking on 2nd Link Road. Re-order velocity for Tinned Paneer and Dark Chocolate remains consistent across kirana outlets.
2026-06-09,Tuesday,24,June,Shaan Enterprise,Biswajit Bormon,Saurav Sinha,2nd Link Road,Silchar Urban,OUT_10_005,2nd Link Road Counter 5,Kirana Store,Medium,Market Street,No,Medium,Yes,Amul Butter 50g (₹35 Small Pack),Dairy,Butter,Yes,No,Medium,Yes,Low,No,No,0,0,0.0,Yes,Purabi / Sting / Coke,Existing inventory unsold,Stock Already Available,Yes,High,Stock Already Available,High order booking on 2nd Link Road. Re-order velocity for Tinned Paneer and Dark Chocolate remains consistent across kirana outlets.
2026-06-09,Tuesday,24,June,Shaan Enterprise,Biswajit Bormon,Saurav Sinha,2nd Link Road,Silchar Urban,OUT_10_006,2nd Link Road Counter 6,General Store,Medium,Market Street,Yes,Medium,Yes,Amul Kool Cafe 200ml (Can),Beverages,Flavoured Milk,Yes,No,Medium,Yes,High,Yes,Yes,24,24,817.2,Yes,Purabi / Sting / Coke,,None,No,Low,None,High order booking on 2nd Link Road. Re-order velocity for Tinned Paneer and Dark Chocolate remains consistent across kirana outlets.
2026-06-09,Tuesday,24,June,Shaan Enterprise,Biswajit Bormon,Saurav Sinha,2nd Link Road,Silchar Urban,OUT_10_006,2nd Link Road Counter 6,General Store,Medium,Market Street,Yes,Medium,Yes,Amul Tinned Paneer 425g,Dairy,Paneer,Yes,No,Medium,Yes,Low,No,No,0,0,0.0,Yes,Purabi / Sting / Coke,Existing inventory unsold,Stock Already Available,Yes,High,Stock Already Available,High order booking on 2nd Link Road. Re-order velocity for Tinned Paneer and Dark Chocolate remains consistent across kirana outlets.
2026-06-09,Tuesday,24,June,Shaan Enterprise,Biswajit Bormon,Saurav Sinha,2nd Link Road,Silchar Urban,OUT_10_006,2nd Link Road Counter 6,General Store,Medium,Market Street,Yes,Medium,Yes,Amul Butter 50g (₹35 Small Pack),Dairy,Butter,Yes,No,Medium,Yes,Low,No,No,0,0,0.0,Yes,Purabi / Sting / Coke,Existing inventory unsold,Stock Already Available,Yes,High,Stock Already Available,High order booking on 2nd Link Road. Re-order velocity for Tinned Paneer and Dark Chocolate remains consistent across kirana outlets.
2026-06-09,Tuesday,24,June,Shaan Enterprise,Biswajit Bormon,Saurav Sinha,2nd Link Road,Silchar Urban,OUT_10_007,2nd Link Road Counter 7,Kirana Store,Medium,Market Street,Yes,Medium,Yes,Amul Kool Cafe 200ml (Can),Beverages,Flavoured Milk,Yes,No,Medium,Yes,High,Yes,Yes,24,24,817.2,Yes,Purabi / Sting / Coke,,None,No,Low,None,High order booking on 2nd Link Road. Re-order velocity for Tinned Paneer and Dark Chocolate remains consistent across kirana outlets.
2026-06-09,Tuesday,24,June,Shaan Enterprise,Biswajit Bormon,Saurav Sinha,2nd Link Road,Silchar Urban,OUT_10_007,2nd Link Road Counter 7,Kirana Store,Medium,Market Street,Yes,Medium,Yes,Amul Tinned Paneer 425g,Dairy,Paneer,Yes,No,Medium,Yes,High,Yes,Yes,24,24,3024.0,Yes,Purabi / Sting / Coke,,None,No,Low,None,High order booking on 2nd Link Road. Re-order velocity for Tinned Paneer and Dark Chocolate remains consistent across kirana outlets.
2026-06-09,Tuesday,24,June,Shaan Enterprise,Biswajit Bormon,Saurav Sinha,2nd Link Road,Silchar Urban,OUT_10_007,2nd Link Road Counter 7,Kirana Store,Medium,Market Street,Yes,Medium,Yes,Amul Butter 50g (₹35 Small Pack),Dairy,Butter,Yes,No,Medium,Yes,Low,No,No,0,0,0.0,Yes,Purabi / Sting / Coke,Existing inventory unsold,Stock Already Available,Yes,High,Stock Already Available,High order booking on 2nd Link Road. Re-order velocity for Tinned Paneer and Dark Chocolate remains consistent across kirana outlets.
2026-06-09,Tuesday,24,June,Shaan Enterprise,Biswajit Bormon,Saurav Sinha,2nd Link Road,Silchar Urban,OUT_10_008,2nd Link Road Counter 8,General Store,Medium,Market Street,Yes,Medium,Yes,Amul Kool Cafe 200ml (Can),Beverages,Flavoured Milk,Yes,No,Medium,Yes,High,Yes,Yes,24,24,817.2,Yes,Purabi / Sting / Coke,,None,No,Low,None,High order booking on 2nd Link Road. Re-order velocity for Tinned Paneer and Dark Chocolate remains consistent across kirana outlets.
2026-06-09,Tuesday,24,June,Shaan Enterprise,Biswajit Bormon,Saurav Sinha,2nd Link Road,Silchar Urban,OUT_10_008,2nd Link Road Counter 8,General Store,Medium,Market Street,Yes,Medium,Yes,Amul Tinned Paneer 425g,Dairy,Paneer,Yes,No,Medium,Yes,Low,No,No,0,0,0.0,Yes,Purabi / Sting / Coke,Existing inventory unsold,Stock Already Available,Yes,High,Stock Already Available,High order booking on 2nd Link Road. Re-order velocity for Tinned Paneer and Dark Chocolate remains consistent across kirana outlets.
2026-06-09,Tuesday,24,June,Shaan Enterprise,Biswajit Bormon,Saurav Sinha,2nd Link Road,Silchar Urban,OUT_10_008,2nd Link Road Counter 8,General Store,Medium,Market Street,Yes,Medium,Yes,Amul Butter 50g (₹35 Small Pack),Dairy,Butter,Yes,No,Medium,Yes,Low,No,No,0,0,0.0,Yes,Purabi / Sting / Coke,Existing inventory unsold,Stock Already Available,Yes,High,Stock Already Available,High order booking on 2nd Link Road. Re-order velocity for Tinned Paneer and Dark Chocolate remains consistent across kirana outlets.
2026-06-09,Tuesday,24,June,Shaan Enterprise,Biswajit Bormon,Saurav Sinha,2nd Link Road,Silchar Urban,OUT_10_009,2nd Link Road Counter 9,Kirana Store,Medium,Market Street,No,Medium,Yes,Amul Kool Cafe 200ml (Can),Beverages,Flavoured Milk,Yes,No,Medium,Yes,Low,No,No,0,0,0.0,Yes,Purabi / Sting / Coke,Existing inventory unsold,Stock Already Available,Yes,High,Stock Already Available,High order booking on 2nd Link Road. Re-order velocity for Tinned Paneer and Dark Chocolate remains consistent across kirana outlets.
2026-06-09,Tuesday,24,June,Shaan Enterprise,Biswajit Bormon,Saurav Sinha,2nd Link Road,Silchar Urban,OUT_10_009,2nd Link Road Counter 9,Kirana Store,Medium,Market Street,No,Medium,Yes,Amul Tinned Paneer 425g,Dairy,Paneer,Yes,No,Medium,Yes,Low,No,No,0,0,0.0,Yes,Purabi / Sting / Coke,Existing inventory unsold,Stock Already Available,Yes,High,Stock Already Available,High order booking on 2nd Link Road. Re-order velocity for Tinned Paneer and Dark Chocolate remains consistent across kirana outlets.
2026-06-09,Tuesday,24,June,Shaan Enterprise,Biswajit Bormon,Saurav Sinha,2nd Link Road,Silchar Urban,OUT_10_009,2nd Link Road Counter 9,Kirana Store,Medium,Market Street,No,Medium,Yes,Amul Butter 50g (₹35 Small Pack),Dairy,Butter,Yes,No,Medium,Yes,Low,No,No,0,0,0.0,Yes,Purabi / Sting / Coke,Existing inventory unsold,Stock Already Available,Yes,High,Stock Already Available,High order booking on 2nd Link Road. Re-order velocity for Tinned Paneer and Dark Chocolate remains consistent across kirana outlets.
2026-06-09,Tuesday,24,June,Shaan Enterprise,Biswajit Bormon,Saurav Sinha,2nd Link Road,Silchar Urban,OUT_10_010,2nd Link Road Counter 10,General Store,Medium,Market Street,Yes,Medium,Yes,Amul Kool Cafe 200ml (Can),Beverages,Flavoured Milk,Yes,No,Medium,Yes,Low,No,No,0,0,0.0,Yes,Purabi / Sting / Coke,Existing inventory unsold,Stock Already Available,Yes,High,Stock Already Available,High order booking on 2nd Link Road. Re-order velocity for Tinned Paneer and Dark Chocolate remains consistent across kirana outlets.
2026-06-09,Tuesday,24,June,Shaan Enterprise,Biswajit Bormon,Saurav Sinha,2nd Link Road,Silchar Urban,OUT_10_010,2nd Link Road Counter 10,General Store,Medium,Market Street,Yes,Medium,Yes,Amul Tinned Paneer 425g,Dairy,Paneer,Yes,No,Medium,Yes,Low,No,No,0,0,0.0,Yes,Purabi / Sting / Coke,Existing inventory unsold,Stock Already Available,Yes,High,Stock Already Available,High order booking on 2nd Link Road. Re-order velocity for Tinned Paneer and Dark Chocolate remains consistent across kirana outlets.
2026-06-09,Tuesday,24,June,Shaan Enterprise,Biswajit Bormon,Saurav Sinha,2nd Link Road,Silchar Urban,OUT_10_010,2nd Link Road Counter 10,General Store,Medium,Market Street,Yes,Medium,Yes,Amul Butter 50g (₹35 Small Pack),Dairy,Butter,Yes,No,Medium,Yes,Low,No,No,0,0,0.0,Yes,Purabi / Sting / Coke,Existing inventory unsold,Stock Already Available,Yes,High,Stock Already Available,High order booking on 2nd Link Road. Re-order velocity for Tinned Paneer and Dark Chocolate remains consistent across kirana outlets.
2026-06-09,Tuesday,24,June,Shaan Enterprise,Biswajit Bormon,Saurav Sinha,2nd Link Road,Silchar Urban,OUT_10_011,2nd Link Road Counter 11,Kirana Store,Medium,Market Street,Yes,Medium,Yes,Amul Kool Cafe 200ml (Can),Beverages,Flavoured Milk,Yes,No,Medium,Yes,Low,No,No,0,0,0.0,Yes,Purabi / Sting / Coke,Existing inventory unsold,Stock Already Available,Yes,High,Stock Already Available,High order booking on 2nd Link Road. Re-order velocity for Tinned Paneer and Dark Chocolate remains consistent across kirana outlets.
2026-06-09,Tuesday,24,June,Shaan Enterprise,Biswajit Bormon,Saurav Sinha,2nd Link Road,Silchar Urban,OUT_10_011,2nd Link Road Counter 11,Kirana Store,Medium,Market Street,Yes,Medium,Yes,Amul Tinned Paneer 425g,Dairy,Paneer,Yes,No,Medium,Yes,Low,No,No,0,0,0.0,Yes,Purabi / Sting / Coke,Existing inventory unsold,Stock Already Available,Yes,High,Stock Already Available,High order booking on 2nd Link Road. Re-order velocity for Tinned Paneer and Dark Chocolate remains consistent across kirana outlets.
2026-06-09,Tuesday,24,June,Shaan Enterprise,Biswajit Bormon,Saurav Sinha,2nd Link Road,Silchar Urban,OUT_10_011,2nd Link Road Counter 11,Kirana Store,Medium,Market Street,Yes,Medium,Yes,Amul Butter 50g (₹35 Small Pack),Dairy,Butter,Yes,No,Medium,Yes,Low,No,No,0,0,0.0,Yes,Purabi / Sting / Coke,Existing inventory unsold,Stock Already Available,Yes,High,Stock Already Available,High order booking on 2nd Link Road. Re-order velocity for Tinned Paneer and Dark Chocolate remains consistent across kirana outlets.
2026-06-09,Tuesday,24,June,Shaan Enterprise,Biswajit Bormon,Saurav Sinha,2nd Link Road,Silchar Urban,OUT_10_012,2nd Link Road Counter 12,General Store,Medium,Market Street,Yes,Medium,Yes,Amul Kool Cafe 200ml (Can),Beverages,Flavoured Milk,Yes,No,Medium,Yes,Low,No,No,0,0,0.0,Yes,Purabi / Sting / Coke,Existing inventory unsold,Stock Already Available,Yes,High,Stock Already Available,High order booking on 2nd Link Road. Re-order velocity for Tinned Paneer and Dark Chocolate remains consistent across kirana outlets.
2026-06-09,Tuesday,24,June,Shaan Enterprise,Biswajit Bormon,Saurav Sinha,2nd Link Road,Silchar Urban,OUT_10_012,2nd Link Road Counter 12,General Store,Medium,Market Street,Yes,Medium,Yes,Amul Tinned Paneer 425g,Dairy,Paneer,Yes,No,Medium,Yes,Low,No,No,0,0,0.0,Yes,Purabi / Sting / Coke,Existing inventory unsold,Stock Already Available,Yes,High,Stock Already Available,High order booking on 2nd Link Road. Re-order velocity for Tinned Paneer and Dark Chocolate remains consistent across kirana outlets.
2026-06-09,Tuesday,24,June,Shaan Enterprise,Biswajit Bormon,Saurav Sinha,2nd Link Road,Silchar Urban,OUT_10_012,2nd Link Road Counter 12,General Store,Medium,Market Street,Yes,Medium,Yes,Amul Butter 50g (₹35 Small Pack),Dairy,Butter,Yes,No,Medium,Yes,Low,No,No,0,0,0.0,Yes,Purabi / Sting / Coke,Existing inventory unsold,Stock Already Available,Yes,High,Stock Already Available,High order booking on 2nd Link Road. Re-order velocity for Tinned Paneer and Dark Chocolate remains consistent across kirana outlets.
2026-06-09,Tuesday,24,June,Shaan Enterprise,Biswajit Bormon,Saurav Sinha,2nd Link Road,Silchar Urban,OUT_10_013,2nd Link Road Counter 13,Kirana Store,Medium,Market Street,No,Medium,Yes,Amul Kool Cafe 200ml (Can),Beverages,Flavoured Milk,Yes,No,Medium,Yes,Low,No,No,0,0,0.0,Yes,Purabi / Sting / Coke,Existing inventory unsold,Stock Already Available,Yes,High,Stock Already Available,High order booking on 2nd Link Road. Re-order velocity for Tinned Paneer and Dark Chocolate remains consistent across kirana outlets.
2026-06-09,Tuesday,24,June,Shaan Enterprise,Biswajit Bormon,Saurav Sinha,2nd Link Road,Silchar Urban,OUT_10_013,2nd Link Road Counter 13,Kirana Store,Medium,Market Street,No,Medium,Yes,Amul Tinned Paneer 425g,Dairy,Paneer,Yes,No,Medium,Yes,Low,No,No,0,0,0.0,Yes,Purabi / Sting / Coke,Existing inventory unsold,Stock Already Available,Yes,High,Stock Already Available,High order booking on 2nd Link Road. Re-order velocity for Tinned Paneer and Dark Chocolate remains consistent across kirana outlets.
2026-06-09,Tuesday,24,June,Shaan Enterprise,Biswajit Bormon,Saurav Sinha,2nd Link Road,Silchar Urban,OUT_10_013,2nd Link Road Counter 13,Kirana Store,Medium,Market Street,No,Medium,Yes,Amul Butter 50g (₹35 Small Pack),Dairy,Butter,Yes,No,Medium,Yes,Low,No,No,0,0,0.0,Yes,Purabi / Sting / Coke,Existing inventory unsold,Stock Already Available,Yes,High,Stock Already Available,High order booking on 2nd Link Road. Re-order velocity for Tinned Paneer and Dark Chocolate remains consistent across kirana outlets.
2026-06-09,Tuesday,24,June,Shaan Enterprise,Biswajit Bormon,Saurav Sinha,2nd Link Road,Silchar Urban,OUT_10_014,2nd Link Road Counter 14,General Store,Medium,Market Street,Yes,Medium,Yes,Amul Kool Cafe 200ml (Can),Beverages,Flavoured Milk,Yes,No,Medium,Yes,Low,No,No,0,0,0.0,Yes,Purabi / Sting / Coke,Existing inventory unsold,Stock Already Available,Yes,High,Stock Already Available,High order booking on 2nd Link Road. Re-order velocity for Tinned Paneer and Dark Chocolate remains consistent across kirana outlets.
2026-06-09,Tuesday,24,June,Shaan Enterprise,Biswajit Bormon,Saurav Sinha,2nd Link Road,Silchar Urban,OUT_10_014,2nd Link Road Counter 14,General Store,Medium,Market Street,Yes,Medium,Yes,Amul Tinned Paneer 425g,Dairy,Paneer,Yes,No,Medium,Yes,Low,No,No,0,0,0.0,Yes,Purabi / Sting / Coke,Existing inventory unsold,Stock Already Available,Yes,High,Stock Already Available,High order booking on 2nd Link Road. Re-order velocity for Tinned Paneer and Dark Chocolate remains consistent across kirana outlets.
2026-06-09,Tuesday,24,June,Shaan Enterprise,Biswajit Bormon,Saurav Sinha,2nd Link Road,Silchar Urban,OUT_10_014,2nd Link Road Counter 14,General Store,Medium,Market Street,Yes,Medium,Yes,Amul Butter 50g (₹35 Small Pack),Dairy,Butter,Yes,No,Medium,Yes,Low,No,No,0,0,0.0,Yes,Purabi / Sting / Coke,Existing inventory unsold,Stock Already Available,Yes,High,Stock Already Available,High order booking on 2nd Link Road. Re-order velocity for Tinned Paneer and Dark Chocolate remains consistent across kirana outlets.
2026-06-09,Tuesday,24,June,Shaan Enterprise,Biswajit Bormon,Saurav Sinha,2nd Link Road,Silchar Urban,OUT_10_015,2nd Link Road Counter 15,Kirana Store,Medium,Market Street,Yes,Medium,Yes,Amul Kool Cafe 200ml (Can),Beverages,Flavoured Milk,Yes,No,Medium,Yes,Low,No,No,0,0,0.0,Yes,Purabi / Sting / Coke,Existing inventory unsold,Stock Already Available,Yes,High,Stock Already Available,High order booking on 2nd Link Road. Re-order velocity for Tinned Paneer and Dark Chocolate remains consistent across kirana outlets.
2026-06-09,Tuesday,24,June,Shaan Enterprise,Biswajit Bormon,Saurav Sinha,2nd Link Road,Silchar Urban,OUT_10_015,2nd Link Road Counter 15,Kirana Store,Medium,Market Street,Yes,Medium,Yes,Amul Tinned Paneer 425g,Dairy,Paneer,Yes,No,Medium,Yes,Low,No,No,0,0,0.0,Yes,Purabi / Sting / Coke,Existing inventory unsold,Stock Already Available,Yes,High,Stock Already Available,High order booking on 2nd Link Road. Re-order velocity for Tinned Paneer and Dark Chocolate remains consistent across kirana outlets.
2026-06-09,Tuesday,24,June,Shaan Enterprise,Biswajit Bormon,Saurav Sinha,2nd Link Road,Silchar Urban,OUT_10_015,2nd Link Road Counter 15,Kirana Store,Medium,Market Street,Yes,Medium,Yes,Amul Butter 50g (₹35 Small Pack),Dairy,Butter,Yes,No,Medium,Yes,Low,No,No,0,0,0.0,Yes,Purabi / Sting / Coke,Existing inventory unsold,Stock Already Available,Yes,High,Stock Already Available,High order booking on 2nd Link Road. Re-order velocity for Tinned Paneer and Dark Chocolate remains consistent across kirana outlets.
2026-06-09,Tuesday,24,June,Shaan Enterprise,Biswajit Bormon,Saurav Sinha,2nd Link Road,Silchar Urban,OUT_10_016,2nd Link Road Counter 16,General Store,Medium,Market Street,Yes,Medium,Yes,Amul Kool Cafe 200ml (Can),Beverages,Flavoured Milk,Yes,No,Medium,Yes,Low,No,No,0,0,0.0,Yes,Purabi / Sting / Coke,Existing inventory unsold,Stock Already Available,Yes,High,Stock Already Available,High order booking on 2nd Link Road. Re-order velocity for Tinned Paneer and Dark Chocolate remains consistent across kirana outlets.
2026-06-09,Tuesday,24,June,Shaan Enterprise,Biswajit Bormon,Saurav Sinha,2nd Link Road,Silchar Urban,OUT_10_016,2nd Link Road Counter 16,General Store,Medium,Market Street,Yes,Medium,Yes,Amul Tinned Paneer 425g,Dairy,Paneer,Yes,No,Medium,Yes,Low,No,No,0,0,0.0,Yes,Purabi / Sting / Coke,Existing inventory unsold,Stock Already Available,Yes,High,Stock Already Available,High order booking on 2nd Link Road. Re-order velocity for Tinned Paneer and Dark Chocolate remains consistent across kirana outlets.
2026-06-09,Tuesday,24,June,Shaan Enterprise,Biswajit Bormon,Saurav Sinha,2nd Link Road,Silchar Urban,OUT_10_016,2nd Link Road Counter 16,General Store,Medium,Market Street,Yes,Medium,Yes,Amul Butter 50g (₹35 Small Pack),Dairy,Butter,Yes,No,Medium,Yes,Low,No,No,0,0,0.0,Yes,Purabi / Sting / Coke,Existing inventory unsold,Stock Already Available,Yes,High,Stock Already Available,High order booking on 2nd Link Road. Re-order velocity for Tinned Paneer and Dark Chocolate remains consistent across kirana outlets.
2026-06-09,Tuesday,24,June,Shaan Enterprise,Biswajit Bormon,Saurav Sinha,2nd Link Road,Silchar Urban,OUT_10_017,2nd Link Road Counter 17,Kirana Store,Medium,Market Street,No,Medium,Yes,Amul Kool Cafe 200ml (Can),Beverages,Flavoured Milk,Yes,No,Medium,Yes,Low,No,No,0,0,0.0,Yes,Purabi / Sting / Coke,Existing inventory unsold,Stock Already Available,Yes,High,Stock Already Available,High order booking on 2nd Link Road. Re-order velocity for Tinned Paneer and Dark Chocolate remains consistent across kirana outlets.
2026-06-09,Tuesday,24,June,Shaan Enterprise,Biswajit Bormon,Saurav Sinha,2nd Link Road,Silchar Urban,OUT_10_017,2nd Link Road Counter 17,Kirana Store,Medium,Market Street,No,Medium,Yes,Amul Tinned Paneer 425g,Dairy,Paneer,Yes,No,Medium,Yes,Low,No,No,0,0,0.0,Yes,Purabi / Sting / Coke,Existing inventory unsold,Stock Already Available,Yes,High,Stock Already Available,High order booking on 2nd Link Road. Re-order velocity for Tinned Paneer and Dark Chocolate remains consistent across kirana outlets.
2026-06-09,Tuesday,24,June,Shaan Enterprise,Biswajit Bormon,Saurav Sinha,2nd Link Road,Silchar Urban,OUT_10_017,2nd Link Road Counter 17,Kirana Store,Medium,Market Street,No,Medium,Yes,Amul Butter 50g (₹35 Small Pack),Dairy,Butter,Yes,No,Medium,Yes,Low,No,No,0,0,0.0,Yes,Purabi / Sting / Coke,Existing inventory unsold,Stock Already Available,Yes,High,Stock Already Available,High order booking on 2nd Link Road. Re-order velocity for Tinned Paneer and Dark Chocolate remains consistent across kirana outlets.
2026-06-09,Tuesday,24,June,Shaan Enterprise,Biswajit Bormon,Saurav Sinha,2nd Link Road,Silchar Urban,OUT_10_018,2nd Link Road Counter 18,General Store,Medium,Market Street,Yes,Medium,Yes,Amul Kool Cafe 200ml (Can),Beverages,Flavoured Milk,Yes,No,Medium,Yes,Low,No,No,0,0,0.0,Yes,Purabi / Sting / Coke,Existing inventory unsold,Stock Already Available,Yes,High,Stock Already Available,High order booking on 2nd Link Road. Re-order velocity for Tinned Paneer and Dark Chocolate remains consistent across kirana outlets.
2026-06-09,Tuesday,24,June,Shaan Enterprise,Biswajit Bormon,Saurav Sinha,2nd Link Road,Silchar Urban,OUT_10_018,2nd Link Road Counter 18,General Store,Medium,Market Street,Yes,Medium,Yes,Amul Tinned Paneer 425g,Dairy,Paneer,Yes,No,Medium,Yes,Low,No,No,0,0,0.0,Yes,Purabi / Sting / Coke,Existing inventory unsold,Stock Already Available,Yes,High,Stock Already Available,High order booking on 2nd Link Road. Re-order velocity for Tinned Paneer and Dark Chocolate remains consistent across kirana outlets.
2026-06-09,Tuesday,24,June,Shaan Enterprise,Biswajit Bormon,Saurav Sinha,2nd Link Road,Silchar Urban,OUT_10_018,2nd Link Road Counter 18,General Store,Medium,Market Street,Yes,Medium,Yes,Amul Butter 50g (₹35 Small Pack),Dairy,Butter,Yes,No,Medium,Yes,Low,No,No,0,0,0.0,Yes,Purabi / Sting / Coke,Existing inventory unsold,Stock Already Available,Yes,High,Stock Already Available,High order booking on 2nd Link Road. Re-order velocity for Tinned Paneer and Dark Chocolate remains consistent across kirana outlets.
2026-06-09,Tuesday,24,June,Shaan Enterprise,Biswajit Bormon,Saurav Sinha,2nd Link Road,Silchar Urban,OUT_10_019,2nd Link Road Counter 19,Kirana Store,Medium,Market Street,Yes,Medium,Yes,Amul Kool Cafe 200ml (Can),Beverages,Flavoured Milk,Yes,No,Medium,Yes,Low,No,No,0,0,0.0,Yes,Purabi / Sting / Coke,Existing inventory unsold,Stock Already Available,Yes,High,Stock Already Available,High order booking on 2nd Link Road. Re-order velocity for Tinned Paneer and Dark Chocolate remains consistent across kirana outlets.
2026-06-09,Tuesday,24,June,Shaan Enterprise,Biswajit Bormon,Saurav Sinha,2nd Link Road,Silchar Urban,OUT_10_019,2nd Link Road Counter 19,Kirana Store,Medium,Market Street,Yes,Medium,Yes,Amul Tinned Paneer 425g,Dairy,Paneer,Yes,No,Medium,Yes,Low,No,No,0,0,0.0,Yes,Purabi / Sting / Coke,Existing inventory unsold,Stock Already Available,Yes,High,Stock Already Available,High order booking on 2nd Link Road. Re-order velocity for Tinned Paneer and Dark Chocolate remains consistent across kirana outlets.
2026-06-09,Tuesday,24,June,Shaan Enterprise,Biswajit Bormon,Saurav Sinha,2nd Link Road,Silchar Urban,OUT_10_019,2nd Link Road Counter 19,Kirana Store,Medium,Market Street,Yes,Medium,Yes,Amul Butter 50g (₹35 Small Pack),Dairy,Butter,Yes,No,Medium,Yes,Low,No,No,0,0,0.0,Yes,Purabi / Sting / Coke,Existing inventory unsold,Stock Already Available,Yes,High,Stock Already Available,High order booking on 2nd Link Road. Re-order velocity for Tinned Paneer and Dark Chocolate remains consistent across kirana outlets.
2026-06-10,Wednesday,24,June,Modern Times,Santosh PSM,Saurav Sinha,Ambicapatty,Silchar Urban,OUT_11_552,Radharani Store,Kirana Store,Medium,Commercial Market,Yes,High,Yes,Amul Lassi 200ml,Beverages,Fermented Dairy,Yes,No,High,Yes,High,Yes,Yes,30,30,391.2,Yes,Purabi / Coke / Sting,,None,No,Normal,,"Modern Times distribution run in Ambicapatty. High placement of Amul Lassi, Kool Kesar cans, and Tru Mango across high-footfall counters."
2026-06-10,Wednesday,24,June,Modern Times,Santosh PSM,Saurav Sinha,Ambicapatty,Silchar Urban,OUT_11_552,Radharani Store,Kirana Store,Medium,Commercial Market,Yes,Medium,Yes,Amul Tinned Paneer 425g,Dairy,Paneer,Yes,No,Medium,Yes,Medium,No,No,0,0,0,Yes,Purabi / Coke / Sting,Focus SKU rejected,Existing Stock Sufficient,Yes,Medium,Re-pitch during next weekly beat cycle,"Modern Times distribution run in Ambicapatty. High placement of Amul Lassi, Kool Kesar cans, and Tru Mango across high-footfall counters."
2026-06-10,Wednesday,24,June,Modern Times,Santosh PSM,Saurav Sinha,Ambicapatty,Silchar Urban,OUT_11_552,Radharani Store,Kirana Store,Medium,Commercial Market,Yes,Medium,Yes,Amul Butter 50g (₹35 Small Pack),Dairy,Butter,Yes,No,Medium,Yes,Medium,No,No,0,0,0,Yes,Purabi / Coke / Sting,Focus SKU rejected,Existing Stock Sufficient,Yes,Medium,Re-pitch during next weekly beat cycle,"Modern Times distribution run in Ambicapatty. High placement of Amul Lassi, Kool Kesar cans, and Tru Mango across high-footfall counters."
2026-06-10,Wednesday,24,June,Modern Times,Santosh PSM,Saurav Sinha,Ambicapatty,Silchar Urban,OUT_11_552,Radharani Store,Kirana Store,Medium,Commercial Market,Yes,Medium,Yes,Amul Dark Chocolate 150g,Confectionery,Chocolates,Yes,No,Medium,Yes,Medium,No,No,0,0,0,Yes,Purabi / Coke / Sting,Focus SKU rejected,Existing Stock Sufficient,Yes,Medium,Re-pitch during next weekly beat cycle,"Modern Times distribution run in Ambicapatty. High placement of Amul Lassi, Kool Kesar cans, and Tru Mango across high-footfall counters."
2026-06-10,Wednesday,24,June,Modern Times,Santosh PSM,Saurav Sinha,Ambicapatty,Silchar Urban,OUT_11_552,Radharani Store,Kirana Store,Medium,Commercial Market,Yes,Medium,Yes,Amul Tru Mango 200ml,Beverages,Fruit Drinks,Yes,No,Medium,Yes,Medium,No,No,0,0,0,Yes,Purabi / Coke / Sting,Focus SKU rejected,Existing Stock Sufficient,Yes,Medium,Re-pitch during next weekly beat cycle,"Modern Times distribution run in Ambicapatty. High placement of Amul Lassi, Kool Kesar cans, and Tru Mango across high-footfall counters."
2026-06-10,Wednesday,24,June,Modern Times,Santosh PSM,Saurav Sinha,Ambicapatty,Silchar Urban,OUT_11_093,BG Sen Gupta,Bakery & Confectionery,Medium,Commercial Market,Yes,High,Yes,Amul Lassi 200ml,Beverages,Fermented Dairy,Yes,No,High,Yes,High,Yes,Yes,30,30,391.2,Yes,Purabi / Coke / Sting,,None,No,Normal,,"Modern Times distribution run in Ambicapatty. High placement of Amul Lassi, Kool Kesar cans, and Tru Mango across high-footfall counters."
2026-06-10,Wednesday,24,June,Modern Times,Santosh PSM,Saurav Sinha,Ambicapatty,Silchar Urban,OUT_11_093,BG Sen Gupta,Kirana Store,Medium,Commercial Market,Yes,Medium,Yes,Amul Tinned Paneer 425g,Dairy,Paneer,Yes,No,Medium,Yes,Medium,No,No,0,0,0,Yes,Purabi / Coke / Sting,Focus SKU rejected,Existing Stock Sufficient,Yes,Medium,Re-pitch during next weekly beat cycle,"Modern Times distribution run in Ambicapatty. High placement of Amul Lassi, Kool Kesar cans, and Tru Mango across high-footfall counters."
2026-06-10,Wednesday,24,June,Modern Times,Santosh PSM,Saurav Sinha,Ambicapatty,Silchar Urban,OUT_11_093,BG Sen Gupta,Kirana Store,Medium,Commercial Market,Yes,Medium,Yes,Amul Butter 50g (₹35 Small Pack),Dairy,Butter,Yes,No,Medium,Yes,Medium,No,No,0,0,0,Yes,Purabi / Coke / Sting,Focus SKU rejected,Existing Stock Sufficient,Yes,Medium,Re-pitch during next weekly beat cycle,"Modern Times distribution run in Ambicapatty. High placement of Amul Lassi, Kool Kesar cans, and Tru Mango across high-footfall counters."
2026-06-10,Wednesday,24,June,Modern Times,Santosh PSM,Saurav Sinha,Ambicapatty,Silchar Urban,OUT_11_093,BG Sen Gupta,Kirana Store,Medium,Commercial Market,Yes,Medium,Yes,Amul Dark Chocolate 150g,Confectionery,Chocolates,Yes,No,Medium,Yes,Medium,No,No,0,0,0,Yes,Purabi / Coke / Sting,Focus SKU rejected,Existing Stock Sufficient,Yes,Medium,Re-pitch during next weekly beat cycle,"Modern Times distribution run in Ambicapatty. High placement of Amul Lassi, Kool Kesar cans, and Tru Mango across high-footfall counters."
2026-06-10,Wednesday,24,June,Modern Times,Santosh PSM,Saurav Sinha,Ambicapatty,Silchar Urban,OUT_11_093,BG Sen Gupta,Kirana Store,Medium,Commercial Market,Yes,Medium,Yes,Amul Tru Mango 200ml,Beverages,Fruit Drinks,Yes,No,Medium,Yes,Medium,No,No,0,0,0,Yes,Purabi / Coke / Sting,Focus SKU rejected,Existing Stock Sufficient,Yes,Medium,Re-pitch during next weekly beat cycle,"Modern Times distribution run in Ambicapatty. High placement of Amul Lassi, Kool Kesar cans, and Tru Mango across high-footfall counters."
2026-06-10,Wednesday,24,June,Modern Times,Santosh PSM,Saurav Sinha,Ambicapatty,Silchar Urban,OUT_11_882,Lokenath Store,Kirana Store,Medium,Commercial Market,Yes,High,Yes,Amul Kool Kesar 180ml (Can),Beverages,Flavoured Milk,Yes,No,High,Yes,High,Yes,Yes,48,48,1430.4,Yes,Purabi / Coke / Sting,,None,No,Normal,,"Modern Times distribution run in Ambicapatty. High placement of Amul Lassi, Kool Kesar cans, and Tru Mango across high-footfall counters."
2026-06-10,Wednesday,24,June,Modern Times,Santosh PSM,Saurav Sinha,Ambicapatty,Silchar Urban,OUT_11_882,Lokenath Store,Kirana Store,Medium,Commercial Market,Yes,High,Yes,Amul Lassi 200ml,Beverages,Fermented Dairy,Yes,No,High,Yes,High,Yes,Yes,30,30,391.2,Yes,Purabi / Coke / Sting,,None,No,Normal,,"Modern Times distribution run in Ambicapatty. High placement of Amul Lassi, Kool Kesar cans, and Tru Mango across high-footfall counters."
2026-06-10,Wednesday,24,June,Modern Times,Santosh PSM,Saurav Sinha,Ambicapatty,Silchar Urban,OUT_11_882,Lokenath Store,Kirana Store,Medium,Commercial Market,Yes,High,Yes,Amul Tru Litchi 200ml,Beverages,Fruit Drinks,Yes,No,High,Yes,High,Yes,Yes,30,30,385.8,Yes,Purabi / Coke / Sting,,None,No,Normal,,"Modern Times distribution run in Ambicapatty. High placement of Amul Lassi, Kool Kesar cans, and Tru Mango across high-footfall counters."
2026-06-10,Wednesday,24,June,Modern Times,Santosh PSM,Saurav Sinha,Ambicapatty,Silchar Urban,OUT_11_882,Lokenath Store,Kirana Store,Medium,Commercial Market,Yes,High,Yes,Amul Tru Mango 200ml,Beverages,Fruit Drinks,Yes,No,High,Yes,High,Yes,Yes,30,30,385.8,Yes,Purabi / Coke / Sting,,None,No,Normal,,"Modern Times distribution run in Ambicapatty. High placement of Amul Lassi, Kool Kesar cans, and Tru Mango across high-footfall counters."
2026-06-10,Wednesday,24,June,Modern Times,Santosh PSM,Saurav Sinha,Ambicapatty,Silchar Urban,OUT_11_882,Lokenath Store,Kirana Store,Medium,Commercial Market,Yes,High,Yes,Amul Masti Spiced Buttermilk 200ml,Beverages,Fermented Dairy,Yes,No,High,Yes,High,Yes,Yes,30,30,391.2,Yes,Purabi / Coke / Sting,,None,No,Normal,,"Modern Times distribution run in Ambicapatty. High placement of Amul Lassi, Kool Kesar cans, and Tru Mango across high-footfall counters."
2026-06-10,Wednesday,24,June,Modern Times,Santosh PSM,Saurav Sinha,Ambicapatty,Silchar Urban,OUT_11_882,Lokenath Store,Kirana Store,Medium,Commercial Market,Yes,Medium,Yes,Amul Tinned Paneer 425g,Dairy,Paneer,Yes,No,Medium,Yes,Medium,No,No,0,0,0,Yes,Purabi / Coke / Sting,Focus SKU rejected,Existing Stock Sufficient,Yes,Medium,Re-pitch during next weekly beat cycle,"Modern Times distribution run in Ambicapatty. High placement of Amul Lassi, Kool Kesar cans, and Tru Mango across high-footfall counters."
2026-06-10,Wednesday,24,June,Modern Times,Santosh PSM,Saurav Sinha,Ambicapatty,Silchar Urban,OUT_11_882,Lokenath Store,Kirana Store,Medium,Commercial Market,Yes,Medium,Yes,Amul Butter 50g (₹35 Small Pack),Dairy,Butter,Yes,No,Medium,Yes,Medium,No,No,0,0,0,Yes,Purabi / Coke / Sting,Focus SKU rejected,Existing Stock Sufficient,Yes,Medium,Re-pitch during next weekly beat cycle,"Modern Times distribution run in Ambicapatty. High placement of Amul Lassi, Kool Kesar cans, and Tru Mango across high-footfall counters."
2026-06-10,Wednesday,24,June,Modern Times,Santosh PSM,Saurav Sinha,Ambicapatty,Silchar Urban,OUT_11_882,Lokenath Store,Kirana Store,Medium,Commercial Market,Yes,Medium,Yes,Amul Dark Chocolate 150g,Confectionery,Chocolates,Yes,No,Medium,Yes,Medium,No,No,0,0,0,Yes,Purabi / Coke / Sting,Focus SKU rejected,Existing Stock Sufficient,Yes,Medium,Re-pitch during next weekly beat cycle,"Modern Times distribution run in Ambicapatty. High placement of Amul Lassi, Kool Kesar cans, and Tru Mango across high-footfall counters."
2026-06-10,Wednesday,24,June,Modern Times,Santosh PSM,Saurav Sinha,Ambicapatty,Silchar Urban,OUT_11_400,SS Enterprise,Kirana Store,Medium,Commercial Market,Yes,High,Yes,Amul Lassi 200ml,Beverages,Fermented Dairy,Yes,No,High,Yes,High,Yes,Yes,30,30,391.2,Yes,Purabi / Coke / Sting,,None,No,Normal,,"Modern Times distribution run in Ambicapatty. High placement of Amul Lassi, Kool Kesar cans, and Tru Mango across high-footfall counters."
2026-06-10,Wednesday,24,June,Modern Times,Santosh PSM,Saurav Sinha,Ambicapatty,Silchar Urban,OUT_11_400,SS Enterprise,Kirana Store,Medium,Commercial Market,Yes,High,Yes,Amul Kool Kadhai Doodh 200ml (Can),Beverages,Flavoured Milk,Yes,No,High,Yes,High,Yes,Yes,30,30,894.0,Yes,Purabi / Coke / Sting,,None,No,Normal,,"Modern Times distribution run in Ambicapatty. High placement of Amul Lassi, Kool Kesar cans, and Tru Mango across high-footfall counters."
2026-06-10,Wednesday,24,June,Modern Times,Santosh PSM,Saurav Sinha,Ambicapatty,Silchar Urban,OUT_11_400,SS Enterprise,Kirana Store,Medium,Commercial Market,Yes,High,Yes,Amul Masti Spiced Buttermilk 200ml,Beverages,Fermented Dairy,Yes,No,High,Yes,High,Yes,Yes,30,30,391.2,Yes,Purabi / Coke / Sting,,None,No,Normal,,"Modern Times distribution run in Ambicapatty. High placement of Amul Lassi, Kool Kesar cans, and Tru Mango across high-footfall counters."
2026-06-10,Wednesday,24,June,Modern Times,Santosh PSM,Saurav Sinha,Ambicapatty,Silchar Urban,OUT_11_400,SS Enterprise,Kirana Store,Medium,Commercial Market,Yes,Medium,Yes,Amul Tinned Paneer 425g,Dairy,Paneer,Yes,No,Medium,Yes,Medium,No,No,0,0,0,Yes,Purabi / Coke / Sting,Focus SKU rejected,Existing Stock Sufficient,Yes,Medium,Re-pitch during next weekly beat cycle,"Modern Times distribution run in Ambicapatty. High placement of Amul Lassi, Kool Kesar cans, and Tru Mango across high-footfall counters."
2026-06-10,Wednesday,24,June,Modern Times,Santosh PSM,Saurav Sinha,Ambicapatty,Silchar Urban,OUT_11_400,SS Enterprise,Kirana Store,Medium,Commercial Market,Yes,Medium,Yes,Amul Butter 50g (₹35 Small Pack),Dairy,Butter,Yes,No,Medium,Yes,Medium,No,No,0,0,0,Yes,Purabi / Coke / Sting,Focus SKU rejected,Existing Stock Sufficient,Yes,Medium,Re-pitch during next weekly beat cycle,"Modern Times distribution run in Ambicapatty. High placement of Amul Lassi, Kool Kesar cans, and Tru Mango across high-footfall counters."
2026-06-10,Wednesday,24,June,Modern Times,Santosh PSM,Saurav Sinha,Ambicapatty,Silchar Urban,OUT_11_400,SS Enterprise,Kirana Store,Medium,Commercial Market,Yes,Medium,Yes,Amul Dark Chocolate 150g,Confectionery,Chocolates,Yes,No,Medium,Yes,Medium,No,No,0,0,0,Yes,Purabi / Coke / Sting,Focus SKU rejected,Existing Stock Sufficient,Yes,Medium,Re-pitch during next weekly beat cycle,"Modern Times distribution run in Ambicapatty. High placement of Amul Lassi, Kool Kesar cans, and Tru Mango across high-footfall counters."
2026-06-10,Wednesday,24,June,Modern Times,Santosh PSM,Saurav Sinha,Ambicapatty,Silchar Urban,OUT_11_400,SS Enterprise,Kirana Store,Medium,Commercial Market,Yes,Medium,Yes,Amul Tru Mango 200ml,Beverages,Fruit Drinks,Yes,No,Medium,Yes,Medium,No,No,0,0,0,Yes,Purabi / Coke / Sting,Focus SKU rejected,Existing Stock Sufficient,Yes,Medium,Re-pitch during next weekly beat cycle,"Modern Times distribution run in Ambicapatty. High placement of Amul Lassi, Kool Kesar cans, and Tru Mango across high-footfall counters."
2026-06-10,Wednesday,24,June,Modern Times,Santosh PSM,Saurav Sinha,Ambicapatty,Silchar Urban,OUT_11_009,Basanti Cable Network,Bakery & Confectionery,Medium,Commercial Market,Yes,High,Yes,Amul Tru Chocolate 200ml,Beverages,Flavoured Milk,Yes,No,High,Yes,High,Yes,Yes,30,30,385.8,Yes,Purabi / Coke / Sting,,None,No,Normal,,"Modern Times distribution run in Ambicapatty. High placement of Amul Lassi, Kool Kesar cans, and Tru Mango across high-footfall counters."
2026-06-10,Wednesday,24,June,Modern Times,Santosh PSM,Saurav Sinha,Ambicapatty,Silchar Urban,OUT_11_009,Basanti Cable Network,Bakery & Confectionery,Medium,Commercial Market,Yes,High,Yes,Amul Tru Mango 200ml,Beverages,Fruit Drinks,Yes,No,High,Yes,High,Yes,Yes,30,30,385.8,Yes,Purabi / Coke / Sting,,None,No,Normal,,"Modern Times distribution run in Ambicapatty. High placement of Amul Lassi, Kool Kesar cans, and Tru Mango across high-footfall counters."
2026-06-10,Wednesday,24,June,Modern Times,Santosh PSM,Saurav Sinha,Ambicapatty,Silchar Urban,OUT_11_009,Basanti Cable Network,Bakery & Confectionery,Medium,Commercial Market,Yes,High,Yes,Amul Tru Litchi 200ml,Beverages,Fruit Drinks,Yes,No,High,Yes,High,Yes,Yes,30,30,385.8,Yes,Purabi / Coke / Sting,,None,No,Normal,,"Modern Times distribution run in Ambicapatty. High placement of Amul Lassi, Kool Kesar cans, and Tru Mango across high-footfall counters."
2026-06-10,Wednesday,24,June,Modern Times,Santosh PSM,Saurav Sinha,Ambicapatty,Silchar Urban,OUT_11_009,Basanti Cable Network,Bakery & Confectionery,Medium,Commercial Market,Yes,High,Yes,Amul Kool Kesar 180ml (Can),Beverages,Flavoured Milk,Yes,No,High,Yes,High,Yes,Yes,24,24,715.2,Yes,Purabi / Coke / Sting,,None,No,Normal,,"Modern Times distribution run in Ambicapatty. High placement of Amul Lassi, Kool Kesar cans, and Tru Mango across high-footfall counters."
2026-06-10,Wednesday,24,June,Modern Times,Santosh PSM,Saurav Sinha,Ambicapatty,Silchar Urban,OUT_11_009,Basanti Cable Network,Kirana Store,Medium,Commercial Market,Yes,Medium,Yes,Amul Tinned Paneer 425g,Dairy,Paneer,Yes,No,Medium,Yes,Medium,No,No,0,0,0,Yes,Purabi / Coke / Sting,Focus SKU rejected,Existing Stock Sufficient,Yes,Medium,Re-pitch during next weekly beat cycle,"Modern Times distribution run in Ambicapatty. High placement of Amul Lassi, Kool Kesar cans, and Tru Mango across high-footfall counters."
2026-06-10,Wednesday,24,June,Modern Times,Santosh PSM,Saurav Sinha,Ambicapatty,Silchar Urban,OUT_11_009,Basanti Cable Network,Kirana Store,Medium,Commercial Market,Yes,Medium,Yes,Amul Butter 50g (₹35 Small Pack),Dairy,Butter,Yes,No,Medium,Yes,Medium,No,No,0,0,0,Yes,Purabi / Coke / Sting,Focus SKU rejected,Existing Stock Sufficient,Yes,Medium,Re-pitch during next weekly beat cycle,"Modern Times distribution run in Ambicapatty. High placement of Amul Lassi, Kool Kesar cans, and Tru Mango across high-footfall counters."
2026-06-10,Wednesday,24,June,Modern Times,Santosh PSM,Saurav Sinha,Ambicapatty,Silchar Urban,OUT_11_009,Basanti Cable Network,Kirana Store,Medium,Commercial Market,Yes,Medium,Yes,Amul Dark Chocolate 150g,Confectionery,Chocolates,Yes,No,Medium,Yes,Medium,No,No,0,0,0,Yes,Purabi / Coke / Sting,Focus SKU rejected,Existing Stock Sufficient,Yes,Medium,Re-pitch during next weekly beat cycle,"Modern Times distribution run in Ambicapatty. High placement of Amul Lassi, Kool Kesar cans, and Tru Mango across high-footfall counters."
2026-06-10,Wednesday,24,June,Modern Times,Santosh PSM,Saurav Sinha,Ambicapatty,Silchar Urban,OUT_11_501,Sanjib Ghosh,Bakery & Confectionery,Medium,Commercial Market,Yes,High,Yes,Amul Kool Kesar 180ml (Can),Beverages,Flavoured Milk,Yes,No,High,Yes,High,Yes,Yes,24,24,715.2,Yes,Purabi / Coke / Sting,,None,No,Normal,,"Modern Times distribution run in Ambicapatty. High placement of Amul Lassi, Kool Kesar cans, and Tru Mango across high-footfall counters."
2026-06-10,Wednesday,24,June,Modern Times,Santosh PSM,Saurav Sinha,Ambicapatty,Silchar Urban,OUT_11_501,Sanjib Ghosh,Kirana Store,Medium,Commercial Market,Yes,Medium,Yes,Amul Tinned Paneer 425g,Dairy,Paneer,Yes,No,Medium,Yes,Medium,No,No,0,0,0,Yes,Purabi / Coke / Sting,Focus SKU rejected,Existing Stock Sufficient,Yes,Medium,Re-pitch during next weekly beat cycle,"Modern Times distribution run in Ambicapatty. High placement of Amul Lassi, Kool Kesar cans, and Tru Mango across high-footfall counters."
2026-06-10,Wednesday,24,June,Modern Times,Santosh PSM,Saurav Sinha,Ambicapatty,Silchar Urban,OUT_11_501,Sanjib Ghosh,Kirana Store,Medium,Commercial Market,Yes,Medium,Yes,Amul Butter 50g (₹35 Small Pack),Dairy,Butter,Yes,No,Medium,Yes,Medium,No,No,0,0,0,Yes,Purabi / Coke / Sting,Focus SKU rejected,Existing Stock Sufficient,Yes,Medium,Re-pitch during next weekly beat cycle,"Modern Times distribution run in Ambicapatty. High placement of Amul Lassi, Kool Kesar cans, and Tru Mango across high-footfall counters."
2026-06-10,Wednesday,24,June,Modern Times,Santosh PSM,Saurav Sinha,Ambicapatty,Silchar Urban,OUT_11_501,Sanjib Ghosh,Kirana Store,Medium,Commercial Market,Yes,Medium,Yes,Amul Dark Chocolate 150g,Confectionery,Chocolates,Yes,No,Medium,Yes,Medium,No,No,0,0,0,Yes,Purabi / Coke / Sting,Focus SKU rejected,Existing Stock Sufficient,Yes,Medium,Re-pitch during next weekly beat cycle,"Modern Times distribution run in Ambicapatty. High placement of Amul Lassi, Kool Kesar cans, and Tru Mango across high-footfall counters."
2026-06-10,Wednesday,24,June,Modern Times,Santosh PSM,Saurav Sinha,Ambicapatty,Silchar Urban,OUT_11_501,Sanjib Ghosh,Kirana Store,Medium,Commercial Market,Yes,Medium,Yes,Amul Tru Mango 200ml,Beverages,Fruit Drinks,Yes,No,Medium,Yes,Medium,No,No,0,0,0,Yes,Purabi / Coke / Sting,Focus SKU rejected,Existing Stock Sufficient,Yes,Medium,Re-pitch during next weekly beat cycle,"Modern Times distribution run in Ambicapatty. High placement of Amul Lassi, Kool Kesar cans, and Tru Mango across high-footfall counters."
2026-06-10,Wednesday,24,June,Modern Times,Santosh PSM,Saurav Sinha,Ambicapatty,Silchar Urban,OUT_11_007,Ambicapatty Counter 7,Kirana Store,Medium,Market Street,No,Medium,Yes,Amul Tinned Paneer 425g,Dairy,Paneer,Yes,No,Medium,Yes,High,Yes,Yes,24,24,3024.0,Yes,Purabi / Sting / Coke,,None,No,Low,None,"Modern Times distribution run in Ambicapatty. High placement of Amul Lassi, Kool Kesar cans, and Tru Mango across high-footfall counters."
2026-06-10,Wednesday,24,June,Modern Times,Santosh PSM,Saurav Sinha,Ambicapatty,Silchar Urban,OUT_11_007,Ambicapatty Counter 7,Kirana Store,Medium,Market Street,No,Medium,Yes,Amul Butter 50g (₹35 Small Pack),Dairy,Butter,Yes,No,Medium,Yes,High,Yes,Yes,24,24,736.8,Yes,Purabi / Sting / Coke,,None,No,Low,None,"Modern Times distribution run in Ambicapatty. High placement of Amul Lassi, Kool Kesar cans, and Tru Mango across high-footfall counters."
2026-06-10,Wednesday,24,June,Modern Times,Santosh PSM,Saurav Sinha,Ambicapatty,Silchar Urban,OUT_11_007,Ambicapatty Counter 7,Kirana Store,Medium,Market Street,No,Medium,Yes,Amul Dark Chocolate 150g,Confectionery,Chocolates,Yes,No,Medium,Yes,Low,No,No,0,0,0.0,Yes,Purabi / Sting / Coke,Existing inventory unsold,Stock Already Available,Yes,High,Stock Already Available,"Modern Times distribution run in Ambicapatty. High placement of Amul Lassi, Kool Kesar cans, and Tru Mango across high-footfall counters."
2026-06-10,Wednesday,24,June,Modern Times,Santosh PSM,Saurav Sinha,Ambicapatty,Silchar Urban,OUT_11_008,Ambicapatty Counter 8,General Store,Medium,Market Street,Yes,Medium,Yes,Amul Tinned Paneer 425g,Dairy,Paneer,Yes,No,Medium,Yes,High,Yes,Yes,24,24,3024.0,Yes,Purabi / Sting / Coke,,None,No,Low,None,"Modern Times distribution run in Ambicapatty. High placement of Amul Lassi, Kool Kesar cans, and Tru Mango across high-footfall counters."
2026-06-10,Wednesday,24,June,Modern Times,Santosh PSM,Saurav Sinha,Ambicapatty,Silchar Urban,OUT_11_008,Ambicapatty Counter 8,General Store,Medium,Market Street,Yes,Medium,Yes,Amul Butter 50g (₹35 Small Pack),Dairy,Butter,Yes,No,Medium,Yes,Low,No,No,0,0,0.0,Yes,Purabi / Sting / Coke,Existing inventory unsold,Stock Already Available,Yes,High,Stock Already Available,"Modern Times distribution run in Ambicapatty. High placement of Amul Lassi, Kool Kesar cans, and Tru Mango across high-footfall counters."
2026-06-10,Wednesday,24,June,Modern Times,Santosh PSM,Saurav Sinha,Ambicapatty,Silchar Urban,OUT_11_008,Ambicapatty Counter 8,General Store,Medium,Market Street,Yes,Medium,Yes,Amul Dark Chocolate 150g,Confectionery,Chocolates,Yes,No,Medium,Yes,Low,No,No,0,0,0.0,Yes,Purabi / Sting / Coke,Existing inventory unsold,Stock Already Available,Yes,High,Stock Already Available,"Modern Times distribution run in Ambicapatty. High placement of Amul Lassi, Kool Kesar cans, and Tru Mango across high-footfall counters."
2026-06-10,Wednesday,24,June,Modern Times,Santosh PSM,Saurav Sinha,Ambicapatty,Silchar Urban,OUT_11_009,Ambicapatty Counter 9,Kirana Store,Medium,Market Street,Yes,Medium,Yes,Amul Tinned Paneer 425g,Dairy,Paneer,Yes,No,Medium,Yes,High,Yes,Yes,24,24,3024.0,Yes,Purabi / Sting / Coke,,None,No,Low,None,"Modern Times distribution run in Ambicapatty. High placement of Amul Lassi, Kool Kesar cans, and Tru Mango across high-footfall counters."
2026-06-10,Wednesday,24,June,Modern Times,Santosh PSM,Saurav Sinha,Ambicapatty,Silchar Urban,OUT_11_009,Ambicapatty Counter 9,Kirana Store,Medium,Market Street,Yes,Medium,Yes,Amul Butter 50g (₹35 Small Pack),Dairy,Butter,Yes,No,Medium,Yes,High,Yes,Yes,24,24,736.8,Yes,Purabi / Sting / Coke,,None,No,Low,None,"Modern Times distribution run in Ambicapatty. High placement of Amul Lassi, Kool Kesar cans, and Tru Mango across high-footfall counters."
2026-06-10,Wednesday,24,June,Modern Times,Santosh PSM,Saurav Sinha,Ambicapatty,Silchar Urban,OUT_11_009,Ambicapatty Counter 9,Kirana Store,Medium,Market Street,Yes,Medium,Yes,Amul Dark Chocolate 150g,Confectionery,Chocolates,Yes,No,Medium,Yes,Low,No,No,0,0,0.0,Yes,Purabi / Sting / Coke,Existing inventory unsold,Stock Already Available,Yes,High,Stock Already Available,"Modern Times distribution run in Ambicapatty. High placement of Amul Lassi, Kool Kesar cans, and Tru Mango across high-footfall counters."
2026-06-10,Wednesday,24,June,Modern Times,Santosh PSM,Saurav Sinha,Ambicapatty,Silchar Urban,OUT_11_010,Ambicapatty Counter 10,General Store,Medium,Market Street,Yes,Medium,Yes,Amul Tinned Paneer 425g,Dairy,Paneer,Yes,No,Medium,Yes,Low,No,No,0,0,0.0,Yes,Purabi / Sting / Coke,Existing inventory unsold,Stock Already Available,Yes,High,Stock Already Available,"Modern Times distribution run in Ambicapatty. High placement of Amul Lassi, Kool Kesar cans, and Tru Mango across high-footfall counters."
2026-06-10,Wednesday,24,June,Modern Times,Santosh PSM,Saurav Sinha,Ambicapatty,Silchar Urban,OUT_11_010,Ambicapatty Counter 10,General Store,Medium,Market Street,Yes,Medium,Yes,Amul Butter 50g (₹35 Small Pack),Dairy,Butter,Yes,No,Medium,Yes,Low,No,No,0,0,0.0,Yes,Purabi / Sting / Coke,Existing inventory unsold,Stock Already Available,Yes,High,Stock Already Available,"Modern Times distribution run in Ambicapatty. High placement of Amul Lassi, Kool Kesar cans, and Tru Mango across high-footfall counters."
2026-06-10,Wednesday,24,June,Modern Times,Santosh PSM,Saurav Sinha,Ambicapatty,Silchar Urban,OUT_11_010,Ambicapatty Counter 10,General Store,Medium,Market Street,Yes,Medium,Yes,Amul Dark Chocolate 150g,Confectionery,Chocolates,Yes,No,Medium,Yes,Low,No,No,0,0,0.0,Yes,Purabi / Sting / Coke,Existing inventory unsold,Stock Already Available,Yes,High,Stock Already Available,"Modern Times distribution run in Ambicapatty. High placement of Amul Lassi, Kool Kesar cans, and Tru Mango across high-footfall counters."
2026-06-10,Wednesday,24,June,Modern Times,Santosh PSM,Saurav Sinha,Ambicapatty,Silchar Urban,OUT_11_011,Ambicapatty Counter 11,Kirana Store,Medium,Market Street,No,Medium,Yes,Amul Tinned Paneer 425g,Dairy,Paneer,Yes,No,Medium,Yes,Low,No,No,0,0,0.0,Yes,Purabi / Sting / Coke,Existing inventory unsold,Stock Already Available,Yes,High,Stock Already Available,"Modern Times distribution run in Ambicapatty. High placement of Amul Lassi, Kool Kesar cans, and Tru Mango across high-footfall counters."
2026-06-10,Wednesday,24,June,Modern Times,Santosh PSM,Saurav Sinha,Ambicapatty,Silchar Urban,OUT_11_011,Ambicapatty Counter 11,Kirana Store,Medium,Market Street,No,Medium,Yes,Amul Butter 50g (₹35 Small Pack),Dairy,Butter,Yes,No,Medium,Yes,Low,No,No,0,0,0.0,Yes,Purabi / Sting / Coke,Existing inventory unsold,Stock Already Available,Yes,High,Stock Already Available,"Modern Times distribution run in Ambicapatty. High placement of Amul Lassi, Kool Kesar cans, and Tru Mango across high-footfall counters."
2026-06-10,Wednesday,24,June,Modern Times,Santosh PSM,Saurav Sinha,Ambicapatty,Silchar Urban,OUT_11_011,Ambicapatty Counter 11,Kirana Store,Medium,Market Street,No,Medium,Yes,Amul Dark Chocolate 150g,Confectionery,Chocolates,Yes,No,Medium,Yes,Low,No,No,0,0,0.0,Yes,Purabi / Sting / Coke,Existing inventory unsold,Stock Already Available,Yes,High,Stock Already Available,"Modern Times distribution run in Ambicapatty. High placement of Amul Lassi, Kool Kesar cans, and Tru Mango across high-footfall counters."
2026-06-10,Wednesday,24,June,Modern Times,Santosh PSM,Saurav Sinha,Ambicapatty,Silchar Urban,OUT_11_012,Ambicapatty Counter 12,General Store,Medium,Market Street,Yes,Medium,Yes,Amul Tinned Paneer 425g,Dairy,Paneer,Yes,No,Medium,Yes,Low,No,No,0,0,0.0,Yes,Purabi / Sting / Coke,Existing inventory unsold,Stock Already Available,Yes,High,Stock Already Available,"Modern Times distribution run in Ambicapatty. High placement of Amul Lassi, Kool Kesar cans, and Tru Mango across high-footfall counters."
2026-06-10,Wednesday,24,June,Modern Times,Santosh PSM,Saurav Sinha,Ambicapatty,Silchar Urban,OUT_11_012,Ambicapatty Counter 12,General Store,Medium,Market Street,Yes,Medium,Yes,Amul Butter 50g (₹35 Small Pack),Dairy,Butter,Yes,No,Medium,Yes,Low,No,No,0,0,0.0,Yes,Purabi / Sting / Coke,Existing inventory unsold,Stock Already Available,Yes,High,Stock Already Available,"Modern Times distribution run in Ambicapatty. High placement of Amul Lassi, Kool Kesar cans, and Tru Mango across high-footfall counters."
2026-06-10,Wednesday,24,June,Modern Times,Santosh PSM,Saurav Sinha,Ambicapatty,Silchar Urban,OUT_11_012,Ambicapatty Counter 12,General Store,Medium,Market Street,Yes,Medium,Yes,Amul Dark Chocolate 150g,Confectionery,Chocolates,Yes,No,Medium,Yes,Low,No,No,0,0,0.0,Yes,Purabi / Sting / Coke,Existing inventory unsold,Stock Already Available,Yes,High,Stock Already Available,"Modern Times distribution run in Ambicapatty. High placement of Amul Lassi, Kool Kesar cans, and Tru Mango across high-footfall counters."
2026-06-10,Wednesday,24,June,Modern Times,Santosh PSM,Saurav Sinha,Ambicapatty,Silchar Urban,OUT_11_013,Ambicapatty Counter 13,Kirana Store,Medium,Market Street,Yes,Medium,Yes,Amul Tinned Paneer 425g,Dairy,Paneer,Yes,No,Medium,Yes,Low,No,No,0,0,0.0,Yes,Purabi / Sting / Coke,Existing inventory unsold,Stock Already Available,Yes,High,Stock Already Available,"Modern Times distribution run in Ambicapatty. High placement of Amul Lassi, Kool Kesar cans, and Tru Mango across high-footfall counters."
2026-06-10,Wednesday,24,June,Modern Times,Santosh PSM,Saurav Sinha,Ambicapatty,Silchar Urban,OUT_11_013,Ambicapatty Counter 13,Kirana Store,Medium,Market Street,Yes,Medium,Yes,Amul Butter 50g (₹35 Small Pack),Dairy,Butter,Yes,No,Medium,Yes,Low,No,No,0,0,0.0,Yes,Purabi / Sting / Coke,Existing inventory unsold,Stock Already Available,Yes,High,Stock Already Available,"Modern Times distribution run in Ambicapatty. High placement of Amul Lassi, Kool Kesar cans, and Tru Mango across high-footfall counters."
2026-06-10,Wednesday,24,June,Modern Times,Santosh PSM,Saurav Sinha,Ambicapatty,Silchar Urban,OUT_11_013,Ambicapatty Counter 13,Kirana Store,Medium,Market Street,Yes,Medium,Yes,Amul Dark Chocolate 150g,Confectionery,Chocolates,Yes,No,Medium,Yes,Low,No,No,0,0,0.0,Yes,Purabi / Sting / Coke,Existing inventory unsold,Stock Already Available,Yes,High,Stock Already Available,"Modern Times distribution run in Ambicapatty. High placement of Amul Lassi, Kool Kesar cans, and Tru Mango across high-footfall counters."
2026-06-10,Wednesday,24,June,Modern Times,Santosh PSM,Saurav Sinha,Ambicapatty,Silchar Urban,OUT_11_014,Ambicapatty Counter 14,General Store,Medium,Market Street,Yes,Medium,Yes,Amul Tinned Paneer 425g,Dairy,Paneer,Yes,No,Medium,Yes,Low,No,No,0,0,0.0,Yes,Purabi / Sting / Coke,Existing inventory unsold,Stock Already Available,Yes,High,Stock Already Available,"Modern Times distribution run in Ambicapatty. High placement of Amul Lassi, Kool Kesar cans, and Tru Mango across high-footfall counters."
2026-06-10,Wednesday,24,June,Modern Times,Santosh PSM,Saurav Sinha,Ambicapatty,Silchar Urban,OUT_11_014,Ambicapatty Counter 14,General Store,Medium,Market Street,Yes,Medium,Yes,Amul Butter 50g (₹35 Small Pack),Dairy,Butter,Yes,No,Medium,Yes,Low,No,No,0,0,0.0,Yes,Purabi / Sting / Coke,Existing inventory unsold,Stock Already Available,Yes,High,Stock Already Available,"Modern Times distribution run in Ambicapatty. High placement of Amul Lassi, Kool Kesar cans, and Tru Mango across high-footfall counters."
2026-06-10,Wednesday,24,June,Modern Times,Santosh PSM,Saurav Sinha,Ambicapatty,Silchar Urban,OUT_11_014,Ambicapatty Counter 14,General Store,Medium,Market Street,Yes,Medium,Yes,Amul Dark Chocolate 150g,Confectionery,Chocolates,Yes,No,Medium,Yes,Low,No,No,0,0,0.0,Yes,Purabi / Sting / Coke,Existing inventory unsold,Stock Already Available,Yes,High,Stock Already Available,"Modern Times distribution run in Ambicapatty. High placement of Amul Lassi, Kool Kesar cans, and Tru Mango across high-footfall counters."
2026-06-10,Wednesday,24,June,Modern Times,Santosh PSM,Saurav Sinha,Ambicapatty,Silchar Urban,OUT_11_015,Ambicapatty Counter 15,Kirana Store,Medium,Market Street,No,Medium,Yes,Amul Tinned Paneer 425g,Dairy,Paneer,Yes,No,Medium,Yes,Low,No,No,0,0,0.0,Yes,Purabi / Sting / Coke,Existing inventory unsold,Stock Already Available,Yes,High,Stock Already Available,"Modern Times distribution run in Ambicapatty. High placement of Amul Lassi, Kool Kesar cans, and Tru Mango across high-footfall counters."
2026-06-10,Wednesday,24,June,Modern Times,Santosh PSM,Saurav Sinha,Ambicapatty,Silchar Urban,OUT_11_015,Ambicapatty Counter 15,Kirana Store,Medium,Market Street,No,Medium,Yes,Amul Butter 50g (₹35 Small Pack),Dairy,Butter,Yes,No,Medium,Yes,Low,No,No,0,0,0.0,Yes,Purabi / Sting / Coke,Existing inventory unsold,Stock Already Available,Yes,High,Stock Already Available,"Modern Times distribution run in Ambicapatty. High placement of Amul Lassi, Kool Kesar cans, and Tru Mango across high-footfall counters."
2026-06-10,Wednesday,24,June,Modern Times,Santosh PSM,Saurav Sinha,Ambicapatty,Silchar Urban,OUT_11_015,Ambicapatty Counter 15,Kirana Store,Medium,Market Street,No,Medium,Yes,Amul Dark Chocolate 150g,Confectionery,Chocolates,Yes,No,Medium,Yes,Low,No,No,0,0,0.0,Yes,Purabi / Sting / Coke,Existing inventory unsold,Stock Already Available,Yes,High,Stock Already Available,"Modern Times distribution run in Ambicapatty. High placement of Amul Lassi, Kool Kesar cans, and Tru Mango across high-footfall counters."
2026-06-10,Wednesday,24,June,Modern Times,Santosh PSM,Saurav Sinha,Ambicapatty,Silchar Urban,OUT_11_016,Ambicapatty Counter 16,General Store,Medium,Market Street,Yes,Medium,Yes,Amul Tinned Paneer 425g,Dairy,Paneer,Yes,No,Medium,Yes,Low,No,No,0,0,0.0,Yes,Purabi / Sting / Coke,Existing inventory unsold,Stock Already Available,Yes,High,Stock Already Available,"Modern Times distribution run in Ambicapatty. High placement of Amul Lassi, Kool Kesar cans, and Tru Mango across high-footfall counters."
2026-06-10,Wednesday,24,June,Modern Times,Santosh PSM,Saurav Sinha,Ambicapatty,Silchar Urban,OUT_11_016,Ambicapatty Counter 16,General Store,Medium,Market Street,Yes,Medium,Yes,Amul Butter 50g (₹35 Small Pack),Dairy,Butter,Yes,No,Medium,Yes,Low,No,No,0,0,0.0,Yes,Purabi / Sting / Coke,Existing inventory unsold,Stock Already Available,Yes,High,Stock Already Available,"Modern Times distribution run in Ambicapatty. High placement of Amul Lassi, Kool Kesar cans, and Tru Mango across high-footfall counters."
2026-06-10,Wednesday,24,June,Modern Times,Santosh PSM,Saurav Sinha,Ambicapatty,Silchar Urban,OUT_11_016,Ambicapatty Counter 16,General Store,Medium,Market Street,Yes,Medium,Yes,Amul Dark Chocolate 150g,Confectionery,Chocolates,Yes,No,Medium,Yes,Low,No,No,0,0,0.0,Yes,Purabi / Sting / Coke,Existing inventory unsold,Stock Already Available,Yes,High,Stock Already Available,"Modern Times distribution run in Ambicapatty. High placement of Amul Lassi, Kool Kesar cans, and Tru Mango across high-footfall counters."
2026-06-10,Wednesday,24,June,Modern Times,Santosh PSM,Saurav Sinha,Ambicapatty,Silchar Urban,OUT_11_017,Ambicapatty Counter 17,Kirana Store,Medium,Market Street,Yes,Medium,Yes,Amul Tinned Paneer 425g,Dairy,Paneer,Yes,No,Medium,Yes,Low,No,No,0,0,0.0,Yes,Purabi / Sting / Coke,Existing inventory unsold,Stock Already Available,Yes,High,Stock Already Available,"Modern Times distribution run in Ambicapatty. High placement of Amul Lassi, Kool Kesar cans, and Tru Mango across high-footfall counters."
2026-06-10,Wednesday,24,June,Modern Times,Santosh PSM,Saurav Sinha,Ambicapatty,Silchar Urban,OUT_11_017,Ambicapatty Counter 17,Kirana Store,Medium,Market Street,Yes,Medium,Yes,Amul Butter 50g (₹35 Small Pack),Dairy,Butter,Yes,No,Medium,Yes,Low,No,No,0,0,0.0,Yes,Purabi / Sting / Coke,Existing inventory unsold,Stock Already Available,Yes,High,Stock Already Available,"Modern Times distribution run in Ambicapatty. High placement of Amul Lassi, Kool Kesar cans, and Tru Mango across high-footfall counters."
2026-06-10,Wednesday,24,June,Modern Times,Santosh PSM,Saurav Sinha,Ambicapatty,Silchar Urban,OUT_11_017,Ambicapatty Counter 17,Kirana Store,Medium,Market Street,Yes,Medium,Yes,Amul Dark Chocolate 150g,Confectionery,Chocolates,Yes,No,Medium,Yes,Low,No,No,0,0,0.0,Yes,Purabi / Sting / Coke,Existing inventory unsold,Stock Already Available,Yes,High,Stock Already Available,"Modern Times distribution run in Ambicapatty. High placement of Amul Lassi, Kool Kesar cans, and Tru Mango across high-footfall counters."
2026-06-10,Wednesday,24,June,Modern Times,Santosh PSM,Saurav Sinha,Ambicapatty,Silchar Urban,OUT_11_018,Ambicapatty Counter 18,General Store,Medium,Market Street,Yes,Medium,Yes,Amul Tinned Paneer 425g,Dairy,Paneer,Yes,No,Medium,Yes,Low,No,No,0,0,0.0,Yes,Purabi / Sting / Coke,Existing inventory unsold,Stock Already Available,Yes,High,Stock Already Available,"Modern Times distribution run in Ambicapatty. High placement of Amul Lassi, Kool Kesar cans, and Tru Mango across high-footfall counters."
2026-06-10,Wednesday,24,June,Modern Times,Santosh PSM,Saurav Sinha,Ambicapatty,Silchar Urban,OUT_11_018,Ambicapatty Counter 18,General Store,Medium,Market Street,Yes,Medium,Yes,Amul Butter 50g (₹35 Small Pack),Dairy,Butter,Yes,No,Medium,Yes,Low,No,No,0,0,0.0,Yes,Purabi / Sting / Coke,Existing inventory unsold,Stock Already Available,Yes,High,Stock Already Available,"Modern Times distribution run in Ambicapatty. High placement of Amul Lassi, Kool Kesar cans, and Tru Mango across high-footfall counters."
2026-06-10,Wednesday,24,June,Modern Times,Santosh PSM,Saurav Sinha,Ambicapatty,Silchar Urban,OUT_11_018,Ambicapatty Counter 18,General Store,Medium,Market Street,Yes,Medium,Yes,Amul Dark Chocolate 150g,Confectionery,Chocolates,Yes,No,Medium,Yes,Low,No,No,0,0,0.0,Yes,Purabi / Sting / Coke,Existing inventory unsold,Stock Already Available,Yes,High,Stock Already Available,"Modern Times distribution run in Ambicapatty. High placement of Amul Lassi, Kool Kesar cans, and Tru Mango across high-footfall counters."
2026-06-10,Wednesday,24,June,Modern Times,Santosh PSM,Saurav Sinha,Ambicapatty,Silchar Urban,OUT_11_019,Ambicapatty Counter 19,Kirana Store,Medium,Market Street,No,Medium,Yes,Amul Tinned Paneer 425g,Dairy,Paneer,Yes,No,Medium,Yes,Low,No,No,0,0,0.0,Yes,Purabi / Sting / Coke,Existing inventory unsold,Stock Already Available,Yes,High,Stock Already Available,"Modern Times distribution run in Ambicapatty. High placement of Amul Lassi, Kool Kesar cans, and Tru Mango across high-footfall counters."
2026-06-10,Wednesday,24,June,Modern Times,Santosh PSM,Saurav Sinha,Ambicapatty,Silchar Urban,OUT_11_019,Ambicapatty Counter 19,Kirana Store,Medium,Market Street,No,Medium,Yes,Amul Butter 50g (₹35 Small Pack),Dairy,Butter,Yes,No,Medium,Yes,Low,No,No,0,0,0.0,Yes,Purabi / Sting / Coke,Existing inventory unsold,Stock Already Available,Yes,High,Stock Already Available,"Modern Times distribution run in Ambicapatty. High placement of Amul Lassi, Kool Kesar cans, and Tru Mango across high-footfall counters."
2026-06-10,Wednesday,24,June,Modern Times,Santosh PSM,Saurav Sinha,Ambicapatty,Silchar Urban,OUT_11_019,Ambicapatty Counter 19,Kirana Store,Medium,Market Street,No,Medium,Yes,Amul Dark Chocolate 150g,Confectionery,Chocolates,Yes,No,Medium,Yes,Low,No,No,0,0,0.0,Yes,Purabi / Sting / Coke,Existing inventory unsold,Stock Already Available,Yes,High,Stock Already Available,"Modern Times distribution run in Ambicapatty. High placement of Amul Lassi, Kool Kesar cans, and Tru Mango across high-footfall counters."
2026-06-10,Wednesday,24,June,Modern Times,Santosh PSM,Saurav Sinha,Ambicapatty,Silchar Urban,OUT_11_020,Ambicapatty Counter 20,General Store,Medium,Market Street,Yes,Medium,Yes,Amul Tinned Paneer 425g,Dairy,Paneer,Yes,No,Medium,Yes,Low,No,No,0,0,0.0,Yes,Purabi / Sting / Coke,Existing inventory unsold,Stock Already Available,Yes,High,Stock Already Available,"Modern Times distribution run in Ambicapatty. High placement of Amul Lassi, Kool Kesar cans, and Tru Mango across high-footfall counters."
2026-06-10,Wednesday,24,June,Modern Times,Santosh PSM,Saurav Sinha,Ambicapatty,Silchar Urban,OUT_11_020,Ambicapatty Counter 20,General Store,Medium,Market Street,Yes,Medium,Yes,Amul Butter 50g (₹35 Small Pack),Dairy,Butter,Yes,No,Medium,Yes,Low,No,No,0,0,0.0,Yes,Purabi / Sting / Coke,Existing inventory unsold,Stock Already Available,Yes,High,Stock Already Available,"Modern Times distribution run in Ambicapatty. High placement of Amul Lassi, Kool Kesar cans, and Tru Mango across high-footfall counters."
2026-06-10,Wednesday,24,June,Modern Times,Santosh PSM,Saurav Sinha,Ambicapatty,Silchar Urban,OUT_11_020,Ambicapatty Counter 20,General Store,Medium,Market Street,Yes,Medium,Yes,Amul Dark Chocolate 150g,Confectionery,Chocolates,Yes,No,Medium,Yes,Low,No,No,0,0,0.0,Yes,Purabi / Sting / Coke,Existing inventory unsold,Stock Already Available,Yes,High,Stock Already Available,"Modern Times distribution run in Ambicapatty. High placement of Amul Lassi, Kool Kesar cans, and Tru Mango across high-footfall counters."
2026-06-11,Thursday,24,June,Sengupta Agencies,Amarjeet Deb Purkayastha,Saurav Sinha,Itkhola,Silchar Urban,OUT_12_100,R Das,Bakery & Confectionery,Medium,Commercial Market,Yes,High,Yes,Amul Kool PET Bottle 200ml,Beverages,Flavoured Milk,Yes,No,High,Yes,High,Yes,Yes,30,30,652.2,Yes,Purabi / Coke / Sting,,None,No,Normal,,"Itkhola beat coverage with Sengupta Agencies. Successfully placed Amul Kool PET bottles, Tru Litchi, and Milkshake Vanilla across retail points."
2026-06-11,Thursday,24,June,Sengupta Agencies,Amarjeet Deb Purkayastha,Saurav Sinha,Itkhola,Silchar Urban,OUT_12_100,R Das,Kirana Store,Medium,Commercial Market,Yes,Medium,Yes,Amul Butter 50g (₹35 Small Pack),Dairy,Butter,Yes,No,Medium,Yes,Medium,No,No,0,0,0,Yes,Purabi / Coke / Sting,Focus SKU rejected,Existing Stock Sufficient,Yes,Medium,Re-pitch during next weekly beat cycle,"Itkhola beat coverage with Sengupta Agencies. Successfully placed Amul Kool PET bottles, Tru Litchi, and Milkshake Vanilla across retail points."
2026-06-11,Thursday,24,June,Sengupta Agencies,Amarjeet Deb Purkayastha,Saurav Sinha,Itkhola,Silchar Urban,OUT_12_100,R Das,Kirana Store,Medium,Commercial Market,Yes,Medium,Yes,Amul Dark Chocolate 150g,Confectionery,Chocolates,Yes,No,Medium,Yes,Medium,No,No,0,0,0,Yes,Purabi / Coke / Sting,Focus SKU rejected,Existing Stock Sufficient,Yes,Medium,Re-pitch during next weekly beat cycle,"Itkhola beat coverage with Sengupta Agencies. Successfully placed Amul Kool PET bottles, Tru Litchi, and Milkshake Vanilla across retail points."
2026-06-11,Thursday,24,June,Sengupta Agencies,Amarjeet Deb Purkayastha,Saurav Sinha,Itkhola,Silchar Urban,OUT_12_100,R Das,Kirana Store,Medium,Commercial Market,Yes,Medium,Yes,Amul Tru Mango 200ml,Beverages,Fruit Drinks,Yes,No,Medium,Yes,Medium,No,No,0,0,0,Yes,Purabi / Coke / Sting,Focus SKU rejected,Existing Stock Sufficient,Yes,Medium,Re-pitch during next weekly beat cycle,"Itkhola beat coverage with Sengupta Agencies. Successfully placed Amul Kool PET bottles, Tru Litchi, and Milkshake Vanilla across retail points."
2026-06-11,Thursday,24,June,Sengupta Agencies,Amarjeet Deb Purkayastha,Saurav Sinha,Itkhola,Silchar Urban,OUT_12_100,R Das,Kirana Store,Medium,Commercial Market,Yes,Medium,Yes,Amul Tru Litchi 200ml,Beverages,Fruit Drinks,Yes,No,Medium,Yes,Medium,No,No,0,0,0,Yes,Purabi / Coke / Sting,Focus SKU rejected,Existing Stock Sufficient,Yes,Medium,Re-pitch during next weekly beat cycle,"Itkhola beat coverage with Sengupta Agencies. Successfully placed Amul Kool PET bottles, Tru Litchi, and Milkshake Vanilla across retail points."
2026-06-11,Thursday,24,June,Sengupta Agencies,Amarjeet Deb Purkayastha,Saurav Sinha,Itkhola,Silchar Urban,OUT_12_161,Tapu Sarkar,Bakery & Confectionery,Medium,Commercial Market,Yes,High,Yes,Amul Tru Chocolate 200ml,Beverages,Flavoured Milk,Yes,No,High,Yes,High,Yes,Yes,30,30,385.8,Yes,Purabi / Coke / Sting,,None,No,Normal,,"Itkhola beat coverage with Sengupta Agencies. Successfully placed Amul Kool PET bottles, Tru Litchi, and Milkshake Vanilla across retail points."
2026-06-11,Thursday,24,June,Sengupta Agencies,Amarjeet Deb Purkayastha,Saurav Sinha,Itkhola,Silchar Urban,OUT_12_161,Tapu Sarkar,Bakery & Confectionery,Medium,Commercial Market,Yes,High,Yes,Amul Tru Litchi 200ml,Beverages,Fruit Drinks,Yes,No,High,Yes,High,Yes,Yes,30,30,385.8,Yes,Purabi / Coke / Sting,,None,No,Normal,,"Itkhola beat coverage with Sengupta Agencies. Successfully placed Amul Kool PET bottles, Tru Litchi, and Milkshake Vanilla across retail points."
2026-06-11,Thursday,24,June,Sengupta Agencies,Amarjeet Deb Purkayastha,Saurav Sinha,Itkhola,Silchar Urban,OUT_12_161,Tapu Sarkar,Bakery & Confectionery,Medium,Commercial Market,Yes,High,Yes,Amul Milkshake Vanilla 200ml,Beverages,Milkshakes,Yes,No,High,Yes,High,Yes,Yes,12,12,357.6,Yes,Purabi / Coke / Sting,,None,No,Normal,,"Itkhola beat coverage with Sengupta Agencies. Successfully placed Amul Kool PET bottles, Tru Litchi, and Milkshake Vanilla across retail points."
2026-06-11,Thursday,24,June,Sengupta Agencies,Amarjeet Deb Purkayastha,Saurav Sinha,Itkhola,Silchar Urban,OUT_12_161,Tapu Sarkar,Bakery & Confectionery,Medium,Commercial Market,Yes,High,Yes,Amul Milkshake Butterscotch 200ml,Beverages,Milkshakes,Yes,No,High,Yes,High,Yes,Yes,12,12,357.6,Yes,Purabi / Coke / Sting,,None,No,Normal,,"Itkhola beat coverage with Sengupta Agencies. Successfully placed Amul Kool PET bottles, Tru Litchi, and Milkshake Vanilla across retail points."
2026-06-11,Thursday,24,June,Sengupta Agencies,Amarjeet Deb Purkayastha,Saurav Sinha,Itkhola,Silchar Urban,OUT_12_161,Tapu Sarkar,Kirana Store,Medium,Commercial Market,Yes,Medium,Yes,Amul Butter 50g (₹35 Small Pack),Dairy,Butter,Yes,No,Medium,Yes,Medium,No,No,0,0,0,Yes,Purabi / Coke / Sting,Focus SKU rejected,Existing Stock Sufficient,Yes,Medium,Re-pitch during next weekly beat cycle,"Itkhola beat coverage with Sengupta Agencies. Successfully placed Amul Kool PET bottles, Tru Litchi, and Milkshake Vanilla across retail points."
2026-06-11,Thursday,24,June,Sengupta Agencies,Amarjeet Deb Purkayastha,Saurav Sinha,Itkhola,Silchar Urban,OUT_12_161,Tapu Sarkar,Kirana Store,Medium,Commercial Market,Yes,Medium,Yes,Amul Dark Chocolate 150g,Confectionery,Chocolates,Yes,No,Medium,Yes,Medium,No,No,0,0,0,Yes,Purabi / Coke / Sting,Focus SKU rejected,Existing Stock Sufficient,Yes,Medium,Re-pitch during next weekly beat cycle,"Itkhola beat coverage with Sengupta Agencies. Successfully placed Amul Kool PET bottles, Tru Litchi, and Milkshake Vanilla across retail points."
2026-06-11,Thursday,24,June,Sengupta Agencies,Amarjeet Deb Purkayastha,Saurav Sinha,Itkhola,Silchar Urban,OUT_12_161,Tapu Sarkar,Kirana Store,Medium,Commercial Market,Yes,Medium,Yes,Amul Tru Mango 200ml,Beverages,Fruit Drinks,Yes,No,Medium,Yes,Medium,No,No,0,0,0,Yes,Purabi / Coke / Sting,Focus SKU rejected,Existing Stock Sufficient,Yes,Medium,Re-pitch during next weekly beat cycle,"Itkhola beat coverage with Sengupta Agencies. Successfully placed Amul Kool PET bottles, Tru Litchi, and Milkshake Vanilla across retail points."
2026-06-11,Thursday,24,June,Sengupta Agencies,Amarjeet Deb Purkayastha,Saurav Sinha,Itkhola,Silchar Urban,OUT_12_838,KB Store,Kirana Store,Medium,Commercial Market,Yes,High,Yes,Amul Tru Litchi 200ml,Beverages,Fruit Drinks,Yes,No,High,Yes,High,Yes,Yes,90,90,1157.4,Yes,Purabi / Coke / Sting,,None,No,Normal,,"Itkhola beat coverage with Sengupta Agencies. Successfully placed Amul Kool PET bottles, Tru Litchi, and Milkshake Vanilla across retail points."
2026-06-11,Thursday,24,June,Sengupta Agencies,Amarjeet Deb Purkayastha,Saurav Sinha,Itkhola,Silchar Urban,OUT_12_838,KB Store,Kirana Store,Medium,Commercial Market,Yes,Medium,Yes,Amul Butter 50g (₹35 Small Pack),Dairy,Butter,Yes,No,Medium,Yes,Medium,No,No,0,0,0,Yes,Purabi / Coke / Sting,Focus SKU rejected,Existing Stock Sufficient,Yes,Medium,Re-pitch during next weekly beat cycle,"Itkhola beat coverage with Sengupta Agencies. Successfully placed Amul Kool PET bottles, Tru Litchi, and Milkshake Vanilla across retail points."
2026-06-11,Thursday,24,June,Sengupta Agencies,Amarjeet Deb Purkayastha,Saurav Sinha,Itkhola,Silchar Urban,OUT_12_838,KB Store,Kirana Store,Medium,Commercial Market,Yes,Medium,Yes,Amul Dark Chocolate 150g,Confectionery,Chocolates,Yes,No,Medium,Yes,Medium,No,No,0,0,0,Yes,Purabi / Coke / Sting,Focus SKU rejected,Existing Stock Sufficient,Yes,Medium,Re-pitch during next weekly beat cycle,"Itkhola beat coverage with Sengupta Agencies. Successfully placed Amul Kool PET bottles, Tru Litchi, and Milkshake Vanilla across retail points."
2026-06-11,Thursday,24,June,Sengupta Agencies,Amarjeet Deb Purkayastha,Saurav Sinha,Itkhola,Silchar Urban,OUT_12_838,KB Store,Kirana Store,Medium,Commercial Market,Yes,Medium,Yes,Amul Tru Mango 200ml,Beverages,Fruit Drinks,Yes,No,Medium,Yes,Medium,No,No,0,0,0,Yes,Purabi / Coke / Sting,Focus SKU rejected,Existing Stock Sufficient,Yes,Medium,Re-pitch during next weekly beat cycle,"Itkhola beat coverage with Sengupta Agencies. Successfully placed Amul Kool PET bottles, Tru Litchi, and Milkshake Vanilla across retail points."
2026-06-11,Thursday,24,June,Sengupta Agencies,Amarjeet Deb Purkayastha,Saurav Sinha,Itkhola,Silchar Urban,OUT_12_391,GM Store,Kirana Store,Medium,Commercial Market,Yes,High,Yes,Amul Kool Kesar 180ml (Can),Beverages,Flavoured Milk,Yes,No,High,Yes,High,Yes,Yes,24,24,715.2,Yes,Purabi / Coke / Sting,,None,No,Normal,,"Itkhola beat coverage with Sengupta Agencies. Successfully placed Amul Kool PET bottles, Tru Litchi, and Milkshake Vanilla across retail points."
2026-06-11,Thursday,24,June,Sengupta Agencies,Amarjeet Deb Purkayastha,Saurav Sinha,Itkhola,Silchar Urban,OUT_12_391,GM Store,Kirana Store,Medium,Commercial Market,Yes,High,Yes,Amul Tru Litchi 200ml,Beverages,Fruit Drinks,Yes,No,High,Yes,High,Yes,Yes,60,60,771.6,Yes,Purabi / Coke / Sting,,None,No,Normal,,"Itkhola beat coverage with Sengupta Agencies. Successfully placed Amul Kool PET bottles, Tru Litchi, and Milkshake Vanilla across retail points."
2026-06-11,Thursday,24,June,Sengupta Agencies,Amarjeet Deb Purkayastha,Saurav Sinha,Itkhola,Silchar Urban,OUT_12_391,GM Store,Kirana Store,Medium,Commercial Market,Yes,Medium,Yes,Amul Butter 50g (₹35 Small Pack),Dairy,Butter,Yes,No,Medium,Yes,Medium,No,No,0,0,0,Yes,Purabi / Coke / Sting,Focus SKU rejected,Existing Stock Sufficient,Yes,Medium,Re-pitch during next weekly beat cycle,"Itkhola beat coverage with Sengupta Agencies. Successfully placed Amul Kool PET bottles, Tru Litchi, and Milkshake Vanilla across retail points."
2026-06-11,Thursday,24,June,Sengupta Agencies,Amarjeet Deb Purkayastha,Saurav Sinha,Itkhola,Silchar Urban,OUT_12_391,GM Store,Kirana Store,Medium,Commercial Market,Yes,Medium,Yes,Amul Dark Chocolate 150g,Confectionery,Chocolates,Yes,No,Medium,Yes,Medium,No,No,0,0,0,Yes,Purabi / Coke / Sting,Focus SKU rejected,Existing Stock Sufficient,Yes,Medium,Re-pitch during next weekly beat cycle,"Itkhola beat coverage with Sengupta Agencies. Successfully placed Amul Kool PET bottles, Tru Litchi, and Milkshake Vanilla across retail points."
2026-06-11,Thursday,24,June,Sengupta Agencies,Amarjeet Deb Purkayastha,Saurav Sinha,Itkhola,Silchar Urban,OUT_12_391,GM Store,Kirana Store,Medium,Commercial Market,Yes,Medium,Yes,Amul Tru Mango 200ml,Beverages,Fruit Drinks,Yes,No,Medium,Yes,Medium,No,No,0,0,0,Yes,Purabi / Coke / Sting,Focus SKU rejected,Existing Stock Sufficient,Yes,Medium,Re-pitch during next weekly beat cycle,"Itkhola beat coverage with Sengupta Agencies. Successfully placed Amul Kool PET bottles, Tru Litchi, and Milkshake Vanilla across retail points."
2026-06-11,Thursday,24,June,Sengupta Agencies,Amarjeet Deb Purkayastha,Saurav Sinha,Itkhola,Silchar Urban,OUT_12_361,Ranjita Pan Bhandar,Bakery & Confectionery,Medium,Commercial Market,Yes,High,Yes,Amul Lassi 200ml,Beverages,Fermented Dairy,Yes,No,High,Yes,High,Yes,Yes,60,60,782.4,Yes,Purabi / Coke / Sting,,None,No,Normal,,"Itkhola beat coverage with Sengupta Agencies. Successfully placed Amul Kool PET bottles, Tru Litchi, and Milkshake Vanilla across retail points."
2026-06-11,Thursday,24,June,Sengupta Agencies,Amarjeet Deb Purkayastha,Saurav Sinha,Itkhola,Silchar Urban,OUT_12_361,Ranjita Pan Bhandar,Bakery & Confectionery,Medium,Commercial Market,Yes,High,Yes,Amul Mango Lassi 200ml,Beverages,Fermented Dairy,Yes,No,High,Yes,High,Yes,Yes,30,30,521.7,Yes,Purabi / Coke / Sting,,None,No,Normal,,"Itkhola beat coverage with Sengupta Agencies. Successfully placed Amul Kool PET bottles, Tru Litchi, and Milkshake Vanilla across retail points."
2026-06-11,Thursday,24,June,Sengupta Agencies,Amarjeet Deb Purkayastha,Saurav Sinha,Itkhola,Silchar Urban,OUT_12_361,Ranjita Pan Bhandar,Kirana Store,Medium,Commercial Market,Yes,Medium,Yes,Amul Butter 50g (₹35 Small Pack),Dairy,Butter,Yes,No,Medium,Yes,Medium,No,No,0,0,0,Yes,Purabi / Coke / Sting,Focus SKU rejected,Existing Stock Sufficient,Yes,Medium,Re-pitch during next weekly beat cycle,"Itkhola beat coverage with Sengupta Agencies. Successfully placed Amul Kool PET bottles, Tru Litchi, and Milkshake Vanilla across retail points."
2026-06-11,Thursday,24,June,Sengupta Agencies,Amarjeet Deb Purkayastha,Saurav Sinha,Itkhola,Silchar Urban,OUT_12_361,Ranjita Pan Bhandar,Kirana Store,Medium,Commercial Market,Yes,Medium,Yes,Amul Dark Chocolate 150g,Confectionery,Chocolates,Yes,No,Medium,Yes,Medium,No,No,0,0,0,Yes,Purabi / Coke / Sting,Focus SKU rejected,Existing Stock Sufficient,Yes,Medium,Re-pitch during next weekly beat cycle,"Itkhola beat coverage with Sengupta Agencies. Successfully placed Amul Kool PET bottles, Tru Litchi, and Milkshake Vanilla across retail points."
2026-06-11,Thursday,24,June,Sengupta Agencies,Amarjeet Deb Purkayastha,Saurav Sinha,Itkhola,Silchar Urban,OUT_12_361,Ranjita Pan Bhandar,Kirana Store,Medium,Commercial Market,Yes,Medium,Yes,Amul Tru Mango 200ml,Beverages,Fruit Drinks,Yes,No,Medium,Yes,Medium,No,No,0,0,0,Yes,Purabi / Coke / Sting,Focus SKU rejected,Existing Stock Sufficient,Yes,Medium,Re-pitch during next weekly beat cycle,"Itkhola beat coverage with Sengupta Agencies. Successfully placed Amul Kool PET bottles, Tru Litchi, and Milkshake Vanilla across retail points."
2026-06-11,Thursday,24,June,Sengupta Agencies,Amarjeet Deb Purkayastha,Saurav Sinha,Itkhola,Silchar Urban,OUT_12_361,Ranjita Pan Bhandar,Kirana Store,Medium,Commercial Market,Yes,Medium,Yes,Amul Tru Litchi 200ml,Beverages,Fruit Drinks,Yes,No,Medium,Yes,Medium,No,No,0,0,0,Yes,Purabi / Coke / Sting,Focus SKU rejected,Existing Stock Sufficient,Yes,Medium,Re-pitch during next weekly beat cycle,"Itkhola beat coverage with Sengupta Agencies. Successfully placed Amul Kool PET bottles, Tru Litchi, and Milkshake Vanilla across retail points."
2026-06-11,Thursday,24,June,Sengupta Agencies,Amarjeet Deb Purkayastha,Saurav Sinha,Itkhola,Silchar Urban,OUT_12_533,Santoshi Store,Kirana Store,Medium,Commercial Market,Yes,High,Yes,Amul Tru Mango 200ml,Beverages,Fruit Drinks,Yes,No,High,Yes,High,Yes,Yes,30,30,385.8,Yes,Purabi / Coke / Sting,,None,No,Normal,,"Itkhola beat coverage with Sengupta Agencies. Successfully placed Amul Kool PET bottles, Tru Litchi, and Milkshake Vanilla across retail points."
2026-06-11,Thursday,24,June,Sengupta Agencies,Amarjeet Deb Purkayastha,Saurav Sinha,Itkhola,Silchar Urban,OUT_12_533,Santoshi Store,Kirana Store,Medium,Commercial Market,Yes,Medium,Yes,Amul Butter 50g (₹35 Small Pack),Dairy,Butter,Yes,No,Medium,Yes,Medium,No,No,0,0,0,Yes,Purabi / Coke / Sting,Focus SKU rejected,Existing Stock Sufficient,Yes,Medium,Re-pitch during next weekly beat cycle,"Itkhola beat coverage with Sengupta Agencies. Successfully placed Amul Kool PET bottles, Tru Litchi, and Milkshake Vanilla across retail points."
2026-06-11,Thursday,24,June,Sengupta Agencies,Amarjeet Deb Purkayastha,Saurav Sinha,Itkhola,Silchar Urban,OUT_12_533,Santoshi Store,Kirana Store,Medium,Commercial Market,Yes,Medium,Yes,Amul Dark Chocolate 150g,Confectionery,Chocolates,Yes,No,Medium,Yes,Medium,No,No,0,0,0,Yes,Purabi / Coke / Sting,Focus SKU rejected,Existing Stock Sufficient,Yes,Medium,Re-pitch during next weekly beat cycle,"Itkhola beat coverage with Sengupta Agencies. Successfully placed Amul Kool PET bottles, Tru Litchi, and Milkshake Vanilla across retail points."
2026-06-11,Thursday,24,June,Sengupta Agencies,Amarjeet Deb Purkayastha,Saurav Sinha,Itkhola,Silchar Urban,OUT_12_533,Santoshi Store,Kirana Store,Medium,Commercial Market,Yes,Medium,Yes,Amul Tru Litchi 200ml,Beverages,Fruit Drinks,Yes,No,Medium,Yes,Medium,No,No,0,0,0,Yes,Purabi / Coke / Sting,Focus SKU rejected,Existing Stock Sufficient,Yes,Medium,Re-pitch during next weekly beat cycle,"Itkhola beat coverage with Sengupta Agencies. Successfully placed Amul Kool PET bottles, Tru Litchi, and Milkshake Vanilla across retail points."
2026-06-11,Thursday,24,June,Sengupta Agencies,Amarjeet Deb Purkayastha,Saurav Sinha,Itkhola,Silchar Urban,OUT_12_007,Itkhola Counter 7,Kirana Store,Medium,Market Street,No,Medium,Yes,Amul Butter 50g (₹35 Small Pack),Dairy,Butter,Yes,No,Medium,Yes,Low,No,No,0,0,0.0,Yes,Purabi / Sting / Coke,Existing inventory unsold,Stock Already Available,Yes,High,Stock Already Available,"Itkhola beat coverage with Sengupta Agencies. Successfully placed Amul Kool PET bottles, Tru Litchi, and Milkshake Vanilla across retail points."
2026-06-11,Thursday,24,June,Sengupta Agencies,Amarjeet Deb Purkayastha,Saurav Sinha,Itkhola,Silchar Urban,OUT_12_007,Itkhola Counter 7,Kirana Store,Medium,Market Street,No,Medium,Yes,Amul Dark Chocolate 150g,Confectionery,Chocolates,Yes,No,Medium,Yes,Low,No,No,0,0,0.0,Yes,Purabi / Sting / Coke,Existing inventory unsold,Stock Already Available,Yes,High,Stock Already Available,"Itkhola beat coverage with Sengupta Agencies. Successfully placed Amul Kool PET bottles, Tru Litchi, and Milkshake Vanilla across retail points."
2026-06-11,Thursday,24,June,Sengupta Agencies,Amarjeet Deb Purkayastha,Saurav Sinha,Itkhola,Silchar Urban,OUT_12_007,Itkhola Counter 7,Kirana Store,Medium,Market Street,No,Medium,Yes,Amul Tru Mango 200ml,Beverages,Fruit Drinks,Yes,No,Medium,Yes,Low,No,No,0,0,0.0,Yes,Purabi / Sting / Coke,Existing inventory unsold,Stock Already Available,Yes,High,Stock Already Available,"Itkhola beat coverage with Sengupta Agencies. Successfully placed Amul Kool PET bottles, Tru Litchi, and Milkshake Vanilla across retail points."
2026-06-11,Thursday,24,June,Sengupta Agencies,Amarjeet Deb Purkayastha,Saurav Sinha,Itkhola,Silchar Urban,OUT_12_008,Itkhola Counter 8,General Store,Medium,Market Street,Yes,Medium,Yes,Amul Butter 50g (₹35 Small Pack),Dairy,Butter,Yes,No,Medium,Yes,Low,No,No,0,0,0.0,Yes,Purabi / Sting / Coke,Existing inventory unsold,Stock Already Available,Yes,High,Stock Already Available,"Itkhola beat coverage with Sengupta Agencies. Successfully placed Amul Kool PET bottles, Tru Litchi, and Milkshake Vanilla across retail points."
2026-06-11,Thursday,24,June,Sengupta Agencies,Amarjeet Deb Purkayastha,Saurav Sinha,Itkhola,Silchar Urban,OUT_12_008,Itkhola Counter 8,General Store,Medium,Market Street,Yes,Medium,Yes,Amul Dark Chocolate 150g,Confectionery,Chocolates,Yes,No,Medium,Yes,Low,No,No,0,0,0.0,Yes,Purabi / Sting / Coke,Existing inventory unsold,Stock Already Available,Yes,High,Stock Already Available,"Itkhola beat coverage with Sengupta Agencies. Successfully placed Amul Kool PET bottles, Tru Litchi, and Milkshake Vanilla across retail points."
2026-06-11,Thursday,24,June,Sengupta Agencies,Amarjeet Deb Purkayastha,Saurav Sinha,Itkhola,Silchar Urban,OUT_12_008,Itkhola Counter 8,General Store,Medium,Market Street,Yes,Medium,Yes,Amul Tru Mango 200ml,Beverages,Fruit Drinks,Yes,No,Medium,Yes,Low,No,No,0,0,0.0,Yes,Purabi / Sting / Coke,Existing inventory unsold,Stock Already Available,Yes,High,Stock Already Available,"Itkhola beat coverage with Sengupta Agencies. Successfully placed Amul Kool PET bottles, Tru Litchi, and Milkshake Vanilla across retail points."
2026-06-11,Thursday,24,June,Sengupta Agencies,Amarjeet Deb Purkayastha,Saurav Sinha,Itkhola,Silchar Urban,OUT_12_009,Itkhola Counter 9,Kirana Store,Medium,Market Street,Yes,Medium,Yes,Amul Butter 50g (₹35 Small Pack),Dairy,Butter,Yes,No,Medium,Yes,Low,No,No,0,0,0.0,Yes,Purabi / Sting / Coke,Existing inventory unsold,Stock Already Available,Yes,High,Stock Already Available,"Itkhola beat coverage with Sengupta Agencies. Successfully placed Amul Kool PET bottles, Tru Litchi, and Milkshake Vanilla across retail points."
2026-06-11,Thursday,24,June,Sengupta Agencies,Amarjeet Deb Purkayastha,Saurav Sinha,Itkhola,Silchar Urban,OUT_12_009,Itkhola Counter 9,Kirana Store,Medium,Market Street,Yes,Medium,Yes,Amul Dark Chocolate 150g,Confectionery,Chocolates,Yes,No,Medium,Yes,Low,No,No,0,0,0.0,Yes,Purabi / Sting / Coke,Existing inventory unsold,Stock Already Available,Yes,High,Stock Already Available,"Itkhola beat coverage with Sengupta Agencies. Successfully placed Amul Kool PET bottles, Tru Litchi, and Milkshake Vanilla across retail points."
2026-06-11,Thursday,24,June,Sengupta Agencies,Amarjeet Deb Purkayastha,Saurav Sinha,Itkhola,Silchar Urban,OUT_12_009,Itkhola Counter 9,Kirana Store,Medium,Market Street,Yes,Medium,Yes,Amul Tru Mango 200ml,Beverages,Fruit Drinks,Yes,No,Medium,Yes,Low,No,No,0,0,0.0,Yes,Purabi / Sting / Coke,Existing inventory unsold,Stock Already Available,Yes,High,Stock Already Available,"Itkhola beat coverage with Sengupta Agencies. Successfully placed Amul Kool PET bottles, Tru Litchi, and Milkshake Vanilla across retail points."
2026-06-11,Thursday,24,June,Sengupta Agencies,Amarjeet Deb Purkayastha,Saurav Sinha,Itkhola,Silchar Urban,OUT_12_010,Itkhola Counter 10,General Store,Medium,Market Street,Yes,Medium,Yes,Amul Butter 50g (₹35 Small Pack),Dairy,Butter,Yes,No,Medium,Yes,Low,No,No,0,0,0.0,Yes,Purabi / Sting / Coke,Existing inventory unsold,Stock Already Available,Yes,High,Stock Already Available,"Itkhola beat coverage with Sengupta Agencies. Successfully placed Amul Kool PET bottles, Tru Litchi, and Milkshake Vanilla across retail points."
2026-06-11,Thursday,24,June,Sengupta Agencies,Amarjeet Deb Purkayastha,Saurav Sinha,Itkhola,Silchar Urban,OUT_12_010,Itkhola Counter 10,General Store,Medium,Market Street,Yes,Medium,Yes,Amul Dark Chocolate 150g,Confectionery,Chocolates,Yes,No,Medium,Yes,Low,No,No,0,0,0.0,Yes,Purabi / Sting / Coke,Existing inventory unsold,Stock Already Available,Yes,High,Stock Already Available,"Itkhola beat coverage with Sengupta Agencies. Successfully placed Amul Kool PET bottles, Tru Litchi, and Milkshake Vanilla across retail points."
2026-06-11,Thursday,24,June,Sengupta Agencies,Amarjeet Deb Purkayastha,Saurav Sinha,Itkhola,Silchar Urban,OUT_12_010,Itkhola Counter 10,General Store,Medium,Market Street,Yes,Medium,Yes,Amul Tru Mango 200ml,Beverages,Fruit Drinks,Yes,No,Medium,Yes,Low,No,No,0,0,0.0,Yes,Purabi / Sting / Coke,Existing inventory unsold,Stock Already Available,Yes,High,Stock Already Available,"Itkhola beat coverage with Sengupta Agencies. Successfully placed Amul Kool PET bottles, Tru Litchi, and Milkshake Vanilla across retail points."
2026-06-11,Thursday,24,June,Sengupta Agencies,Amarjeet Deb Purkayastha,Saurav Sinha,Itkhola,Silchar Urban,OUT_12_011,Itkhola Counter 11,Kirana Store,Medium,Market Street,No,Medium,Yes,Amul Butter 50g (₹35 Small Pack),Dairy,Butter,Yes,No,Medium,Yes,Low,No,No,0,0,0.0,Yes,Purabi / Sting / Coke,Existing inventory unsold,Stock Already Available,Yes,High,Stock Already Available,"Itkhola beat coverage with Sengupta Agencies. Successfully placed Amul Kool PET bottles, Tru Litchi, and Milkshake Vanilla across retail points."
2026-06-11,Thursday,24,June,Sengupta Agencies,Amarjeet Deb Purkayastha,Saurav Sinha,Itkhola,Silchar Urban,OUT_12_011,Itkhola Counter 11,Kirana Store,Medium,Market Street,No,Medium,Yes,Amul Dark Chocolate 150g,Confectionery,Chocolates,Yes,No,Medium,Yes,Low,No,No,0,0,0.0,Yes,Purabi / Sting / Coke,Existing inventory unsold,Stock Already Available,Yes,High,Stock Already Available,"Itkhola beat coverage with Sengupta Agencies. Successfully placed Amul Kool PET bottles, Tru Litchi, and Milkshake Vanilla across retail points."
2026-06-11,Thursday,24,June,Sengupta Agencies,Amarjeet Deb Purkayastha,Saurav Sinha,Itkhola,Silchar Urban,OUT_12_011,Itkhola Counter 11,Kirana Store,Medium,Market Street,No,Medium,Yes,Amul Tru Mango 200ml,Beverages,Fruit Drinks,Yes,No,Medium,Yes,Low,No,No,0,0,0.0,Yes,Purabi / Sting / Coke,Existing inventory unsold,Stock Already Available,Yes,High,Stock Already Available,"Itkhola beat coverage with Sengupta Agencies. Successfully placed Amul Kool PET bottles, Tru Litchi, and Milkshake Vanilla across retail points."
2026-06-11,Thursday,24,June,Sengupta Agencies,Amarjeet Deb Purkayastha,Saurav Sinha,Itkhola,Silchar Urban,OUT_12_012,Itkhola Counter 12,General Store,Medium,Market Street,Yes,Medium,Yes,Amul Butter 50g (₹35 Small Pack),Dairy,Butter,Yes,No,Medium,Yes,Low,No,No,0,0,0.0,Yes,Purabi / Sting / Coke,Existing inventory unsold,Stock Already Available,Yes,High,Stock Already Available,"Itkhola beat coverage with Sengupta Agencies. Successfully placed Amul Kool PET bottles, Tru Litchi, and Milkshake Vanilla across retail points."
2026-06-11,Thursday,24,June,Sengupta Agencies,Amarjeet Deb Purkayastha,Saurav Sinha,Itkhola,Silchar Urban,OUT_12_012,Itkhola Counter 12,General Store,Medium,Market Street,Yes,Medium,Yes,Amul Dark Chocolate 150g,Confectionery,Chocolates,Yes,No,Medium,Yes,Low,No,No,0,0,0.0,Yes,Purabi / Sting / Coke,Existing inventory unsold,Stock Already Available,Yes,High,Stock Already Available,"Itkhola beat coverage with Sengupta Agencies. Successfully placed Amul Kool PET bottles, Tru Litchi, and Milkshake Vanilla across retail points."
2026-06-11,Thursday,24,June,Sengupta Agencies,Amarjeet Deb Purkayastha,Saurav Sinha,Itkhola,Silchar Urban,OUT_12_012,Itkhola Counter 12,General Store,Medium,Market Street,Yes,Medium,Yes,Amul Tru Mango 200ml,Beverages,Fruit Drinks,Yes,No,Medium,Yes,Low,No,No,0,0,0.0,Yes,Purabi / Sting / Coke,Existing inventory unsold,Stock Already Available,Yes,High,Stock Already Available,"Itkhola beat coverage with Sengupta Agencies. Successfully placed Amul Kool PET bottles, Tru Litchi, and Milkshake Vanilla across retail points."
2026-06-11,Thursday,24,June,Sengupta Agencies,Amarjeet Deb Purkayastha,Saurav Sinha,Itkhola,Silchar Urban,OUT_12_013,Itkhola Counter 13,Kirana Store,Medium,Market Street,Yes,Medium,Yes,Amul Butter 50g (₹35 Small Pack),Dairy,Butter,Yes,No,Medium,Yes,Low,No,No,0,0,0.0,Yes,Purabi / Sting / Coke,Existing inventory unsold,Stock Already Available,Yes,High,Stock Already Available,"Itkhola beat coverage with Sengupta Agencies. Successfully placed Amul Kool PET bottles, Tru Litchi, and Milkshake Vanilla across retail points."
2026-06-11,Thursday,24,June,Sengupta Agencies,Amarjeet Deb Purkayastha,Saurav Sinha,Itkhola,Silchar Urban,OUT_12_013,Itkhola Counter 13,Kirana Store,Medium,Market Street,Yes,Medium,Yes,Amul Dark Chocolate 150g,Confectionery,Chocolates,Yes,No,Medium,Yes,Low,No,No,0,0,0.0,Yes,Purabi / Sting / Coke,Existing inventory unsold,Stock Already Available,Yes,High,Stock Already Available,"Itkhola beat coverage with Sengupta Agencies. Successfully placed Amul Kool PET bottles, Tru Litchi, and Milkshake Vanilla across retail points."
2026-06-11,Thursday,24,June,Sengupta Agencies,Amarjeet Deb Purkayastha,Saurav Sinha,Itkhola,Silchar Urban,OUT_12_013,Itkhola Counter 13,Kirana Store,Medium,Market Street,Yes,Medium,Yes,Amul Tru Mango 200ml,Beverages,Fruit Drinks,Yes,No,Medium,Yes,Low,No,No,0,0,0.0,Yes,Purabi / Sting / Coke,Existing inventory unsold,Stock Already Available,Yes,High,Stock Already Available,"Itkhola beat coverage with Sengupta Agencies. Successfully placed Amul Kool PET bottles, Tru Litchi, and Milkshake Vanilla across retail points."
2026-06-11,Thursday,24,June,Sengupta Agencies,Amarjeet Deb Purkayastha,Saurav Sinha,Itkhola,Silchar Urban,OUT_12_014,Itkhola Counter 14,General Store,Medium,Market Street,Yes,Medium,Yes,Amul Butter 50g (₹35 Small Pack),Dairy,Butter,Yes,No,Medium,Yes,Low,No,No,0,0,0.0,Yes,Purabi / Sting / Coke,Existing inventory unsold,Stock Already Available,Yes,High,Stock Already Available,"Itkhola beat coverage with Sengupta Agencies. Successfully placed Amul Kool PET bottles, Tru Litchi, and Milkshake Vanilla across retail points."
2026-06-11,Thursday,24,June,Sengupta Agencies,Amarjeet Deb Purkayastha,Saurav Sinha,Itkhola,Silchar Urban,OUT_12_014,Itkhola Counter 14,General Store,Medium,Market Street,Yes,Medium,Yes,Amul Dark Chocolate 150g,Confectionery,Chocolates,Yes,No,Medium,Yes,Low,No,No,0,0,0.0,Yes,Purabi / Sting / Coke,Existing inventory unsold,Stock Already Available,Yes,High,Stock Already Available,"Itkhola beat coverage with Sengupta Agencies. Successfully placed Amul Kool PET bottles, Tru Litchi, and Milkshake Vanilla across retail points."
2026-06-11,Thursday,24,June,Sengupta Agencies,Amarjeet Deb Purkayastha,Saurav Sinha,Itkhola,Silchar Urban,OUT_12_014,Itkhola Counter 14,General Store,Medium,Market Street,Yes,Medium,Yes,Amul Tru Mango 200ml,Beverages,Fruit Drinks,Yes,No,Medium,Yes,Low,No,No,0,0,0.0,Yes,Purabi / Sting / Coke,Existing inventory unsold,Stock Already Available,Yes,High,Stock Already Available,"Itkhola beat coverage with Sengupta Agencies. Successfully placed Amul Kool PET bottles, Tru Litchi, and Milkshake Vanilla across retail points."
2026-06-11,Thursday,24,June,Sengupta Agencies,Amarjeet Deb Purkayastha,Saurav Sinha,Itkhola,Silchar Urban,OUT_12_015,Itkhola Counter 15,Kirana Store,Medium,Market Street,No,Medium,Yes,Amul Butter 50g (₹35 Small Pack),Dairy,Butter,Yes,No,Medium,Yes,Low,No,No,0,0,0.0,Yes,Purabi / Sting / Coke,Existing inventory unsold,Stock Already Available,Yes,High,Stock Already Available,"Itkhola beat coverage with Sengupta Agencies. Successfully placed Amul Kool PET bottles, Tru Litchi, and Milkshake Vanilla across retail points."
2026-06-11,Thursday,24,June,Sengupta Agencies,Amarjeet Deb Purkayastha,Saurav Sinha,Itkhola,Silchar Urban,OUT_12_015,Itkhola Counter 15,Kirana Store,Medium,Market Street,No,Medium,Yes,Amul Dark Chocolate 150g,Confectionery,Chocolates,Yes,No,Medium,Yes,Low,No,No,0,0,0.0,Yes,Purabi / Sting / Coke,Existing inventory unsold,Stock Already Available,Yes,High,Stock Already Available,"Itkhola beat coverage with Sengupta Agencies. Successfully placed Amul Kool PET bottles, Tru Litchi, and Milkshake Vanilla across retail points."
2026-06-11,Thursday,24,June,Sengupta Agencies,Amarjeet Deb Purkayastha,Saurav Sinha,Itkhola,Silchar Urban,OUT_12_015,Itkhola Counter 15,Kirana Store,Medium,Market Street,No,Medium,Yes,Amul Tru Mango 200ml,Beverages,Fruit Drinks,Yes,No,Medium,Yes,Low,No,No,0,0,0.0,Yes,Purabi / Sting / Coke,Existing inventory unsold,Stock Already Available,Yes,High,Stock Already Available,"Itkhola beat coverage with Sengupta Agencies. Successfully placed Amul Kool PET bottles, Tru Litchi, and Milkshake Vanilla across retail points."
2026-06-11,Thursday,24,June,Sengupta Agencies,Amarjeet Deb Purkayastha,Saurav Sinha,Itkhola,Silchar Urban,OUT_12_016,Itkhola Counter 16,General Store,Medium,Market Street,Yes,Medium,Yes,Amul Butter 50g (₹35 Small Pack),Dairy,Butter,Yes,No,Medium,Yes,Low,No,No,0,0,0.0,Yes,Purabi / Sting / Coke,Existing inventory unsold,Stock Already Available,Yes,High,Stock Already Available,"Itkhola beat coverage with Sengupta Agencies. Successfully placed Amul Kool PET bottles, Tru Litchi, and Milkshake Vanilla across retail points."
2026-06-11,Thursday,24,June,Sengupta Agencies,Amarjeet Deb Purkayastha,Saurav Sinha,Itkhola,Silchar Urban,OUT_12_016,Itkhola Counter 16,General Store,Medium,Market Street,Yes,Medium,Yes,Amul Dark Chocolate 150g,Confectionery,Chocolates,Yes,No,Medium,Yes,Low,No,No,0,0,0.0,Yes,Purabi / Sting / Coke,Existing inventory unsold,Stock Already Available,Yes,High,Stock Already Available,"Itkhola beat coverage with Sengupta Agencies. Successfully placed Amul Kool PET bottles, Tru Litchi, and Milkshake Vanilla across retail points."
2026-06-11,Thursday,24,June,Sengupta Agencies,Amarjeet Deb Purkayastha,Saurav Sinha,Itkhola,Silchar Urban,OUT_12_016,Itkhola Counter 16,General Store,Medium,Market Street,Yes,Medium,Yes,Amul Tru Mango 200ml,Beverages,Fruit Drinks,Yes,No,Medium,Yes,Low,No,No,0,0,0.0,Yes,Purabi / Sting / Coke,Existing inventory unsold,Stock Already Available,Yes,High,Stock Already Available,"Itkhola beat coverage with Sengupta Agencies. Successfully placed Amul Kool PET bottles, Tru Litchi, and Milkshake Vanilla across retail points."
2026-06-11,Thursday,24,June,Sengupta Agencies,Amarjeet Deb Purkayastha,Saurav Sinha,Itkhola,Silchar Urban,OUT_12_017,Itkhola Counter 17,Kirana Store,Medium,Market Street,Yes,Medium,Yes,Amul Butter 50g (₹35 Small Pack),Dairy,Butter,Yes,No,Medium,Yes,Low,No,No,0,0,0.0,Yes,Purabi / Sting / Coke,Existing inventory unsold,Stock Already Available,Yes,High,Stock Already Available,"Itkhola beat coverage with Sengupta Agencies. Successfully placed Amul Kool PET bottles, Tru Litchi, and Milkshake Vanilla across retail points."
2026-06-11,Thursday,24,June,Sengupta Agencies,Amarjeet Deb Purkayastha,Saurav Sinha,Itkhola,Silchar Urban,OUT_12_017,Itkhola Counter 17,Kirana Store,Medium,Market Street,Yes,Medium,Yes,Amul Dark Chocolate 150g,Confectionery,Chocolates,Yes,No,Medium,Yes,Low,No,No,0,0,0.0,Yes,Purabi / Sting / Coke,Existing inventory unsold,Stock Already Available,Yes,High,Stock Already Available,"Itkhola beat coverage with Sengupta Agencies. Successfully placed Amul Kool PET bottles, Tru Litchi, and Milkshake Vanilla across retail points."
2026-06-11,Thursday,24,June,Sengupta Agencies,Amarjeet Deb Purkayastha,Saurav Sinha,Itkhola,Silchar Urban,OUT_12_017,Itkhola Counter 17,Kirana Store,Medium,Market Street,Yes,Medium,Yes,Amul Tru Mango 200ml,Beverages,Fruit Drinks,Yes,No,Medium,Yes,Low,No,No,0,0,0.0,Yes,Purabi / Sting / Coke,Existing inventory unsold,Stock Already Available,Yes,High,Stock Already Available,"Itkhola beat coverage with Sengupta Agencies. Successfully placed Amul Kool PET bottles, Tru Litchi, and Milkshake Vanilla across retail points."
2026-06-11,Thursday,24,June,Sengupta Agencies,Amarjeet Deb Purkayastha,Saurav Sinha,Itkhola,Silchar Urban,OUT_12_018,Itkhola Counter 18,General Store,Medium,Market Street,Yes,Medium,Yes,Amul Butter 50g (₹35 Small Pack),Dairy,Butter,Yes,No,Medium,Yes,Low,No,No,0,0,0.0,Yes,Purabi / Sting / Coke,Existing inventory unsold,Stock Already Available,Yes,High,Stock Already Available,"Itkhola beat coverage with Sengupta Agencies. Successfully placed Amul Kool PET bottles, Tru Litchi, and Milkshake Vanilla across retail points."
2026-06-11,Thursday,24,June,Sengupta Agencies,Amarjeet Deb Purkayastha,Saurav Sinha,Itkhola,Silchar Urban,OUT_12_018,Itkhola Counter 18,General Store,Medium,Market Street,Yes,Medium,Yes,Amul Dark Chocolate 150g,Confectionery,Chocolates,Yes,No,Medium,Yes,Low,No,No,0,0,0.0,Yes,Purabi / Sting / Coke,Existing inventory unsold,Stock Already Available,Yes,High,Stock Already Available,"Itkhola beat coverage with Sengupta Agencies. Successfully placed Amul Kool PET bottles, Tru Litchi, and Milkshake Vanilla across retail points."
2026-06-11,Thursday,24,June,Sengupta Agencies,Amarjeet Deb Purkayastha,Saurav Sinha,Itkhola,Silchar Urban,OUT_12_018,Itkhola Counter 18,General Store,Medium,Market Street,Yes,Medium,Yes,Amul Tru Mango 200ml,Beverages,Fruit Drinks,Yes,No,Medium,Yes,Low,No,No,0,0,0.0,Yes,Purabi / Sting / Coke,Existing inventory unsold,Stock Already Available,Yes,High,Stock Already Available,"Itkhola beat coverage with Sengupta Agencies. Successfully placed Amul Kool PET bottles, Tru Litchi, and Milkshake Vanilla across retail points."
2026-06-11,Thursday,24,June,Sengupta Agencies,Amarjeet Deb Purkayastha,Saurav Sinha,Itkhola,Silchar Urban,OUT_12_019,Itkhola Counter 19,Kirana Store,Medium,Market Street,No,Medium,Yes,Amul Butter 50g (₹35 Small Pack),Dairy,Butter,Yes,No,Medium,Yes,Low,No,No,0,0,0.0,Yes,Purabi / Sting / Coke,Existing inventory unsold,Stock Already Available,Yes,High,Stock Already Available,"Itkhola beat coverage with Sengupta Agencies. Successfully placed Amul Kool PET bottles, Tru Litchi, and Milkshake Vanilla across retail points."
2026-06-11,Thursday,24,June,Sengupta Agencies,Amarjeet Deb Purkayastha,Saurav Sinha,Itkhola,Silchar Urban,OUT_12_019,Itkhola Counter 19,Kirana Store,Medium,Market Street,No,Medium,Yes,Amul Dark Chocolate 150g,Confectionery,Chocolates,Yes,No,Medium,Yes,Low,No,No,0,0,0.0,Yes,Purabi / Sting / Coke,Existing inventory unsold,Stock Already Available,Yes,High,Stock Already Available,"Itkhola beat coverage with Sengupta Agencies. Successfully placed Amul Kool PET bottles, Tru Litchi, and Milkshake Vanilla across retail points."
2026-06-11,Thursday,24,June,Sengupta Agencies,Amarjeet Deb Purkayastha,Saurav Sinha,Itkhola,Silchar Urban,OUT_12_019,Itkhola Counter 19,Kirana Store,Medium,Market Street,No,Medium,Yes,Amul Tru Mango 200ml,Beverages,Fruit Drinks,Yes,No,Medium,Yes,Low,No,No,0,0,0.0,Yes,Purabi / Sting / Coke,Existing inventory unsold,Stock Already Available,Yes,High,Stock Already Available,"Itkhola beat coverage with Sengupta Agencies. Successfully placed Amul Kool PET bottles, Tru Litchi, and Milkshake Vanilla across retail points."
2026-06-11,Thursday,24,June,Sengupta Agencies,Amarjeet Deb Purkayastha,Saurav Sinha,Itkhola,Silchar Urban,OUT_12_020,Itkhola Counter 20,General Store,Medium,Market Street,Yes,Medium,Yes,Amul Butter 50g (₹35 Small Pack),Dairy,Butter,Yes,No,Medium,Yes,Low,No,No,0,0,0.0,Yes,Purabi / Sting / Coke,Existing inventory unsold,Stock Already Available,Yes,High,Stock Already Available,"Itkhola beat coverage with Sengupta Agencies. Successfully placed Amul Kool PET bottles, Tru Litchi, and Milkshake Vanilla across retail points."
2026-06-11,Thursday,24,June,Sengupta Agencies,Amarjeet Deb Purkayastha,Saurav Sinha,Itkhola,Silchar Urban,OUT_12_020,Itkhola Counter 20,General Store,Medium,Market Street,Yes,Medium,Yes,Amul Dark Chocolate 150g,Confectionery,Chocolates,Yes,No,Medium,Yes,Low,No,No,0,0,0.0,Yes,Purabi / Sting / Coke,Existing inventory unsold,Stock Already Available,Yes,High,Stock Already Available,"Itkhola beat coverage with Sengupta Agencies. Successfully placed Amul Kool PET bottles, Tru Litchi, and Milkshake Vanilla across retail points."
2026-06-11,Thursday,24,June,Sengupta Agencies,Amarjeet Deb Purkayastha,Saurav Sinha,Itkhola,Silchar Urban,OUT_12_020,Itkhola Counter 20,General Store,Medium,Market Street,Yes,Medium,Yes,Amul Tru Mango 200ml,Beverages,Fruit Drinks,Yes,No,Medium,Yes,Low,No,No,0,0,0.0,Yes,Purabi / Sting / Coke,Existing inventory unsold,Stock Already Available,Yes,High,Stock Already Available,"Itkhola beat coverage with Sengupta Agencies. Successfully placed Amul Kool PET bottles, Tru Litchi, and Milkshake Vanilla across retail points."
2026-06-11,Thursday,24,June,Sengupta Agencies,Amarjeet Deb Purkayastha,Saurav Sinha,Itkhola,Silchar Urban,OUT_12_021,Itkhola Counter 21,Kirana Store,Medium,Market Street,Yes,Medium,Yes,Amul Butter 50g (₹35 Small Pack),Dairy,Butter,Yes,No,Medium,Yes,Low,No,No,0,0,0.0,Yes,Purabi / Sting / Coke,Existing inventory unsold,Stock Already Available,Yes,High,Stock Already Available,"Itkhola beat coverage with Sengupta Agencies. Successfully placed Amul Kool PET bottles, Tru Litchi, and Milkshake Vanilla across retail points."
2026-06-11,Thursday,24,June,Sengupta Agencies,Amarjeet Deb Purkayastha,Saurav Sinha,Itkhola,Silchar Urban,OUT_12_021,Itkhola Counter 21,Kirana Store,Medium,Market Street,Yes,Medium,Yes,Amul Dark Chocolate 150g,Confectionery,Chocolates,Yes,No,Medium,Yes,Low,No,No,0,0,0.0,Yes,Purabi / Sting / Coke,Existing inventory unsold,Stock Already Available,Yes,High,Stock Already Available,"Itkhola beat coverage with Sengupta Agencies. Successfully placed Amul Kool PET bottles, Tru Litchi, and Milkshake Vanilla across retail points."
2026-06-11,Thursday,24,June,Sengupta Agencies,Amarjeet Deb Purkayastha,Saurav Sinha,Itkhola,Silchar Urban,OUT_12_021,Itkhola Counter 21,Kirana Store,Medium,Market Street,Yes,Medium,Yes,Amul Tru Mango 200ml,Beverages,Fruit Drinks,Yes,No,Medium,Yes,Low,No,No,0,0,0.0,Yes,Purabi / Sting / Coke,Existing inventory unsold,Stock Already Available,Yes,High,Stock Already Available,"Itkhola beat coverage with Sengupta Agencies. Successfully placed Amul Kool PET bottles, Tru Litchi, and Milkshake Vanilla across retail points."
2026-06-11,Thursday,24,June,Sengupta Agencies,Amarjeet Deb Purkayastha,Saurav Sinha,Itkhola,Silchar Urban,OUT_12_022,Itkhola Counter 22,General Store,Medium,Market Street,Yes,Medium,Yes,Amul Butter 50g (₹35 Small Pack),Dairy,Butter,Yes,No,Medium,Yes,Low,No,No,0,0,0.0,Yes,Purabi / Sting / Coke,Existing inventory unsold,Stock Already Available,Yes,High,Stock Already Available,"Itkhola beat coverage with Sengupta Agencies. Successfully placed Amul Kool PET bottles, Tru Litchi, and Milkshake Vanilla across retail points."
2026-06-11,Thursday,24,June,Sengupta Agencies,Amarjeet Deb Purkayastha,Saurav Sinha,Itkhola,Silchar Urban,OUT_12_022,Itkhola Counter 22,General Store,Medium,Market Street,Yes,Medium,Yes,Amul Dark Chocolate 150g,Confectionery,Chocolates,Yes,No,Medium,Yes,Low,No,No,0,0,0.0,Yes,Purabi / Sting / Coke,Existing inventory unsold,Stock Already Available,Yes,High,Stock Already Available,"Itkhola beat coverage with Sengupta Agencies. Successfully placed Amul Kool PET bottles, Tru Litchi, and Milkshake Vanilla across retail points."
2026-06-11,Thursday,24,June,Sengupta Agencies,Amarjeet Deb Purkayastha,Saurav Sinha,Itkhola,Silchar Urban,OUT_12_022,Itkhola Counter 22,General Store,Medium,Market Street,Yes,Medium,Yes,Amul Tru Mango 200ml,Beverages,Fruit Drinks,Yes,No,Medium,Yes,Low,No,No,0,0,0.0,Yes,Purabi / Sting / Coke,Existing inventory unsold,Stock Already Available,Yes,High,Stock Already Available,"Itkhola beat coverage with Sengupta Agencies. Successfully placed Amul Kool PET bottles, Tru Litchi, and Milkshake Vanilla across retail points."
2026-06-11,Thursday,24,June,Sengupta Agencies,Amarjeet Deb Purkayastha,Saurav Sinha,Itkhola,Silchar Urban,OUT_12_023,Itkhola Counter 23,Kirana Store,Medium,Market Street,No,Medium,Yes,Amul Butter 50g (₹35 Small Pack),Dairy,Butter,Yes,No,Medium,Yes,Low,No,No,0,0,0.0,Yes,Purabi / Sting / Coke,Existing inventory unsold,Stock Already Available,Yes,High,Stock Already Available,"Itkhola beat coverage with Sengupta Agencies. Successfully placed Amul Kool PET bottles, Tru Litchi, and Milkshake Vanilla across retail points."
2026-06-11,Thursday,24,June,Sengupta Agencies,Amarjeet Deb Purkayastha,Saurav Sinha,Itkhola,Silchar Urban,OUT_12_023,Itkhola Counter 23,Kirana Store,Medium,Market Street,No,Medium,Yes,Amul Dark Chocolate 150g,Confectionery,Chocolates,Yes,No,Medium,Yes,Low,No,No,0,0,0.0,Yes,Purabi / Sting / Coke,Existing inventory unsold,Stock Already Available,Yes,High,Stock Already Available,"Itkhola beat coverage with Sengupta Agencies. Successfully placed Amul Kool PET bottles, Tru Litchi, and Milkshake Vanilla across retail points."
2026-06-11,Thursday,24,June,Sengupta Agencies,Amarjeet Deb Purkayastha,Saurav Sinha,Itkhola,Silchar Urban,OUT_12_023,Itkhola Counter 23,Kirana Store,Medium,Market Street,No,Medium,Yes,Amul Tru Mango 200ml,Beverages,Fruit Drinks,Yes,No,Medium,Yes,Low,No,No,0,0,0.0,Yes,Purabi / Sting / Coke,Existing inventory unsold,Stock Already Available,Yes,High,Stock Already Available,"Itkhola beat coverage with Sengupta Agencies. Successfully placed Amul Kool PET bottles, Tru Litchi, and Milkshake Vanilla across retail points."
2026-06-11,Thursday,24,June,Sengupta Agencies,Amarjeet Deb Purkayastha,Saurav Sinha,Itkhola,Silchar Urban,OUT_12_024,Itkhola Counter 24,General Store,Medium,Market Street,Yes,Medium,Yes,Amul Butter 50g (₹35 Small Pack),Dairy,Butter,Yes,No,Medium,Yes,Low,No,No,0,0,0.0,Yes,Purabi / Sting / Coke,Existing inventory unsold,Stock Already Available,Yes,High,Stock Already Available,"Itkhola beat coverage with Sengupta Agencies. Successfully placed Amul Kool PET bottles, Tru Litchi, and Milkshake Vanilla across retail points."
2026-06-11,Thursday,24,June,Sengupta Agencies,Amarjeet Deb Purkayastha,Saurav Sinha,Itkhola,Silchar Urban,OUT_12_024,Itkhola Counter 24,General Store,Medium,Market Street,Yes,Medium,Yes,Amul Dark Chocolate 150g,Confectionery,Chocolates,Yes,No,Medium,Yes,Low,No,No,0,0,0.0,Yes,Purabi / Sting / Coke,Existing inventory unsold,Stock Already Available,Yes,High,Stock Already Available,"Itkhola beat coverage with Sengupta Agencies. Successfully placed Amul Kool PET bottles, Tru Litchi, and Milkshake Vanilla across retail points."
2026-06-11,Thursday,24,June,Sengupta Agencies,Amarjeet Deb Purkayastha,Saurav Sinha,Itkhola,Silchar Urban,OUT_12_024,Itkhola Counter 24,General Store,Medium,Market Street,Yes,Medium,Yes,Amul Tru Mango 200ml,Beverages,Fruit Drinks,Yes,No,Medium,Yes,Low,No,No,0,0,0.0,Yes,Purabi / Sting / Coke,Existing inventory unsold,Stock Already Available,Yes,High,Stock Already Available,"Itkhola beat coverage with Sengupta Agencies. Successfully placed Amul Kool PET bottles, Tru Litchi, and Milkshake Vanilla across retail points."
2026-06-11,Thursday,24,June,Sengupta Agencies,Amarjeet Deb Purkayastha,Saurav Sinha,Itkhola,Silchar Urban,OUT_12_025,Itkhola Counter 25,Kirana Store,Medium,Market Street,Yes,Medium,Yes,Amul Butter 50g (₹35 Small Pack),Dairy,Butter,Yes,No,Medium,Yes,Low,No,No,0,0,0.0,Yes,Purabi / Sting / Coke,Existing inventory unsold,Stock Already Available,Yes,High,Stock Already Available,"Itkhola beat coverage with Sengupta Agencies. Successfully placed Amul Kool PET bottles, Tru Litchi, and Milkshake Vanilla across retail points."
2026-06-11,Thursday,24,June,Sengupta Agencies,Amarjeet Deb Purkayastha,Saurav Sinha,Itkhola,Silchar Urban,OUT_12_025,Itkhola Counter 25,Kirana Store,Medium,Market Street,Yes,Medium,Yes,Amul Dark Chocolate 150g,Confectionery,Chocolates,Yes,No,Medium,Yes,Low,No,No,0,0,0.0,Yes,Purabi / Sting / Coke,Existing inventory unsold,Stock Already Available,Yes,High,Stock Already Available,"Itkhola beat coverage with Sengupta Agencies. Successfully placed Amul Kool PET bottles, Tru Litchi, and Milkshake Vanilla across retail points."
2026-06-11,Thursday,24,June,Sengupta Agencies,Amarjeet Deb Purkayastha,Saurav Sinha,Itkhola,Silchar Urban,OUT_12_025,Itkhola Counter 25,Kirana Store,Medium,Market Street,Yes,Medium,Yes,Amul Tru Mango 200ml,Beverages,Fruit Drinks,Yes,No,Medium,Yes,Low,No,No,0,0,0.0,Yes,Purabi / Sting / Coke,Existing inventory unsold,Stock Already Available,Yes,High,Stock Already Available,"Itkhola beat coverage with Sengupta Agencies. Successfully placed Amul Kool PET bottles, Tru Litchi, and Milkshake Vanilla across retail points."
2026-06-12,Friday,24,June,Sengupta Agencies,Sushil Das,Saurav Sinha,National Highway,Silchar Urban,OUT_13_755,Monosha Varieties,Bakery & Confectionery,Medium,Commercial Market,Yes,High,Yes,Amul Tru Orange 200ml,Beverages,Fruit Drinks,Yes,No,High,Yes,High,Yes,Yes,30,30,385.8,Yes,Purabi / Coke / Sting,,None,No,Normal,,National Highway commercial stretch. Positioned Tru Orange and Lassi in highway food stalls and bakeries with strong evening footfall.
2026-06-12,Friday,24,June,Sengupta Agencies,Sushil Das,Saurav Sinha,National Highway,Silchar Urban,OUT_13_755,Monosha Varieties,Kirana Store,Medium,Commercial Market,Yes,Medium,Yes,Amul Dark Chocolate 150g,Confectionery,Chocolates,Yes,No,Medium,Yes,Medium,No,No,0,0,0,Yes,Purabi / Coke / Sting,Focus SKU rejected,Existing Stock Sufficient,Yes,Medium,Re-pitch during next weekly beat cycle,National Highway commercial stretch. Positioned Tru Orange and Lassi in highway food stalls and bakeries with strong evening footfall.
2026-06-12,Friday,24,June,Sengupta Agencies,Sushil Das,Saurav Sinha,National Highway,Silchar Urban,OUT_13_755,Monosha Varieties,Kirana Store,Medium,Commercial Market,Yes,Medium,Yes,Amul Tru Mango 200ml,Beverages,Fruit Drinks,Yes,No,Medium,Yes,Medium,No,No,0,0,0,Yes,Purabi / Coke / Sting,Focus SKU rejected,Existing Stock Sufficient,Yes,Medium,Re-pitch during next weekly beat cycle,National Highway commercial stretch. Positioned Tru Orange and Lassi in highway food stalls and bakeries with strong evening footfall.
2026-06-12,Friday,24,June,Sengupta Agencies,Sushil Das,Saurav Sinha,National Highway,Silchar Urban,OUT_13_755,Monosha Varieties,Kirana Store,Medium,Commercial Market,Yes,Medium,Yes,Amul Tru Litchi 200ml,Beverages,Fruit Drinks,Yes,No,Medium,Yes,Medium,No,No,0,0,0,Yes,Purabi / Coke / Sting,Focus SKU rejected,Existing Stock Sufficient,Yes,Medium,Re-pitch during next weekly beat cycle,National Highway commercial stretch. Positioned Tru Orange and Lassi in highway food stalls and bakeries with strong evening footfall.
2026-06-12,Friday,24,June,Sengupta Agencies,Sushil Das,Saurav Sinha,National Highway,Silchar Urban,OUT_13_755,Monosha Varieties,Kirana Store,Medium,Commercial Market,Yes,Medium,Yes,Amul Lassi 200ml,Beverages,Fermented Dairy,Yes,No,Medium,Yes,Medium,No,No,0,0,0,Yes,Purabi / Coke / Sting,Focus SKU rejected,Existing Stock Sufficient,Yes,Medium,Re-pitch during next weekly beat cycle,National Highway commercial stretch. Positioned Tru Orange and Lassi in highway food stalls and bakeries with strong evening footfall.
2026-06-12,Friday,24,June,Sengupta Agencies,Sushil Das,Saurav Sinha,National Highway,Silchar Urban,OUT_13_999,Chanchala Choudhury Enterprise,Kirana Store,Medium,Commercial Market,Yes,High,Yes,Amul Lassi 200ml,Beverages,Fermented Dairy,Yes,No,High,Yes,High,Yes,Yes,30,30,391.2,Yes,Purabi / Coke / Sting,,None,No,Normal,,National Highway commercial stretch. Positioned Tru Orange and Lassi in highway food stalls and bakeries with strong evening footfall.
2026-06-12,Friday,24,June,Sengupta Agencies,Sushil Das,Saurav Sinha,National Highway,Silchar Urban,OUT_13_999,Chanchala Choudhury Enterprise,Kirana Store,Medium,Commercial Market,Yes,Medium,Yes,Amul Dark Chocolate 150g,Confectionery,Chocolates,Yes,No,Medium,Yes,Medium,No,No,0,0,0,Yes,Purabi / Coke / Sting,Focus SKU rejected,Existing Stock Sufficient,Yes,Medium,Re-pitch during next weekly beat cycle,National Highway commercial stretch. Positioned Tru Orange and Lassi in highway food stalls and bakeries with strong evening footfall.
2026-06-12,Friday,24,June,Sengupta Agencies,Sushil Das,Saurav Sinha,National Highway,Silchar Urban,OUT_13_999,Chanchala Choudhury Enterprise,Kirana Store,Medium,Commercial Market,Yes,Medium,Yes,Amul Tru Mango 200ml,Beverages,Fruit Drinks,Yes,No,Medium,Yes,Medium,No,No,0,0,0,Yes,Purabi / Coke / Sting,Focus SKU rejected,Existing Stock Sufficient,Yes,Medium,Re-pitch during next weekly beat cycle,National Highway commercial stretch. Positioned Tru Orange and Lassi in highway food stalls and bakeries with strong evening footfall.
2026-06-12,Friday,24,June,Sengupta Agencies,Sushil Das,Saurav Sinha,National Highway,Silchar Urban,OUT_13_999,Chanchala Choudhury Enterprise,Kirana Store,Medium,Commercial Market,Yes,Medium,Yes,Amul Tru Litchi 200ml,Beverages,Fruit Drinks,Yes,No,Medium,Yes,Medium,No,No,0,0,0,Yes,Purabi / Coke / Sting,Focus SKU rejected,Existing Stock Sufficient,Yes,Medium,Re-pitch during next weekly beat cycle,National Highway commercial stretch. Positioned Tru Orange and Lassi in highway food stalls and bakeries with strong evening footfall.
2026-06-12,Friday,24,June,Sengupta Agencies,Sushil Das,Saurav Sinha,National Highway,Silchar Urban,OUT_13_003,National Highway Counter 3,Kirana Store,Medium,Market Street,No,Medium,Yes,Amul Dark Chocolate 150g,Confectionery,Chocolates,Yes,No,Medium,Yes,High,Yes,Yes,24,24,2448.0,Yes,Purabi / Sting / Coke,,None,No,Low,None,National Highway commercial stretch. Positioned Tru Orange and Lassi in highway food stalls and bakeries with strong evening footfall.
2026-06-12,Friday,24,June,Sengupta Agencies,Sushil Das,Saurav Sinha,National Highway,Silchar Urban,OUT_13_003,National Highway Counter 3,Kirana Store,Medium,Market Street,No,Medium,Yes,Amul Tru Mango 200ml,Beverages,Fruit Drinks,Yes,No,Medium,Yes,High,Yes,Yes,24,24,308.64,Yes,Purabi / Sting / Coke,,None,No,Low,None,National Highway commercial stretch. Positioned Tru Orange and Lassi in highway food stalls and bakeries with strong evening footfall.
2026-06-12,Friday,24,June,Sengupta Agencies,Sushil Das,Saurav Sinha,National Highway,Silchar Urban,OUT_13_003,National Highway Counter 3,Kirana Store,Medium,Market Street,No,Medium,Yes,Amul Tru Litchi 200ml,Beverages,Fruit Drinks,Yes,No,Medium,Yes,Low,No,No,0,0,0.0,Yes,Purabi / Sting / Coke,Existing inventory unsold,Stock Already Available,Yes,High,Stock Already Available,National Highway commercial stretch. Positioned Tru Orange and Lassi in highway food stalls and bakeries with strong evening footfall.
2026-06-12,Friday,24,June,Sengupta Agencies,Sushil Das,Saurav Sinha,National Highway,Silchar Urban,OUT_13_004,National Highway Counter 4,General Store,Medium,Market Street,Yes,Medium,Yes,Amul Dark Chocolate 150g,Confectionery,Chocolates,Yes,No,Medium,Yes,High,Yes,Yes,24,24,2448.0,Yes,Purabi / Sting / Coke,,None,No,Low,None,National Highway commercial stretch. Positioned Tru Orange and Lassi in highway food stalls and bakeries with strong evening footfall.
2026-06-12,Friday,24,June,Sengupta Agencies,Sushil Das,Saurav Sinha,National Highway,Silchar Urban,OUT_13_004,National Highway Counter 4,General Store,Medium,Market Street,Yes,Medium,Yes,Amul Tru Mango 200ml,Beverages,Fruit Drinks,Yes,No,Medium,Yes,Low,No,No,0,0,0.0,Yes,Purabi / Sting / Coke,Existing inventory unsold,Stock Already Available,Yes,High,Stock Already Available,National Highway commercial stretch. Positioned Tru Orange and Lassi in highway food stalls and bakeries with strong evening footfall.
2026-06-12,Friday,24,June,Sengupta Agencies,Sushil Das,Saurav Sinha,National Highway,Silchar Urban,OUT_13_004,National Highway Counter 4,General Store,Medium,Market Street,Yes,Medium,Yes,Amul Tru Litchi 200ml,Beverages,Fruit Drinks,Yes,No,Medium,Yes,Low,No,No,0,0,0.0,Yes,Purabi / Sting / Coke,Existing inventory unsold,Stock Already Available,Yes,High,Stock Already Available,National Highway commercial stretch. Positioned Tru Orange and Lassi in highway food stalls and bakeries with strong evening footfall.
2026-06-12,Friday,24,June,Sengupta Agencies,Sushil Das,Saurav Sinha,National Highway,Silchar Urban,OUT_13_005,National Highway Counter 5,Kirana Store,Medium,Market Street,Yes,Medium,Yes,Amul Dark Chocolate 150g,Confectionery,Chocolates,Yes,No,Medium,Yes,High,Yes,Yes,24,24,2448.0,Yes,Purabi / Sting / Coke,,None,No,Low,None,National Highway commercial stretch. Positioned Tru Orange and Lassi in highway food stalls and bakeries with strong evening footfall.
2026-06-12,Friday,24,June,Sengupta Agencies,Sushil Das,Saurav Sinha,National Highway,Silchar Urban,OUT_13_005,National Highway Counter 5,Kirana Store,Medium,Market Street,Yes,Medium,Yes,Amul Tru Mango 200ml,Beverages,Fruit Drinks,Yes,No,Medium,Yes,High,Yes,Yes,24,24,308.64,Yes,Purabi / Sting / Coke,,None,No,Low,None,National Highway commercial stretch. Positioned Tru Orange and Lassi in highway food stalls and bakeries with strong evening footfall.
2026-06-12,Friday,24,June,Sengupta Agencies,Sushil Das,Saurav Sinha,National Highway,Silchar Urban,OUT_13_005,National Highway Counter 5,Kirana Store,Medium,Market Street,Yes,Medium,Yes,Amul Tru Litchi 200ml,Beverages,Fruit Drinks,Yes,No,Medium,Yes,Low,No,No,0,0,0.0,Yes,Purabi / Sting / Coke,Existing inventory unsold,Stock Already Available,Yes,High,Stock Already Available,National Highway commercial stretch. Positioned Tru Orange and Lassi in highway food stalls and bakeries with strong evening footfall.
2026-06-12,Friday,24,June,Sengupta Agencies,Sushil Das,Saurav Sinha,National Highway,Silchar Urban,OUT_13_006,National Highway Counter 6,General Store,Medium,Market Street,Yes,Medium,Yes,Amul Dark Chocolate 150g,Confectionery,Chocolates,Yes,No,Medium,Yes,High,Yes,Yes,24,24,2448.0,Yes,Purabi / Sting / Coke,,None,No,Low,None,National Highway commercial stretch. Positioned Tru Orange and Lassi in highway food stalls and bakeries with strong evening footfall.
2026-06-12,Friday,24,June,Sengupta Agencies,Sushil Das,Saurav Sinha,National Highway,Silchar Urban,OUT_13_006,National Highway Counter 6,General Store,Medium,Market Street,Yes,Medium,Yes,Amul Tru Mango 200ml,Beverages,Fruit Drinks,Yes,No,Medium,Yes,Low,No,No,0,0,0.0,Yes,Purabi / Sting / Coke,Existing inventory unsold,Stock Already Available,Yes,High,Stock Already Available,National Highway commercial stretch. Positioned Tru Orange and Lassi in highway food stalls and bakeries with strong evening footfall.
2026-06-12,Friday,24,June,Sengupta Agencies,Sushil Das,Saurav Sinha,National Highway,Silchar Urban,OUT_13_006,National Highway Counter 6,General Store,Medium,Market Street,Yes,Medium,Yes,Amul Tru Litchi 200ml,Beverages,Fruit Drinks,Yes,No,Medium,Yes,Low,No,No,0,0,0.0,Yes,Purabi / Sting / Coke,Existing inventory unsold,Stock Already Available,Yes,High,Stock Already Available,National Highway commercial stretch. Positioned Tru Orange and Lassi in highway food stalls and bakeries with strong evening footfall.
2026-06-12,Friday,24,June,Sengupta Agencies,Sushil Das,Saurav Sinha,National Highway,Silchar Urban,OUT_13_007,National Highway Counter 7,Kirana Store,Medium,Market Street,No,Medium,Yes,Amul Dark Chocolate 150g,Confectionery,Chocolates,Yes,No,Medium,Yes,Low,No,No,0,0,0.0,Yes,Purabi / Sting / Coke,Existing inventory unsold,Stock Already Available,Yes,High,Stock Already Available,National Highway commercial stretch. Positioned Tru Orange and Lassi in highway food stalls and bakeries with strong evening footfall.
2026-06-12,Friday,24,June,Sengupta Agencies,Sushil Das,Saurav Sinha,National Highway,Silchar Urban,OUT_13_007,National Highway Counter 7,Kirana Store,Medium,Market Street,No,Medium,Yes,Amul Tru Mango 200ml,Beverages,Fruit Drinks,Yes,No,Medium,Yes,Low,No,No,0,0,0.0,Yes,Purabi / Sting / Coke,Existing inventory unsold,Stock Already Available,Yes,High,Stock Already Available,National Highway commercial stretch. Positioned Tru Orange and Lassi in highway food stalls and bakeries with strong evening footfall.
2026-06-12,Friday,24,June,Sengupta Agencies,Sushil Das,Saurav Sinha,National Highway,Silchar Urban,OUT_13_007,National Highway Counter 7,Kirana Store,Medium,Market Street,No,Medium,Yes,Amul Tru Litchi 200ml,Beverages,Fruit Drinks,Yes,No,Medium,Yes,Low,No,No,0,0,0.0,Yes,Purabi / Sting / Coke,Existing inventory unsold,Stock Already Available,Yes,High,Stock Already Available,National Highway commercial stretch. Positioned Tru Orange and Lassi in highway food stalls and bakeries with strong evening footfall.
2026-06-12,Friday,24,June,Sengupta Agencies,Sushil Das,Saurav Sinha,National Highway,Silchar Urban,OUT_13_008,National Highway Counter 8,General Store,Medium,Market Street,Yes,Medium,Yes,Amul Dark Chocolate 150g,Confectionery,Chocolates,Yes,No,Medium,Yes,Low,No,No,0,0,0.0,Yes,Purabi / Sting / Coke,Existing inventory unsold,Stock Already Available,Yes,High,Stock Already Available,National Highway commercial stretch. Positioned Tru Orange and Lassi in highway food stalls and bakeries with strong evening footfall.
2026-06-12,Friday,24,June,Sengupta Agencies,Sushil Das,Saurav Sinha,National Highway,Silchar Urban,OUT_13_008,National Highway Counter 8,General Store,Medium,Market Street,Yes,Medium,Yes,Amul Tru Mango 200ml,Beverages,Fruit Drinks,Yes,No,Medium,Yes,Low,No,No,0,0,0.0,Yes,Purabi / Sting / Coke,Existing inventory unsold,Stock Already Available,Yes,High,Stock Already Available,National Highway commercial stretch. Positioned Tru Orange and Lassi in highway food stalls and bakeries with strong evening footfall.
2026-06-12,Friday,24,June,Sengupta Agencies,Sushil Das,Saurav Sinha,National Highway,Silchar Urban,OUT_13_008,National Highway Counter 8,General Store,Medium,Market Street,Yes,Medium,Yes,Amul Tru Litchi 200ml,Beverages,Fruit Drinks,Yes,No,Medium,Yes,Low,No,No,0,0,0.0,Yes,Purabi / Sting / Coke,Existing inventory unsold,Stock Already Available,Yes,High,Stock Already Available,National Highway commercial stretch. Positioned Tru Orange and Lassi in highway food stalls and bakeries with strong evening footfall.
2026-06-12,Friday,24,June,Sengupta Agencies,Sushil Das,Saurav Sinha,National Highway,Silchar Urban,OUT_13_009,National Highway Counter 9,Kirana Store,Medium,Market Street,Yes,Medium,Yes,Amul Dark Chocolate 150g,Confectionery,Chocolates,Yes,No,Medium,Yes,Low,No,No,0,0,0.0,Yes,Purabi / Sting / Coke,Existing inventory unsold,Stock Already Available,Yes,High,Stock Already Available,National Highway commercial stretch. Positioned Tru Orange and Lassi in highway food stalls and bakeries with strong evening footfall.
2026-06-12,Friday,24,June,Sengupta Agencies,Sushil Das,Saurav Sinha,National Highway,Silchar Urban,OUT_13_009,National Highway Counter 9,Kirana Store,Medium,Market Street,Yes,Medium,Yes,Amul Tru Mango 200ml,Beverages,Fruit Drinks,Yes,No,Medium,Yes,Low,No,No,0,0,0.0,Yes,Purabi / Sting / Coke,Existing inventory unsold,Stock Already Available,Yes,High,Stock Already Available,National Highway commercial stretch. Positioned Tru Orange and Lassi in highway food stalls and bakeries with strong evening footfall.
2026-06-12,Friday,24,June,Sengupta Agencies,Sushil Das,Saurav Sinha,National Highway,Silchar Urban,OUT_13_009,National Highway Counter 9,Kirana Store,Medium,Market Street,Yes,Medium,Yes,Amul Tru Litchi 200ml,Beverages,Fruit Drinks,Yes,No,Medium,Yes,Low,No,No,0,0,0.0,Yes,Purabi / Sting / Coke,Existing inventory unsold,Stock Already Available,Yes,High,Stock Already Available,National Highway commercial stretch. Positioned Tru Orange and Lassi in highway food stalls and bakeries with strong evening footfall.
2026-06-12,Friday,24,June,Sengupta Agencies,Sushil Das,Saurav Sinha,National Highway,Silchar Urban,OUT_13_010,National Highway Counter 10,General Store,Medium,Market Street,Yes,Medium,Yes,Amul Dark Chocolate 150g,Confectionery,Chocolates,Yes,No,Medium,Yes,Low,No,No,0,0,0.0,Yes,Purabi / Sting / Coke,Existing inventory unsold,Stock Already Available,Yes,High,Stock Already Available,National Highway commercial stretch. Positioned Tru Orange and Lassi in highway food stalls and bakeries with strong evening footfall.
2026-06-12,Friday,24,June,Sengupta Agencies,Sushil Das,Saurav Sinha,National Highway,Silchar Urban,OUT_13_010,National Highway Counter 10,General Store,Medium,Market Street,Yes,Medium,Yes,Amul Tru Mango 200ml,Beverages,Fruit Drinks,Yes,No,Medium,Yes,Low,No,No,0,0,0.0,Yes,Purabi / Sting / Coke,Existing inventory unsold,Stock Already Available,Yes,High,Stock Already Available,National Highway commercial stretch. Positioned Tru Orange and Lassi in highway food stalls and bakeries with strong evening footfall.
2026-06-12,Friday,24,June,Sengupta Agencies,Sushil Das,Saurav Sinha,National Highway,Silchar Urban,OUT_13_010,National Highway Counter 10,General Store,Medium,Market Street,Yes,Medium,Yes,Amul Tru Litchi 200ml,Beverages,Fruit Drinks,Yes,No,Medium,Yes,Low,No,No,0,0,0.0,Yes,Purabi / Sting / Coke,Existing inventory unsold,Stock Already Available,Yes,High,Stock Already Available,National Highway commercial stretch. Positioned Tru Orange and Lassi in highway food stalls and bakeries with strong evening footfall.
2026-06-12,Friday,24,June,Sengupta Agencies,Sushil Das,Saurav Sinha,National Highway,Silchar Urban,OUT_13_011,National Highway Counter 11,Kirana Store,Medium,Market Street,No,Medium,Yes,Amul Dark Chocolate 150g,Confectionery,Chocolates,Yes,No,Medium,Yes,Low,No,No,0,0,0.0,Yes,Purabi / Sting / Coke,Existing inventory unsold,Stock Already Available,Yes,High,Stock Already Available,National Highway commercial stretch. Positioned Tru Orange and Lassi in highway food stalls and bakeries with strong evening footfall.
2026-06-12,Friday,24,June,Sengupta Agencies,Sushil Das,Saurav Sinha,National Highway,Silchar Urban,OUT_13_011,National Highway Counter 11,Kirana Store,Medium,Market Street,No,Medium,Yes,Amul Tru Mango 200ml,Beverages,Fruit Drinks,Yes,No,Medium,Yes,Low,No,No,0,0,0.0,Yes,Purabi / Sting / Coke,Existing inventory unsold,Stock Already Available,Yes,High,Stock Already Available,National Highway commercial stretch. Positioned Tru Orange and Lassi in highway food stalls and bakeries with strong evening footfall.
2026-06-12,Friday,24,June,Sengupta Agencies,Sushil Das,Saurav Sinha,National Highway,Silchar Urban,OUT_13_011,National Highway Counter 11,Kirana Store,Medium,Market Street,No,Medium,Yes,Amul Tru Litchi 200ml,Beverages,Fruit Drinks,Yes,No,Medium,Yes,Low,No,No,0,0,0.0,Yes,Purabi / Sting / Coke,Existing inventory unsold,Stock Already Available,Yes,High,Stock Already Available,National Highway commercial stretch. Positioned Tru Orange and Lassi in highway food stalls and bakeries with strong evening footfall.
2026-06-12,Friday,24,June,Sengupta Agencies,Sushil Das,Saurav Sinha,National Highway,Silchar Urban,OUT_13_012,National Highway Counter 12,General Store,Medium,Market Street,Yes,Medium,Yes,Amul Dark Chocolate 150g,Confectionery,Chocolates,Yes,No,Medium,Yes,Low,No,No,0,0,0.0,Yes,Purabi / Sting / Coke,Existing inventory unsold,Stock Already Available,Yes,High,Stock Already Available,National Highway commercial stretch. Positioned Tru Orange and Lassi in highway food stalls and bakeries with strong evening footfall.
2026-06-12,Friday,24,June,Sengupta Agencies,Sushil Das,Saurav Sinha,National Highway,Silchar Urban,OUT_13_012,National Highway Counter 12,General Store,Medium,Market Street,Yes,Medium,Yes,Amul Tru Mango 200ml,Beverages,Fruit Drinks,Yes,No,Medium,Yes,Low,No,No,0,0,0.0,Yes,Purabi / Sting / Coke,Existing inventory unsold,Stock Already Available,Yes,High,Stock Already Available,National Highway commercial stretch. Positioned Tru Orange and Lassi in highway food stalls and bakeries with strong evening footfall.
2026-06-12,Friday,24,June,Sengupta Agencies,Sushil Das,Saurav Sinha,National Highway,Silchar Urban,OUT_13_012,National Highway Counter 12,General Store,Medium,Market Street,Yes,Medium,Yes,Amul Tru Litchi 200ml,Beverages,Fruit Drinks,Yes,No,Medium,Yes,Low,No,No,0,0,0.0,Yes,Purabi / Sting / Coke,Existing inventory unsold,Stock Already Available,Yes,High,Stock Already Available,National Highway commercial stretch. Positioned Tru Orange and Lassi in highway food stalls and bakeries with strong evening footfall.
2026-06-12,Friday,24,June,Sengupta Agencies,Sushil Das,Saurav Sinha,National Highway,Silchar Urban,OUT_13_013,National Highway Counter 13,Kirana Store,Medium,Market Street,Yes,Medium,Yes,Amul Dark Chocolate 150g,Confectionery,Chocolates,Yes,No,Medium,Yes,Low,No,No,0,0,0.0,Yes,Purabi / Sting / Coke,Existing inventory unsold,Stock Already Available,Yes,High,Stock Already Available,National Highway commercial stretch. Positioned Tru Orange and Lassi in highway food stalls and bakeries with strong evening footfall.
2026-06-12,Friday,24,June,Sengupta Agencies,Sushil Das,Saurav Sinha,National Highway,Silchar Urban,OUT_13_013,National Highway Counter 13,Kirana Store,Medium,Market Street,Yes,Medium,Yes,Amul Tru Mango 200ml,Beverages,Fruit Drinks,Yes,No,Medium,Yes,Low,No,No,0,0,0.0,Yes,Purabi / Sting / Coke,Existing inventory unsold,Stock Already Available,Yes,High,Stock Already Available,National Highway commercial stretch. Positioned Tru Orange and Lassi in highway food stalls and bakeries with strong evening footfall.
2026-06-12,Friday,24,June,Sengupta Agencies,Sushil Das,Saurav Sinha,National Highway,Silchar Urban,OUT_13_013,National Highway Counter 13,Kirana Store,Medium,Market Street,Yes,Medium,Yes,Amul Tru Litchi 200ml,Beverages,Fruit Drinks,Yes,No,Medium,Yes,Low,No,No,0,0,0.0,Yes,Purabi / Sting / Coke,Existing inventory unsold,Stock Already Available,Yes,High,Stock Already Available,National Highway commercial stretch. Positioned Tru Orange and Lassi in highway food stalls and bakeries with strong evening footfall.
2026-06-12,Friday,24,June,Sengupta Agencies,Sushil Das,Saurav Sinha,National Highway,Silchar Urban,OUT_13_014,National Highway Counter 14,General Store,Medium,Market Street,Yes,Medium,Yes,Amul Dark Chocolate 150g,Confectionery,Chocolates,Yes,No,Medium,Yes,Low,No,No,0,0,0.0,Yes,Purabi / Sting / Coke,Existing inventory unsold,Stock Already Available,Yes,High,Stock Already Available,National Highway commercial stretch. Positioned Tru Orange and Lassi in highway food stalls and bakeries with strong evening footfall.
2026-06-12,Friday,24,June,Sengupta Agencies,Sushil Das,Saurav Sinha,National Highway,Silchar Urban,OUT_13_014,National Highway Counter 14,General Store,Medium,Market Street,Yes,Medium,Yes,Amul Tru Mango 200ml,Beverages,Fruit Drinks,Yes,No,Medium,Yes,Low,No,No,0,0,0.0,Yes,Purabi / Sting / Coke,Existing inventory unsold,Stock Already Available,Yes,High,Stock Already Available,National Highway commercial stretch. Positioned Tru Orange and Lassi in highway food stalls and bakeries with strong evening footfall.
2026-06-12,Friday,24,June,Sengupta Agencies,Sushil Das,Saurav Sinha,National Highway,Silchar Urban,OUT_13_014,National Highway Counter 14,General Store,Medium,Market Street,Yes,Medium,Yes,Amul Tru Litchi 200ml,Beverages,Fruit Drinks,Yes,No,Medium,Yes,Low,No,No,0,0,0.0,Yes,Purabi / Sting / Coke,Existing inventory unsold,Stock Already Available,Yes,High,Stock Already Available,National Highway commercial stretch. Positioned Tru Orange and Lassi in highway food stalls and bakeries with strong evening footfall.
2026-06-12,Friday,24,June,Sengupta Agencies,Sushil Das,Saurav Sinha,National Highway,Silchar Urban,OUT_13_015,National Highway Counter 15,Kirana Store,Medium,Market Street,No,Medium,Yes,Amul Dark Chocolate 150g,Confectionery,Chocolates,Yes,No,Medium,Yes,Low,No,No,0,0,0.0,Yes,Purabi / Sting / Coke,Existing inventory unsold,Stock Already Available,Yes,High,Stock Already Available,National Highway commercial stretch. Positioned Tru Orange and Lassi in highway food stalls and bakeries with strong evening footfall.
2026-06-12,Friday,24,June,Sengupta Agencies,Sushil Das,Saurav Sinha,National Highway,Silchar Urban,OUT_13_015,National Highway Counter 15,Kirana Store,Medium,Market Street,No,Medium,Yes,Amul Tru Mango 200ml,Beverages,Fruit Drinks,Yes,No,Medium,Yes,Low,No,No,0,0,0.0,Yes,Purabi / Sting / Coke,Existing inventory unsold,Stock Already Available,Yes,High,Stock Already Available,National Highway commercial stretch. Positioned Tru Orange and Lassi in highway food stalls and bakeries with strong evening footfall.
2026-06-12,Friday,24,June,Sengupta Agencies,Sushil Das,Saurav Sinha,National Highway,Silchar Urban,OUT_13_015,National Highway Counter 15,Kirana Store,Medium,Market Street,No,Medium,Yes,Amul Tru Litchi 200ml,Beverages,Fruit Drinks,Yes,No,Medium,Yes,Low,No,No,0,0,0.0,Yes,Purabi / Sting / Coke,Existing inventory unsold,Stock Already Available,Yes,High,Stock Already Available,National Highway commercial stretch. Positioned Tru Orange and Lassi in highway food stalls and bakeries with strong evening footfall.
2026-06-12,Friday,24,June,Sengupta Agencies,Sushil Das,Saurav Sinha,National Highway,Silchar Urban,OUT_13_016,National Highway Counter 16,General Store,Medium,Market Street,Yes,Medium,Yes,Amul Dark Chocolate 150g,Confectionery,Chocolates,Yes,No,Medium,Yes,Low,No,No,0,0,0.0,Yes,Purabi / Sting / Coke,Existing inventory unsold,Stock Already Available,Yes,High,Stock Already Available,National Highway commercial stretch. Positioned Tru Orange and Lassi in highway food stalls and bakeries with strong evening footfall.
2026-06-12,Friday,24,June,Sengupta Agencies,Sushil Das,Saurav Sinha,National Highway,Silchar Urban,OUT_13_016,National Highway Counter 16,General Store,Medium,Market Street,Yes,Medium,Yes,Amul Tru Mango 200ml,Beverages,Fruit Drinks,Yes,No,Medium,Yes,Low,No,No,0,0,0.0,Yes,Purabi / Sting / Coke,Existing inventory unsold,Stock Already Available,Yes,High,Stock Already Available,National Highway commercial stretch. Positioned Tru Orange and Lassi in highway food stalls and bakeries with strong evening footfall.
2026-06-12,Friday,24,June,Sengupta Agencies,Sushil Das,Saurav Sinha,National Highway,Silchar Urban,OUT_13_016,National Highway Counter 16,General Store,Medium,Market Street,Yes,Medium,Yes,Amul Tru Litchi 200ml,Beverages,Fruit Drinks,Yes,No,Medium,Yes,Low,No,No,0,0,0.0,Yes,Purabi / Sting / Coke,Existing inventory unsold,Stock Already Available,Yes,High,Stock Already Available,National Highway commercial stretch. Positioned Tru Orange and Lassi in highway food stalls and bakeries with strong evening footfall.
2026-06-12,Friday,24,June,Sengupta Agencies,Sushil Das,Saurav Sinha,National Highway,Silchar Urban,OUT_13_017,National Highway Counter 17,Kirana Store,Medium,Market Street,Yes,Medium,Yes,Amul Dark Chocolate 150g,Confectionery,Chocolates,Yes,No,Medium,Yes,Low,No,No,0,0,0.0,Yes,Purabi / Sting / Coke,Existing inventory unsold,Stock Already Available,Yes,High,Stock Already Available,National Highway commercial stretch. Positioned Tru Orange and Lassi in highway food stalls and bakeries with strong evening footfall.
2026-06-12,Friday,24,June,Sengupta Agencies,Sushil Das,Saurav Sinha,National Highway,Silchar Urban,OUT_13_017,National Highway Counter 17,Kirana Store,Medium,Market Street,Yes,Medium,Yes,Amul Tru Mango 200ml,Beverages,Fruit Drinks,Yes,No,Medium,Yes,Low,No,No,0,0,0.0,Yes,Purabi / Sting / Coke,Existing inventory unsold,Stock Already Available,Yes,High,Stock Already Available,National Highway commercial stretch. Positioned Tru Orange and Lassi in highway food stalls and bakeries with strong evening footfall.
2026-06-12,Friday,24,June,Sengupta Agencies,Sushil Das,Saurav Sinha,National Highway,Silchar Urban,OUT_13_017,National Highway Counter 17,Kirana Store,Medium,Market Street,Yes,Medium,Yes,Amul Tru Litchi 200ml,Beverages,Fruit Drinks,Yes,No,Medium,Yes,Low,No,No,0,0,0.0,Yes,Purabi / Sting / Coke,Existing inventory unsold,Stock Already Available,Yes,High,Stock Already Available,National Highway commercial stretch. Positioned Tru Orange and Lassi in highway food stalls and bakeries with strong evening footfall.
2026-06-12,Friday,24,June,Sengupta Agencies,Sushil Das,Saurav Sinha,National Highway,Silchar Urban,OUT_13_018,National Highway Counter 18,General Store,Medium,Market Street,Yes,Medium,Yes,Amul Dark Chocolate 150g,Confectionery,Chocolates,Yes,No,Medium,Yes,Low,No,No,0,0,0.0,Yes,Purabi / Sting / Coke,Existing inventory unsold,Stock Already Available,Yes,High,Stock Already Available,National Highway commercial stretch. Positioned Tru Orange and Lassi in highway food stalls and bakeries with strong evening footfall.
2026-06-12,Friday,24,June,Sengupta Agencies,Sushil Das,Saurav Sinha,National Highway,Silchar Urban,OUT_13_018,National Highway Counter 18,General Store,Medium,Market Street,Yes,Medium,Yes,Amul Tru Mango 200ml,Beverages,Fruit Drinks,Yes,No,Medium,Yes,Low,No,No,0,0,0.0,Yes,Purabi / Sting / Coke,Existing inventory unsold,Stock Already Available,Yes,High,Stock Already Available,National Highway commercial stretch. Positioned Tru Orange and Lassi in highway food stalls and bakeries with strong evening footfall.
2026-06-12,Friday,24,June,Sengupta Agencies,Sushil Das,Saurav Sinha,National Highway,Silchar Urban,OUT_13_018,National Highway Counter 18,General Store,Medium,Market Street,Yes,Medium,Yes,Amul Tru Litchi 200ml,Beverages,Fruit Drinks,Yes,No,Medium,Yes,Low,No,No,0,0,0.0,Yes,Purabi / Sting / Coke,Existing inventory unsold,Stock Already Available,Yes,High,Stock Already Available,National Highway commercial stretch. Positioned Tru Orange and Lassi in highway food stalls and bakeries with strong evening footfall.
2026-06-12,Friday,24,June,Sengupta Agencies,Sushil Das,Saurav Sinha,National Highway,Silchar Urban,OUT_13_019,National Highway Counter 19,Kirana Store,Medium,Market Street,No,Medium,Yes,Amul Dark Chocolate 150g,Confectionery,Chocolates,Yes,No,Medium,Yes,Low,No,No,0,0,0.0,Yes,Purabi / Sting / Coke,Existing inventory unsold,Stock Already Available,Yes,High,Stock Already Available,National Highway commercial stretch. Positioned Tru Orange and Lassi in highway food stalls and bakeries with strong evening footfall.
2026-06-12,Friday,24,June,Sengupta Agencies,Sushil Das,Saurav Sinha,National Highway,Silchar Urban,OUT_13_019,National Highway Counter 19,Kirana Store,Medium,Market Street,No,Medium,Yes,Amul Tru Mango 200ml,Beverages,Fruit Drinks,Yes,No,Medium,Yes,Low,No,No,0,0,0.0,Yes,Purabi / Sting / Coke,Existing inventory unsold,Stock Already Available,Yes,High,Stock Already Available,National Highway commercial stretch. Positioned Tru Orange and Lassi in highway food stalls and bakeries with strong evening footfall.
2026-06-12,Friday,24,June,Sengupta Agencies,Sushil Das,Saurav Sinha,National Highway,Silchar Urban,OUT_13_019,National Highway Counter 19,Kirana Store,Medium,Market Street,No,Medium,Yes,Amul Tru Litchi 200ml,Beverages,Fruit Drinks,Yes,No,Medium,Yes,Low,No,No,0,0,0.0,Yes,Purabi / Sting / Coke,Existing inventory unsold,Stock Already Available,Yes,High,Stock Already Available,National Highway commercial stretch. Positioned Tru Orange and Lassi in highway food stalls and bakeries with strong evening footfall.
2026-06-12,Friday,24,June,Sengupta Agencies,Sushil Das,Saurav Sinha,National Highway,Silchar Urban,OUT_13_020,National Highway Counter 20,General Store,Medium,Market Street,Yes,Medium,Yes,Amul Dark Chocolate 150g,Confectionery,Chocolates,Yes,No,Medium,Yes,Low,No,No,0,0,0.0,Yes,Purabi / Sting / Coke,Existing inventory unsold,Stock Already Available,Yes,High,Stock Already Available,National Highway commercial stretch. Positioned Tru Orange and Lassi in highway food stalls and bakeries with strong evening footfall.
2026-06-12,Friday,24,June,Sengupta Agencies,Sushil Das,Saurav Sinha,National Highway,Silchar Urban,OUT_13_020,National Highway Counter 20,General Store,Medium,Market Street,Yes,Medium,Yes,Amul Tru Mango 200ml,Beverages,Fruit Drinks,Yes,No,Medium,Yes,Low,No,No,0,0,0.0,Yes,Purabi / Sting / Coke,Existing inventory unsold,Stock Already Available,Yes,High,Stock Already Available,National Highway commercial stretch. Positioned Tru Orange and Lassi in highway food stalls and bakeries with strong evening footfall.
2026-06-12,Friday,24,June,Sengupta Agencies,Sushil Das,Saurav Sinha,National Highway,Silchar Urban,OUT_13_020,National Highway Counter 20,General Store,Medium,Market Street,Yes,Medium,Yes,Amul Tru Litchi 200ml,Beverages,Fruit Drinks,Yes,No,Medium,Yes,Low,No,No,0,0,0.0,Yes,Purabi / Sting / Coke,Existing inventory unsold,Stock Already Available,Yes,High,Stock Already Available,National Highway commercial stretch. Positioned Tru Orange and Lassi in highway food stalls and bakeries with strong evening footfall.
2026-06-12,Friday,24,June,Sengupta Agencies,Sushil Das,Saurav Sinha,National Highway,Silchar Urban,OUT_13_021,National Highway Counter 21,Kirana Store,Medium,Market Street,Yes,Medium,Yes,Amul Dark Chocolate 150g,Confectionery,Chocolates,Yes,No,Medium,Yes,Low,No,No,0,0,0.0,Yes,Purabi / Sting / Coke,Existing inventory unsold,Stock Already Available,Yes,High,Stock Already Available,National Highway commercial stretch. Positioned Tru Orange and Lassi in highway food stalls and bakeries with strong evening footfall.
2026-06-12,Friday,24,June,Sengupta Agencies,Sushil Das,Saurav Sinha,National Highway,Silchar Urban,OUT_13_021,National Highway Counter 21,Kirana Store,Medium,Market Street,Yes,Medium,Yes,Amul Tru Mango 200ml,Beverages,Fruit Drinks,Yes,No,Medium,Yes,Low,No,No,0,0,0.0,Yes,Purabi / Sting / Coke,Existing inventory unsold,Stock Already Available,Yes,High,Stock Already Available,National Highway commercial stretch. Positioned Tru Orange and Lassi in highway food stalls and bakeries with strong evening footfall.
2026-06-12,Friday,24,June,Sengupta Agencies,Sushil Das,Saurav Sinha,National Highway,Silchar Urban,OUT_13_021,National Highway Counter 21,Kirana Store,Medium,Market Street,Yes,Medium,Yes,Amul Tru Litchi 200ml,Beverages,Fruit Drinks,Yes,No,Medium,Yes,Low,No,No,0,0,0.0,Yes,Purabi / Sting / Coke,Existing inventory unsold,Stock Already Available,Yes,High,Stock Already Available,National Highway commercial stretch. Positioned Tru Orange and Lassi in highway food stalls and bakeries with strong evening footfall.
2026-06-13,Saturday,24,June,Sengupta Agencies,Sushil Das,Saurav Sinha,Hailakandi Road,Silchar Urban,OUT_14_001,Hailakandi Road Counter 1,Kirana Store,Medium,Market Street,No,Medium,Yes,Amul Tru Mango 200ml,Beverages,Fruit Drinks,Yes,No,Medium,Yes,High,Yes,Yes,24,24,308.64,Yes,Purabi / Sting / Coke,,None,No,Low,None,Hailakandi Road market visit. Retailers placed orders for core dairy and ambient beverages; noted demand for smaller consumer butter packs.
2026-06-13,Saturday,24,June,Sengupta Agencies,Sushil Das,Saurav Sinha,Hailakandi Road,Silchar Urban,OUT_14_001,Hailakandi Road Counter 1,Kirana Store,Medium,Market Street,No,Medium,Yes,Amul Tru Litchi 200ml,Beverages,Fruit Drinks,Yes,No,Medium,Yes,High,Yes,Yes,24,24,308.64,Yes,Purabi / Sting / Coke,,None,No,Low,None,Hailakandi Road market visit. Retailers placed orders for core dairy and ambient beverages; noted demand for smaller consumer butter packs.
2026-06-13,Saturday,24,June,Sengupta Agencies,Sushil Das,Saurav Sinha,Hailakandi Road,Silchar Urban,OUT_14_001,Hailakandi Road Counter 1,Kirana Store,Medium,Market Street,No,Medium,Yes,Amul Lassi 200ml,Beverages,Fermented Dairy,Yes,No,Medium,Yes,Low,No,No,0,0,0.0,Yes,Purabi / Sting / Coke,Existing inventory unsold,Stock Already Available,Yes,High,Stock Already Available,Hailakandi Road market visit. Retailers placed orders for core dairy and ambient beverages; noted demand for smaller consumer butter packs.
2026-06-13,Saturday,24,June,Sengupta Agencies,Sushil Das,Saurav Sinha,Hailakandi Road,Silchar Urban,OUT_14_002,Hailakandi Road Counter 2,General Store,Medium,Market Street,Yes,Medium,Yes,Amul Tru Mango 200ml,Beverages,Fruit Drinks,Yes,No,Medium,Yes,High,Yes,Yes,24,24,308.64,Yes,Purabi / Sting / Coke,,None,No,Low,None,Hailakandi Road market visit. Retailers placed orders for core dairy and ambient beverages; noted demand for smaller consumer butter packs.
2026-06-13,Saturday,24,June,Sengupta Agencies,Sushil Das,Saurav Sinha,Hailakandi Road,Silchar Urban,OUT_14_002,Hailakandi Road Counter 2,General Store,Medium,Market Street,Yes,Medium,Yes,Amul Tru Litchi 200ml,Beverages,Fruit Drinks,Yes,No,Medium,Yes,Low,No,No,0,0,0.0,Yes,Purabi / Sting / Coke,Existing inventory unsold,Stock Already Available,Yes,High,Stock Already Available,Hailakandi Road market visit. Retailers placed orders for core dairy and ambient beverages; noted demand for smaller consumer butter packs.
2026-06-13,Saturday,24,June,Sengupta Agencies,Sushil Das,Saurav Sinha,Hailakandi Road,Silchar Urban,OUT_14_002,Hailakandi Road Counter 2,General Store,Medium,Market Street,Yes,Medium,Yes,Amul Lassi 200ml,Beverages,Fermented Dairy,Yes,No,Medium,Yes,Low,No,No,0,0,0.0,Yes,Purabi / Sting / Coke,Existing inventory unsold,Stock Already Available,Yes,High,Stock Already Available,Hailakandi Road market visit. Retailers placed orders for core dairy and ambient beverages; noted demand for smaller consumer butter packs.
2026-06-13,Saturday,24,June,Sengupta Agencies,Sushil Das,Saurav Sinha,Hailakandi Road,Silchar Urban,OUT_14_003,Hailakandi Road Counter 3,Kirana Store,Medium,Market Street,Yes,Medium,Yes,Amul Tru Mango 200ml,Beverages,Fruit Drinks,Yes,No,Medium,Yes,High,Yes,Yes,24,24,308.64,Yes,Purabi / Sting / Coke,,None,No,Low,None,Hailakandi Road market visit. Retailers placed orders for core dairy and ambient beverages; noted demand for smaller consumer butter packs.
2026-06-13,Saturday,24,June,Sengupta Agencies,Sushil Das,Saurav Sinha,Hailakandi Road,Silchar Urban,OUT_14_003,Hailakandi Road Counter 3,Kirana Store,Medium,Market Street,Yes,Medium,Yes,Amul Tru Litchi 200ml,Beverages,Fruit Drinks,Yes,No,Medium,Yes,High,Yes,Yes,24,24,308.64,Yes,Purabi / Sting / Coke,,None,No,Low,None,Hailakandi Road market visit. Retailers placed orders for core dairy and ambient beverages; noted demand for smaller consumer butter packs.
2026-06-13,Saturday,24,June,Sengupta Agencies,Sushil Das,Saurav Sinha,Hailakandi Road,Silchar Urban,OUT_14_003,Hailakandi Road Counter 3,Kirana Store,Medium,Market Street,Yes,Medium,Yes,Amul Lassi 200ml,Beverages,Fermented Dairy,Yes,No,Medium,Yes,Low,No,No,0,0,0.0,Yes,Purabi / Sting / Coke,Existing inventory unsold,Stock Already Available,Yes,High,Stock Already Available,Hailakandi Road market visit. Retailers placed orders for core dairy and ambient beverages; noted demand for smaller consumer butter packs.
2026-06-13,Saturday,24,June,Sengupta Agencies,Sushil Das,Saurav Sinha,Hailakandi Road,Silchar Urban,OUT_14_004,Hailakandi Road Counter 4,General Store,Medium,Market Street,Yes,Medium,Yes,Amul Tru Mango 200ml,Beverages,Fruit Drinks,Yes,No,Medium,Yes,Low,No,No,0,0,0.0,Yes,Purabi / Sting / Coke,Existing inventory unsold,Stock Already Available,Yes,High,Stock Already Available,Hailakandi Road market visit. Retailers placed orders for core dairy and ambient beverages; noted demand for smaller consumer butter packs.
2026-06-13,Saturday,24,June,Sengupta Agencies,Sushil Das,Saurav Sinha,Hailakandi Road,Silchar Urban,OUT_14_004,Hailakandi Road Counter 4,General Store,Medium,Market Street,Yes,Medium,Yes,Amul Tru Litchi 200ml,Beverages,Fruit Drinks,Yes,No,Medium,Yes,Low,No,No,0,0,0.0,Yes,Purabi / Sting / Coke,Existing inventory unsold,Stock Already Available,Yes,High,Stock Already Available,Hailakandi Road market visit. Retailers placed orders for core dairy and ambient beverages; noted demand for smaller consumer butter packs.
2026-06-13,Saturday,24,June,Sengupta Agencies,Sushil Das,Saurav Sinha,Hailakandi Road,Silchar Urban,OUT_14_004,Hailakandi Road Counter 4,General Store,Medium,Market Street,Yes,Medium,Yes,Amul Lassi 200ml,Beverages,Fermented Dairy,Yes,No,Medium,Yes,Low,No,No,0,0,0.0,Yes,Purabi / Sting / Coke,Existing inventory unsold,Stock Already Available,Yes,High,Stock Already Available,Hailakandi Road market visit. Retailers placed orders for core dairy and ambient beverages; noted demand for smaller consumer butter packs.
2026-06-13,Saturday,24,June,Sengupta Agencies,Sushil Das,Saurav Sinha,Hailakandi Road,Silchar Urban,OUT_14_005,Hailakandi Road Counter 5,Kirana Store,Medium,Market Street,No,Medium,Yes,Amul Tru Mango 200ml,Beverages,Fruit Drinks,Yes,No,Medium,Yes,Low,No,No,0,0,0.0,Yes,Purabi / Sting / Coke,Existing inventory unsold,Stock Already Available,Yes,High,Stock Already Available,Hailakandi Road market visit. Retailers placed orders for core dairy and ambient beverages; noted demand for smaller consumer butter packs.
2026-06-13,Saturday,24,June,Sengupta Agencies,Sushil Das,Saurav Sinha,Hailakandi Road,Silchar Urban,OUT_14_005,Hailakandi Road Counter 5,Kirana Store,Medium,Market Street,No,Medium,Yes,Amul Tru Litchi 200ml,Beverages,Fruit Drinks,Yes,No,Medium,Yes,Low,No,No,0,0,0.0,Yes,Purabi / Sting / Coke,Existing inventory unsold,Stock Already Available,Yes,High,Stock Already Available,Hailakandi Road market visit. Retailers placed orders for core dairy and ambient beverages; noted demand for smaller consumer butter packs.
2026-06-13,Saturday,24,June,Sengupta Agencies,Sushil Das,Saurav Sinha,Hailakandi Road,Silchar Urban,OUT_14_005,Hailakandi Road Counter 5,Kirana Store,Medium,Market Street,No,Medium,Yes,Amul Lassi 200ml,Beverages,Fermented Dairy,Yes,No,Medium,Yes,Low,No,No,0,0,0.0,Yes,Purabi / Sting / Coke,Existing inventory unsold,Stock Already Available,Yes,High,Stock Already Available,Hailakandi Road market visit. Retailers placed orders for core dairy and ambient beverages; noted demand for smaller consumer butter packs.
2026-06-13,Saturday,24,June,Sengupta Agencies,Sushil Das,Saurav Sinha,Hailakandi Road,Silchar Urban,OUT_14_006,Hailakandi Road Counter 6,General Store,Medium,Market Street,Yes,Medium,Yes,Amul Tru Mango 200ml,Beverages,Fruit Drinks,Yes,No,Medium,Yes,Low,No,No,0,0,0.0,Yes,Purabi / Sting / Coke,Existing inventory unsold,Stock Already Available,Yes,High,Stock Already Available,Hailakandi Road market visit. Retailers placed orders for core dairy and ambient beverages; noted demand for smaller consumer butter packs.
2026-06-13,Saturday,24,June,Sengupta Agencies,Sushil Das,Saurav Sinha,Hailakandi Road,Silchar Urban,OUT_14_006,Hailakandi Road Counter 6,General Store,Medium,Market Street,Yes,Medium,Yes,Amul Tru Litchi 200ml,Beverages,Fruit Drinks,Yes,No,Medium,Yes,Low,No,No,0,0,0.0,Yes,Purabi / Sting / Coke,Existing inventory unsold,Stock Already Available,Yes,High,Stock Already Available,Hailakandi Road market visit. Retailers placed orders for core dairy and ambient beverages; noted demand for smaller consumer butter packs.
2026-06-13,Saturday,24,June,Sengupta Agencies,Sushil Das,Saurav Sinha,Hailakandi Road,Silchar Urban,OUT_14_006,Hailakandi Road Counter 6,General Store,Medium,Market Street,Yes,Medium,Yes,Amul Lassi 200ml,Beverages,Fermented Dairy,Yes,No,Medium,Yes,Low,No,No,0,0,0.0,Yes,Purabi / Sting / Coke,Existing inventory unsold,Stock Already Available,Yes,High,Stock Already Available,Hailakandi Road market visit. Retailers placed orders for core dairy and ambient beverages; noted demand for smaller consumer butter packs.
2026-06-16,Tuesday,25,June,Sengupta Agencies,Sushil Das,Saurav Sinha,NS Avenue,Silchar Urban,OUT_15_581,Benu Roy,Bakery & Confectionery,Medium,Commercial Market,Yes,High,Yes,Amul Lassi 200ml,Beverages,Fermented Dairy,Yes,No,High,Yes,High,Yes,Yes,30,30,391.2,Yes,Purabi / Coke / Sting,,None,No,Normal,,"NS Avenue prime market beat. Placed Amul Kool Kesar cans, Lassi, and Kool PET bottles. Resolved local delivery logistics concerns with retailer."
2026-06-16,Tuesday,25,June,Sengupta Agencies,Sushil Das,Saurav Sinha,NS Avenue,Silchar Urban,OUT_15_581,Benu Roy,Kirana Store,Medium,Commercial Market,Yes,Medium,Yes,Amul Tru Litchi 200ml,Beverages,Fruit Drinks,Yes,No,Medium,Yes,Medium,No,No,0,0,0,Yes,Purabi / Coke / Sting,Focus SKU rejected,Existing Stock Sufficient,Yes,Medium,Re-pitch during next weekly beat cycle,"NS Avenue prime market beat. Placed Amul Kool Kesar cans, Lassi, and Kool PET bottles. Resolved local delivery logistics concerns with retailer."
2026-06-16,Tuesday,25,June,Sengupta Agencies,Sushil Das,Saurav Sinha,NS Avenue,Silchar Urban,OUT_15_581,Benu Roy,Kirana Store,Medium,Commercial Market,Yes,Medium,Yes,Amul Kool Cafe 200ml (Can),Beverages,Flavoured Milk,Yes,No,Medium,Yes,Medium,No,No,0,0,0,Yes,Purabi / Coke / Sting,Focus SKU rejected,Existing Stock Sufficient,Yes,Medium,Re-pitch during next weekly beat cycle,"NS Avenue prime market beat. Placed Amul Kool Kesar cans, Lassi, and Kool PET bottles. Resolved local delivery logistics concerns with retailer."
2026-06-16,Tuesday,25,June,Sengupta Agencies,Sushil Das,Saurav Sinha,NS Avenue,Silchar Urban,OUT_15_581,Benu Roy,Kirana Store,Medium,Commercial Market,Yes,Medium,Yes,Amul Tinned Paneer 425g,Dairy,Paneer,Yes,No,Medium,Yes,Medium,No,No,0,0,0,Yes,Purabi / Coke / Sting,Focus SKU rejected,Existing Stock Sufficient,Yes,Medium,Re-pitch during next weekly beat cycle,"NS Avenue prime market beat. Placed Amul Kool Kesar cans, Lassi, and Kool PET bottles. Resolved local delivery logistics concerns with retailer."
2026-06-16,Tuesday,25,June,Sengupta Agencies,Sushil Das,Saurav Sinha,NS Avenue,Silchar Urban,OUT_15_919,Sananda Stores,Kirana Store,Medium,Commercial Market,Yes,High,Yes,Amul Kool PET Bottle 200ml,Beverages,Flavoured Milk,Yes,No,High,Yes,High,Yes,Yes,30,30,652.2,Yes,Purabi / Coke / Sting,,None,No,Normal,,"NS Avenue prime market beat. Placed Amul Kool Kesar cans, Lassi, and Kool PET bottles. Resolved local delivery logistics concerns with retailer."
2026-06-16,Tuesday,25,June,Sengupta Agencies,Sushil Das,Saurav Sinha,NS Avenue,Silchar Urban,OUT_15_919,Sananda Stores,Kirana Store,Medium,Commercial Market,Yes,Medium,Yes,Amul Tru Litchi 200ml,Beverages,Fruit Drinks,Yes,No,Medium,Yes,Medium,No,No,0,0,0,Yes,Purabi / Coke / Sting,Focus SKU rejected,Existing Stock Sufficient,Yes,Medium,Re-pitch during next weekly beat cycle,"NS Avenue prime market beat. Placed Amul Kool Kesar cans, Lassi, and Kool PET bottles. Resolved local delivery logistics concerns with retailer."
2026-06-16,Tuesday,25,June,Sengupta Agencies,Sushil Das,Saurav Sinha,NS Avenue,Silchar Urban,OUT_15_919,Sananda Stores,Kirana Store,Medium,Commercial Market,Yes,Medium,Yes,Amul Lassi 200ml,Beverages,Fermented Dairy,Yes,No,Medium,Yes,Medium,No,No,0,0,0,Yes,Purabi / Coke / Sting,Focus SKU rejected,Existing Stock Sufficient,Yes,Medium,Re-pitch during next weekly beat cycle,"NS Avenue prime market beat. Placed Amul Kool Kesar cans, Lassi, and Kool PET bottles. Resolved local delivery logistics concerns with retailer."
2026-06-16,Tuesday,25,June,Sengupta Agencies,Sushil Das,Saurav Sinha,NS Avenue,Silchar Urban,OUT_15_919,Sananda Stores,Kirana Store,Medium,Commercial Market,Yes,Medium,Yes,Amul Kool Cafe 200ml (Can),Beverages,Flavoured Milk,Yes,No,Medium,Yes,Medium,No,No,0,0,0,Yes,Purabi / Coke / Sting,Focus SKU rejected,Existing Stock Sufficient,Yes,Medium,Re-pitch during next weekly beat cycle,"NS Avenue prime market beat. Placed Amul Kool Kesar cans, Lassi, and Kool PET bottles. Resolved local delivery logistics concerns with retailer."
2026-06-16,Tuesday,25,June,Sengupta Agencies,Sushil Das,Saurav Sinha,NS Avenue,Silchar Urban,OUT_15_919,Sananda Stores,Kirana Store,Medium,Commercial Market,Yes,Medium,Yes,Amul Tinned Paneer 425g,Dairy,Paneer,Yes,No,Medium,Yes,Medium,No,No,0,0,0,Yes,Purabi / Coke / Sting,Focus SKU rejected,Existing Stock Sufficient,Yes,Medium,Re-pitch during next weekly beat cycle,"NS Avenue prime market beat. Placed Amul Kool Kesar cans, Lassi, and Kool PET bottles. Resolved local delivery logistics concerns with retailer."
2026-06-16,Tuesday,25,June,Sengupta Agencies,Sushil Das,Saurav Sinha,NS Avenue,Silchar Urban,OUT_15_802,Mridula Store,Kirana Store,Medium,Commercial Market,Yes,High,Yes,Amul Kool Kesar 180ml (Can),Beverages,Flavoured Milk,Yes,No,High,Yes,High,Yes,Yes,120,120,3576.0,Yes,Purabi / Coke / Sting,,None,No,Normal,,"NS Avenue prime market beat. Placed Amul Kool Kesar cans, Lassi, and Kool PET bottles. Resolved local delivery logistics concerns with retailer."
2026-06-16,Tuesday,25,June,Sengupta Agencies,Sushil Das,Saurav Sinha,NS Avenue,Silchar Urban,OUT_15_802,Mridula Store,Kirana Store,Medium,Commercial Market,Yes,Medium,Yes,Amul Tru Litchi 200ml,Beverages,Fruit Drinks,Yes,No,Medium,Yes,Medium,No,No,0,0,0,Yes,Purabi / Coke / Sting,Focus SKU rejected,Existing Stock Sufficient,Yes,Medium,Re-pitch during next weekly beat cycle,"NS Avenue prime market beat. Placed Amul Kool Kesar cans, Lassi, and Kool PET bottles. Resolved local delivery logistics concerns with retailer."
2026-06-16,Tuesday,25,June,Sengupta Agencies,Sushil Das,Saurav Sinha,NS Avenue,Silchar Urban,OUT_15_802,Mridula Store,Kirana Store,Medium,Commercial Market,Yes,Medium,Yes,Amul Lassi 200ml,Beverages,Fermented Dairy,Yes,No,Medium,Yes,Medium,No,No,0,0,0,Yes,Purabi / Coke / Sting,Focus SKU rejected,Existing Stock Sufficient,Yes,Medium,Re-pitch during next weekly beat cycle,"NS Avenue prime market beat. Placed Amul Kool Kesar cans, Lassi, and Kool PET bottles. Resolved local delivery logistics concerns with retailer."
2026-06-16,Tuesday,25,June,Sengupta Agencies,Sushil Das,Saurav Sinha,NS Avenue,Silchar Urban,OUT_15_802,Mridula Store,Kirana Store,Medium,Commercial Market,Yes,Medium,Yes,Amul Kool Cafe 200ml (Can),Beverages,Flavoured Milk,Yes,No,Medium,Yes,Medium,No,No,0,0,0,Yes,Purabi / Coke / Sting,Focus SKU rejected,Existing Stock Sufficient,Yes,Medium,Re-pitch during next weekly beat cycle,"NS Avenue prime market beat. Placed Amul Kool Kesar cans, Lassi, and Kool PET bottles. Resolved local delivery logistics concerns with retailer."
2026-06-16,Tuesday,25,June,Sengupta Agencies,Sushil Das,Saurav Sinha,NS Avenue,Silchar Urban,OUT_15_802,Mridula Store,Kirana Store,Medium,Commercial Market,Yes,Medium,Yes,Amul Tinned Paneer 425g,Dairy,Paneer,Yes,No,Medium,Yes,Medium,No,No,0,0,0,Yes,Purabi / Coke / Sting,Focus SKU rejected,Existing Stock Sufficient,Yes,Medium,Re-pitch during next weekly beat cycle,"NS Avenue prime market beat. Placed Amul Kool Kesar cans, Lassi, and Kool PET bottles. Resolved local delivery logistics concerns with retailer."
2026-06-16,Tuesday,25,June,Sengupta Agencies,Sushil Das,Saurav Sinha,NS Avenue,Silchar Urban,OUT_15_821,Aman Enterprise,Kirana Store,Medium,Commercial Market,Yes,High,Yes,Amul Kool Cafe 200ml (Can),Beverages,Flavoured Milk,Yes,No,High,Yes,High,Yes,Yes,6,6,204.3,Yes,Purabi / Coke / Sting,,None,No,Normal,,"NS Avenue prime market beat. Placed Amul Kool Kesar cans, Lassi, and Kool PET bottles. Resolved local delivery logistics concerns with retailer."
2026-06-16,Tuesday,25,June,Sengupta Agencies,Sushil Das,Saurav Sinha,NS Avenue,Silchar Urban,OUT_15_821,Aman Enterprise,Kirana Store,Medium,Commercial Market,Yes,Medium,Yes,Amul Tru Litchi 200ml,Beverages,Fruit Drinks,Yes,No,Medium,Yes,Medium,No,No,0,0,0,Yes,Purabi / Coke / Sting,Focus SKU rejected,Existing Stock Sufficient,Yes,Medium,Re-pitch during next weekly beat cycle,"NS Avenue prime market beat. Placed Amul Kool Kesar cans, Lassi, and Kool PET bottles. Resolved local delivery logistics concerns with retailer."
2026-06-16,Tuesday,25,June,Sengupta Agencies,Sushil Das,Saurav Sinha,NS Avenue,Silchar Urban,OUT_15_821,Aman Enterprise,Kirana Store,Medium,Commercial Market,Yes,Medium,Yes,Amul Lassi 200ml,Beverages,Fermented Dairy,Yes,No,Medium,Yes,Medium,No,No,0,0,0,Yes,Purabi / Coke / Sting,Focus SKU rejected,Existing Stock Sufficient,Yes,Medium,Re-pitch during next weekly beat cycle,"NS Avenue prime market beat. Placed Amul Kool Kesar cans, Lassi, and Kool PET bottles. Resolved local delivery logistics concerns with retailer."
2026-06-16,Tuesday,25,June,Sengupta Agencies,Sushil Das,Saurav Sinha,NS Avenue,Silchar Urban,OUT_15_821,Aman Enterprise,Kirana Store,Medium,Commercial Market,Yes,Medium,Yes,Amul Tinned Paneer 425g,Dairy,Paneer,Yes,No,Medium,Yes,Medium,No,No,0,0,0,Yes,Purabi / Coke / Sting,Focus SKU rejected,Existing Stock Sufficient,Yes,Medium,Re-pitch during next weekly beat cycle,"NS Avenue prime market beat. Placed Amul Kool Kesar cans, Lassi, and Kool PET bottles. Resolved local delivery logistics concerns with retailer."
2026-06-16,Tuesday,25,June,Sengupta Agencies,Sushil Das,Saurav Sinha,NS Avenue,Silchar Urban,OUT_15_441,Bappi Store,Kirana Store,Medium,Commercial Market,Yes,High,Yes,Amul Lassi 200ml,Beverages,Fermented Dairy,Yes,No,High,Yes,High,Yes,Yes,30,30,391.2,Yes,Purabi / Coke / Sting,,None,No,Normal,,"NS Avenue prime market beat. Placed Amul Kool Kesar cans, Lassi, and Kool PET bottles. Resolved local delivery logistics concerns with retailer."
2026-06-16,Tuesday,25,June,Sengupta Agencies,Sushil Das,Saurav Sinha,NS Avenue,Silchar Urban,OUT_15_441,Bappi Store,Kirana Store,Medium,Commercial Market,Yes,Medium,Yes,Amul Tru Litchi 200ml,Beverages,Fruit Drinks,Yes,No,Medium,Yes,Medium,No,No,0,0,0,Yes,Purabi / Coke / Sting,Focus SKU rejected,Existing Stock Sufficient,Yes,Medium,Re-pitch during next weekly beat cycle,"NS Avenue prime market beat. Placed Amul Kool Kesar cans, Lassi, and Kool PET bottles. Resolved local delivery logistics concerns with retailer."
2026-06-16,Tuesday,25,June,Sengupta Agencies,Sushil Das,Saurav Sinha,NS Avenue,Silchar Urban,OUT_15_441,Bappi Store,Kirana Store,Medium,Commercial Market,Yes,Medium,Yes,Amul Kool Cafe 200ml (Can),Beverages,Flavoured Milk,Yes,No,Medium,Yes,Medium,No,No,0,0,0,Yes,Purabi / Coke / Sting,Focus SKU rejected,Existing Stock Sufficient,Yes,Medium,Re-pitch during next weekly beat cycle,"NS Avenue prime market beat. Placed Amul Kool Kesar cans, Lassi, and Kool PET bottles. Resolved local delivery logistics concerns with retailer."
2026-06-16,Tuesday,25,June,Sengupta Agencies,Sushil Das,Saurav Sinha,NS Avenue,Silchar Urban,OUT_15_441,Bappi Store,Kirana Store,Medium,Commercial Market,Yes,Medium,Yes,Amul Tinned Paneer 425g,Dairy,Paneer,Yes,No,Medium,Yes,Medium,No,No,0,0,0,Yes,Purabi / Coke / Sting,Focus SKU rejected,Existing Stock Sufficient,Yes,Medium,Re-pitch during next weekly beat cycle,"NS Avenue prime market beat. Placed Amul Kool Kesar cans, Lassi, and Kool PET bottles. Resolved local delivery logistics concerns with retailer."
2026-06-16,Tuesday,25,June,Sengupta Agencies,Sushil Das,Saurav Sinha,NS Avenue,Silchar Urban,OUT_15_006,NS Avenue Counter 6,Kirana Store,Medium,Market Street,No,Medium,Yes,Amul Tru Litchi 200ml,Beverages,Fruit Drinks,Yes,No,Medium,Yes,Low,No,No,0,0,0.0,Yes,Purabi / Sting / Coke,Existing inventory unsold,Stock Already Available,Yes,High,Stock Already Available,"NS Avenue prime market beat. Placed Amul Kool Kesar cans, Lassi, and Kool PET bottles. Resolved local delivery logistics concerns with retailer."
2026-06-16,Tuesday,25,June,Sengupta Agencies,Sushil Das,Saurav Sinha,NS Avenue,Silchar Urban,OUT_15_006,NS Avenue Counter 6,Kirana Store,Medium,Market Street,No,Medium,Yes,Amul Lassi 200ml,Beverages,Fermented Dairy,Yes,No,Medium,Yes,Low,No,No,0,0,0.0,Yes,Purabi / Sting / Coke,Existing inventory unsold,Stock Already Available,Yes,High,Stock Already Available,"NS Avenue prime market beat. Placed Amul Kool Kesar cans, Lassi, and Kool PET bottles. Resolved local delivery logistics concerns with retailer."
2026-06-16,Tuesday,25,June,Sengupta Agencies,Sushil Das,Saurav Sinha,NS Avenue,Silchar Urban,OUT_15_006,NS Avenue Counter 6,Kirana Store,Medium,Market Street,No,Medium,Yes,Amul Kool Cafe 200ml (Can),Beverages,Flavoured Milk,Yes,No,Medium,Yes,Low,No,No,0,0,0.0,Yes,Purabi / Sting / Coke,Existing inventory unsold,Stock Already Available,Yes,High,Stock Already Available,"NS Avenue prime market beat. Placed Amul Kool Kesar cans, Lassi, and Kool PET bottles. Resolved local delivery logistics concerns with retailer."
2026-06-16,Tuesday,25,June,Sengupta Agencies,Sushil Das,Saurav Sinha,NS Avenue,Silchar Urban,OUT_15_007,NS Avenue Counter 7,General Store,Medium,Market Street,Yes,Medium,Yes,Amul Tru Litchi 200ml,Beverages,Fruit Drinks,Yes,No,Medium,Yes,Low,No,No,0,0,0.0,Yes,Purabi / Sting / Coke,Existing inventory unsold,Stock Already Available,Yes,High,Stock Already Available,"NS Avenue prime market beat. Placed Amul Kool Kesar cans, Lassi, and Kool PET bottles. Resolved local delivery logistics concerns with retailer."
2026-06-16,Tuesday,25,June,Sengupta Agencies,Sushil Das,Saurav Sinha,NS Avenue,Silchar Urban,OUT_15_007,NS Avenue Counter 7,General Store,Medium,Market Street,Yes,Medium,Yes,Amul Lassi 200ml,Beverages,Fermented Dairy,Yes,No,Medium,Yes,Low,No,No,0,0,0.0,Yes,Purabi / Sting / Coke,Existing inventory unsold,Stock Already Available,Yes,High,Stock Already Available,"NS Avenue prime market beat. Placed Amul Kool Kesar cans, Lassi, and Kool PET bottles. Resolved local delivery logistics concerns with retailer."
2026-06-16,Tuesday,25,June,Sengupta Agencies,Sushil Das,Saurav Sinha,NS Avenue,Silchar Urban,OUT_15_007,NS Avenue Counter 7,General Store,Medium,Market Street,Yes,Medium,Yes,Amul Kool Cafe 200ml (Can),Beverages,Flavoured Milk,Yes,No,Medium,Yes,Low,No,No,0,0,0.0,Yes,Purabi / Sting / Coke,Existing inventory unsold,Stock Already Available,Yes,High,Stock Already Available,"NS Avenue prime market beat. Placed Amul Kool Kesar cans, Lassi, and Kool PET bottles. Resolved local delivery logistics concerns with retailer."
2026-06-16,Tuesday,25,June,Sengupta Agencies,Sushil Das,Saurav Sinha,NS Avenue,Silchar Urban,OUT_15_008,NS Avenue Counter 8,Kirana Store,Medium,Market Street,Yes,Medium,Yes,Amul Tru Litchi 200ml,Beverages,Fruit Drinks,Yes,No,Medium,Yes,Low,No,No,0,0,0.0,Yes,Purabi / Sting / Coke,Existing inventory unsold,Stock Already Available,Yes,High,Stock Already Available,"NS Avenue prime market beat. Placed Amul Kool Kesar cans, Lassi, and Kool PET bottles. Resolved local delivery logistics concerns with retailer."
2026-06-16,Tuesday,25,June,Sengupta Agencies,Sushil Das,Saurav Sinha,NS Avenue,Silchar Urban,OUT_15_008,NS Avenue Counter 8,Kirana Store,Medium,Market Street,Yes,Medium,Yes,Amul Lassi 200ml,Beverages,Fermented Dairy,Yes,No,Medium,Yes,Low,No,No,0,0,0.0,Yes,Purabi / Sting / Coke,Existing inventory unsold,Stock Already Available,Yes,High,Stock Already Available,"NS Avenue prime market beat. Placed Amul Kool Kesar cans, Lassi, and Kool PET bottles. Resolved local delivery logistics concerns with retailer."
2026-06-16,Tuesday,25,June,Sengupta Agencies,Sushil Das,Saurav Sinha,NS Avenue,Silchar Urban,OUT_15_008,NS Avenue Counter 8,Kirana Store,Medium,Market Street,Yes,Medium,Yes,Amul Kool Cafe 200ml (Can),Beverages,Flavoured Milk,Yes,No,Medium,Yes,Low,No,No,0,0,0.0,Yes,Purabi / Sting / Coke,Existing inventory unsold,Stock Already Available,Yes,High,Stock Already Available,"NS Avenue prime market beat. Placed Amul Kool Kesar cans, Lassi, and Kool PET bottles. Resolved local delivery logistics concerns with retailer."
2026-06-16,Tuesday,25,June,Sengupta Agencies,Sushil Das,Saurav Sinha,NS Avenue,Silchar Urban,OUT_15_009,NS Avenue Counter 9,General Store,Medium,Market Street,Yes,Medium,Yes,Amul Tru Litchi 200ml,Beverages,Fruit Drinks,Yes,No,Medium,Yes,Low,No,No,0,0,0.0,Yes,Purabi / Sting / Coke,Existing inventory unsold,Stock Already Available,Yes,High,Stock Already Available,"NS Avenue prime market beat. Placed Amul Kool Kesar cans, Lassi, and Kool PET bottles. Resolved local delivery logistics concerns with retailer."
2026-06-16,Tuesday,25,June,Sengupta Agencies,Sushil Das,Saurav Sinha,NS Avenue,Silchar Urban,OUT_15_009,NS Avenue Counter 9,General Store,Medium,Market Street,Yes,Medium,Yes,Amul Lassi 200ml,Beverages,Fermented Dairy,Yes,No,Medium,Yes,Low,No,No,0,0,0.0,Yes,Purabi / Sting / Coke,Existing inventory unsold,Stock Already Available,Yes,High,Stock Already Available,"NS Avenue prime market beat. Placed Amul Kool Kesar cans, Lassi, and Kool PET bottles. Resolved local delivery logistics concerns with retailer."
2026-06-16,Tuesday,25,June,Sengupta Agencies,Sushil Das,Saurav Sinha,NS Avenue,Silchar Urban,OUT_15_009,NS Avenue Counter 9,General Store,Medium,Market Street,Yes,Medium,Yes,Amul Kool Cafe 200ml (Can),Beverages,Flavoured Milk,Yes,No,Medium,Yes,Low,No,No,0,0,0.0,Yes,Purabi / Sting / Coke,Existing inventory unsold,Stock Already Available,Yes,High,Stock Already Available,"NS Avenue prime market beat. Placed Amul Kool Kesar cans, Lassi, and Kool PET bottles. Resolved local delivery logistics concerns with retailer."
2026-06-16,Tuesday,25,June,Sengupta Agencies,Sushil Das,Saurav Sinha,NS Avenue,Silchar Urban,OUT_15_010,NS Avenue Counter 10,Kirana Store,Medium,Market Street,No,Medium,Yes,Amul Tru Litchi 200ml,Beverages,Fruit Drinks,Yes,No,Medium,Yes,Low,No,No,0,0,0.0,Yes,Purabi / Sting / Coke,Existing inventory unsold,Stock Already Available,Yes,High,Stock Already Available,"NS Avenue prime market beat. Placed Amul Kool Kesar cans, Lassi, and Kool PET bottles. Resolved local delivery logistics concerns with retailer."
2026-06-16,Tuesday,25,June,Sengupta Agencies,Sushil Das,Saurav Sinha,NS Avenue,Silchar Urban,OUT_15_010,NS Avenue Counter 10,Kirana Store,Medium,Market Street,No,Medium,Yes,Amul Lassi 200ml,Beverages,Fermented Dairy,Yes,No,Medium,Yes,Low,No,No,0,0,0.0,Yes,Purabi / Sting / Coke,Existing inventory unsold,Stock Already Available,Yes,High,Stock Already Available,"NS Avenue prime market beat. Placed Amul Kool Kesar cans, Lassi, and Kool PET bottles. Resolved local delivery logistics concerns with retailer."
2026-06-16,Tuesday,25,June,Sengupta Agencies,Sushil Das,Saurav Sinha,NS Avenue,Silchar Urban,OUT_15_010,NS Avenue Counter 10,Kirana Store,Medium,Market Street,No,Medium,Yes,Amul Kool Cafe 200ml (Can),Beverages,Flavoured Milk,Yes,No,Medium,Yes,Low,No,No,0,0,0.0,Yes,Purabi / Sting / Coke,Existing inventory unsold,Stock Already Available,Yes,High,Stock Already Available,"NS Avenue prime market beat. Placed Amul Kool Kesar cans, Lassi, and Kool PET bottles. Resolved local delivery logistics concerns with retailer."
2026-06-16,Tuesday,25,June,Sengupta Agencies,Sushil Das,Saurav Sinha,NS Avenue,Silchar Urban,OUT_15_011,NS Avenue Counter 11,General Store,Medium,Market Street,Yes,Medium,Yes,Amul Tru Litchi 200ml,Beverages,Fruit Drinks,Yes,No,Medium,Yes,Low,No,No,0,0,0.0,Yes,Purabi / Sting / Coke,Existing inventory unsold,Stock Already Available,Yes,High,Stock Already Available,"NS Avenue prime market beat. Placed Amul Kool Kesar cans, Lassi, and Kool PET bottles. Resolved local delivery logistics concerns with retailer."
2026-06-16,Tuesday,25,June,Sengupta Agencies,Sushil Das,Saurav Sinha,NS Avenue,Silchar Urban,OUT_15_011,NS Avenue Counter 11,General Store,Medium,Market Street,Yes,Medium,Yes,Amul Lassi 200ml,Beverages,Fermented Dairy,Yes,No,Medium,Yes,Low,No,No,0,0,0.0,Yes,Purabi / Sting / Coke,Existing inventory unsold,Stock Already Available,Yes,High,Stock Already Available,"NS Avenue prime market beat. Placed Amul Kool Kesar cans, Lassi, and Kool PET bottles. Resolved local delivery logistics concerns with retailer."
2026-06-16,Tuesday,25,June,Sengupta Agencies,Sushil Das,Saurav Sinha,NS Avenue,Silchar Urban,OUT_15_011,NS Avenue Counter 11,General Store,Medium,Market Street,Yes,Medium,Yes,Amul Kool Cafe 200ml (Can),Beverages,Flavoured Milk,Yes,No,Medium,Yes,Low,No,No,0,0,0.0,Yes,Purabi / Sting / Coke,Existing inventory unsold,Stock Already Available,Yes,High,Stock Already Available,"NS Avenue prime market beat. Placed Amul Kool Kesar cans, Lassi, and Kool PET bottles. Resolved local delivery logistics concerns with retailer."
2026-06-16,Tuesday,25,June,Sengupta Agencies,Sushil Das,Saurav Sinha,NS Avenue,Silchar Urban,OUT_15_012,NS Avenue Counter 12,Kirana Store,Medium,Market Street,Yes,Medium,Yes,Amul Tru Litchi 200ml,Beverages,Fruit Drinks,Yes,No,Medium,Yes,Low,No,No,0,0,0.0,Yes,Purabi / Sting / Coke,Existing inventory unsold,Stock Already Available,Yes,High,Stock Already Available,"NS Avenue prime market beat. Placed Amul Kool Kesar cans, Lassi, and Kool PET bottles. Resolved local delivery logistics concerns with retailer."
2026-06-16,Tuesday,25,June,Sengupta Agencies,Sushil Das,Saurav Sinha,NS Avenue,Silchar Urban,OUT_15_012,NS Avenue Counter 12,Kirana Store,Medium,Market Street,Yes,Medium,Yes,Amul Lassi 200ml,Beverages,Fermented Dairy,Yes,No,Medium,Yes,Low,No,No,0,0,0.0,Yes,Purabi / Sting / Coke,Existing inventory unsold,Stock Already Available,Yes,High,Stock Already Available,"NS Avenue prime market beat. Placed Amul Kool Kesar cans, Lassi, and Kool PET bottles. Resolved local delivery logistics concerns with retailer."
2026-06-16,Tuesday,25,June,Sengupta Agencies,Sushil Das,Saurav Sinha,NS Avenue,Silchar Urban,OUT_15_012,NS Avenue Counter 12,Kirana Store,Medium,Market Street,Yes,Medium,Yes,Amul Kool Cafe 200ml (Can),Beverages,Flavoured Milk,Yes,No,Medium,Yes,Low,No,No,0,0,0.0,Yes,Purabi / Sting / Coke,Existing inventory unsold,Stock Already Available,Yes,High,Stock Already Available,"NS Avenue prime market beat. Placed Amul Kool Kesar cans, Lassi, and Kool PET bottles. Resolved local delivery logistics concerns with retailer."
2026-06-16,Tuesday,25,June,Sengupta Agencies,Sushil Das,Saurav Sinha,NS Avenue,Silchar Urban,OUT_15_013,NS Avenue Counter 13,General Store,Medium,Market Street,Yes,Medium,Yes,Amul Tru Litchi 200ml,Beverages,Fruit Drinks,Yes,No,Medium,Yes,Low,No,No,0,0,0.0,Yes,Purabi / Sting / Coke,Existing inventory unsold,Stock Already Available,Yes,High,Stock Already Available,"NS Avenue prime market beat. Placed Amul Kool Kesar cans, Lassi, and Kool PET bottles. Resolved local delivery logistics concerns with retailer."
2026-06-16,Tuesday,25,June,Sengupta Agencies,Sushil Das,Saurav Sinha,NS Avenue,Silchar Urban,OUT_15_013,NS Avenue Counter 13,General Store,Medium,Market Street,Yes,Medium,Yes,Amul Lassi 200ml,Beverages,Fermented Dairy,Yes,No,Medium,Yes,Low,No,No,0,0,0.0,Yes,Purabi / Sting / Coke,Existing inventory unsold,Stock Already Available,Yes,High,Stock Already Available,"NS Avenue prime market beat. Placed Amul Kool Kesar cans, Lassi, and Kool PET bottles. Resolved local delivery logistics concerns with retailer."
2026-06-16,Tuesday,25,June,Sengupta Agencies,Sushil Das,Saurav Sinha,NS Avenue,Silchar Urban,OUT_15_013,NS Avenue Counter 13,General Store,Medium,Market Street,Yes,Medium,Yes,Amul Kool Cafe 200ml (Can),Beverages,Flavoured Milk,Yes,No,Medium,Yes,Low,No,No,0,0,0.0,Yes,Purabi / Sting / Coke,Existing inventory unsold,Stock Already Available,Yes,High,Stock Already Available,"NS Avenue prime market beat. Placed Amul Kool Kesar cans, Lassi, and Kool PET bottles. Resolved local delivery logistics concerns with retailer."
2026-06-17,Wednesday,25,June,Sengupta Agencies,Sushil Das,Saurav Sinha,NS Avenue,Silchar Urban,OUT_16_001,NS Avenue Counter 1,Kirana Store,Medium,Market Street,No,Medium,Yes,Amul Lassi 200ml,Beverages,Fermented Dairy,Yes,No,Medium,Yes,High,Yes,Yes,24,24,312.96,Yes,Purabi / Sting / Coke,,None,No,Low,None,NS Avenue survey day. Gathered detailed questionnaire feedback on margin satisfaction and competitor cold-drink shelf-space dominance.
2026-06-17,Wednesday,25,June,Sengupta Agencies,Sushil Das,Saurav Sinha,NS Avenue,Silchar Urban,OUT_16_001,NS Avenue Counter 1,Kirana Store,Medium,Market Street,No,Medium,Yes,Amul Kool Cafe 200ml (Can),Beverages,Flavoured Milk,Yes,No,Medium,Yes,High,Yes,Yes,24,24,817.2,Yes,Purabi / Sting / Coke,,None,No,Low,None,NS Avenue survey day. Gathered detailed questionnaire feedback on margin satisfaction and competitor cold-drink shelf-space dominance.
2026-06-17,Wednesday,25,June,Sengupta Agencies,Sushil Das,Saurav Sinha,NS Avenue,Silchar Urban,OUT_16_001,NS Avenue Counter 1,Kirana Store,Medium,Market Street,No,Medium,Yes,Amul Tinned Paneer 425g,Dairy,Paneer,Yes,No,Medium,Yes,Low,No,No,0,0,0.0,Yes,Purabi / Sting / Coke,Competitors offer higher trade margin,Low Margin vs Competitor,Yes,High,Low Margin vs Competitor,NS Avenue survey day. Gathered detailed questionnaire feedback on margin satisfaction and competitor cold-drink shelf-space dominance.
2026-06-17,Wednesday,25,June,Sengupta Agencies,Sushil Das,Saurav Sinha,NS Avenue,Silchar Urban,OUT_16_002,NS Avenue Counter 2,General Store,Medium,Market Street,Yes,Medium,Yes,Amul Lassi 200ml,Beverages,Fermented Dairy,Yes,No,Medium,Yes,High,Yes,Yes,24,24,312.96,Yes,Purabi / Sting / Coke,,None,No,Low,None,NS Avenue survey day. Gathered detailed questionnaire feedback on margin satisfaction and competitor cold-drink shelf-space dominance.
2026-06-17,Wednesday,25,June,Sengupta Agencies,Sushil Das,Saurav Sinha,NS Avenue,Silchar Urban,OUT_16_002,NS Avenue Counter 2,General Store,Medium,Market Street,Yes,Medium,Yes,Amul Kool Cafe 200ml (Can),Beverages,Flavoured Milk,Yes,No,Medium,Yes,Low,No,No,0,0,0.0,Yes,Purabi / Sting / Coke,Competitors offer higher trade margin,Low Margin vs Competitor,Yes,High,Low Margin vs Competitor,NS Avenue survey day. Gathered detailed questionnaire feedback on margin satisfaction and competitor cold-drink shelf-space dominance.
2026-06-17,Wednesday,25,June,Sengupta Agencies,Sushil Das,Saurav Sinha,NS Avenue,Silchar Urban,OUT_16_002,NS Avenue Counter 2,General Store,Medium,Market Street,Yes,Medium,Yes,Amul Tinned Paneer 425g,Dairy,Paneer,Yes,No,Medium,Yes,Low,No,No,0,0,0.0,Yes,Purabi / Sting / Coke,Competitors offer higher trade margin,Low Margin vs Competitor,Yes,High,Low Margin vs Competitor,NS Avenue survey day. Gathered detailed questionnaire feedback on margin satisfaction and competitor cold-drink shelf-space dominance.
2026-06-17,Wednesday,25,June,Sengupta Agencies,Sushil Das,Saurav Sinha,NS Avenue,Silchar Urban,OUT_16_003,NS Avenue Counter 3,Kirana Store,Medium,Market Street,Yes,Medium,Yes,Amul Lassi 200ml,Beverages,Fermented Dairy,Yes,No,Medium,Yes,High,Yes,Yes,24,24,312.96,Yes,Purabi / Sting / Coke,,None,No,Low,None,NS Avenue survey day. Gathered detailed questionnaire feedback on margin satisfaction and competitor cold-drink shelf-space dominance.
2026-06-17,Wednesday,25,June,Sengupta Agencies,Sushil Das,Saurav Sinha,NS Avenue,Silchar Urban,OUT_16_003,NS Avenue Counter 3,Kirana Store,Medium,Market Street,Yes,Medium,Yes,Amul Kool Cafe 200ml (Can),Beverages,Flavoured Milk,Yes,No,Medium,Yes,High,Yes,Yes,24,24,817.2,Yes,Purabi / Sting / Coke,,None,No,Low,None,NS Avenue survey day. Gathered detailed questionnaire feedback on margin satisfaction and competitor cold-drink shelf-space dominance.
2026-06-17,Wednesday,25,June,Sengupta Agencies,Sushil Das,Saurav Sinha,NS Avenue,Silchar Urban,OUT_16_003,NS Avenue Counter 3,Kirana Store,Medium,Market Street,Yes,Medium,Yes,Amul Tinned Paneer 425g,Dairy,Paneer,Yes,No,Medium,Yes,Low,No,No,0,0,0.0,Yes,Purabi / Sting / Coke,Competitors offer higher trade margin,Low Margin vs Competitor,Yes,High,Low Margin vs Competitor,NS Avenue survey day. Gathered detailed questionnaire feedback on margin satisfaction and competitor cold-drink shelf-space dominance.
2026-06-17,Wednesday,25,June,Sengupta Agencies,Sushil Das,Saurav Sinha,NS Avenue,Silchar Urban,OUT_16_004,NS Avenue Counter 4,General Store,Medium,Market Street,Yes,Medium,Yes,Amul Lassi 200ml,Beverages,Fermented Dairy,Yes,No,Medium,Yes,High,Yes,Yes,24,24,312.96,Yes,Purabi / Sting / Coke,,None,No,Low,None,NS Avenue survey day. Gathered detailed questionnaire feedback on margin satisfaction and competitor cold-drink shelf-space dominance.
2026-06-17,Wednesday,25,June,Sengupta Agencies,Sushil Das,Saurav Sinha,NS Avenue,Silchar Urban,OUT_16_004,NS Avenue Counter 4,General Store,Medium,Market Street,Yes,Medium,Yes,Amul Kool Cafe 200ml (Can),Beverages,Flavoured Milk,Yes,No,Medium,Yes,Low,No,No,0,0,0.0,Yes,Purabi / Sting / Coke,Competitors offer higher trade margin,Low Margin vs Competitor,Yes,High,Low Margin vs Competitor,NS Avenue survey day. Gathered detailed questionnaire feedback on margin satisfaction and competitor cold-drink shelf-space dominance.
2026-06-17,Wednesday,25,June,Sengupta Agencies,Sushil Das,Saurav Sinha,NS Avenue,Silchar Urban,OUT_16_004,NS Avenue Counter 4,General Store,Medium,Market Street,Yes,Medium,Yes,Amul Tinned Paneer 425g,Dairy,Paneer,Yes,No,Medium,Yes,Low,No,No,0,0,0.0,Yes,Purabi / Sting / Coke,Competitors offer higher trade margin,Low Margin vs Competitor,Yes,High,Low Margin vs Competitor,NS Avenue survey day. Gathered detailed questionnaire feedback on margin satisfaction and competitor cold-drink shelf-space dominance.
2026-06-17,Wednesday,25,June,Sengupta Agencies,Sushil Das,Saurav Sinha,NS Avenue,Silchar Urban,OUT_16_005,NS Avenue Counter 5,Kirana Store,Medium,Market Street,No,Medium,Yes,Amul Lassi 200ml,Beverages,Fermented Dairy,Yes,No,Medium,Yes,High,Yes,Yes,24,24,312.96,Yes,Purabi / Sting / Coke,,None,No,Low,None,NS Avenue survey day. Gathered detailed questionnaire feedback on margin satisfaction and competitor cold-drink shelf-space dominance.
2026-06-17,Wednesday,25,June,Sengupta Agencies,Sushil Das,Saurav Sinha,NS Avenue,Silchar Urban,OUT_16_005,NS Avenue Counter 5,Kirana Store,Medium,Market Street,No,Medium,Yes,Amul Kool Cafe 200ml (Can),Beverages,Flavoured Milk,Yes,No,Medium,Yes,High,Yes,Yes,24,24,817.2,Yes,Purabi / Sting / Coke,,None,No,Low,None,NS Avenue survey day. Gathered detailed questionnaire feedback on margin satisfaction and competitor cold-drink shelf-space dominance.
2026-06-17,Wednesday,25,June,Sengupta Agencies,Sushil Das,Saurav Sinha,NS Avenue,Silchar Urban,OUT_16_005,NS Avenue Counter 5,Kirana Store,Medium,Market Street,No,Medium,Yes,Amul Tinned Paneer 425g,Dairy,Paneer,Yes,No,Medium,Yes,Low,No,No,0,0,0.0,Yes,Purabi / Sting / Coke,Competitors offer higher trade margin,Low Margin vs Competitor,Yes,High,Low Margin vs Competitor,NS Avenue survey day. Gathered detailed questionnaire feedback on margin satisfaction and competitor cold-drink shelf-space dominance.
2026-06-17,Wednesday,25,June,Sengupta Agencies,Sushil Das,Saurav Sinha,NS Avenue,Silchar Urban,OUT_16_006,NS Avenue Counter 6,General Store,Medium,Market Street,Yes,Medium,Yes,Amul Lassi 200ml,Beverages,Fermented Dairy,Yes,No,Medium,Yes,Low,No,No,0,0,0.0,Yes,Purabi / Sting / Coke,Competitors offer higher trade margin,Low Margin vs Competitor,Yes,High,Low Margin vs Competitor,NS Avenue survey day. Gathered detailed questionnaire feedback on margin satisfaction and competitor cold-drink shelf-space dominance.
2026-06-17,Wednesday,25,June,Sengupta Agencies,Sushil Das,Saurav Sinha,NS Avenue,Silchar Urban,OUT_16_006,NS Avenue Counter 6,General Store,Medium,Market Street,Yes,Medium,Yes,Amul Kool Cafe 200ml (Can),Beverages,Flavoured Milk,Yes,No,Medium,Yes,Low,No,No,0,0,0.0,Yes,Purabi / Sting / Coke,Competitors offer higher trade margin,Low Margin vs Competitor,Yes,High,Low Margin vs Competitor,NS Avenue survey day. Gathered detailed questionnaire feedback on margin satisfaction and competitor cold-drink shelf-space dominance.
2026-06-17,Wednesday,25,June,Sengupta Agencies,Sushil Das,Saurav Sinha,NS Avenue,Silchar Urban,OUT_16_006,NS Avenue Counter 6,General Store,Medium,Market Street,Yes,Medium,Yes,Amul Tinned Paneer 425g,Dairy,Paneer,Yes,No,Medium,Yes,Low,No,No,0,0,0.0,Yes,Purabi / Sting / Coke,Competitors offer higher trade margin,Low Margin vs Competitor,Yes,High,Low Margin vs Competitor,NS Avenue survey day. Gathered detailed questionnaire feedback on margin satisfaction and competitor cold-drink shelf-space dominance.
2026-06-17,Wednesday,25,June,Sengupta Agencies,Sushil Das,Saurav Sinha,NS Avenue,Silchar Urban,OUT_16_007,NS Avenue Counter 7,Kirana Store,Medium,Market Street,Yes,Medium,Yes,Amul Lassi 200ml,Beverages,Fermented Dairy,Yes,No,Medium,Yes,Low,No,No,0,0,0.0,Yes,Purabi / Sting / Coke,Competitors offer higher trade margin,Low Margin vs Competitor,Yes,High,Low Margin vs Competitor,NS Avenue survey day. Gathered detailed questionnaire feedback on margin satisfaction and competitor cold-drink shelf-space dominance.
2026-06-17,Wednesday,25,June,Sengupta Agencies,Sushil Das,Saurav Sinha,NS Avenue,Silchar Urban,OUT_16_007,NS Avenue Counter 7,Kirana Store,Medium,Market Street,Yes,Medium,Yes,Amul Kool Cafe 200ml (Can),Beverages,Flavoured Milk,Yes,No,Medium,Yes,Low,No,No,0,0,0.0,Yes,Purabi / Sting / Coke,Competitors offer higher trade margin,Low Margin vs Competitor,Yes,High,Low Margin vs Competitor,NS Avenue survey day. Gathered detailed questionnaire feedback on margin satisfaction and competitor cold-drink shelf-space dominance.
2026-06-17,Wednesday,25,June,Sengupta Agencies,Sushil Das,Saurav Sinha,NS Avenue,Silchar Urban,OUT_16_007,NS Avenue Counter 7,Kirana Store,Medium,Market Street,Yes,Medium,Yes,Amul Tinned Paneer 425g,Dairy,Paneer,Yes,No,Medium,Yes,Low,No,No,0,0,0.0,Yes,Purabi / Sting / Coke,Competitors offer higher trade margin,Low Margin vs Competitor,Yes,High,Low Margin vs Competitor,NS Avenue survey day. Gathered detailed questionnaire feedback on margin satisfaction and competitor cold-drink shelf-space dominance.
2026-06-17,Wednesday,25,June,Sengupta Agencies,Sushil Das,Saurav Sinha,NS Avenue,Silchar Urban,OUT_16_008,NS Avenue Counter 8,General Store,Medium,Market Street,Yes,Medium,Yes,Amul Lassi 200ml,Beverages,Fermented Dairy,Yes,No,Medium,Yes,Low,No,No,0,0,0.0,Yes,Purabi / Sting / Coke,Competitors offer higher trade margin,Low Margin vs Competitor,Yes,High,Low Margin vs Competitor,NS Avenue survey day. Gathered detailed questionnaire feedback on margin satisfaction and competitor cold-drink shelf-space dominance.
2026-06-17,Wednesday,25,June,Sengupta Agencies,Sushil Das,Saurav Sinha,NS Avenue,Silchar Urban,OUT_16_008,NS Avenue Counter 8,General Store,Medium,Market Street,Yes,Medium,Yes,Amul Kool Cafe 200ml (Can),Beverages,Flavoured Milk,Yes,No,Medium,Yes,Low,No,No,0,0,0.0,Yes,Purabi / Sting / Coke,Competitors offer higher trade margin,Low Margin vs Competitor,Yes,High,Low Margin vs Competitor,NS Avenue survey day. Gathered detailed questionnaire feedback on margin satisfaction and competitor cold-drink shelf-space dominance.
2026-06-17,Wednesday,25,June,Sengupta Agencies,Sushil Das,Saurav Sinha,NS Avenue,Silchar Urban,OUT_16_008,NS Avenue Counter 8,General Store,Medium,Market Street,Yes,Medium,Yes,Amul Tinned Paneer 425g,Dairy,Paneer,Yes,No,Medium,Yes,Low,No,No,0,0,0.0,Yes,Purabi / Sting / Coke,Competitors offer higher trade margin,Low Margin vs Competitor,Yes,High,Low Margin vs Competitor,NS Avenue survey day. Gathered detailed questionnaire feedback on margin satisfaction and competitor cold-drink shelf-space dominance.
2026-06-17,Wednesday,25,June,Sengupta Agencies,Sushil Das,Saurav Sinha,NS Avenue,Silchar Urban,OUT_16_009,NS Avenue Counter 9,Kirana Store,Medium,Market Street,No,Medium,Yes,Amul Lassi 200ml,Beverages,Fermented Dairy,Yes,No,Medium,Yes,Low,No,No,0,0,0.0,Yes,Purabi / Sting / Coke,Competitors offer higher trade margin,Low Margin vs Competitor,Yes,High,Low Margin vs Competitor,NS Avenue survey day. Gathered detailed questionnaire feedback on margin satisfaction and competitor cold-drink shelf-space dominance.
2026-06-17,Wednesday,25,June,Sengupta Agencies,Sushil Das,Saurav Sinha,NS Avenue,Silchar Urban,OUT_16_009,NS Avenue Counter 9,Kirana Store,Medium,Market Street,No,Medium,Yes,Amul Kool Cafe 200ml (Can),Beverages,Flavoured Milk,Yes,No,Medium,Yes,Low,No,No,0,0,0.0,Yes,Purabi / Sting / Coke,Competitors offer higher trade margin,Low Margin vs Competitor,Yes,High,Low Margin vs Competitor,NS Avenue survey day. Gathered detailed questionnaire feedback on margin satisfaction and competitor cold-drink shelf-space dominance.
2026-06-17,Wednesday,25,June,Sengupta Agencies,Sushil Das,Saurav Sinha,NS Avenue,Silchar Urban,OUT_16_009,NS Avenue Counter 9,Kirana Store,Medium,Market Street,No,Medium,Yes,Amul Tinned Paneer 425g,Dairy,Paneer,Yes,No,Medium,Yes,Low,No,No,0,0,0.0,Yes,Purabi / Sting / Coke,Competitors offer higher trade margin,Low Margin vs Competitor,Yes,High,Low Margin vs Competitor,NS Avenue survey day. Gathered detailed questionnaire feedback on margin satisfaction and competitor cold-drink shelf-space dominance.
2026-06-17,Wednesday,25,June,Sengupta Agencies,Sushil Das,Saurav Sinha,NS Avenue,Silchar Urban,OUT_16_010,NS Avenue Counter 10,General Store,Medium,Market Street,Yes,Medium,Yes,Amul Lassi 200ml,Beverages,Fermented Dairy,Yes,No,Medium,Yes,Low,No,No,0,0,0.0,Yes,Purabi / Sting / Coke,Competitors offer higher trade margin,Low Margin vs Competitor,Yes,High,Low Margin vs Competitor,NS Avenue survey day. Gathered detailed questionnaire feedback on margin satisfaction and competitor cold-drink shelf-space dominance.
2026-06-17,Wednesday,25,June,Sengupta Agencies,Sushil Das,Saurav Sinha,NS Avenue,Silchar Urban,OUT_16_010,NS Avenue Counter 10,General Store,Medium,Market Street,Yes,Medium,Yes,Amul Kool Cafe 200ml (Can),Beverages,Flavoured Milk,Yes,No,Medium,Yes,Low,No,No,0,0,0.0,Yes,Purabi / Sting / Coke,Competitors offer higher trade margin,Low Margin vs Competitor,Yes,High,Low Margin vs Competitor,NS Avenue survey day. Gathered detailed questionnaire feedback on margin satisfaction and competitor cold-drink shelf-space dominance.
2026-06-17,Wednesday,25,June,Sengupta Agencies,Sushil Das,Saurav Sinha,NS Avenue,Silchar Urban,OUT_16_010,NS Avenue Counter 10,General Store,Medium,Market Street,Yes,Medium,Yes,Amul Tinned Paneer 425g,Dairy,Paneer,Yes,No,Medium,Yes,Low,No,No,0,0,0.0,Yes,Purabi / Sting / Coke,Competitors offer higher trade margin,Low Margin vs Competitor,Yes,High,Low Margin vs Competitor,NS Avenue survey day. Gathered detailed questionnaire feedback on margin satisfaction and competitor cold-drink shelf-space dominance.
2026-06-17,Wednesday,25,June,Sengupta Agencies,Sushil Das,Saurav Sinha,NS Avenue,Silchar Urban,OUT_16_011,NS Avenue Counter 11,Kirana Store,Medium,Market Street,Yes,Medium,Yes,Amul Lassi 200ml,Beverages,Fermented Dairy,Yes,No,Medium,Yes,Low,No,No,0,0,0.0,Yes,Purabi / Sting / Coke,Competitors offer higher trade margin,Low Margin vs Competitor,Yes,High,Low Margin vs Competitor,NS Avenue survey day. Gathered detailed questionnaire feedback on margin satisfaction and competitor cold-drink shelf-space dominance.
2026-06-17,Wednesday,25,June,Sengupta Agencies,Sushil Das,Saurav Sinha,NS Avenue,Silchar Urban,OUT_16_011,NS Avenue Counter 11,Kirana Store,Medium,Market Street,Yes,Medium,Yes,Amul Kool Cafe 200ml (Can),Beverages,Flavoured Milk,Yes,No,Medium,Yes,Low,No,No,0,0,0.0,Yes,Purabi / Sting / Coke,Competitors offer higher trade margin,Low Margin vs Competitor,Yes,High,Low Margin vs Competitor,NS Avenue survey day. Gathered detailed questionnaire feedback on margin satisfaction and competitor cold-drink shelf-space dominance.
2026-06-17,Wednesday,25,June,Sengupta Agencies,Sushil Das,Saurav Sinha,NS Avenue,Silchar Urban,OUT_16_011,NS Avenue Counter 11,Kirana Store,Medium,Market Street,Yes,Medium,Yes,Amul Tinned Paneer 425g,Dairy,Paneer,Yes,No,Medium,Yes,Low,No,No,0,0,0.0,Yes,Purabi / Sting / Coke,Competitors offer higher trade margin,Low Margin vs Competitor,Yes,High,Low Margin vs Competitor,NS Avenue survey day. Gathered detailed questionnaire feedback on margin satisfaction and competitor cold-drink shelf-space dominance.
2026-06-17,Wednesday,25,June,Sengupta Agencies,Sushil Das,Saurav Sinha,NS Avenue,Silchar Urban,OUT_16_012,NS Avenue Counter 12,General Store,Medium,Market Street,Yes,Medium,Yes,Amul Lassi 200ml,Beverages,Fermented Dairy,Yes,No,Medium,Yes,Low,No,No,0,0,0.0,Yes,Purabi / Sting / Coke,Competitors offer higher trade margin,Low Margin vs Competitor,Yes,High,Low Margin vs Competitor,NS Avenue survey day. Gathered detailed questionnaire feedback on margin satisfaction and competitor cold-drink shelf-space dominance.
2026-06-17,Wednesday,25,June,Sengupta Agencies,Sushil Das,Saurav Sinha,NS Avenue,Silchar Urban,OUT_16_012,NS Avenue Counter 12,General Store,Medium,Market Street,Yes,Medium,Yes,Amul Kool Cafe 200ml (Can),Beverages,Flavoured Milk,Yes,No,Medium,Yes,Low,No,No,0,0,0.0,Yes,Purabi / Sting / Coke,Competitors offer higher trade margin,Low Margin vs Competitor,Yes,High,Low Margin vs Competitor,NS Avenue survey day. Gathered detailed questionnaire feedback on margin satisfaction and competitor cold-drink shelf-space dominance.
2026-06-17,Wednesday,25,June,Sengupta Agencies,Sushil Das,Saurav Sinha,NS Avenue,Silchar Urban,OUT_16_012,NS Avenue Counter 12,General Store,Medium,Market Street,Yes,Medium,Yes,Amul Tinned Paneer 425g,Dairy,Paneer,Yes,No,Medium,Yes,Low,No,No,0,0,0.0,Yes,Purabi / Sting / Coke,Competitors offer higher trade margin,Low Margin vs Competitor,Yes,High,Low Margin vs Competitor,NS Avenue survey day. Gathered detailed questionnaire feedback on margin satisfaction and competitor cold-drink shelf-space dominance.
2026-06-19,Friday,25,June,Sengupta Agencies,Amarjeet Deb Purkayastha,Saurav Sinha,Itkhola 2,Silchar Urban,OUT_17_001,Itkhola 2 Counter 1,Kirana Store,Medium,Market Street,No,Medium,Yes,Amul Kool Cafe 200ml (Can),Beverages,Flavoured Milk,Yes,No,Medium,Yes,High,Yes,Yes,24,24,817.2,Yes,Purabi / Sting / Coke,,None,No,Low,None,Itkhola 2 beat visit. Retailers highlighted monsoon rainfall slowing beverage sales; focused pitches on ambient paneer and ghee.
2026-06-19,Friday,25,June,Sengupta Agencies,Amarjeet Deb Purkayastha,Saurav Sinha,Itkhola 2,Silchar Urban,OUT_17_001,Itkhola 2 Counter 1,Kirana Store,Medium,Market Street,No,Medium,Yes,Amul Tinned Paneer 425g,Dairy,Paneer,Yes,No,Medium,Yes,High,Yes,Yes,24,24,3024.0,Yes,Purabi / Sting / Coke,,None,No,Low,None,Itkhola 2 beat visit. Retailers highlighted monsoon rainfall slowing beverage sales; focused pitches on ambient paneer and ghee.
2026-06-19,Friday,25,June,Sengupta Agencies,Amarjeet Deb Purkayastha,Saurav Sinha,Itkhola 2,Silchar Urban,OUT_17_001,Itkhola 2 Counter 1,Kirana Store,Medium,Market Street,No,Medium,Yes,Amul Butter 50g (₹35 Small Pack),Dairy,Butter,Yes,No,Medium,Yes,Low,No,No,0,0,0.0,Yes,Purabi / Sting / Coke,Beverage sales slow due to rain,Slow Seasonal Movement (Rain),Yes,High,Slow Seasonal Movement (Rain),Itkhola 2 beat visit. Retailers highlighted monsoon rainfall slowing beverage sales; focused pitches on ambient paneer and ghee.
2026-06-19,Friday,25,June,Sengupta Agencies,Amarjeet Deb Purkayastha,Saurav Sinha,Itkhola 2,Silchar Urban,OUT_17_002,Itkhola 2 Counter 2,General Store,Medium,Market Street,Yes,Medium,Yes,Amul Kool Cafe 200ml (Can),Beverages,Flavoured Milk,Yes,No,Medium,Yes,High,Yes,Yes,24,24,817.2,Yes,Purabi / Sting / Coke,,None,No,Low,None,Itkhola 2 beat visit. Retailers highlighted monsoon rainfall slowing beverage sales; focused pitches on ambient paneer and ghee.
2026-06-19,Friday,25,June,Sengupta Agencies,Amarjeet Deb Purkayastha,Saurav Sinha,Itkhola 2,Silchar Urban,OUT_17_002,Itkhola 2 Counter 2,General Store,Medium,Market Street,Yes,Medium,Yes,Amul Tinned Paneer 425g,Dairy,Paneer,Yes,No,Medium,Yes,Low,No,No,0,0,0.0,Yes,Purabi / Sting / Coke,Beverage sales slow due to rain,Slow Seasonal Movement (Rain),Yes,High,Slow Seasonal Movement (Rain),Itkhola 2 beat visit. Retailers highlighted monsoon rainfall slowing beverage sales; focused pitches on ambient paneer and ghee.
2026-06-19,Friday,25,June,Sengupta Agencies,Amarjeet Deb Purkayastha,Saurav Sinha,Itkhola 2,Silchar Urban,OUT_17_002,Itkhola 2 Counter 2,General Store,Medium,Market Street,Yes,Medium,Yes,Amul Butter 50g (₹35 Small Pack),Dairy,Butter,Yes,No,Medium,Yes,Low,No,No,0,0,0.0,Yes,Purabi / Sting / Coke,Beverage sales slow due to rain,Slow Seasonal Movement (Rain),Yes,High,Slow Seasonal Movement (Rain),Itkhola 2 beat visit. Retailers highlighted monsoon rainfall slowing beverage sales; focused pitches on ambient paneer and ghee.
2026-06-19,Friday,25,June,Sengupta Agencies,Amarjeet Deb Purkayastha,Saurav Sinha,Itkhola 2,Silchar Urban,OUT_17_003,Itkhola 2 Counter 3,Kirana Store,Medium,Market Street,Yes,Medium,Yes,Amul Kool Cafe 200ml (Can),Beverages,Flavoured Milk,Yes,No,Medium,Yes,Low,No,No,0,0,0.0,Yes,Purabi / Sting / Coke,Beverage sales slow due to rain,Slow Seasonal Movement (Rain),Yes,High,Slow Seasonal Movement (Rain),Itkhola 2 beat visit. Retailers highlighted monsoon rainfall slowing beverage sales; focused pitches on ambient paneer and ghee.
2026-06-19,Friday,25,June,Sengupta Agencies,Amarjeet Deb Purkayastha,Saurav Sinha,Itkhola 2,Silchar Urban,OUT_17_003,Itkhola 2 Counter 3,Kirana Store,Medium,Market Street,Yes,Medium,Yes,Amul Tinned Paneer 425g,Dairy,Paneer,Yes,No,Medium,Yes,Low,No,No,0,0,0.0,Yes,Purabi / Sting / Coke,Beverage sales slow due to rain,Slow Seasonal Movement (Rain),Yes,High,Slow Seasonal Movement (Rain),Itkhola 2 beat visit. Retailers highlighted monsoon rainfall slowing beverage sales; focused pitches on ambient paneer and ghee.
2026-06-19,Friday,25,June,Sengupta Agencies,Amarjeet Deb Purkayastha,Saurav Sinha,Itkhola 2,Silchar Urban,OUT_17_003,Itkhola 2 Counter 3,Kirana Store,Medium,Market Street,Yes,Medium,Yes,Amul Butter 50g (₹35 Small Pack),Dairy,Butter,Yes,No,Medium,Yes,Low,No,No,0,0,0.0,Yes,Purabi / Sting / Coke,Beverage sales slow due to rain,Slow Seasonal Movement (Rain),Yes,High,Slow Seasonal Movement (Rain),Itkhola 2 beat visit. Retailers highlighted monsoon rainfall slowing beverage sales; focused pitches on ambient paneer and ghee.
2026-06-19,Friday,25,June,Sengupta Agencies,Amarjeet Deb Purkayastha,Saurav Sinha,Itkhola 2,Silchar Urban,OUT_17_004,Itkhola 2 Counter 4,General Store,Medium,Market Street,Yes,Medium,Yes,Amul Kool Cafe 200ml (Can),Beverages,Flavoured Milk,Yes,No,Medium,Yes,Low,No,No,0,0,0.0,Yes,Purabi / Sting / Coke,Beverage sales slow due to rain,Slow Seasonal Movement (Rain),Yes,High,Slow Seasonal Movement (Rain),Itkhola 2 beat visit. Retailers highlighted monsoon rainfall slowing beverage sales; focused pitches on ambient paneer and ghee.
2026-06-19,Friday,25,June,Sengupta Agencies,Amarjeet Deb Purkayastha,Saurav Sinha,Itkhola 2,Silchar Urban,OUT_17_004,Itkhola 2 Counter 4,General Store,Medium,Market Street,Yes,Medium,Yes,Amul Tinned Paneer 425g,Dairy,Paneer,Yes,No,Medium,Yes,Low,No,No,0,0,0.0,Yes,Purabi / Sting / Coke,Beverage sales slow due to rain,Slow Seasonal Movement (Rain),Yes,High,Slow Seasonal Movement (Rain),Itkhola 2 beat visit. Retailers highlighted monsoon rainfall slowing beverage sales; focused pitches on ambient paneer and ghee.
2026-06-19,Friday,25,June,Sengupta Agencies,Amarjeet Deb Purkayastha,Saurav Sinha,Itkhola 2,Silchar Urban,OUT_17_004,Itkhola 2 Counter 4,General Store,Medium,Market Street,Yes,Medium,Yes,Amul Butter 50g (₹35 Small Pack),Dairy,Butter,Yes,No,Medium,Yes,Low,No,No,0,0,0.0,Yes,Purabi / Sting / Coke,Beverage sales slow due to rain,Slow Seasonal Movement (Rain),Yes,High,Slow Seasonal Movement (Rain),Itkhola 2 beat visit. Retailers highlighted monsoon rainfall slowing beverage sales; focused pitches on ambient paneer and ghee.
2026-06-19,Friday,25,June,Sengupta Agencies,Amarjeet Deb Purkayastha,Saurav Sinha,Itkhola 2,Silchar Urban,OUT_17_005,Itkhola 2 Counter 5,Kirana Store,Medium,Market Street,No,Medium,Yes,Amul Kool Cafe 200ml (Can),Beverages,Flavoured Milk,Yes,No,Medium,Yes,Low,No,No,0,0,0.0,Yes,Purabi / Sting / Coke,Beverage sales slow due to rain,Slow Seasonal Movement (Rain),Yes,High,Slow Seasonal Movement (Rain),Itkhola 2 beat visit. Retailers highlighted monsoon rainfall slowing beverage sales; focused pitches on ambient paneer and ghee.
2026-06-19,Friday,25,June,Sengupta Agencies,Amarjeet Deb Purkayastha,Saurav Sinha,Itkhola 2,Silchar Urban,OUT_17_005,Itkhola 2 Counter 5,Kirana Store,Medium,Market Street,No,Medium,Yes,Amul Tinned Paneer 425g,Dairy,Paneer,Yes,No,Medium,Yes,Low,No,No,0,0,0.0,Yes,Purabi / Sting / Coke,Beverage sales slow due to rain,Slow Seasonal Movement (Rain),Yes,High,Slow Seasonal Movement (Rain),Itkhola 2 beat visit. Retailers highlighted monsoon rainfall slowing beverage sales; focused pitches on ambient paneer and ghee.
2026-06-19,Friday,25,June,Sengupta Agencies,Amarjeet Deb Purkayastha,Saurav Sinha,Itkhola 2,Silchar Urban,OUT_17_005,Itkhola 2 Counter 5,Kirana Store,Medium,Market Street,No,Medium,Yes,Amul Butter 50g (₹35 Small Pack),Dairy,Butter,Yes,No,Medium,Yes,Low,No,No,0,0,0.0,Yes,Purabi / Sting / Coke,Beverage sales slow due to rain,Slow Seasonal Movement (Rain),Yes,High,Slow Seasonal Movement (Rain),Itkhola 2 beat visit. Retailers highlighted monsoon rainfall slowing beverage sales; focused pitches on ambient paneer and ghee.
2026-06-19,Friday,25,June,Sengupta Agencies,Amarjeet Deb Purkayastha,Saurav Sinha,Itkhola 2,Silchar Urban,OUT_17_006,Itkhola 2 Counter 6,General Store,Medium,Market Street,Yes,Medium,Yes,Amul Kool Cafe 200ml (Can),Beverages,Flavoured Milk,Yes,No,Medium,Yes,Low,No,No,0,0,0.0,Yes,Purabi / Sting / Coke,Beverage sales slow due to rain,Slow Seasonal Movement (Rain),Yes,High,Slow Seasonal Movement (Rain),Itkhola 2 beat visit. Retailers highlighted monsoon rainfall slowing beverage sales; focused pitches on ambient paneer and ghee.
2026-06-19,Friday,25,June,Sengupta Agencies,Amarjeet Deb Purkayastha,Saurav Sinha,Itkhola 2,Silchar Urban,OUT_17_006,Itkhola 2 Counter 6,General Store,Medium,Market Street,Yes,Medium,Yes,Amul Tinned Paneer 425g,Dairy,Paneer,Yes,No,Medium,Yes,Low,No,No,0,0,0.0,Yes,Purabi / Sting / Coke,Beverage sales slow due to rain,Slow Seasonal Movement (Rain),Yes,High,Slow Seasonal Movement (Rain),Itkhola 2 beat visit. Retailers highlighted monsoon rainfall slowing beverage sales; focused pitches on ambient paneer and ghee.
2026-06-19,Friday,25,June,Sengupta Agencies,Amarjeet Deb Purkayastha,Saurav Sinha,Itkhola 2,Silchar Urban,OUT_17_006,Itkhola 2 Counter 6,General Store,Medium,Market Street,Yes,Medium,Yes,Amul Butter 50g (₹35 Small Pack),Dairy,Butter,Yes,No,Medium,Yes,Low,No,No,0,0,0.0,Yes,Purabi / Sting / Coke,Beverage sales slow due to rain,Slow Seasonal Movement (Rain),Yes,High,Slow Seasonal Movement (Rain),Itkhola 2 beat visit. Retailers highlighted monsoon rainfall slowing beverage sales; focused pitches on ambient paneer and ghee.
2026-06-19,Friday,25,June,Sengupta Agencies,Amarjeet Deb Purkayastha,Saurav Sinha,Itkhola 2,Silchar Urban,OUT_17_007,Itkhola 2 Counter 7,Kirana Store,Medium,Market Street,Yes,Medium,Yes,Amul Kool Cafe 200ml (Can),Beverages,Flavoured Milk,Yes,No,Medium,Yes,Low,No,No,0,0,0.0,Yes,Purabi / Sting / Coke,Beverage sales slow due to rain,Slow Seasonal Movement (Rain),Yes,High,Slow Seasonal Movement (Rain),Itkhola 2 beat visit. Retailers highlighted monsoon rainfall slowing beverage sales; focused pitches on ambient paneer and ghee.
2026-06-19,Friday,25,June,Sengupta Agencies,Amarjeet Deb Purkayastha,Saurav Sinha,Itkhola 2,Silchar Urban,OUT_17_007,Itkhola 2 Counter 7,Kirana Store,Medium,Market Street,Yes,Medium,Yes,Amul Tinned Paneer 425g,Dairy,Paneer,Yes,No,Medium,Yes,Low,No,No,0,0,0.0,Yes,Purabi / Sting / Coke,Beverage sales slow due to rain,Slow Seasonal Movement (Rain),Yes,High,Slow Seasonal Movement (Rain),Itkhola 2 beat visit. Retailers highlighted monsoon rainfall slowing beverage sales; focused pitches on ambient paneer and ghee.
2026-06-19,Friday,25,June,Sengupta Agencies,Amarjeet Deb Purkayastha,Saurav Sinha,Itkhola 2,Silchar Urban,OUT_17_007,Itkhola 2 Counter 7,Kirana Store,Medium,Market Street,Yes,Medium,Yes,Amul Butter 50g (₹35 Small Pack),Dairy,Butter,Yes,No,Medium,Yes,Low,No,No,0,0,0.0,Yes,Purabi / Sting / Coke,Beverage sales slow due to rain,Slow Seasonal Movement (Rain),Yes,High,Slow Seasonal Movement (Rain),Itkhola 2 beat visit. Retailers highlighted monsoon rainfall slowing beverage sales; focused pitches on ambient paneer and ghee.
2026-06-19,Friday,25,June,Sengupta Agencies,Amarjeet Deb Purkayastha,Saurav Sinha,Itkhola 2,Silchar Urban,OUT_17_008,Itkhola 2 Counter 8,General Store,Medium,Market Street,Yes,Medium,Yes,Amul Kool Cafe 200ml (Can),Beverages,Flavoured Milk,Yes,No,Medium,Yes,Low,No,No,0,0,0.0,Yes,Purabi / Sting / Coke,Beverage sales slow due to rain,Slow Seasonal Movement (Rain),Yes,High,Slow Seasonal Movement (Rain),Itkhola 2 beat visit. Retailers highlighted monsoon rainfall slowing beverage sales; focused pitches on ambient paneer and ghee.
2026-06-19,Friday,25,June,Sengupta Agencies,Amarjeet Deb Purkayastha,Saurav Sinha,Itkhola 2,Silchar Urban,OUT_17_008,Itkhola 2 Counter 8,General Store,Medium,Market Street,Yes,Medium,Yes,Amul Tinned Paneer 425g,Dairy,Paneer,Yes,No,Medium,Yes,Low,No,No,0,0,0.0,Yes,Purabi / Sting / Coke,Beverage sales slow due to rain,Slow Seasonal Movement (Rain),Yes,High,Slow Seasonal Movement (Rain),Itkhola 2 beat visit. Retailers highlighted monsoon rainfall slowing beverage sales; focused pitches on ambient paneer and ghee.
2026-06-19,Friday,25,June,Sengupta Agencies,Amarjeet Deb Purkayastha,Saurav Sinha,Itkhola 2,Silchar Urban,OUT_17_008,Itkhola 2 Counter 8,General Store,Medium,Market Street,Yes,Medium,Yes,Amul Butter 50g (₹35 Small Pack),Dairy,Butter,Yes,No,Medium,Yes,Low,No,No,0,0,0.0,Yes,Purabi / Sting / Coke,Beverage sales slow due to rain,Slow Seasonal Movement (Rain),Yes,High,Slow Seasonal Movement (Rain),Itkhola 2 beat visit. Retailers highlighted monsoon rainfall slowing beverage sales; focused pitches on ambient paneer and ghee.
2026-06-19,Friday,25,June,Sengupta Agencies,Amarjeet Deb Purkayastha,Saurav Sinha,Itkhola 2,Silchar Urban,OUT_17_009,Itkhola 2 Counter 9,Kirana Store,Medium,Market Street,No,Medium,Yes,Amul Kool Cafe 200ml (Can),Beverages,Flavoured Milk,Yes,No,Medium,Yes,Low,No,No,0,0,0.0,Yes,Purabi / Sting / Coke,Beverage sales slow due to rain,Slow Seasonal Movement (Rain),Yes,High,Slow Seasonal Movement (Rain),Itkhola 2 beat visit. Retailers highlighted monsoon rainfall slowing beverage sales; focused pitches on ambient paneer and ghee.
2026-06-19,Friday,25,June,Sengupta Agencies,Amarjeet Deb Purkayastha,Saurav Sinha,Itkhola 2,Silchar Urban,OUT_17_009,Itkhola 2 Counter 9,Kirana Store,Medium,Market Street,No,Medium,Yes,Amul Tinned Paneer 425g,Dairy,Paneer,Yes,No,Medium,Yes,Low,No,No,0,0,0.0,Yes,Purabi / Sting / Coke,Beverage sales slow due to rain,Slow Seasonal Movement (Rain),Yes,High,Slow Seasonal Movement (Rain),Itkhola 2 beat visit. Retailers highlighted monsoon rainfall slowing beverage sales; focused pitches on ambient paneer and ghee.
2026-06-19,Friday,25,June,Sengupta Agencies,Amarjeet Deb Purkayastha,Saurav Sinha,Itkhola 2,Silchar Urban,OUT_17_009,Itkhola 2 Counter 9,Kirana Store,Medium,Market Street,No,Medium,Yes,Amul Butter 50g (₹35 Small Pack),Dairy,Butter,Yes,No,Medium,Yes,Low,No,No,0,0,0.0,Yes,Purabi / Sting / Coke,Beverage sales slow due to rain,Slow Seasonal Movement (Rain),Yes,High,Slow Seasonal Movement (Rain),Itkhola 2 beat visit. Retailers highlighted monsoon rainfall slowing beverage sales; focused pitches on ambient paneer and ghee.
2026-06-19,Friday,25,June,Sengupta Agencies,Amarjeet Deb Purkayastha,Saurav Sinha,Itkhola 2,Silchar Urban,OUT_17_010,Itkhola 2 Counter 10,General Store,Medium,Market Street,Yes,Medium,Yes,Amul Kool Cafe 200ml (Can),Beverages,Flavoured Milk,Yes,No,Medium,Yes,Low,No,No,0,0,0.0,Yes,Purabi / Sting / Coke,Beverage sales slow due to rain,Slow Seasonal Movement (Rain),Yes,High,Slow Seasonal Movement (Rain),Itkhola 2 beat visit. Retailers highlighted monsoon rainfall slowing beverage sales; focused pitches on ambient paneer and ghee.
2026-06-19,Friday,25,June,Sengupta Agencies,Amarjeet Deb Purkayastha,Saurav Sinha,Itkhola 2,Silchar Urban,OUT_17_010,Itkhola 2 Counter 10,General Store,Medium,Market Street,Yes,Medium,Yes,Amul Tinned Paneer 425g,Dairy,Paneer,Yes,No,Medium,Yes,Low,No,No,0,0,0.0,Yes,Purabi / Sting / Coke,Beverage sales slow due to rain,Slow Seasonal Movement (Rain),Yes,High,Slow Seasonal Movement (Rain),Itkhola 2 beat visit. Retailers highlighted monsoon rainfall slowing beverage sales; focused pitches on ambient paneer and ghee.
2026-06-19,Friday,25,June,Sengupta Agencies,Amarjeet Deb Purkayastha,Saurav Sinha,Itkhola 2,Silchar Urban,OUT_17_010,Itkhola 2 Counter 10,General Store,Medium,Market Street,Yes,Medium,Yes,Amul Butter 50g (₹35 Small Pack),Dairy,Butter,Yes,No,Medium,Yes,Low,No,No,0,0,0.0,Yes,Purabi / Sting / Coke,Beverage sales slow due to rain,Slow Seasonal Movement (Rain),Yes,High,Slow Seasonal Movement (Rain),Itkhola 2 beat visit. Retailers highlighted monsoon rainfall slowing beverage sales; focused pitches on ambient paneer and ghee.
2026-06-19,Friday,25,June,Sengupta Agencies,Amarjeet Deb Purkayastha,Saurav Sinha,Itkhola 2,Silchar Urban,OUT_17_011,Itkhola 2 Counter 11,Kirana Store,Medium,Market Street,Yes,Medium,Yes,Amul Kool Cafe 200ml (Can),Beverages,Flavoured Milk,Yes,No,Medium,Yes,Low,No,No,0,0,0.0,Yes,Purabi / Sting / Coke,Beverage sales slow due to rain,Slow Seasonal Movement (Rain),Yes,High,Slow Seasonal Movement (Rain),Itkhola 2 beat visit. Retailers highlighted monsoon rainfall slowing beverage sales; focused pitches on ambient paneer and ghee.
2026-06-19,Friday,25,June,Sengupta Agencies,Amarjeet Deb Purkayastha,Saurav Sinha,Itkhola 2,Silchar Urban,OUT_17_011,Itkhola 2 Counter 11,Kirana Store,Medium,Market Street,Yes,Medium,Yes,Amul Tinned Paneer 425g,Dairy,Paneer,Yes,No,Medium,Yes,Low,No,No,0,0,0.0,Yes,Purabi / Sting / Coke,Beverage sales slow due to rain,Slow Seasonal Movement (Rain),Yes,High,Slow Seasonal Movement (Rain),Itkhola 2 beat visit. Retailers highlighted monsoon rainfall slowing beverage sales; focused pitches on ambient paneer and ghee.
2026-06-19,Friday,25,June,Sengupta Agencies,Amarjeet Deb Purkayastha,Saurav Sinha,Itkhola 2,Silchar Urban,OUT_17_011,Itkhola 2 Counter 11,Kirana Store,Medium,Market Street,Yes,Medium,Yes,Amul Butter 50g (₹35 Small Pack),Dairy,Butter,Yes,No,Medium,Yes,Low,No,No,0,0,0.0,Yes,Purabi / Sting / Coke,Beverage sales slow due to rain,Slow Seasonal Movement (Rain),Yes,High,Slow Seasonal Movement (Rain),Itkhola 2 beat visit. Retailers highlighted monsoon rainfall slowing beverage sales; focused pitches on ambient paneer and ghee.
2026-06-19,Friday,25,June,Sengupta Agencies,Amarjeet Deb Purkayastha,Saurav Sinha,Itkhola 2,Silchar Urban,OUT_17_012,Itkhola 2 Counter 12,General Store,Medium,Market Street,Yes,Medium,Yes,Amul Kool Cafe 200ml (Can),Beverages,Flavoured Milk,Yes,No,Medium,Yes,Low,No,No,0,0,0.0,Yes,Purabi / Sting / Coke,Beverage sales slow due to rain,Slow Seasonal Movement (Rain),Yes,High,Slow Seasonal Movement (Rain),Itkhola 2 beat visit. Retailers highlighted monsoon rainfall slowing beverage sales; focused pitches on ambient paneer and ghee.
2026-06-19,Friday,25,June,Sengupta Agencies,Amarjeet Deb Purkayastha,Saurav Sinha,Itkhola 2,Silchar Urban,OUT_17_012,Itkhola 2 Counter 12,General Store,Medium,Market Street,Yes,Medium,Yes,Amul Tinned Paneer 425g,Dairy,Paneer,Yes,No,Medium,Yes,Low,No,No,0,0,0.0,Yes,Purabi / Sting / Coke,Beverage sales slow due to rain,Slow Seasonal Movement (Rain),Yes,High,Slow Seasonal Movement (Rain),Itkhola 2 beat visit. Retailers highlighted monsoon rainfall slowing beverage sales; focused pitches on ambient paneer and ghee.
2026-06-19,Friday,25,June,Sengupta Agencies,Amarjeet Deb Purkayastha,Saurav Sinha,Itkhola 2,Silchar Urban,OUT_17_012,Itkhola 2 Counter 12,General Store,Medium,Market Street,Yes,Medium,Yes,Amul Butter 50g (₹35 Small Pack),Dairy,Butter,Yes,No,Medium,Yes,Low,No,No,0,0,0.0,Yes,Purabi / Sting / Coke,Beverage sales slow due to rain,Slow Seasonal Movement (Rain),Yes,High,Slow Seasonal Movement (Rain),Itkhola 2 beat visit. Retailers highlighted monsoon rainfall slowing beverage sales; focused pitches on ambient paneer and ghee.
2026-06-19,Friday,25,June,Sengupta Agencies,Amarjeet Deb Purkayastha,Saurav Sinha,Itkhola 2,Silchar Urban,OUT_17_013,Itkhola 2 Counter 13,Kirana Store,Medium,Market Street,No,Medium,Yes,Amul Kool Cafe 200ml (Can),Beverages,Flavoured Milk,Yes,No,Medium,Yes,Low,No,No,0,0,0.0,Yes,Purabi / Sting / Coke,Beverage sales slow due to rain,Slow Seasonal Movement (Rain),Yes,High,Slow Seasonal Movement (Rain),Itkhola 2 beat visit. Retailers highlighted monsoon rainfall slowing beverage sales; focused pitches on ambient paneer and ghee.
2026-06-19,Friday,25,June,Sengupta Agencies,Amarjeet Deb Purkayastha,Saurav Sinha,Itkhola 2,Silchar Urban,OUT_17_013,Itkhola 2 Counter 13,Kirana Store,Medium,Market Street,No,Medium,Yes,Amul Tinned Paneer 425g,Dairy,Paneer,Yes,No,Medium,Yes,Low,No,No,0,0,0.0,Yes,Purabi / Sting / Coke,Beverage sales slow due to rain,Slow Seasonal Movement (Rain),Yes,High,Slow Seasonal Movement (Rain),Itkhola 2 beat visit. Retailers highlighted monsoon rainfall slowing beverage sales; focused pitches on ambient paneer and ghee.
2026-06-19,Friday,25,June,Sengupta Agencies,Amarjeet Deb Purkayastha,Saurav Sinha,Itkhola 2,Silchar Urban,OUT_17_013,Itkhola 2 Counter 13,Kirana Store,Medium,Market Street,No,Medium,Yes,Amul Butter 50g (₹35 Small Pack),Dairy,Butter,Yes,No,Medium,Yes,Low,No,No,0,0,0.0,Yes,Purabi / Sting / Coke,Beverage sales slow due to rain,Slow Seasonal Movement (Rain),Yes,High,Slow Seasonal Movement (Rain),Itkhola 2 beat visit. Retailers highlighted monsoon rainfall slowing beverage sales; focused pitches on ambient paneer and ghee.
2026-06-19,Friday,25,June,Sengupta Agencies,Amarjeet Deb Purkayastha,Saurav Sinha,Itkhola 2,Silchar Urban,OUT_17_014,Itkhola 2 Counter 14,General Store,Medium,Market Street,Yes,Medium,Yes,Amul Kool Cafe 200ml (Can),Beverages,Flavoured Milk,Yes,No,Medium,Yes,Low,No,No,0,0,0.0,Yes,Purabi / Sting / Coke,Beverage sales slow due to rain,Slow Seasonal Movement (Rain),Yes,High,Slow Seasonal Movement (Rain),Itkhola 2 beat visit. Retailers highlighted monsoon rainfall slowing beverage sales; focused pitches on ambient paneer and ghee.
2026-06-19,Friday,25,June,Sengupta Agencies,Amarjeet Deb Purkayastha,Saurav Sinha,Itkhola 2,Silchar Urban,OUT_17_014,Itkhola 2 Counter 14,General Store,Medium,Market Street,Yes,Medium,Yes,Amul Tinned Paneer 425g,Dairy,Paneer,Yes,No,Medium,Yes,Low,No,No,0,0,0.0,Yes,Purabi / Sting / Coke,Beverage sales slow due to rain,Slow Seasonal Movement (Rain),Yes,High,Slow Seasonal Movement (Rain),Itkhola 2 beat visit. Retailers highlighted monsoon rainfall slowing beverage sales; focused pitches on ambient paneer and ghee.
2026-06-19,Friday,25,June,Sengupta Agencies,Amarjeet Deb Purkayastha,Saurav Sinha,Itkhola 2,Silchar Urban,OUT_17_014,Itkhola 2 Counter 14,General Store,Medium,Market Street,Yes,Medium,Yes,Amul Butter 50g (₹35 Small Pack),Dairy,Butter,Yes,No,Medium,Yes,Low,No,No,0,0,0.0,Yes,Purabi / Sting / Coke,Beverage sales slow due to rain,Slow Seasonal Movement (Rain),Yes,High,Slow Seasonal Movement (Rain),Itkhola 2 beat visit. Retailers highlighted monsoon rainfall slowing beverage sales; focused pitches on ambient paneer and ghee.
2026-06-19,Friday,25,June,Sengupta Agencies,Amarjeet Deb Purkayastha,Saurav Sinha,Itkhola 2,Silchar Urban,OUT_17_015,Itkhola 2 Counter 15,Kirana Store,Medium,Market Street,Yes,Medium,Yes,Amul Kool Cafe 200ml (Can),Beverages,Flavoured Milk,Yes,No,Medium,Yes,Low,No,No,0,0,0.0,Yes,Purabi / Sting / Coke,Beverage sales slow due to rain,Slow Seasonal Movement (Rain),Yes,High,Slow Seasonal Movement (Rain),Itkhola 2 beat visit. Retailers highlighted monsoon rainfall slowing beverage sales; focused pitches on ambient paneer and ghee.
2026-06-19,Friday,25,June,Sengupta Agencies,Amarjeet Deb Purkayastha,Saurav Sinha,Itkhola 2,Silchar Urban,OUT_17_015,Itkhola 2 Counter 15,Kirana Store,Medium,Market Street,Yes,Medium,Yes,Amul Tinned Paneer 425g,Dairy,Paneer,Yes,No,Medium,Yes,Low,No,No,0,0,0.0,Yes,Purabi / Sting / Coke,Beverage sales slow due to rain,Slow Seasonal Movement (Rain),Yes,High,Slow Seasonal Movement (Rain),Itkhola 2 beat visit. Retailers highlighted monsoon rainfall slowing beverage sales; focused pitches on ambient paneer and ghee.
2026-06-19,Friday,25,June,Sengupta Agencies,Amarjeet Deb Purkayastha,Saurav Sinha,Itkhola 2,Silchar Urban,OUT_17_015,Itkhola 2 Counter 15,Kirana Store,Medium,Market Street,Yes,Medium,Yes,Amul Butter 50g (₹35 Small Pack),Dairy,Butter,Yes,No,Medium,Yes,Low,No,No,0,0,0.0,Yes,Purabi / Sting / Coke,Beverage sales slow due to rain,Slow Seasonal Movement (Rain),Yes,High,Slow Seasonal Movement (Rain),Itkhola 2 beat visit. Retailers highlighted monsoon rainfall slowing beverage sales; focused pitches on ambient paneer and ghee.
2026-06-19,Friday,25,June,Sengupta Agencies,Amarjeet Deb Purkayastha,Saurav Sinha,Itkhola 2,Silchar Urban,OUT_17_016,Itkhola 2 Counter 16,General Store,Medium,Market Street,Yes,Medium,Yes,Amul Kool Cafe 200ml (Can),Beverages,Flavoured Milk,Yes,No,Medium,Yes,Low,No,No,0,0,0.0,Yes,Purabi / Sting / Coke,Beverage sales slow due to rain,Slow Seasonal Movement (Rain),Yes,High,Slow Seasonal Movement (Rain),Itkhola 2 beat visit. Retailers highlighted monsoon rainfall slowing beverage sales; focused pitches on ambient paneer and ghee.
2026-06-19,Friday,25,June,Sengupta Agencies,Amarjeet Deb Purkayastha,Saurav Sinha,Itkhola 2,Silchar Urban,OUT_17_016,Itkhola 2 Counter 16,General Store,Medium,Market Street,Yes,Medium,Yes,Amul Tinned Paneer 425g,Dairy,Paneer,Yes,No,Medium,Yes,Low,No,No,0,0,0.0,Yes,Purabi / Sting / Coke,Beverage sales slow due to rain,Slow Seasonal Movement (Rain),Yes,High,Slow Seasonal Movement (Rain),Itkhola 2 beat visit. Retailers highlighted monsoon rainfall slowing beverage sales; focused pitches on ambient paneer and ghee.
2026-06-19,Friday,25,June,Sengupta Agencies,Amarjeet Deb Purkayastha,Saurav Sinha,Itkhola 2,Silchar Urban,OUT_17_016,Itkhola 2 Counter 16,General Store,Medium,Market Street,Yes,Medium,Yes,Amul Butter 50g (₹35 Small Pack),Dairy,Butter,Yes,No,Medium,Yes,Low,No,No,0,0,0.0,Yes,Purabi / Sting / Coke,Beverage sales slow due to rain,Slow Seasonal Movement (Rain),Yes,High,Slow Seasonal Movement (Rain),Itkhola 2 beat visit. Retailers highlighted monsoon rainfall slowing beverage sales; focused pitches on ambient paneer and ghee.
2026-06-19,Friday,25,June,Sengupta Agencies,Amarjeet Deb Purkayastha,Saurav Sinha,Itkhola 2,Silchar Urban,OUT_17_017,Itkhola 2 Counter 17,Kirana Store,Medium,Market Street,No,Medium,Yes,Amul Kool Cafe 200ml (Can),Beverages,Flavoured Milk,Yes,No,Medium,Yes,Low,No,No,0,0,0.0,Yes,Purabi / Sting / Coke,Beverage sales slow due to rain,Slow Seasonal Movement (Rain),Yes,High,Slow Seasonal Movement (Rain),Itkhola 2 beat visit. Retailers highlighted monsoon rainfall slowing beverage sales; focused pitches on ambient paneer and ghee.
2026-06-19,Friday,25,June,Sengupta Agencies,Amarjeet Deb Purkayastha,Saurav Sinha,Itkhola 2,Silchar Urban,OUT_17_017,Itkhola 2 Counter 17,Kirana Store,Medium,Market Street,No,Medium,Yes,Amul Tinned Paneer 425g,Dairy,Paneer,Yes,No,Medium,Yes,Low,No,No,0,0,0.0,Yes,Purabi / Sting / Coke,Beverage sales slow due to rain,Slow Seasonal Movement (Rain),Yes,High,Slow Seasonal Movement (Rain),Itkhola 2 beat visit. Retailers highlighted monsoon rainfall slowing beverage sales; focused pitches on ambient paneer and ghee.
2026-06-19,Friday,25,June,Sengupta Agencies,Amarjeet Deb Purkayastha,Saurav Sinha,Itkhola 2,Silchar Urban,OUT_17_017,Itkhola 2 Counter 17,Kirana Store,Medium,Market Street,No,Medium,Yes,Amul Butter 50g (₹35 Small Pack),Dairy,Butter,Yes,No,Medium,Yes,Low,No,No,0,0,0.0,Yes,Purabi / Sting / Coke,Beverage sales slow due to rain,Slow Seasonal Movement (Rain),Yes,High,Slow Seasonal Movement (Rain),Itkhola 2 beat visit. Retailers highlighted monsoon rainfall slowing beverage sales; focused pitches on ambient paneer and ghee.
2026-06-19,Friday,25,June,Sengupta Agencies,Amarjeet Deb Purkayastha,Saurav Sinha,Itkhola 2,Silchar Urban,OUT_17_018,Itkhola 2 Counter 18,General Store,Medium,Market Street,Yes,Medium,Yes,Amul Kool Cafe 200ml (Can),Beverages,Flavoured Milk,Yes,No,Medium,Yes,Low,No,No,0,0,0.0,Yes,Purabi / Sting / Coke,Beverage sales slow due to rain,Slow Seasonal Movement (Rain),Yes,High,Slow Seasonal Movement (Rain),Itkhola 2 beat visit. Retailers highlighted monsoon rainfall slowing beverage sales; focused pitches on ambient paneer and ghee.
2026-06-19,Friday,25,June,Sengupta Agencies,Amarjeet Deb Purkayastha,Saurav Sinha,Itkhola 2,Silchar Urban,OUT_17_018,Itkhola 2 Counter 18,General Store,Medium,Market Street,Yes,Medium,Yes,Amul Tinned Paneer 425g,Dairy,Paneer,Yes,No,Medium,Yes,Low,No,No,0,0,0.0,Yes,Purabi / Sting / Coke,Beverage sales slow due to rain,Slow Seasonal Movement (Rain),Yes,High,Slow Seasonal Movement (Rain),Itkhola 2 beat visit. Retailers highlighted monsoon rainfall slowing beverage sales; focused pitches on ambient paneer and ghee.
2026-06-19,Friday,25,June,Sengupta Agencies,Amarjeet Deb Purkayastha,Saurav Sinha,Itkhola 2,Silchar Urban,OUT_17_018,Itkhola 2 Counter 18,General Store,Medium,Market Street,Yes,Medium,Yes,Amul Butter 50g (₹35 Small Pack),Dairy,Butter,Yes,No,Medium,Yes,Low,No,No,0,0,0.0,Yes,Purabi / Sting / Coke,Beverage sales slow due to rain,Slow Seasonal Movement (Rain),Yes,High,Slow Seasonal Movement (Rain),Itkhola 2 beat visit. Retailers highlighted monsoon rainfall slowing beverage sales; focused pitches on ambient paneer and ghee.
2026-06-19,Friday,25,June,Sengupta Agencies,Amarjeet Deb Purkayastha,Saurav Sinha,Itkhola 2,Silchar Urban,OUT_17_019,Itkhola 2 Counter 19,Kirana Store,Medium,Market Street,Yes,Medium,Yes,Amul Kool Cafe 200ml (Can),Beverages,Flavoured Milk,Yes,No,Medium,Yes,Low,No,No,0,0,0.0,Yes,Purabi / Sting / Coke,Beverage sales slow due to rain,Slow Seasonal Movement (Rain),Yes,High,Slow Seasonal Movement (Rain),Itkhola 2 beat visit. Retailers highlighted monsoon rainfall slowing beverage sales; focused pitches on ambient paneer and ghee.
2026-06-19,Friday,25,June,Sengupta Agencies,Amarjeet Deb Purkayastha,Saurav Sinha,Itkhola 2,Silchar Urban,OUT_17_019,Itkhola 2 Counter 19,Kirana Store,Medium,Market Street,Yes,Medium,Yes,Amul Tinned Paneer 425g,Dairy,Paneer,Yes,No,Medium,Yes,Low,No,No,0,0,0.0,Yes,Purabi / Sting / Coke,Beverage sales slow due to rain,Slow Seasonal Movement (Rain),Yes,High,Slow Seasonal Movement (Rain),Itkhola 2 beat visit. Retailers highlighted monsoon rainfall slowing beverage sales; focused pitches on ambient paneer and ghee.
2026-06-19,Friday,25,June,Sengupta Agencies,Amarjeet Deb Purkayastha,Saurav Sinha,Itkhola 2,Silchar Urban,OUT_17_019,Itkhola 2 Counter 19,Kirana Store,Medium,Market Street,Yes,Medium,Yes,Amul Butter 50g (₹35 Small Pack),Dairy,Butter,Yes,No,Medium,Yes,Low,No,No,0,0,0.0,Yes,Purabi / Sting / Coke,Beverage sales slow due to rain,Slow Seasonal Movement (Rain),Yes,High,Slow Seasonal Movement (Rain),Itkhola 2 beat visit. Retailers highlighted monsoon rainfall slowing beverage sales; focused pitches on ambient paneer and ghee.
2026-06-19,Friday,25,June,Sengupta Agencies,Amarjeet Deb Purkayastha,Saurav Sinha,Itkhola 2,Silchar Urban,OUT_17_020,Itkhola 2 Counter 20,General Store,Medium,Market Street,Yes,Medium,Yes,Amul Kool Cafe 200ml (Can),Beverages,Flavoured Milk,Yes,No,Medium,Yes,Low,No,No,0,0,0.0,Yes,Purabi / Sting / Coke,Beverage sales slow due to rain,Slow Seasonal Movement (Rain),Yes,High,Slow Seasonal Movement (Rain),Itkhola 2 beat visit. Retailers highlighted monsoon rainfall slowing beverage sales; focused pitches on ambient paneer and ghee.
2026-06-19,Friday,25,June,Sengupta Agencies,Amarjeet Deb Purkayastha,Saurav Sinha,Itkhola 2,Silchar Urban,OUT_17_020,Itkhola 2 Counter 20,General Store,Medium,Market Street,Yes,Medium,Yes,Amul Tinned Paneer 425g,Dairy,Paneer,Yes,No,Medium,Yes,Low,No,No,0,0,0.0,Yes,Purabi / Sting / Coke,Beverage sales slow due to rain,Slow Seasonal Movement (Rain),Yes,High,Slow Seasonal Movement (Rain),Itkhola 2 beat visit. Retailers highlighted monsoon rainfall slowing beverage sales; focused pitches on ambient paneer and ghee.
2026-06-19,Friday,25,June,Sengupta Agencies,Amarjeet Deb Purkayastha,Saurav Sinha,Itkhola 2,Silchar Urban,OUT_17_020,Itkhola 2 Counter 20,General Store,Medium,Market Street,Yes,Medium,Yes,Amul Butter 50g (₹35 Small Pack),Dairy,Butter,Yes,No,Medium,Yes,Low,No,No,0,0,0.0,Yes,Purabi / Sting / Coke,Beverage sales slow due to rain,Slow Seasonal Movement (Rain),Yes,High,Slow Seasonal Movement (Rain),Itkhola 2 beat visit. Retailers highlighted monsoon rainfall slowing beverage sales; focused pitches on ambient paneer and ghee.
2026-06-19,Friday,25,June,Sengupta Agencies,Amarjeet Deb Purkayastha,Saurav Sinha,Itkhola 2,Silchar Urban,OUT_17_021,Itkhola 2 Counter 21,Kirana Store,Medium,Market Street,No,Medium,Yes,Amul Kool Cafe 200ml (Can),Beverages,Flavoured Milk,Yes,No,Medium,Yes,Low,No,No,0,0,0.0,Yes,Purabi / Sting / Coke,Beverage sales slow due to rain,Slow Seasonal Movement (Rain),Yes,High,Slow Seasonal Movement (Rain),Itkhola 2 beat visit. Retailers highlighted monsoon rainfall slowing beverage sales; focused pitches on ambient paneer and ghee.
2026-06-19,Friday,25,June,Sengupta Agencies,Amarjeet Deb Purkayastha,Saurav Sinha,Itkhola 2,Silchar Urban,OUT_17_021,Itkhola 2 Counter 21,Kirana Store,Medium,Market Street,No,Medium,Yes,Amul Tinned Paneer 425g,Dairy,Paneer,Yes,No,Medium,Yes,Low,No,No,0,0,0.0,Yes,Purabi / Sting / Coke,Beverage sales slow due to rain,Slow Seasonal Movement (Rain),Yes,High,Slow Seasonal Movement (Rain),Itkhola 2 beat visit. Retailers highlighted monsoon rainfall slowing beverage sales; focused pitches on ambient paneer and ghee.
2026-06-19,Friday,25,June,Sengupta Agencies,Amarjeet Deb Purkayastha,Saurav Sinha,Itkhola 2,Silchar Urban,OUT_17_021,Itkhola 2 Counter 21,Kirana Store,Medium,Market Street,No,Medium,Yes,Amul Butter 50g (₹35 Small Pack),Dairy,Butter,Yes,No,Medium,Yes,Low,No,No,0,0,0.0,Yes,Purabi / Sting / Coke,Beverage sales slow due to rain,Slow Seasonal Movement (Rain),Yes,High,Slow Seasonal Movement (Rain),Itkhola 2 beat visit. Retailers highlighted monsoon rainfall slowing beverage sales; focused pitches on ambient paneer and ghee.
2026-06-19,Friday,25,June,Sengupta Agencies,Amarjeet Deb Purkayastha,Saurav Sinha,Itkhola 2,Silchar Urban,OUT_17_022,Itkhola 2 Counter 22,General Store,Medium,Market Street,Yes,Medium,Yes,Amul Kool Cafe 200ml (Can),Beverages,Flavoured Milk,Yes,No,Medium,Yes,Low,No,No,0,0,0.0,Yes,Purabi / Sting / Coke,Beverage sales slow due to rain,Slow Seasonal Movement (Rain),Yes,High,Slow Seasonal Movement (Rain),Itkhola 2 beat visit. Retailers highlighted monsoon rainfall slowing beverage sales; focused pitches on ambient paneer and ghee.
2026-06-19,Friday,25,June,Sengupta Agencies,Amarjeet Deb Purkayastha,Saurav Sinha,Itkhola 2,Silchar Urban,OUT_17_022,Itkhola 2 Counter 22,General Store,Medium,Market Street,Yes,Medium,Yes,Amul Tinned Paneer 425g,Dairy,Paneer,Yes,No,Medium,Yes,Low,No,No,0,0,0.0,Yes,Purabi / Sting / Coke,Beverage sales slow due to rain,Slow Seasonal Movement (Rain),Yes,High,Slow Seasonal Movement (Rain),Itkhola 2 beat visit. Retailers highlighted monsoon rainfall slowing beverage sales; focused pitches on ambient paneer and ghee.
2026-06-19,Friday,25,June,Sengupta Agencies,Amarjeet Deb Purkayastha,Saurav Sinha,Itkhola 2,Silchar Urban,OUT_17_022,Itkhola 2 Counter 22,General Store,Medium,Market Street,Yes,Medium,Yes,Amul Butter 50g (₹35 Small Pack),Dairy,Butter,Yes,No,Medium,Yes,Low,No,No,0,0,0.0,Yes,Purabi / Sting / Coke,Beverage sales slow due to rain,Slow Seasonal Movement (Rain),Yes,High,Slow Seasonal Movement (Rain),Itkhola 2 beat visit. Retailers highlighted monsoon rainfall slowing beverage sales; focused pitches on ambient paneer and ghee.
2026-06-19,Friday,25,June,Sengupta Agencies,Amarjeet Deb Purkayastha,Saurav Sinha,Itkhola 2,Silchar Urban,OUT_17_023,Itkhola 2 Counter 23,Kirana Store,Medium,Market Street,Yes,Medium,Yes,Amul Kool Cafe 200ml (Can),Beverages,Flavoured Milk,Yes,No,Medium,Yes,Low,No,No,0,0,0.0,Yes,Purabi / Sting / Coke,Beverage sales slow due to rain,Slow Seasonal Movement (Rain),Yes,High,Slow Seasonal Movement (Rain),Itkhola 2 beat visit. Retailers highlighted monsoon rainfall slowing beverage sales; focused pitches on ambient paneer and ghee.
2026-06-19,Friday,25,June,Sengupta Agencies,Amarjeet Deb Purkayastha,Saurav Sinha,Itkhola 2,Silchar Urban,OUT_17_023,Itkhola 2 Counter 23,Kirana Store,Medium,Market Street,Yes,Medium,Yes,Amul Tinned Paneer 425g,Dairy,Paneer,Yes,No,Medium,Yes,Low,No,No,0,0,0.0,Yes,Purabi / Sting / Coke,Beverage sales slow due to rain,Slow Seasonal Movement (Rain),Yes,High,Slow Seasonal Movement (Rain),Itkhola 2 beat visit. Retailers highlighted monsoon rainfall slowing beverage sales; focused pitches on ambient paneer and ghee.
2026-06-19,Friday,25,June,Sengupta Agencies,Amarjeet Deb Purkayastha,Saurav Sinha,Itkhola 2,Silchar Urban,OUT_17_023,Itkhola 2 Counter 23,Kirana Store,Medium,Market Street,Yes,Medium,Yes,Amul Butter 50g (₹35 Small Pack),Dairy,Butter,Yes,No,Medium,Yes,Low,No,No,0,0,0.0,Yes,Purabi / Sting / Coke,Beverage sales slow due to rain,Slow Seasonal Movement (Rain),Yes,High,Slow Seasonal Movement (Rain),Itkhola 2 beat visit. Retailers highlighted monsoon rainfall slowing beverage sales; focused pitches on ambient paneer and ghee.
2026-06-19,Friday,25,June,Sengupta Agencies,Amarjeet Deb Purkayastha,Saurav Sinha,Itkhola 2,Silchar Urban,OUT_17_024,Itkhola 2 Counter 24,General Store,Medium,Market Street,Yes,Medium,Yes,Amul Kool Cafe 200ml (Can),Beverages,Flavoured Milk,Yes,No,Medium,Yes,Low,No,No,0,0,0.0,Yes,Purabi / Sting / Coke,Beverage sales slow due to rain,Slow Seasonal Movement (Rain),Yes,High,Slow Seasonal Movement (Rain),Itkhola 2 beat visit. Retailers highlighted monsoon rainfall slowing beverage sales; focused pitches on ambient paneer and ghee.
2026-06-19,Friday,25,June,Sengupta Agencies,Amarjeet Deb Purkayastha,Saurav Sinha,Itkhola 2,Silchar Urban,OUT_17_024,Itkhola 2 Counter 24,General Store,Medium,Market Street,Yes,Medium,Yes,Amul Tinned Paneer 425g,Dairy,Paneer,Yes,No,Medium,Yes,Low,No,No,0,0,0.0,Yes,Purabi / Sting / Coke,Beverage sales slow due to rain,Slow Seasonal Movement (Rain),Yes,High,Slow Seasonal Movement (Rain),Itkhola 2 beat visit. Retailers highlighted monsoon rainfall slowing beverage sales; focused pitches on ambient paneer and ghee.
2026-06-19,Friday,25,June,Sengupta Agencies,Amarjeet Deb Purkayastha,Saurav Sinha,Itkhola 2,Silchar Urban,OUT_17_024,Itkhola 2 Counter 24,General Store,Medium,Market Street,Yes,Medium,Yes,Amul Butter 50g (₹35 Small Pack),Dairy,Butter,Yes,No,Medium,Yes,Low,No,No,0,0,0.0,Yes,Purabi / Sting / Coke,Beverage sales slow due to rain,Slow Seasonal Movement (Rain),Yes,High,Slow Seasonal Movement (Rain),Itkhola 2 beat visit. Retailers highlighted monsoon rainfall slowing beverage sales; focused pitches on ambient paneer and ghee.
2026-06-19,Friday,25,June,Sengupta Agencies,Amarjeet Deb Purkayastha,Saurav Sinha,Itkhola 2,Silchar Urban,OUT_17_025,Itkhola 2 Counter 25,Kirana Store,Medium,Market Street,No,Medium,Yes,Amul Kool Cafe 200ml (Can),Beverages,Flavoured Milk,Yes,No,Medium,Yes,Low,No,No,0,0,0.0,Yes,Purabi / Sting / Coke,Beverage sales slow due to rain,Slow Seasonal Movement (Rain),Yes,High,Slow Seasonal Movement (Rain),Itkhola 2 beat visit. Retailers highlighted monsoon rainfall slowing beverage sales; focused pitches on ambient paneer and ghee.
2026-06-19,Friday,25,June,Sengupta Agencies,Amarjeet Deb Purkayastha,Saurav Sinha,Itkhola 2,Silchar Urban,OUT_17_025,Itkhola 2 Counter 25,Kirana Store,Medium,Market Street,No,Medium,Yes,Amul Tinned Paneer 425g,Dairy,Paneer,Yes,No,Medium,Yes,Low,No,No,0,0,0.0,Yes,Purabi / Sting / Coke,Beverage sales slow due to rain,Slow Seasonal Movement (Rain),Yes,High,Slow Seasonal Movement (Rain),Itkhola 2 beat visit. Retailers highlighted monsoon rainfall slowing beverage sales; focused pitches on ambient paneer and ghee.
2026-06-19,Friday,25,June,Sengupta Agencies,Amarjeet Deb Purkayastha,Saurav Sinha,Itkhola 2,Silchar Urban,OUT_17_025,Itkhola 2 Counter 25,Kirana Store,Medium,Market Street,No,Medium,Yes,Amul Butter 50g (₹35 Small Pack),Dairy,Butter,Yes,No,Medium,Yes,Low,No,No,0,0,0.0,Yes,Purabi / Sting / Coke,Beverage sales slow due to rain,Slow Seasonal Movement (Rain),Yes,High,Slow Seasonal Movement (Rain),Itkhola 2 beat visit. Retailers highlighted monsoon rainfall slowing beverage sales; focused pitches on ambient paneer and ghee.
2026-06-20,Saturday,25,June,Sengupta Agencies,Amarjeet Deb Purkayastha,Saurav Sinha,Malugram 2,Silchar Urban,OUT_18_001,Malugram 2 Counter 1,Kirana Store,Medium,Market Street,No,Medium,Yes,Amul Tinned Paneer 425g,Dairy,Paneer,Yes,No,Medium,Yes,High,Yes,Yes,24,24,3024.0,Yes,Purabi / Sting / Coke,,None,No,Low,None,Malugram 2 comprehensive survey run. Retailers noted that Coke and Sprite dominate chiller space; suggested Amul provide branded counter coolers.
2026-06-20,Saturday,25,June,Sengupta Agencies,Amarjeet Deb Purkayastha,Saurav Sinha,Malugram 2,Silchar Urban,OUT_18_001,Malugram 2 Counter 1,Kirana Store,Medium,Market Street,No,Medium,Yes,Amul Butter 50g (₹35 Small Pack),Dairy,Butter,Yes,No,Medium,Yes,High,Yes,Yes,24,24,736.8,Yes,Purabi / Sting / Coke,,None,No,Low,None,Malugram 2 comprehensive survey run. Retailers noted that Coke and Sprite dominate chiller space; suggested Amul provide branded counter coolers.
2026-06-20,Saturday,25,June,Sengupta Agencies,Amarjeet Deb Purkayastha,Saurav Sinha,Malugram 2,Silchar Urban,OUT_18_001,Malugram 2 Counter 1,Kirana Store,Medium,Market Street,No,Medium,Yes,Amul Dark Chocolate 150g,Confectionery,Chocolates,Yes,No,Medium,Yes,Low,No,No,0,0,0.0,Yes,Purabi / Sting / Coke,No chiller space available,No Refrigerator Space,Yes,High,No Refrigerator Space,Malugram 2 comprehensive survey run. Retailers noted that Coke and Sprite dominate chiller space; suggested Amul provide branded counter coolers.
2026-06-20,Saturday,25,June,Sengupta Agencies,Amarjeet Deb Purkayastha,Saurav Sinha,Malugram 2,Silchar Urban,OUT_18_002,Malugram 2 Counter 2,General Store,Medium,Market Street,Yes,Medium,Yes,Amul Tinned Paneer 425g,Dairy,Paneer,Yes,No,Medium,Yes,High,Yes,Yes,24,24,3024.0,Yes,Purabi / Sting / Coke,,None,No,Low,None,Malugram 2 comprehensive survey run. Retailers noted that Coke and Sprite dominate chiller space; suggested Amul provide branded counter coolers.
2026-06-20,Saturday,25,June,Sengupta Agencies,Amarjeet Deb Purkayastha,Saurav Sinha,Malugram 2,Silchar Urban,OUT_18_002,Malugram 2 Counter 2,General Store,Medium,Market Street,Yes,Medium,Yes,Amul Butter 50g (₹35 Small Pack),Dairy,Butter,Yes,No,Medium,Yes,Low,No,No,0,0,0.0,Yes,Purabi / Sting / Coke,No chiller space available,No Refrigerator Space,Yes,High,No Refrigerator Space,Malugram 2 comprehensive survey run. Retailers noted that Coke and Sprite dominate chiller space; suggested Amul provide branded counter coolers.
2026-06-20,Saturday,25,June,Sengupta Agencies,Amarjeet Deb Purkayastha,Saurav Sinha,Malugram 2,Silchar Urban,OUT_18_002,Malugram 2 Counter 2,General Store,Medium,Market Street,Yes,Medium,Yes,Amul Dark Chocolate 150g,Confectionery,Chocolates,Yes,No,Medium,Yes,Low,No,No,0,0,0.0,Yes,Purabi / Sting / Coke,No chiller space available,No Refrigerator Space,Yes,High,No Refrigerator Space,Malugram 2 comprehensive survey run. Retailers noted that Coke and Sprite dominate chiller space; suggested Amul provide branded counter coolers.
2026-06-20,Saturday,25,June,Sengupta Agencies,Amarjeet Deb Purkayastha,Saurav Sinha,Malugram 2,Silchar Urban,OUT_18_003,Malugram 2 Counter 3,Kirana Store,Medium,Market Street,Yes,Medium,Yes,Amul Tinned Paneer 425g,Dairy,Paneer,Yes,No,Medium,Yes,High,Yes,Yes,24,24,3024.0,Yes,Purabi / Sting / Coke,,None,No,Low,None,Malugram 2 comprehensive survey run. Retailers noted that Coke and Sprite dominate chiller space; suggested Amul provide branded counter coolers.
2026-06-20,Saturday,25,June,Sengupta Agencies,Amarjeet Deb Purkayastha,Saurav Sinha,Malugram 2,Silchar Urban,OUT_18_003,Malugram 2 Counter 3,Kirana Store,Medium,Market Street,Yes,Medium,Yes,Amul Butter 50g (₹35 Small Pack),Dairy,Butter,Yes,No,Medium,Yes,High,Yes,Yes,24,24,736.8,Yes,Purabi / Sting / Coke,,None,No,Low,None,Malugram 2 comprehensive survey run. Retailers noted that Coke and Sprite dominate chiller space; suggested Amul provide branded counter coolers.
2026-06-20,Saturday,25,June,Sengupta Agencies,Amarjeet Deb Purkayastha,Saurav Sinha,Malugram 2,Silchar Urban,OUT_18_003,Malugram 2 Counter 3,Kirana Store,Medium,Market Street,Yes,Medium,Yes,Amul Dark Chocolate 150g,Confectionery,Chocolates,Yes,No,Medium,Yes,Low,No,No,0,0,0.0,Yes,Purabi / Sting / Coke,No chiller space available,No Refrigerator Space,Yes,High,No Refrigerator Space,Malugram 2 comprehensive survey run. Retailers noted that Coke and Sprite dominate chiller space; suggested Amul provide branded counter coolers.
2026-06-20,Saturday,25,June,Sengupta Agencies,Amarjeet Deb Purkayastha,Saurav Sinha,Malugram 2,Silchar Urban,OUT_18_004,Malugram 2 Counter 4,General Store,Medium,Market Street,Yes,Medium,Yes,Amul Tinned Paneer 425g,Dairy,Paneer,Yes,No,Medium,Yes,High,Yes,Yes,24,24,3024.0,Yes,Purabi / Sting / Coke,,None,No,Low,None,Malugram 2 comprehensive survey run. Retailers noted that Coke and Sprite dominate chiller space; suggested Amul provide branded counter coolers.
2026-06-20,Saturday,25,June,Sengupta Agencies,Amarjeet Deb Purkayastha,Saurav Sinha,Malugram 2,Silchar Urban,OUT_18_004,Malugram 2 Counter 4,General Store,Medium,Market Street,Yes,Medium,Yes,Amul Butter 50g (₹35 Small Pack),Dairy,Butter,Yes,No,Medium,Yes,Low,No,No,0,0,0.0,Yes,Purabi / Sting / Coke,No chiller space available,No Refrigerator Space,Yes,High,No Refrigerator Space,Malugram 2 comprehensive survey run. Retailers noted that Coke and Sprite dominate chiller space; suggested Amul provide branded counter coolers.
2026-06-20,Saturday,25,June,Sengupta Agencies,Amarjeet Deb Purkayastha,Saurav Sinha,Malugram 2,Silchar Urban,OUT_18_004,Malugram 2 Counter 4,General Store,Medium,Market Street,Yes,Medium,Yes,Amul Dark Chocolate 150g,Confectionery,Chocolates,Yes,No,Medium,Yes,Low,No,No,0,0,0.0,Yes,Purabi / Sting / Coke,No chiller space available,No Refrigerator Space,Yes,High,No Refrigerator Space,Malugram 2 comprehensive survey run. Retailers noted that Coke and Sprite dominate chiller space; suggested Amul provide branded counter coolers.
2026-06-20,Saturday,25,June,Sengupta Agencies,Amarjeet Deb Purkayastha,Saurav Sinha,Malugram 2,Silchar Urban,OUT_18_005,Malugram 2 Counter 5,Kirana Store,Medium,Market Street,No,Medium,Yes,Amul Tinned Paneer 425g,Dairy,Paneer,Yes,No,Medium,Yes,Low,No,No,0,0,0.0,Yes,Purabi / Sting / Coke,No chiller space available,No Refrigerator Space,Yes,High,No Refrigerator Space,Malugram 2 comprehensive survey run. Retailers noted that Coke and Sprite dominate chiller space; suggested Amul provide branded counter coolers.
2026-06-20,Saturday,25,June,Sengupta Agencies,Amarjeet Deb Purkayastha,Saurav Sinha,Malugram 2,Silchar Urban,OUT_18_005,Malugram 2 Counter 5,Kirana Store,Medium,Market Street,No,Medium,Yes,Amul Butter 50g (₹35 Small Pack),Dairy,Butter,Yes,No,Medium,Yes,Low,No,No,0,0,0.0,Yes,Purabi / Sting / Coke,No chiller space available,No Refrigerator Space,Yes,High,No Refrigerator Space,Malugram 2 comprehensive survey run. Retailers noted that Coke and Sprite dominate chiller space; suggested Amul provide branded counter coolers.
2026-06-20,Saturday,25,June,Sengupta Agencies,Amarjeet Deb Purkayastha,Saurav Sinha,Malugram 2,Silchar Urban,OUT_18_005,Malugram 2 Counter 5,Kirana Store,Medium,Market Street,No,Medium,Yes,Amul Dark Chocolate 150g,Confectionery,Chocolates,Yes,No,Medium,Yes,Low,No,No,0,0,0.0,Yes,Purabi / Sting / Coke,No chiller space available,No Refrigerator Space,Yes,High,No Refrigerator Space,Malugram 2 comprehensive survey run. Retailers noted that Coke and Sprite dominate chiller space; suggested Amul provide branded counter coolers.
2026-06-20,Saturday,25,June,Sengupta Agencies,Amarjeet Deb Purkayastha,Saurav Sinha,Malugram 2,Silchar Urban,OUT_18_006,Malugram 2 Counter 6,General Store,Medium,Market Street,Yes,Medium,Yes,Amul Tinned Paneer 425g,Dairy,Paneer,Yes,No,Medium,Yes,Low,No,No,0,0,0.0,Yes,Purabi / Sting / Coke,No chiller space available,No Refrigerator Space,Yes,High,No Refrigerator Space,Malugram 2 comprehensive survey run. Retailers noted that Coke and Sprite dominate chiller space; suggested Amul provide branded counter coolers.
2026-06-20,Saturday,25,June,Sengupta Agencies,Amarjeet Deb Purkayastha,Saurav Sinha,Malugram 2,Silchar Urban,OUT_18_006,Malugram 2 Counter 6,General Store,Medium,Market Street,Yes,Medium,Yes,Amul Butter 50g (₹35 Small Pack),Dairy,Butter,Yes,No,Medium,Yes,Low,No,No,0,0,0.0,Yes,Purabi / Sting / Coke,No chiller space available,No Refrigerator Space,Yes,High,No Refrigerator Space,Malugram 2 comprehensive survey run. Retailers noted that Coke and Sprite dominate chiller space; suggested Amul provide branded counter coolers.
2026-06-20,Saturday,25,June,Sengupta Agencies,Amarjeet Deb Purkayastha,Saurav Sinha,Malugram 2,Silchar Urban,OUT_18_006,Malugram 2 Counter 6,General Store,Medium,Market Street,Yes,Medium,Yes,Amul Dark Chocolate 150g,Confectionery,Chocolates,Yes,No,Medium,Yes,Low,No,No,0,0,0.0,Yes,Purabi / Sting / Coke,No chiller space available,No Refrigerator Space,Yes,High,No Refrigerator Space,Malugram 2 comprehensive survey run. Retailers noted that Coke and Sprite dominate chiller space; suggested Amul provide branded counter coolers.
2026-06-20,Saturday,25,June,Sengupta Agencies,Amarjeet Deb Purkayastha,Saurav Sinha,Malugram 2,Silchar Urban,OUT_18_007,Malugram 2 Counter 7,Kirana Store,Medium,Market Street,Yes,Medium,Yes,Amul Tinned Paneer 425g,Dairy,Paneer,Yes,No,Medium,Yes,Low,No,No,0,0,0.0,Yes,Purabi / Sting / Coke,No chiller space available,No Refrigerator Space,Yes,High,No Refrigerator Space,Malugram 2 comprehensive survey run. Retailers noted that Coke and Sprite dominate chiller space; suggested Amul provide branded counter coolers.
2026-06-20,Saturday,25,June,Sengupta Agencies,Amarjeet Deb Purkayastha,Saurav Sinha,Malugram 2,Silchar Urban,OUT_18_007,Malugram 2 Counter 7,Kirana Store,Medium,Market Street,Yes,Medium,Yes,Amul Butter 50g (₹35 Small Pack),Dairy,Butter,Yes,No,Medium,Yes,Low,No,No,0,0,0.0,Yes,Purabi / Sting / Coke,No chiller space available,No Refrigerator Space,Yes,High,No Refrigerator Space,Malugram 2 comprehensive survey run. Retailers noted that Coke and Sprite dominate chiller space; suggested Amul provide branded counter coolers.
2026-06-20,Saturday,25,June,Sengupta Agencies,Amarjeet Deb Purkayastha,Saurav Sinha,Malugram 2,Silchar Urban,OUT_18_007,Malugram 2 Counter 7,Kirana Store,Medium,Market Street,Yes,Medium,Yes,Amul Dark Chocolate 150g,Confectionery,Chocolates,Yes,No,Medium,Yes,Low,No,No,0,0,0.0,Yes,Purabi / Sting / Coke,No chiller space available,No Refrigerator Space,Yes,High,No Refrigerator Space,Malugram 2 comprehensive survey run. Retailers noted that Coke and Sprite dominate chiller space; suggested Amul provide branded counter coolers.
2026-06-20,Saturday,25,June,Sengupta Agencies,Amarjeet Deb Purkayastha,Saurav Sinha,Malugram 2,Silchar Urban,OUT_18_008,Malugram 2 Counter 8,General Store,Medium,Market Street,Yes,Medium,Yes,Amul Tinned Paneer 425g,Dairy,Paneer,Yes,No,Medium,Yes,Low,No,No,0,0,0.0,Yes,Purabi / Sting / Coke,No chiller space available,No Refrigerator Space,Yes,High,No Refrigerator Space,Malugram 2 comprehensive survey run. Retailers noted that Coke and Sprite dominate chiller space; suggested Amul provide branded counter coolers.
2026-06-20,Saturday,25,June,Sengupta Agencies,Amarjeet Deb Purkayastha,Saurav Sinha,Malugram 2,Silchar Urban,OUT_18_008,Malugram 2 Counter 8,General Store,Medium,Market Street,Yes,Medium,Yes,Amul Butter 50g (₹35 Small Pack),Dairy,Butter,Yes,No,Medium,Yes,Low,No,No,0,0,0.0,Yes,Purabi / Sting / Coke,No chiller space available,No Refrigerator Space,Yes,High,No Refrigerator Space,Malugram 2 comprehensive survey run. Retailers noted that Coke and Sprite dominate chiller space; suggested Amul provide branded counter coolers.
2026-06-20,Saturday,25,June,Sengupta Agencies,Amarjeet Deb Purkayastha,Saurav Sinha,Malugram 2,Silchar Urban,OUT_18_008,Malugram 2 Counter 8,General Store,Medium,Market Street,Yes,Medium,Yes,Amul Dark Chocolate 150g,Confectionery,Chocolates,Yes,No,Medium,Yes,Low,No,No,0,0,0.0,Yes,Purabi / Sting / Coke,No chiller space available,No Refrigerator Space,Yes,High,No Refrigerator Space,Malugram 2 comprehensive survey run. Retailers noted that Coke and Sprite dominate chiller space; suggested Amul provide branded counter coolers.
2026-06-20,Saturday,25,June,Sengupta Agencies,Amarjeet Deb Purkayastha,Saurav Sinha,Malugram 2,Silchar Urban,OUT_18_009,Malugram 2 Counter 9,Kirana Store,Medium,Market Street,No,Medium,Yes,Amul Tinned Paneer 425g,Dairy,Paneer,Yes,No,Medium,Yes,Low,No,No,0,0,0.0,Yes,Purabi / Sting / Coke,No chiller space available,No Refrigerator Space,Yes,High,No Refrigerator Space,Malugram 2 comprehensive survey run. Retailers noted that Coke and Sprite dominate chiller space; suggested Amul provide branded counter coolers.
2026-06-20,Saturday,25,June,Sengupta Agencies,Amarjeet Deb Purkayastha,Saurav Sinha,Malugram 2,Silchar Urban,OUT_18_009,Malugram 2 Counter 9,Kirana Store,Medium,Market Street,No,Medium,Yes,Amul Butter 50g (₹35 Small Pack),Dairy,Butter,Yes,No,Medium,Yes,Low,No,No,0,0,0.0,Yes,Purabi / Sting / Coke,No chiller space available,No Refrigerator Space,Yes,High,No Refrigerator Space,Malugram 2 comprehensive survey run. Retailers noted that Coke and Sprite dominate chiller space; suggested Amul provide branded counter coolers.
2026-06-20,Saturday,25,June,Sengupta Agencies,Amarjeet Deb Purkayastha,Saurav Sinha,Malugram 2,Silchar Urban,OUT_18_009,Malugram 2 Counter 9,Kirana Store,Medium,Market Street,No,Medium,Yes,Amul Dark Chocolate 150g,Confectionery,Chocolates,Yes,No,Medium,Yes,Low,No,No,0,0,0.0,Yes,Purabi / Sting / Coke,No chiller space available,No Refrigerator Space,Yes,High,No Refrigerator Space,Malugram 2 comprehensive survey run. Retailers noted that Coke and Sprite dominate chiller space; suggested Amul provide branded counter coolers.
2026-06-20,Saturday,25,June,Sengupta Agencies,Amarjeet Deb Purkayastha,Saurav Sinha,Malugram 2,Silchar Urban,OUT_18_010,Malugram 2 Counter 10,General Store,Medium,Market Street,Yes,Medium,Yes,Amul Tinned Paneer 425g,Dairy,Paneer,Yes,No,Medium,Yes,Low,No,No,0,0,0.0,Yes,Purabi / Sting / Coke,No chiller space available,No Refrigerator Space,Yes,High,No Refrigerator Space,Malugram 2 comprehensive survey run. Retailers noted that Coke and Sprite dominate chiller space; suggested Amul provide branded counter coolers.
2026-06-20,Saturday,25,June,Sengupta Agencies,Amarjeet Deb Purkayastha,Saurav Sinha,Malugram 2,Silchar Urban,OUT_18_010,Malugram 2 Counter 10,General Store,Medium,Market Street,Yes,Medium,Yes,Amul Butter 50g (₹35 Small Pack),Dairy,Butter,Yes,No,Medium,Yes,Low,No,No,0,0,0.0,Yes,Purabi / Sting / Coke,No chiller space available,No Refrigerator Space,Yes,High,No Refrigerator Space,Malugram 2 comprehensive survey run. Retailers noted that Coke and Sprite dominate chiller space; suggested Amul provide branded counter coolers.
2026-06-20,Saturday,25,June,Sengupta Agencies,Amarjeet Deb Purkayastha,Saurav Sinha,Malugram 2,Silchar Urban,OUT_18_010,Malugram 2 Counter 10,General Store,Medium,Market Street,Yes,Medium,Yes,Amul Dark Chocolate 150g,Confectionery,Chocolates,Yes,No,Medium,Yes,Low,No,No,0,0,0.0,Yes,Purabi / Sting / Coke,No chiller space available,No Refrigerator Space,Yes,High,No Refrigerator Space,Malugram 2 comprehensive survey run. Retailers noted that Coke and Sprite dominate chiller space; suggested Amul provide branded counter coolers.
2026-06-20,Saturday,25,June,Sengupta Agencies,Amarjeet Deb Purkayastha,Saurav Sinha,Malugram 2,Silchar Urban,OUT_18_011,Malugram 2 Counter 11,Kirana Store,Medium,Market Street,Yes,Medium,Yes,Amul Tinned Paneer 425g,Dairy,Paneer,Yes,No,Medium,Yes,Low,No,No,0,0,0.0,Yes,Purabi / Sting / Coke,No chiller space available,No Refrigerator Space,Yes,High,No Refrigerator Space,Malugram 2 comprehensive survey run. Retailers noted that Coke and Sprite dominate chiller space; suggested Amul provide branded counter coolers.
2026-06-20,Saturday,25,June,Sengupta Agencies,Amarjeet Deb Purkayastha,Saurav Sinha,Malugram 2,Silchar Urban,OUT_18_011,Malugram 2 Counter 11,Kirana Store,Medium,Market Street,Yes,Medium,Yes,Amul Butter 50g (₹35 Small Pack),Dairy,Butter,Yes,No,Medium,Yes,Low,No,No,0,0,0.0,Yes,Purabi / Sting / Coke,No chiller space available,No Refrigerator Space,Yes,High,No Refrigerator Space,Malugram 2 comprehensive survey run. Retailers noted that Coke and Sprite dominate chiller space; suggested Amul provide branded counter coolers.
2026-06-20,Saturday,25,June,Sengupta Agencies,Amarjeet Deb Purkayastha,Saurav Sinha,Malugram 2,Silchar Urban,OUT_18_011,Malugram 2 Counter 11,Kirana Store,Medium,Market Street,Yes,Medium,Yes,Amul Dark Chocolate 150g,Confectionery,Chocolates,Yes,No,Medium,Yes,Low,No,No,0,0,0.0,Yes,Purabi / Sting / Coke,No chiller space available,No Refrigerator Space,Yes,High,No Refrigerator Space,Malugram 2 comprehensive survey run. Retailers noted that Coke and Sprite dominate chiller space; suggested Amul provide branded counter coolers.
2026-06-20,Saturday,25,June,Sengupta Agencies,Amarjeet Deb Purkayastha,Saurav Sinha,Malugram 2,Silchar Urban,OUT_18_012,Malugram 2 Counter 12,General Store,Medium,Market Street,Yes,Medium,Yes,Amul Tinned Paneer 425g,Dairy,Paneer,Yes,No,Medium,Yes,Low,No,No,0,0,0.0,Yes,Purabi / Sting / Coke,No chiller space available,No Refrigerator Space,Yes,High,No Refrigerator Space,Malugram 2 comprehensive survey run. Retailers noted that Coke and Sprite dominate chiller space; suggested Amul provide branded counter coolers.
2026-06-20,Saturday,25,June,Sengupta Agencies,Amarjeet Deb Purkayastha,Saurav Sinha,Malugram 2,Silchar Urban,OUT_18_012,Malugram 2 Counter 12,General Store,Medium,Market Street,Yes,Medium,Yes,Amul Butter 50g (₹35 Small Pack),Dairy,Butter,Yes,No,Medium,Yes,Low,No,No,0,0,0.0,Yes,Purabi / Sting / Coke,No chiller space available,No Refrigerator Space,Yes,High,No Refrigerator Space,Malugram 2 comprehensive survey run. Retailers noted that Coke and Sprite dominate chiller space; suggested Amul provide branded counter coolers.
2026-06-20,Saturday,25,June,Sengupta Agencies,Amarjeet Deb Purkayastha,Saurav Sinha,Malugram 2,Silchar Urban,OUT_18_012,Malugram 2 Counter 12,General Store,Medium,Market Street,Yes,Medium,Yes,Amul Dark Chocolate 150g,Confectionery,Chocolates,Yes,No,Medium,Yes,Low,No,No,0,0,0.0,Yes,Purabi / Sting / Coke,No chiller space available,No Refrigerator Space,Yes,High,No Refrigerator Space,Malugram 2 comprehensive survey run. Retailers noted that Coke and Sprite dominate chiller space; suggested Amul provide branded counter coolers.
2026-06-20,Saturday,25,June,Sengupta Agencies,Amarjeet Deb Purkayastha,Saurav Sinha,Malugram 2,Silchar Urban,OUT_18_013,Malugram 2 Counter 13,Kirana Store,Medium,Market Street,No,Medium,Yes,Amul Tinned Paneer 425g,Dairy,Paneer,Yes,No,Medium,Yes,Low,No,No,0,0,0.0,Yes,Purabi / Sting / Coke,No chiller space available,No Refrigerator Space,Yes,High,No Refrigerator Space,Malugram 2 comprehensive survey run. Retailers noted that Coke and Sprite dominate chiller space; suggested Amul provide branded counter coolers.
2026-06-20,Saturday,25,June,Sengupta Agencies,Amarjeet Deb Purkayastha,Saurav Sinha,Malugram 2,Silchar Urban,OUT_18_013,Malugram 2 Counter 13,Kirana Store,Medium,Market Street,No,Medium,Yes,Amul Butter 50g (₹35 Small Pack),Dairy,Butter,Yes,No,Medium,Yes,Low,No,No,0,0,0.0,Yes,Purabi / Sting / Coke,No chiller space available,No Refrigerator Space,Yes,High,No Refrigerator Space,Malugram 2 comprehensive survey run. Retailers noted that Coke and Sprite dominate chiller space; suggested Amul provide branded counter coolers.
2026-06-20,Saturday,25,June,Sengupta Agencies,Amarjeet Deb Purkayastha,Saurav Sinha,Malugram 2,Silchar Urban,OUT_18_013,Malugram 2 Counter 13,Kirana Store,Medium,Market Street,No,Medium,Yes,Amul Dark Chocolate 150g,Confectionery,Chocolates,Yes,No,Medium,Yes,Low,No,No,0,0,0.0,Yes,Purabi / Sting / Coke,No chiller space available,No Refrigerator Space,Yes,High,No Refrigerator Space,Malugram 2 comprehensive survey run. Retailers noted that Coke and Sprite dominate chiller space; suggested Amul provide branded counter coolers.
2026-06-20,Saturday,25,June,Sengupta Agencies,Amarjeet Deb Purkayastha,Saurav Sinha,Malugram 2,Silchar Urban,OUT_18_014,Malugram 2 Counter 14,General Store,Medium,Market Street,Yes,Medium,Yes,Amul Tinned Paneer 425g,Dairy,Paneer,Yes,No,Medium,Yes,Low,No,No,0,0,0.0,Yes,Purabi / Sting / Coke,No chiller space available,No Refrigerator Space,Yes,High,No Refrigerator Space,Malugram 2 comprehensive survey run. Retailers noted that Coke and Sprite dominate chiller space; suggested Amul provide branded counter coolers.
2026-06-20,Saturday,25,June,Sengupta Agencies,Amarjeet Deb Purkayastha,Saurav Sinha,Malugram 2,Silchar Urban,OUT_18_014,Malugram 2 Counter 14,General Store,Medium,Market Street,Yes,Medium,Yes,Amul Butter 50g (₹35 Small Pack),Dairy,Butter,Yes,No,Medium,Yes,Low,No,No,0,0,0.0,Yes,Purabi / Sting / Coke,No chiller space available,No Refrigerator Space,Yes,High,No Refrigerator Space,Malugram 2 comprehensive survey run. Retailers noted that Coke and Sprite dominate chiller space; suggested Amul provide branded counter coolers.
2026-06-20,Saturday,25,June,Sengupta Agencies,Amarjeet Deb Purkayastha,Saurav Sinha,Malugram 2,Silchar Urban,OUT_18_014,Malugram 2 Counter 14,General Store,Medium,Market Street,Yes,Medium,Yes,Amul Dark Chocolate 150g,Confectionery,Chocolates,Yes,No,Medium,Yes,Low,No,No,0,0,0.0,Yes,Purabi / Sting / Coke,No chiller space available,No Refrigerator Space,Yes,High,No Refrigerator Space,Malugram 2 comprehensive survey run. Retailers noted that Coke and Sprite dominate chiller space; suggested Amul provide branded counter coolers.
2026-06-20,Saturday,25,June,Sengupta Agencies,Amarjeet Deb Purkayastha,Saurav Sinha,Malugram 2,Silchar Urban,OUT_18_015,Malugram 2 Counter 15,Kirana Store,Medium,Market Street,Yes,Medium,Yes,Amul Tinned Paneer 425g,Dairy,Paneer,Yes,No,Medium,Yes,Low,No,No,0,0,0.0,Yes,Purabi / Sting / Coke,No chiller space available,No Refrigerator Space,Yes,High,No Refrigerator Space,Malugram 2 comprehensive survey run. Retailers noted that Coke and Sprite dominate chiller space; suggested Amul provide branded counter coolers.
2026-06-20,Saturday,25,June,Sengupta Agencies,Amarjeet Deb Purkayastha,Saurav Sinha,Malugram 2,Silchar Urban,OUT_18_015,Malugram 2 Counter 15,Kirana Store,Medium,Market Street,Yes,Medium,Yes,Amul Butter 50g (₹35 Small Pack),Dairy,Butter,Yes,No,Medium,Yes,Low,No,No,0,0,0.0,Yes,Purabi / Sting / Coke,No chiller space available,No Refrigerator Space,Yes,High,No Refrigerator Space,Malugram 2 comprehensive survey run. Retailers noted that Coke and Sprite dominate chiller space; suggested Amul provide branded counter coolers.
2026-06-20,Saturday,25,June,Sengupta Agencies,Amarjeet Deb Purkayastha,Saurav Sinha,Malugram 2,Silchar Urban,OUT_18_015,Malugram 2 Counter 15,Kirana Store,Medium,Market Street,Yes,Medium,Yes,Amul Dark Chocolate 150g,Confectionery,Chocolates,Yes,No,Medium,Yes,Low,No,No,0,0,0.0,Yes,Purabi / Sting / Coke,No chiller space available,No Refrigerator Space,Yes,High,No Refrigerator Space,Malugram 2 comprehensive survey run. Retailers noted that Coke and Sprite dominate chiller space; suggested Amul provide branded counter coolers.
2026-06-20,Saturday,25,June,Sengupta Agencies,Amarjeet Deb Purkayastha,Saurav Sinha,Malugram 2,Silchar Urban,OUT_18_016,Malugram 2 Counter 16,General Store,Medium,Market Street,Yes,Medium,Yes,Amul Tinned Paneer 425g,Dairy,Paneer,Yes,No,Medium,Yes,Low,No,No,0,0,0.0,Yes,Purabi / Sting / Coke,No chiller space available,No Refrigerator Space,Yes,High,No Refrigerator Space,Malugram 2 comprehensive survey run. Retailers noted that Coke and Sprite dominate chiller space; suggested Amul provide branded counter coolers.
2026-06-20,Saturday,25,June,Sengupta Agencies,Amarjeet Deb Purkayastha,Saurav Sinha,Malugram 2,Silchar Urban,OUT_18_016,Malugram 2 Counter 16,General Store,Medium,Market Street,Yes,Medium,Yes,Amul Butter 50g (₹35 Small Pack),Dairy,Butter,Yes,No,Medium,Yes,Low,No,No,0,0,0.0,Yes,Purabi / Sting / Coke,No chiller space available,No Refrigerator Space,Yes,High,No Refrigerator Space,Malugram 2 comprehensive survey run. Retailers noted that Coke and Sprite dominate chiller space; suggested Amul provide branded counter coolers.
2026-06-20,Saturday,25,June,Sengupta Agencies,Amarjeet Deb Purkayastha,Saurav Sinha,Malugram 2,Silchar Urban,OUT_18_016,Malugram 2 Counter 16,General Store,Medium,Market Street,Yes,Medium,Yes,Amul Dark Chocolate 150g,Confectionery,Chocolates,Yes,No,Medium,Yes,Low,No,No,0,0,0.0,Yes,Purabi / Sting / Coke,No chiller space available,No Refrigerator Space,Yes,High,No Refrigerator Space,Malugram 2 comprehensive survey run. Retailers noted that Coke and Sprite dominate chiller space; suggested Amul provide branded counter coolers.
2026-06-20,Saturday,25,June,Sengupta Agencies,Amarjeet Deb Purkayastha,Saurav Sinha,Malugram 2,Silchar Urban,OUT_18_017,Malugram 2 Counter 17,Kirana Store,Medium,Market Street,No,Medium,Yes,Amul Tinned Paneer 425g,Dairy,Paneer,Yes,No,Medium,Yes,Low,No,No,0,0,0.0,Yes,Purabi / Sting / Coke,No chiller space available,No Refrigerator Space,Yes,High,No Refrigerator Space,Malugram 2 comprehensive survey run. Retailers noted that Coke and Sprite dominate chiller space; suggested Amul provide branded counter coolers.
2026-06-20,Saturday,25,June,Sengupta Agencies,Amarjeet Deb Purkayastha,Saurav Sinha,Malugram 2,Silchar Urban,OUT_18_017,Malugram 2 Counter 17,Kirana Store,Medium,Market Street,No,Medium,Yes,Amul Butter 50g (₹35 Small Pack),Dairy,Butter,Yes,No,Medium,Yes,Low,No,No,0,0,0.0,Yes,Purabi / Sting / Coke,No chiller space available,No Refrigerator Space,Yes,High,No Refrigerator Space,Malugram 2 comprehensive survey run. Retailers noted that Coke and Sprite dominate chiller space; suggested Amul provide branded counter coolers.
2026-06-20,Saturday,25,June,Sengupta Agencies,Amarjeet Deb Purkayastha,Saurav Sinha,Malugram 2,Silchar Urban,OUT_18_017,Malugram 2 Counter 17,Kirana Store,Medium,Market Street,No,Medium,Yes,Amul Dark Chocolate 150g,Confectionery,Chocolates,Yes,No,Medium,Yes,Low,No,No,0,0,0.0,Yes,Purabi / Sting / Coke,No chiller space available,No Refrigerator Space,Yes,High,No Refrigerator Space,Malugram 2 comprehensive survey run. Retailers noted that Coke and Sprite dominate chiller space; suggested Amul provide branded counter coolers.
2026-06-20,Saturday,25,June,Sengupta Agencies,Amarjeet Deb Purkayastha,Saurav Sinha,Malugram 2,Silchar Urban,OUT_18_018,Malugram 2 Counter 18,General Store,Medium,Market Street,Yes,Medium,Yes,Amul Tinned Paneer 425g,Dairy,Paneer,Yes,No,Medium,Yes,Low,No,No,0,0,0.0,Yes,Purabi / Sting / Coke,No chiller space available,No Refrigerator Space,Yes,High,No Refrigerator Space,Malugram 2 comprehensive survey run. Retailers noted that Coke and Sprite dominate chiller space; suggested Amul provide branded counter coolers.
2026-06-20,Saturday,25,June,Sengupta Agencies,Amarjeet Deb Purkayastha,Saurav Sinha,Malugram 2,Silchar Urban,OUT_18_018,Malugram 2 Counter 18,General Store,Medium,Market Street,Yes,Medium,Yes,Amul Butter 50g (₹35 Small Pack),Dairy,Butter,Yes,No,Medium,Yes,Low,No,No,0,0,0.0,Yes,Purabi / Sting / Coke,No chiller space available,No Refrigerator Space,Yes,High,No Refrigerator Space,Malugram 2 comprehensive survey run. Retailers noted that Coke and Sprite dominate chiller space; suggested Amul provide branded counter coolers.
2026-06-20,Saturday,25,June,Sengupta Agencies,Amarjeet Deb Purkayastha,Saurav Sinha,Malugram 2,Silchar Urban,OUT_18_018,Malugram 2 Counter 18,General Store,Medium,Market Street,Yes,Medium,Yes,Amul Dark Chocolate 150g,Confectionery,Chocolates,Yes,No,Medium,Yes,Low,No,No,0,0,0.0,Yes,Purabi / Sting / Coke,No chiller space available,No Refrigerator Space,Yes,High,No Refrigerator Space,Malugram 2 comprehensive survey run. Retailers noted that Coke and Sprite dominate chiller space; suggested Amul provide branded counter coolers.
2026-06-20,Saturday,25,June,Sengupta Agencies,Amarjeet Deb Purkayastha,Saurav Sinha,Malugram 2,Silchar Urban,OUT_18_019,Malugram 2 Counter 19,Kirana Store,Medium,Market Street,Yes,Medium,Yes,Amul Tinned Paneer 425g,Dairy,Paneer,Yes,No,Medium,Yes,Low,No,No,0,0,0.0,Yes,Purabi / Sting / Coke,No chiller space available,No Refrigerator Space,Yes,High,No Refrigerator Space,Malugram 2 comprehensive survey run. Retailers noted that Coke and Sprite dominate chiller space; suggested Amul provide branded counter coolers.
2026-06-20,Saturday,25,June,Sengupta Agencies,Amarjeet Deb Purkayastha,Saurav Sinha,Malugram 2,Silchar Urban,OUT_18_019,Malugram 2 Counter 19,Kirana Store,Medium,Market Street,Yes,Medium,Yes,Amul Butter 50g (₹35 Small Pack),Dairy,Butter,Yes,No,Medium,Yes,Low,No,No,0,0,0.0,Yes,Purabi / Sting / Coke,No chiller space available,No Refrigerator Space,Yes,High,No Refrigerator Space,Malugram 2 comprehensive survey run. Retailers noted that Coke and Sprite dominate chiller space; suggested Amul provide branded counter coolers.
2026-06-20,Saturday,25,June,Sengupta Agencies,Amarjeet Deb Purkayastha,Saurav Sinha,Malugram 2,Silchar Urban,OUT_18_019,Malugram 2 Counter 19,Kirana Store,Medium,Market Street,Yes,Medium,Yes,Amul Dark Chocolate 150g,Confectionery,Chocolates,Yes,No,Medium,Yes,Low,No,No,0,0,0.0,Yes,Purabi / Sting / Coke,No chiller space available,No Refrigerator Space,Yes,High,No Refrigerator Space,Malugram 2 comprehensive survey run. Retailers noted that Coke and Sprite dominate chiller space; suggested Amul provide branded counter coolers.
2026-06-20,Saturday,25,June,Sengupta Agencies,Amarjeet Deb Purkayastha,Saurav Sinha,Malugram 2,Silchar Urban,OUT_18_020,Malugram 2 Counter 20,General Store,Medium,Market Street,Yes,Medium,Yes,Amul Tinned Paneer 425g,Dairy,Paneer,Yes,No,Medium,Yes,Low,No,No,0,0,0.0,Yes,Purabi / Sting / Coke,No chiller space available,No Refrigerator Space,Yes,High,No Refrigerator Space,Malugram 2 comprehensive survey run. Retailers noted that Coke and Sprite dominate chiller space; suggested Amul provide branded counter coolers.
2026-06-20,Saturday,25,June,Sengupta Agencies,Amarjeet Deb Purkayastha,Saurav Sinha,Malugram 2,Silchar Urban,OUT_18_020,Malugram 2 Counter 20,General Store,Medium,Market Street,Yes,Medium,Yes,Amul Butter 50g (₹35 Small Pack),Dairy,Butter,Yes,No,Medium,Yes,Low,No,No,0,0,0.0,Yes,Purabi / Sting / Coke,No chiller space available,No Refrigerator Space,Yes,High,No Refrigerator Space,Malugram 2 comprehensive survey run. Retailers noted that Coke and Sprite dominate chiller space; suggested Amul provide branded counter coolers.
2026-06-20,Saturday,25,June,Sengupta Agencies,Amarjeet Deb Purkayastha,Saurav Sinha,Malugram 2,Silchar Urban,OUT_18_020,Malugram 2 Counter 20,General Store,Medium,Market Street,Yes,Medium,Yes,Amul Dark Chocolate 150g,Confectionery,Chocolates,Yes,No,Medium,Yes,Low,No,No,0,0,0.0,Yes,Purabi / Sting / Coke,No chiller space available,No Refrigerator Space,Yes,High,No Refrigerator Space,Malugram 2 comprehensive survey run. Retailers noted that Coke and Sprite dominate chiller space; suggested Amul provide branded counter coolers.
2026-06-20,Saturday,25,June,Sengupta Agencies,Amarjeet Deb Purkayastha,Saurav Sinha,Malugram 2,Silchar Urban,OUT_18_021,Malugram 2 Counter 21,Kirana Store,Medium,Market Street,No,Medium,Yes,Amul Tinned Paneer 425g,Dairy,Paneer,Yes,No,Medium,Yes,Low,No,No,0,0,0.0,Yes,Purabi / Sting / Coke,No chiller space available,No Refrigerator Space,Yes,High,No Refrigerator Space,Malugram 2 comprehensive survey run. Retailers noted that Coke and Sprite dominate chiller space; suggested Amul provide branded counter coolers.
2026-06-20,Saturday,25,June,Sengupta Agencies,Amarjeet Deb Purkayastha,Saurav Sinha,Malugram 2,Silchar Urban,OUT_18_021,Malugram 2 Counter 21,Kirana Store,Medium,Market Street,No,Medium,Yes,Amul Butter 50g (₹35 Small Pack),Dairy,Butter,Yes,No,Medium,Yes,Low,No,No,0,0,0.0,Yes,Purabi / Sting / Coke,No chiller space available,No Refrigerator Space,Yes,High,No Refrigerator Space,Malugram 2 comprehensive survey run. Retailers noted that Coke and Sprite dominate chiller space; suggested Amul provide branded counter coolers.
2026-06-20,Saturday,25,June,Sengupta Agencies,Amarjeet Deb Purkayastha,Saurav Sinha,Malugram 2,Silchar Urban,OUT_18_021,Malugram 2 Counter 21,Kirana Store,Medium,Market Street,No,Medium,Yes,Amul Dark Chocolate 150g,Confectionery,Chocolates,Yes,No,Medium,Yes,Low,No,No,0,0,0.0,Yes,Purabi / Sting / Coke,No chiller space available,No Refrigerator Space,Yes,High,No Refrigerator Space,Malugram 2 comprehensive survey run. Retailers noted that Coke and Sprite dominate chiller space; suggested Amul provide branded counter coolers.
2026-06-20,Saturday,25,June,Sengupta Agencies,Amarjeet Deb Purkayastha,Saurav Sinha,Malugram 2,Silchar Urban,OUT_18_022,Malugram 2 Counter 22,General Store,Medium,Market Street,Yes,Medium,Yes,Amul Tinned Paneer 425g,Dairy,Paneer,Yes,No,Medium,Yes,Low,No,No,0,0,0.0,Yes,Purabi / Sting / Coke,No chiller space available,No Refrigerator Space,Yes,High,No Refrigerator Space,Malugram 2 comprehensive survey run. Retailers noted that Coke and Sprite dominate chiller space; suggested Amul provide branded counter coolers.
2026-06-20,Saturday,25,June,Sengupta Agencies,Amarjeet Deb Purkayastha,Saurav Sinha,Malugram 2,Silchar Urban,OUT_18_022,Malugram 2 Counter 22,General Store,Medium,Market Street,Yes,Medium,Yes,Amul Butter 50g (₹35 Small Pack),Dairy,Butter,Yes,No,Medium,Yes,Low,No,No,0,0,0.0,Yes,Purabi / Sting / Coke,No chiller space available,No Refrigerator Space,Yes,High,No Refrigerator Space,Malugram 2 comprehensive survey run. Retailers noted that Coke and Sprite dominate chiller space; suggested Amul provide branded counter coolers.
2026-06-20,Saturday,25,June,Sengupta Agencies,Amarjeet Deb Purkayastha,Saurav Sinha,Malugram 2,Silchar Urban,OUT_18_022,Malugram 2 Counter 22,General Store,Medium,Market Street,Yes,Medium,Yes,Amul Dark Chocolate 150g,Confectionery,Chocolates,Yes,No,Medium,Yes,Low,No,No,0,0,0.0,Yes,Purabi / Sting / Coke,No chiller space available,No Refrigerator Space,Yes,High,No Refrigerator Space,Malugram 2 comprehensive survey run. Retailers noted that Coke and Sprite dominate chiller space; suggested Amul provide branded counter coolers.
2026-06-20,Saturday,25,June,Sengupta Agencies,Amarjeet Deb Purkayastha,Saurav Sinha,Malugram 2,Silchar Urban,OUT_18_023,Malugram 2 Counter 23,Kirana Store,Medium,Market Street,Yes,Medium,Yes,Amul Tinned Paneer 425g,Dairy,Paneer,Yes,No,Medium,Yes,Low,No,No,0,0,0.0,Yes,Purabi / Sting / Coke,No chiller space available,No Refrigerator Space,Yes,High,No Refrigerator Space,Malugram 2 comprehensive survey run. Retailers noted that Coke and Sprite dominate chiller space; suggested Amul provide branded counter coolers.
2026-06-20,Saturday,25,June,Sengupta Agencies,Amarjeet Deb Purkayastha,Saurav Sinha,Malugram 2,Silchar Urban,OUT_18_023,Malugram 2 Counter 23,Kirana Store,Medium,Market Street,Yes,Medium,Yes,Amul Butter 50g (₹35 Small Pack),Dairy,Butter,Yes,No,Medium,Yes,Low,No,No,0,0,0.0,Yes,Purabi / Sting / Coke,No chiller space available,No Refrigerator Space,Yes,High,No Refrigerator Space,Malugram 2 comprehensive survey run. Retailers noted that Coke and Sprite dominate chiller space; suggested Amul provide branded counter coolers.
2026-06-20,Saturday,25,June,Sengupta Agencies,Amarjeet Deb Purkayastha,Saurav Sinha,Malugram 2,Silchar Urban,OUT_18_023,Malugram 2 Counter 23,Kirana Store,Medium,Market Street,Yes,Medium,Yes,Amul Dark Chocolate 150g,Confectionery,Chocolates,Yes,No,Medium,Yes,Low,No,No,0,0,0.0,Yes,Purabi / Sting / Coke,No chiller space available,No Refrigerator Space,Yes,High,No Refrigerator Space,Malugram 2 comprehensive survey run. Retailers noted that Coke and Sprite dominate chiller space; suggested Amul provide branded counter coolers.
2026-06-20,Saturday,25,June,Sengupta Agencies,Amarjeet Deb Purkayastha,Saurav Sinha,Malugram 2,Silchar Urban,OUT_18_024,Malugram 2 Counter 24,General Store,Medium,Market Street,Yes,Medium,Yes,Amul Tinned Paneer 425g,Dairy,Paneer,Yes,No,Medium,Yes,Low,No,No,0,0,0.0,Yes,Purabi / Sting / Coke,No chiller space available,No Refrigerator Space,Yes,High,No Refrigerator Space,Malugram 2 comprehensive survey run. Retailers noted that Coke and Sprite dominate chiller space; suggested Amul provide branded counter coolers.
2026-06-20,Saturday,25,June,Sengupta Agencies,Amarjeet Deb Purkayastha,Saurav Sinha,Malugram 2,Silchar Urban,OUT_18_024,Malugram 2 Counter 24,General Store,Medium,Market Street,Yes,Medium,Yes,Amul Butter 50g (₹35 Small Pack),Dairy,Butter,Yes,No,Medium,Yes,Low,No,No,0,0,0.0,Yes,Purabi / Sting / Coke,No chiller space available,No Refrigerator Space,Yes,High,No Refrigerator Space,Malugram 2 comprehensive survey run. Retailers noted that Coke and Sprite dominate chiller space; suggested Amul provide branded counter coolers.
2026-06-20,Saturday,25,June,Sengupta Agencies,Amarjeet Deb Purkayastha,Saurav Sinha,Malugram 2,Silchar Urban,OUT_18_024,Malugram 2 Counter 24,General Store,Medium,Market Street,Yes,Medium,Yes,Amul Dark Chocolate 150g,Confectionery,Chocolates,Yes,No,Medium,Yes,Low,No,No,0,0,0.0,Yes,Purabi / Sting / Coke,No chiller space available,No Refrigerator Space,Yes,High,No Refrigerator Space,Malugram 2 comprehensive survey run. Retailers noted that Coke and Sprite dominate chiller space; suggested Amul provide branded counter coolers.
2026-06-20,Saturday,25,June,Sengupta Agencies,Amarjeet Deb Purkayastha,Saurav Sinha,Malugram 2,Silchar Urban,OUT_18_025,Malugram 2 Counter 25,Kirana Store,Medium,Market Street,No,Medium,Yes,Amul Tinned Paneer 425g,Dairy,Paneer,Yes,No,Medium,Yes,Low,No,No,0,0,0.0,Yes,Purabi / Sting / Coke,No chiller space available,No Refrigerator Space,Yes,High,No Refrigerator Space,Malugram 2 comprehensive survey run. Retailers noted that Coke and Sprite dominate chiller space; suggested Amul provide branded counter coolers.
2026-06-20,Saturday,25,June,Sengupta Agencies,Amarjeet Deb Purkayastha,Saurav Sinha,Malugram 2,Silchar Urban,OUT_18_025,Malugram 2 Counter 25,Kirana Store,Medium,Market Street,No,Medium,Yes,Amul Butter 50g (₹35 Small Pack),Dairy,Butter,Yes,No,Medium,Yes,Low,No,No,0,0,0.0,Yes,Purabi / Sting / Coke,No chiller space available,No Refrigerator Space,Yes,High,No Refrigerator Space,Malugram 2 comprehensive survey run. Retailers noted that Coke and Sprite dominate chiller space; suggested Amul provide branded counter coolers.
2026-06-20,Saturday,25,June,Sengupta Agencies,Amarjeet Deb Purkayastha,Saurav Sinha,Malugram 2,Silchar Urban,OUT_18_025,Malugram 2 Counter 25,Kirana Store,Medium,Market Street,No,Medium,Yes,Amul Dark Chocolate 150g,Confectionery,Chocolates,Yes,No,Medium,Yes,Low,No,No,0,0,0.0,Yes,Purabi / Sting / Coke,No chiller space available,No Refrigerator Space,Yes,High,No Refrigerator Space,Malugram 2 comprehensive survey run. Retailers noted that Coke and Sprite dominate chiller space; suggested Amul provide branded counter coolers.
2026-06-20,Saturday,25,June,Sengupta Agencies,Amarjeet Deb Purkayastha,Saurav Sinha,Malugram 2,Silchar Urban,OUT_18_026,Malugram 2 Counter 26,General Store,Medium,Market Street,Yes,Medium,Yes,Amul Tinned Paneer 425g,Dairy,Paneer,Yes,No,Medium,Yes,Low,No,No,0,0,0.0,Yes,Purabi / Sting / Coke,No chiller space available,No Refrigerator Space,Yes,High,No Refrigerator Space,Malugram 2 comprehensive survey run. Retailers noted that Coke and Sprite dominate chiller space; suggested Amul provide branded counter coolers.
2026-06-20,Saturday,25,June,Sengupta Agencies,Amarjeet Deb Purkayastha,Saurav Sinha,Malugram 2,Silchar Urban,OUT_18_026,Malugram 2 Counter 26,General Store,Medium,Market Street,Yes,Medium,Yes,Amul Butter 50g (₹35 Small Pack),Dairy,Butter,Yes,No,Medium,Yes,Low,No,No,0,0,0.0,Yes,Purabi / Sting / Coke,No chiller space available,No Refrigerator Space,Yes,High,No Refrigerator Space,Malugram 2 comprehensive survey run. Retailers noted that Coke and Sprite dominate chiller space; suggested Amul provide branded counter coolers.
2026-06-20,Saturday,25,June,Sengupta Agencies,Amarjeet Deb Purkayastha,Saurav Sinha,Malugram 2,Silchar Urban,OUT_18_026,Malugram 2 Counter 26,General Store,Medium,Market Street,Yes,Medium,Yes,Amul Dark Chocolate 150g,Confectionery,Chocolates,Yes,No,Medium,Yes,Low,No,No,0,0,0.0,Yes,Purabi / Sting / Coke,No chiller space available,No Refrigerator Space,Yes,High,No Refrigerator Space,Malugram 2 comprehensive survey run. Retailers noted that Coke and Sprite dominate chiller space; suggested Amul provide branded counter coolers.
2026-06-20,Saturday,25,June,Sengupta Agencies,Amarjeet Deb Purkayastha,Saurav Sinha,Malugram 2,Silchar Urban,OUT_18_027,Malugram 2 Counter 27,Kirana Store,Medium,Market Street,Yes,Medium,Yes,Amul Tinned Paneer 425g,Dairy,Paneer,Yes,No,Medium,Yes,Low,No,No,0,0,0.0,Yes,Purabi / Sting / Coke,No chiller space available,No Refrigerator Space,Yes,High,No Refrigerator Space,Malugram 2 comprehensive survey run. Retailers noted that Coke and Sprite dominate chiller space; suggested Amul provide branded counter coolers.
2026-06-20,Saturday,25,June,Sengupta Agencies,Amarjeet Deb Purkayastha,Saurav Sinha,Malugram 2,Silchar Urban,OUT_18_027,Malugram 2 Counter 27,Kirana Store,Medium,Market Street,Yes,Medium,Yes,Amul Butter 50g (₹35 Small Pack),Dairy,Butter,Yes,No,Medium,Yes,Low,No,No,0,0,0.0,Yes,Purabi / Sting / Coke,No chiller space available,No Refrigerator Space,Yes,High,No Refrigerator Space,Malugram 2 comprehensive survey run. Retailers noted that Coke and Sprite dominate chiller space; suggested Amul provide branded counter coolers.
2026-06-20,Saturday,25,June,Sengupta Agencies,Amarjeet Deb Purkayastha,Saurav Sinha,Malugram 2,Silchar Urban,OUT_18_027,Malugram 2 Counter 27,Kirana Store,Medium,Market Street,Yes,Medium,Yes,Amul Dark Chocolate 150g,Confectionery,Chocolates,Yes,No,Medium,Yes,Low,No,No,0,0,0.0,Yes,Purabi / Sting / Coke,No chiller space available,No Refrigerator Space,Yes,High,No Refrigerator Space,Malugram 2 comprehensive survey run. Retailers noted that Coke and Sprite dominate chiller space; suggested Amul provide branded counter coolers.
2026-06-20,Saturday,25,June,Sengupta Agencies,Amarjeet Deb Purkayastha,Saurav Sinha,Malugram 2,Silchar Urban,OUT_18_028,Malugram 2 Counter 28,General Store,Medium,Market Street,Yes,Medium,Yes,Amul Tinned Paneer 425g,Dairy,Paneer,Yes,No,Medium,Yes,Low,No,No,0,0,0.0,Yes,Purabi / Sting / Coke,No chiller space available,No Refrigerator Space,Yes,High,No Refrigerator Space,Malugram 2 comprehensive survey run. Retailers noted that Coke and Sprite dominate chiller space; suggested Amul provide branded counter coolers.
2026-06-20,Saturday,25,June,Sengupta Agencies,Amarjeet Deb Purkayastha,Saurav Sinha,Malugram 2,Silchar Urban,OUT_18_028,Malugram 2 Counter 28,General Store,Medium,Market Street,Yes,Medium,Yes,Amul Butter 50g (₹35 Small Pack),Dairy,Butter,Yes,No,Medium,Yes,Low,No,No,0,0,0.0,Yes,Purabi / Sting / Coke,No chiller space available,No Refrigerator Space,Yes,High,No Refrigerator Space,Malugram 2 comprehensive survey run. Retailers noted that Coke and Sprite dominate chiller space; suggested Amul provide branded counter coolers.
2026-06-20,Saturday,25,June,Sengupta Agencies,Amarjeet Deb Purkayastha,Saurav Sinha,Malugram 2,Silchar Urban,OUT_18_028,Malugram 2 Counter 28,General Store,Medium,Market Street,Yes,Medium,Yes,Amul Dark Chocolate 150g,Confectionery,Chocolates,Yes,No,Medium,Yes,Low,No,No,0,0,0.0,Yes,Purabi / Sting / Coke,No chiller space available,No Refrigerator Space,Yes,High,No Refrigerator Space,Malugram 2 comprehensive survey run. Retailers noted that Coke and Sprite dominate chiller space; suggested Amul provide branded counter coolers.
2026-06-22,Monday,26,June,Sengupta Agencies,Amarjeet Deb Purkayastha,Saurav Sinha,Malugram 4,Silchar Urban,OUT_19_001,Malugram 4 Counter 1,Kirana Store,Medium,Market Street,No,Medium,Yes,Amul Butter 50g (₹35 Small Pack),Dairy,Butter,Yes,No,Medium,Yes,High,Yes,Yes,24,24,736.8,Yes,Purabi / Sting / Coke,,None,No,Low,None,Malugram 4 beat audit. Retailers confirmed 93%+ stock availability on core Kool and Lassi; highlighted lack of promotional schemes.
2026-06-22,Monday,26,June,Sengupta Agencies,Amarjeet Deb Purkayastha,Saurav Sinha,Malugram 4,Silchar Urban,OUT_19_001,Malugram 4 Counter 1,Kirana Store,Medium,Market Street,No,Medium,Yes,Amul Dark Chocolate 150g,Confectionery,Chocolates,Yes,No,Medium,Yes,High,Yes,Yes,24,24,2448.0,Yes,Purabi / Sting / Coke,,None,No,Low,None,Malugram 4 beat audit. Retailers confirmed 93%+ stock availability on core Kool and Lassi; highlighted lack of promotional schemes.
2026-06-22,Monday,26,June,Sengupta Agencies,Amarjeet Deb Purkayastha,Saurav Sinha,Malugram 4,Silchar Urban,OUT_19_001,Malugram 4 Counter 1,Kirana Store,Medium,Market Street,No,Medium,Yes,Amul Tru Mango 200ml,Beverages,Fruit Drinks,Yes,No,Medium,Yes,Low,No,No,0,0,0.0,Yes,Purabi / Sting / Coke,Existing inventory unsold,Stock Already Available,Yes,High,Stock Already Available,Malugram 4 beat audit. Retailers confirmed 93%+ stock availability on core Kool and Lassi; highlighted lack of promotional schemes.
2026-06-22,Monday,26,June,Sengupta Agencies,Amarjeet Deb Purkayastha,Saurav Sinha,Malugram 4,Silchar Urban,OUT_19_002,Malugram 4 Counter 2,General Store,Medium,Market Street,Yes,Medium,Yes,Amul Butter 50g (₹35 Small Pack),Dairy,Butter,Yes,No,Medium,Yes,High,Yes,Yes,24,24,736.8,Yes,Purabi / Sting / Coke,,None,No,Low,None,Malugram 4 beat audit. Retailers confirmed 93%+ stock availability on core Kool and Lassi; highlighted lack of promotional schemes.
2026-06-22,Monday,26,June,Sengupta Agencies,Amarjeet Deb Purkayastha,Saurav Sinha,Malugram 4,Silchar Urban,OUT_19_002,Malugram 4 Counter 2,General Store,Medium,Market Street,Yes,Medium,Yes,Amul Dark Chocolate 150g,Confectionery,Chocolates,Yes,No,Medium,Yes,Low,No,No,0,0,0.0,Yes,Purabi / Sting / Coke,Existing inventory unsold,Stock Already Available,Yes,High,Stock Already Available,Malugram 4 beat audit. Retailers confirmed 93%+ stock availability on core Kool and Lassi; highlighted lack of promotional schemes.
2026-06-22,Monday,26,June,Sengupta Agencies,Amarjeet Deb Purkayastha,Saurav Sinha,Malugram 4,Silchar Urban,OUT_19_002,Malugram 4 Counter 2,General Store,Medium,Market Street,Yes,Medium,Yes,Amul Tru Mango 200ml,Beverages,Fruit Drinks,Yes,No,Medium,Yes,Low,No,No,0,0,0.0,Yes,Purabi / Sting / Coke,Existing inventory unsold,Stock Already Available,Yes,High,Stock Already Available,Malugram 4 beat audit. Retailers confirmed 93%+ stock availability on core Kool and Lassi; highlighted lack of promotional schemes.
2026-06-22,Monday,26,June,Sengupta Agencies,Amarjeet Deb Purkayastha,Saurav Sinha,Malugram 4,Silchar Urban,OUT_19_003,Malugram 4 Counter 3,Kirana Store,Medium,Market Street,Yes,Medium,Yes,Amul Butter 50g (₹35 Small Pack),Dairy,Butter,Yes,No,Medium,Yes,High,Yes,Yes,24,24,736.8,Yes,Purabi / Sting / Coke,,None,No,Low,None,Malugram 4 beat audit. Retailers confirmed 93%+ stock availability on core Kool and Lassi; highlighted lack of promotional schemes.
2026-06-22,Monday,26,June,Sengupta Agencies,Amarjeet Deb Purkayastha,Saurav Sinha,Malugram 4,Silchar Urban,OUT_19_003,Malugram 4 Counter 3,Kirana Store,Medium,Market Street,Yes,Medium,Yes,Amul Dark Chocolate 150g,Confectionery,Chocolates,Yes,No,Medium,Yes,High,Yes,Yes,24,24,2448.0,Yes,Purabi / Sting / Coke,,None,No,Low,None,Malugram 4 beat audit. Retailers confirmed 93%+ stock availability on core Kool and Lassi; highlighted lack of promotional schemes.
2026-06-22,Monday,26,June,Sengupta Agencies,Amarjeet Deb Purkayastha,Saurav Sinha,Malugram 4,Silchar Urban,OUT_19_003,Malugram 4 Counter 3,Kirana Store,Medium,Market Street,Yes,Medium,Yes,Amul Tru Mango 200ml,Beverages,Fruit Drinks,Yes,No,Medium,Yes,Low,No,No,0,0,0.0,Yes,Purabi / Sting / Coke,Existing inventory unsold,Stock Already Available,Yes,High,Stock Already Available,Malugram 4 beat audit. Retailers confirmed 93%+ stock availability on core Kool and Lassi; highlighted lack of promotional schemes.
2026-06-22,Monday,26,June,Sengupta Agencies,Amarjeet Deb Purkayastha,Saurav Sinha,Malugram 4,Silchar Urban,OUT_19_004,Malugram 4 Counter 4,General Store,Medium,Market Street,Yes,Medium,Yes,Amul Butter 50g (₹35 Small Pack),Dairy,Butter,Yes,No,Medium,Yes,High,Yes,Yes,24,24,736.8,Yes,Purabi / Sting / Coke,,None,No,Low,None,Malugram 4 beat audit. Retailers confirmed 93%+ stock availability on core Kool and Lassi; highlighted lack of promotional schemes.
2026-06-22,Monday,26,June,Sengupta Agencies,Amarjeet Deb Purkayastha,Saurav Sinha,Malugram 4,Silchar Urban,OUT_19_004,Malugram 4 Counter 4,General Store,Medium,Market Street,Yes,Medium,Yes,Amul Dark Chocolate 150g,Confectionery,Chocolates,Yes,No,Medium,Yes,Low,No,No,0,0,0.0,Yes,Purabi / Sting / Coke,Existing inventory unsold,Stock Already Available,Yes,High,Stock Already Available,Malugram 4 beat audit. Retailers confirmed 93%+ stock availability on core Kool and Lassi; highlighted lack of promotional schemes.
2026-06-22,Monday,26,June,Sengupta Agencies,Amarjeet Deb Purkayastha,Saurav Sinha,Malugram 4,Silchar Urban,OUT_19_004,Malugram 4 Counter 4,General Store,Medium,Market Street,Yes,Medium,Yes,Amul Tru Mango 200ml,Beverages,Fruit Drinks,Yes,No,Medium,Yes,Low,No,No,0,0,0.0,Yes,Purabi / Sting / Coke,Existing inventory unsold,Stock Already Available,Yes,High,Stock Already Available,Malugram 4 beat audit. Retailers confirmed 93%+ stock availability on core Kool and Lassi; highlighted lack of promotional schemes.
2026-06-22,Monday,26,June,Sengupta Agencies,Amarjeet Deb Purkayastha,Saurav Sinha,Malugram 4,Silchar Urban,OUT_19_005,Malugram 4 Counter 5,Kirana Store,Medium,Market Street,No,Medium,Yes,Amul Butter 50g (₹35 Small Pack),Dairy,Butter,Yes,No,Medium,Yes,High,Yes,Yes,24,24,736.8,Yes,Purabi / Sting / Coke,,None,No,Low,None,Malugram 4 beat audit. Retailers confirmed 93%+ stock availability on core Kool and Lassi; highlighted lack of promotional schemes.
2026-06-22,Monday,26,June,Sengupta Agencies,Amarjeet Deb Purkayastha,Saurav Sinha,Malugram 4,Silchar Urban,OUT_19_005,Malugram 4 Counter 5,Kirana Store,Medium,Market Street,No,Medium,Yes,Amul Dark Chocolate 150g,Confectionery,Chocolates,Yes,No,Medium,Yes,High,Yes,Yes,24,24,2448.0,Yes,Purabi / Sting / Coke,,None,No,Low,None,Malugram 4 beat audit. Retailers confirmed 93%+ stock availability on core Kool and Lassi; highlighted lack of promotional schemes.
2026-06-22,Monday,26,June,Sengupta Agencies,Amarjeet Deb Purkayastha,Saurav Sinha,Malugram 4,Silchar Urban,OUT_19_005,Malugram 4 Counter 5,Kirana Store,Medium,Market Street,No,Medium,Yes,Amul Tru Mango 200ml,Beverages,Fruit Drinks,Yes,No,Medium,Yes,Low,No,No,0,0,0.0,Yes,Purabi / Sting / Coke,Existing inventory unsold,Stock Already Available,Yes,High,Stock Already Available,Malugram 4 beat audit. Retailers confirmed 93%+ stock availability on core Kool and Lassi; highlighted lack of promotional schemes.
2026-06-22,Monday,26,June,Sengupta Agencies,Amarjeet Deb Purkayastha,Saurav Sinha,Malugram 4,Silchar Urban,OUT_19_006,Malugram 4 Counter 6,General Store,Medium,Market Street,Yes,Medium,Yes,Amul Butter 50g (₹35 Small Pack),Dairy,Butter,Yes,No,Medium,Yes,High,Yes,Yes,24,24,736.8,Yes,Purabi / Sting / Coke,,None,No,Low,None,Malugram 4 beat audit. Retailers confirmed 93%+ stock availability on core Kool and Lassi; highlighted lack of promotional schemes.
2026-06-22,Monday,26,June,Sengupta Agencies,Amarjeet Deb Purkayastha,Saurav Sinha,Malugram 4,Silchar Urban,OUT_19_006,Malugram 4 Counter 6,General Store,Medium,Market Street,Yes,Medium,Yes,Amul Dark Chocolate 150g,Confectionery,Chocolates,Yes,No,Medium,Yes,Low,No,No,0,0,0.0,Yes,Purabi / Sting / Coke,Existing inventory unsold,Stock Already Available,Yes,High,Stock Already Available,Malugram 4 beat audit. Retailers confirmed 93%+ stock availability on core Kool and Lassi; highlighted lack of promotional schemes.
2026-06-22,Monday,26,June,Sengupta Agencies,Amarjeet Deb Purkayastha,Saurav Sinha,Malugram 4,Silchar Urban,OUT_19_006,Malugram 4 Counter 6,General Store,Medium,Market Street,Yes,Medium,Yes,Amul Tru Mango 200ml,Beverages,Fruit Drinks,Yes,No,Medium,Yes,Low,No,No,0,0,0.0,Yes,Purabi / Sting / Coke,Existing inventory unsold,Stock Already Available,Yes,High,Stock Already Available,Malugram 4 beat audit. Retailers confirmed 93%+ stock availability on core Kool and Lassi; highlighted lack of promotional schemes.
2026-06-22,Monday,26,June,Sengupta Agencies,Amarjeet Deb Purkayastha,Saurav Sinha,Malugram 4,Silchar Urban,OUT_19_007,Malugram 4 Counter 7,Kirana Store,Medium,Market Street,Yes,Medium,Yes,Amul Butter 50g (₹35 Small Pack),Dairy,Butter,Yes,No,Medium,Yes,High,Yes,Yes,24,24,736.8,Yes,Purabi / Sting / Coke,,None,No,Low,None,Malugram 4 beat audit. Retailers confirmed 93%+ stock availability on core Kool and Lassi; highlighted lack of promotional schemes.
2026-06-22,Monday,26,June,Sengupta Agencies,Amarjeet Deb Purkayastha,Saurav Sinha,Malugram 4,Silchar Urban,OUT_19_007,Malugram 4 Counter 7,Kirana Store,Medium,Market Street,Yes,Medium,Yes,Amul Dark Chocolate 150g,Confectionery,Chocolates,Yes,No,Medium,Yes,High,Yes,Yes,24,24,2448.0,Yes,Purabi / Sting / Coke,,None,No,Low,None,Malugram 4 beat audit. Retailers confirmed 93%+ stock availability on core Kool and Lassi; highlighted lack of promotional schemes.
2026-06-22,Monday,26,June,Sengupta Agencies,Amarjeet Deb Purkayastha,Saurav Sinha,Malugram 4,Silchar Urban,OUT_19_007,Malugram 4 Counter 7,Kirana Store,Medium,Market Street,Yes,Medium,Yes,Amul Tru Mango 200ml,Beverages,Fruit Drinks,Yes,No,Medium,Yes,Low,No,No,0,0,0.0,Yes,Purabi / Sting / Coke,Existing inventory unsold,Stock Already Available,Yes,High,Stock Already Available,Malugram 4 beat audit. Retailers confirmed 93%+ stock availability on core Kool and Lassi; highlighted lack of promotional schemes.
2026-06-22,Monday,26,June,Sengupta Agencies,Amarjeet Deb Purkayastha,Saurav Sinha,Malugram 4,Silchar Urban,OUT_19_008,Malugram 4 Counter 8,General Store,Medium,Market Street,Yes,Medium,Yes,Amul Butter 50g (₹35 Small Pack),Dairy,Butter,Yes,No,Medium,Yes,High,Yes,Yes,24,24,736.8,Yes,Purabi / Sting / Coke,,None,No,Low,None,Malugram 4 beat audit. Retailers confirmed 93%+ stock availability on core Kool and Lassi; highlighted lack of promotional schemes.
2026-06-22,Monday,26,June,Sengupta Agencies,Amarjeet Deb Purkayastha,Saurav Sinha,Malugram 4,Silchar Urban,OUT_19_008,Malugram 4 Counter 8,General Store,Medium,Market Street,Yes,Medium,Yes,Amul Dark Chocolate 150g,Confectionery,Chocolates,Yes,No,Medium,Yes,Low,No,No,0,0,0.0,Yes,Purabi / Sting / Coke,Existing inventory unsold,Stock Already Available,Yes,High,Stock Already Available,Malugram 4 beat audit. Retailers confirmed 93%+ stock availability on core Kool and Lassi; highlighted lack of promotional schemes.
2026-06-22,Monday,26,June,Sengupta Agencies,Amarjeet Deb Purkayastha,Saurav Sinha,Malugram 4,Silchar Urban,OUT_19_008,Malugram 4 Counter 8,General Store,Medium,Market Street,Yes,Medium,Yes,Amul Tru Mango 200ml,Beverages,Fruit Drinks,Yes,No,Medium,Yes,Low,No,No,0,0,0.0,Yes,Purabi / Sting / Coke,Existing inventory unsold,Stock Already Available,Yes,High,Stock Already Available,Malugram 4 beat audit. Retailers confirmed 93%+ stock availability on core Kool and Lassi; highlighted lack of promotional schemes.
2026-06-22,Monday,26,June,Sengupta Agencies,Amarjeet Deb Purkayastha,Saurav Sinha,Malugram 4,Silchar Urban,OUT_19_009,Malugram 4 Counter 9,Kirana Store,Medium,Market Street,No,Medium,Yes,Amul Butter 50g (₹35 Small Pack),Dairy,Butter,Yes,No,Medium,Yes,High,Yes,Yes,24,24,736.8,Yes,Purabi / Sting / Coke,,None,No,Low,None,Malugram 4 beat audit. Retailers confirmed 93%+ stock availability on core Kool and Lassi; highlighted lack of promotional schemes.
2026-06-22,Monday,26,June,Sengupta Agencies,Amarjeet Deb Purkayastha,Saurav Sinha,Malugram 4,Silchar Urban,OUT_19_009,Malugram 4 Counter 9,Kirana Store,Medium,Market Street,No,Medium,Yes,Amul Dark Chocolate 150g,Confectionery,Chocolates,Yes,No,Medium,Yes,High,Yes,Yes,24,24,2448.0,Yes,Purabi / Sting / Coke,,None,No,Low,None,Malugram 4 beat audit. Retailers confirmed 93%+ stock availability on core Kool and Lassi; highlighted lack of promotional schemes.
2026-06-22,Monday,26,June,Sengupta Agencies,Amarjeet Deb Purkayastha,Saurav Sinha,Malugram 4,Silchar Urban,OUT_19_009,Malugram 4 Counter 9,Kirana Store,Medium,Market Street,No,Medium,Yes,Amul Tru Mango 200ml,Beverages,Fruit Drinks,Yes,No,Medium,Yes,Low,No,No,0,0,0.0,Yes,Purabi / Sting / Coke,Existing inventory unsold,Stock Already Available,Yes,High,Stock Already Available,Malugram 4 beat audit. Retailers confirmed 93%+ stock availability on core Kool and Lassi; highlighted lack of promotional schemes.
2026-06-22,Monday,26,June,Sengupta Agencies,Amarjeet Deb Purkayastha,Saurav Sinha,Malugram 4,Silchar Urban,OUT_19_010,Malugram 4 Counter 10,General Store,Medium,Market Street,Yes,Medium,Yes,Amul Butter 50g (₹35 Small Pack),Dairy,Butter,Yes,No,Medium,Yes,High,Yes,Yes,24,24,736.8,Yes,Purabi / Sting / Coke,,None,No,Low,None,Malugram 4 beat audit. Retailers confirmed 93%+ stock availability on core Kool and Lassi; highlighted lack of promotional schemes.
2026-06-22,Monday,26,June,Sengupta Agencies,Amarjeet Deb Purkayastha,Saurav Sinha,Malugram 4,Silchar Urban,OUT_19_010,Malugram 4 Counter 10,General Store,Medium,Market Street,Yes,Medium,Yes,Amul Dark Chocolate 150g,Confectionery,Chocolates,Yes,No,Medium,Yes,Low,No,No,0,0,0.0,Yes,Purabi / Sting / Coke,Existing inventory unsold,Stock Already Available,Yes,High,Stock Already Available,Malugram 4 beat audit. Retailers confirmed 93%+ stock availability on core Kool and Lassi; highlighted lack of promotional schemes.
2026-06-22,Monday,26,June,Sengupta Agencies,Amarjeet Deb Purkayastha,Saurav Sinha,Malugram 4,Silchar Urban,OUT_19_010,Malugram 4 Counter 10,General Store,Medium,Market Street,Yes,Medium,Yes,Amul Tru Mango 200ml,Beverages,Fruit Drinks,Yes,No,Medium,Yes,Low,No,No,0,0,0.0,Yes,Purabi / Sting / Coke,Existing inventory unsold,Stock Already Available,Yes,High,Stock Already Available,Malugram 4 beat audit. Retailers confirmed 93%+ stock availability on core Kool and Lassi; highlighted lack of promotional schemes.
2026-06-22,Monday,26,June,Sengupta Agencies,Amarjeet Deb Purkayastha,Saurav Sinha,Malugram 4,Silchar Urban,OUT_19_011,Malugram 4 Counter 11,Kirana Store,Medium,Market Street,Yes,Medium,Yes,Amul Butter 50g (₹35 Small Pack),Dairy,Butter,Yes,No,Medium,Yes,High,Yes,Yes,24,24,736.8,Yes,Purabi / Sting / Coke,,None,No,Low,None,Malugram 4 beat audit. Retailers confirmed 93%+ stock availability on core Kool and Lassi; highlighted lack of promotional schemes.
2026-06-22,Monday,26,June,Sengupta Agencies,Amarjeet Deb Purkayastha,Saurav Sinha,Malugram 4,Silchar Urban,OUT_19_011,Malugram 4 Counter 11,Kirana Store,Medium,Market Street,Yes,Medium,Yes,Amul Dark Chocolate 150g,Confectionery,Chocolates,Yes,No,Medium,Yes,High,Yes,Yes,24,24,2448.0,Yes,Purabi / Sting / Coke,,None,No,Low,None,Malugram 4 beat audit. Retailers confirmed 93%+ stock availability on core Kool and Lassi; highlighted lack of promotional schemes.
2026-06-22,Monday,26,June,Sengupta Agencies,Amarjeet Deb Purkayastha,Saurav Sinha,Malugram 4,Silchar Urban,OUT_19_011,Malugram 4 Counter 11,Kirana Store,Medium,Market Street,Yes,Medium,Yes,Amul Tru Mango 200ml,Beverages,Fruit Drinks,Yes,No,Medium,Yes,Low,No,No,0,0,0.0,Yes,Purabi / Sting / Coke,Existing inventory unsold,Stock Already Available,Yes,High,Stock Already Available,Malugram 4 beat audit. Retailers confirmed 93%+ stock availability on core Kool and Lassi; highlighted lack of promotional schemes.
2026-06-22,Monday,26,June,Sengupta Agencies,Amarjeet Deb Purkayastha,Saurav Sinha,Malugram 4,Silchar Urban,OUT_19_012,Malugram 4 Counter 12,General Store,Medium,Market Street,Yes,Medium,Yes,Amul Butter 50g (₹35 Small Pack),Dairy,Butter,Yes,No,Medium,Yes,High,Yes,Yes,24,24,736.8,Yes,Purabi / Sting / Coke,,None,No,Low,None,Malugram 4 beat audit. Retailers confirmed 93%+ stock availability on core Kool and Lassi; highlighted lack of promotional schemes.
2026-06-22,Monday,26,June,Sengupta Agencies,Amarjeet Deb Purkayastha,Saurav Sinha,Malugram 4,Silchar Urban,OUT_19_012,Malugram 4 Counter 12,General Store,Medium,Market Street,Yes,Medium,Yes,Amul Dark Chocolate 150g,Confectionery,Chocolates,Yes,No,Medium,Yes,Low,No,No,0,0,0.0,Yes,Purabi / Sting / Coke,Existing inventory unsold,Stock Already Available,Yes,High,Stock Already Available,Malugram 4 beat audit. Retailers confirmed 93%+ stock availability on core Kool and Lassi; highlighted lack of promotional schemes.
2026-06-22,Monday,26,June,Sengupta Agencies,Amarjeet Deb Purkayastha,Saurav Sinha,Malugram 4,Silchar Urban,OUT_19_012,Malugram 4 Counter 12,General Store,Medium,Market Street,Yes,Medium,Yes,Amul Tru Mango 200ml,Beverages,Fruit Drinks,Yes,No,Medium,Yes,Low,No,No,0,0,0.0,Yes,Purabi / Sting / Coke,Existing inventory unsold,Stock Already Available,Yes,High,Stock Already Available,Malugram 4 beat audit. Retailers confirmed 93%+ stock availability on core Kool and Lassi; highlighted lack of promotional schemes.
2026-06-22,Monday,26,June,Sengupta Agencies,Amarjeet Deb Purkayastha,Saurav Sinha,Malugram 4,Silchar Urban,OUT_19_013,Malugram 4 Counter 13,Kirana Store,Medium,Market Street,No,Medium,Yes,Amul Butter 50g (₹35 Small Pack),Dairy,Butter,Yes,No,Medium,Yes,Low,No,No,0,0,0.0,Yes,Purabi / Sting / Coke,Existing inventory unsold,Stock Already Available,Yes,High,Stock Already Available,Malugram 4 beat audit. Retailers confirmed 93%+ stock availability on core Kool and Lassi; highlighted lack of promotional schemes.
2026-06-22,Monday,26,June,Sengupta Agencies,Amarjeet Deb Purkayastha,Saurav Sinha,Malugram 4,Silchar Urban,OUT_19_013,Malugram 4 Counter 13,Kirana Store,Medium,Market Street,No,Medium,Yes,Amul Dark Chocolate 150g,Confectionery,Chocolates,Yes,No,Medium,Yes,Low,No,No,0,0,0.0,Yes,Purabi / Sting / Coke,Existing inventory unsold,Stock Already Available,Yes,High,Stock Already Available,Malugram 4 beat audit. Retailers confirmed 93%+ stock availability on core Kool and Lassi; highlighted lack of promotional schemes.
2026-06-22,Monday,26,June,Sengupta Agencies,Amarjeet Deb Purkayastha,Saurav Sinha,Malugram 4,Silchar Urban,OUT_19_013,Malugram 4 Counter 13,Kirana Store,Medium,Market Street,No,Medium,Yes,Amul Tru Mango 200ml,Beverages,Fruit Drinks,Yes,No,Medium,Yes,Low,No,No,0,0,0.0,Yes,Purabi / Sting / Coke,Existing inventory unsold,Stock Already Available,Yes,High,Stock Already Available,Malugram 4 beat audit. Retailers confirmed 93%+ stock availability on core Kool and Lassi; highlighted lack of promotional schemes.
2026-06-22,Monday,26,June,Sengupta Agencies,Amarjeet Deb Purkayastha,Saurav Sinha,Malugram 4,Silchar Urban,OUT_19_014,Malugram 4 Counter 14,General Store,Medium,Market Street,Yes,Medium,Yes,Amul Butter 50g (₹35 Small Pack),Dairy,Butter,Yes,No,Medium,Yes,Low,No,No,0,0,0.0,Yes,Purabi / Sting / Coke,Existing inventory unsold,Stock Already Available,Yes,High,Stock Already Available,Malugram 4 beat audit. Retailers confirmed 93%+ stock availability on core Kool and Lassi; highlighted lack of promotional schemes.
2026-06-22,Monday,26,June,Sengupta Agencies,Amarjeet Deb Purkayastha,Saurav Sinha,Malugram 4,Silchar Urban,OUT_19_014,Malugram 4 Counter 14,General Store,Medium,Market Street,Yes,Medium,Yes,Amul Dark Chocolate 150g,Confectionery,Chocolates,Yes,No,Medium,Yes,Low,No,No,0,0,0.0,Yes,Purabi / Sting / Coke,Existing inventory unsold,Stock Already Available,Yes,High,Stock Already Available,Malugram 4 beat audit. Retailers confirmed 93%+ stock availability on core Kool and Lassi; highlighted lack of promotional schemes.
2026-06-22,Monday,26,June,Sengupta Agencies,Amarjeet Deb Purkayastha,Saurav Sinha,Malugram 4,Silchar Urban,OUT_19_014,Malugram 4 Counter 14,General Store,Medium,Market Street,Yes,Medium,Yes,Amul Tru Mango 200ml,Beverages,Fruit Drinks,Yes,No,Medium,Yes,Low,No,No,0,0,0.0,Yes,Purabi / Sting / Coke,Existing inventory unsold,Stock Already Available,Yes,High,Stock Already Available,Malugram 4 beat audit. Retailers confirmed 93%+ stock availability on core Kool and Lassi; highlighted lack of promotional schemes.
2026-06-22,Monday,26,June,Sengupta Agencies,Amarjeet Deb Purkayastha,Saurav Sinha,Malugram 4,Silchar Urban,OUT_19_015,Malugram 4 Counter 15,Kirana Store,Medium,Market Street,Yes,Medium,Yes,Amul Butter 50g (₹35 Small Pack),Dairy,Butter,Yes,No,Medium,Yes,Low,No,No,0,0,0.0,Yes,Purabi / Sting / Coke,Existing inventory unsold,Stock Already Available,Yes,High,Stock Already Available,Malugram 4 beat audit. Retailers confirmed 93%+ stock availability on core Kool and Lassi; highlighted lack of promotional schemes.
2026-06-22,Monday,26,June,Sengupta Agencies,Amarjeet Deb Purkayastha,Saurav Sinha,Malugram 4,Silchar Urban,OUT_19_015,Malugram 4 Counter 15,Kirana Store,Medium,Market Street,Yes,Medium,Yes,Amul Dark Chocolate 150g,Confectionery,Chocolates,Yes,No,Medium,Yes,Low,No,No,0,0,0.0,Yes,Purabi / Sting / Coke,Existing inventory unsold,Stock Already Available,Yes,High,Stock Already Available,Malugram 4 beat audit. Retailers confirmed 93%+ stock availability on core Kool and Lassi; highlighted lack of promotional schemes.
2026-06-22,Monday,26,June,Sengupta Agencies,Amarjeet Deb Purkayastha,Saurav Sinha,Malugram 4,Silchar Urban,OUT_19_015,Malugram 4 Counter 15,Kirana Store,Medium,Market Street,Yes,Medium,Yes,Amul Tru Mango 200ml,Beverages,Fruit Drinks,Yes,No,Medium,Yes,Low,No,No,0,0,0.0,Yes,Purabi / Sting / Coke,Existing inventory unsold,Stock Already Available,Yes,High,Stock Already Available,Malugram 4 beat audit. Retailers confirmed 93%+ stock availability on core Kool and Lassi; highlighted lack of promotional schemes.
2026-06-22,Monday,26,June,Sengupta Agencies,Amarjeet Deb Purkayastha,Saurav Sinha,Malugram 4,Silchar Urban,OUT_19_016,Malugram 4 Counter 16,General Store,Medium,Market Street,Yes,Medium,Yes,Amul Butter 50g (₹35 Small Pack),Dairy,Butter,Yes,No,Medium,Yes,Low,No,No,0,0,0.0,Yes,Purabi / Sting / Coke,Existing inventory unsold,Stock Already Available,Yes,High,Stock Already Available,Malugram 4 beat audit. Retailers confirmed 93%+ stock availability on core Kool and Lassi; highlighted lack of promotional schemes.
2026-06-22,Monday,26,June,Sengupta Agencies,Amarjeet Deb Purkayastha,Saurav Sinha,Malugram 4,Silchar Urban,OUT_19_016,Malugram 4 Counter 16,General Store,Medium,Market Street,Yes,Medium,Yes,Amul Dark Chocolate 150g,Confectionery,Chocolates,Yes,No,Medium,Yes,Low,No,No,0,0,0.0,Yes,Purabi / Sting / Coke,Existing inventory unsold,Stock Already Available,Yes,High,Stock Already Available,Malugram 4 beat audit. Retailers confirmed 93%+ stock availability on core Kool and Lassi; highlighted lack of promotional schemes.
2026-06-22,Monday,26,June,Sengupta Agencies,Amarjeet Deb Purkayastha,Saurav Sinha,Malugram 4,Silchar Urban,OUT_19_016,Malugram 4 Counter 16,General Store,Medium,Market Street,Yes,Medium,Yes,Amul Tru Mango 200ml,Beverages,Fruit Drinks,Yes,No,Medium,Yes,Low,No,No,0,0,0.0,Yes,Purabi / Sting / Coke,Existing inventory unsold,Stock Already Available,Yes,High,Stock Already Available,Malugram 4 beat audit. Retailers confirmed 93%+ stock availability on core Kool and Lassi; highlighted lack of promotional schemes.
2026-06-22,Monday,26,June,Sengupta Agencies,Amarjeet Deb Purkayastha,Saurav Sinha,Malugram 4,Silchar Urban,OUT_19_017,Malugram 4 Counter 17,Kirana Store,Medium,Market Street,No,Medium,Yes,Amul Butter 50g (₹35 Small Pack),Dairy,Butter,Yes,No,Medium,Yes,Low,No,No,0,0,0.0,Yes,Purabi / Sting / Coke,Existing inventory unsold,Stock Already Available,Yes,High,Stock Already Available,Malugram 4 beat audit. Retailers confirmed 93%+ stock availability on core Kool and Lassi; highlighted lack of promotional schemes.
2026-06-22,Monday,26,June,Sengupta Agencies,Amarjeet Deb Purkayastha,Saurav Sinha,Malugram 4,Silchar Urban,OUT_19_017,Malugram 4 Counter 17,Kirana Store,Medium,Market Street,No,Medium,Yes,Amul Dark Chocolate 150g,Confectionery,Chocolates,Yes,No,Medium,Yes,Low,No,No,0,0,0.0,Yes,Purabi / Sting / Coke,Existing inventory unsold,Stock Already Available,Yes,High,Stock Already Available,Malugram 4 beat audit. Retailers confirmed 93%+ stock availability on core Kool and Lassi; highlighted lack of promotional schemes.
2026-06-22,Monday,26,June,Sengupta Agencies,Amarjeet Deb Purkayastha,Saurav Sinha,Malugram 4,Silchar Urban,OUT_19_017,Malugram 4 Counter 17,Kirana Store,Medium,Market Street,No,Medium,Yes,Amul Tru Mango 200ml,Beverages,Fruit Drinks,Yes,No,Medium,Yes,Low,No,No,0,0,0.0,Yes,Purabi / Sting / Coke,Existing inventory unsold,Stock Already Available,Yes,High,Stock Already Available,Malugram 4 beat audit. Retailers confirmed 93%+ stock availability on core Kool and Lassi; highlighted lack of promotional schemes.
2026-06-22,Monday,26,June,Sengupta Agencies,Amarjeet Deb Purkayastha,Saurav Sinha,Malugram 4,Silchar Urban,OUT_19_018,Malugram 4 Counter 18,General Store,Medium,Market Street,Yes,Medium,Yes,Amul Butter 50g (₹35 Small Pack),Dairy,Butter,Yes,No,Medium,Yes,Low,No,No,0,0,0.0,Yes,Purabi / Sting / Coke,Existing inventory unsold,Stock Already Available,Yes,High,Stock Already Available,Malugram 4 beat audit. Retailers confirmed 93%+ stock availability on core Kool and Lassi; highlighted lack of promotional schemes.
2026-06-22,Monday,26,June,Sengupta Agencies,Amarjeet Deb Purkayastha,Saurav Sinha,Malugram 4,Silchar Urban,OUT_19_018,Malugram 4 Counter 18,General Store,Medium,Market Street,Yes,Medium,Yes,Amul Dark Chocolate 150g,Confectionery,Chocolates,Yes,No,Medium,Yes,Low,No,No,0,0,0.0,Yes,Purabi / Sting / Coke,Existing inventory unsold,Stock Already Available,Yes,High,Stock Already Available,Malugram 4 beat audit. Retailers confirmed 93%+ stock availability on core Kool and Lassi; highlighted lack of promotional schemes.
2026-06-22,Monday,26,June,Sengupta Agencies,Amarjeet Deb Purkayastha,Saurav Sinha,Malugram 4,Silchar Urban,OUT_19_018,Malugram 4 Counter 18,General Store,Medium,Market Street,Yes,Medium,Yes,Amul Tru Mango 200ml,Beverages,Fruit Drinks,Yes,No,Medium,Yes,Low,No,No,0,0,0.0,Yes,Purabi / Sting / Coke,Existing inventory unsold,Stock Already Available,Yes,High,Stock Already Available,Malugram 4 beat audit. Retailers confirmed 93%+ stock availability on core Kool and Lassi; highlighted lack of promotional schemes.
2026-06-23,Tuesday,26,June,Sengupta Agencies,Amarjeet Deb Purkayastha,Saurav Sinha,Malugram 3,Silchar Urban,OUT_20_001,Malugram 3 Counter 1,Kirana Store,Medium,Market Street,No,Medium,Yes,Amul Dark Chocolate 150g,Confectionery,Chocolates,Yes,No,Medium,Yes,High,Yes,Yes,24,24,2448.0,Yes,Purabi / Sting / Coke,,None,No,Low,None,Malugram 3 follow-up run. Addressed delayed return settlement on damaged cartons; restored ordering relationship with 3 retail counters.
2026-06-23,Tuesday,26,June,Sengupta Agencies,Amarjeet Deb Purkayastha,Saurav Sinha,Malugram 3,Silchar Urban,OUT_20_001,Malugram 3 Counter 1,Kirana Store,Medium,Market Street,No,Medium,Yes,Amul Tru Mango 200ml,Beverages,Fruit Drinks,Yes,No,Medium,Yes,High,Yes,Yes,24,24,308.64,Yes,Purabi / Sting / Coke,,None,No,Low,None,Malugram 3 follow-up run. Addressed delayed return settlement on damaged cartons; restored ordering relationship with 3 retail counters.
2026-06-23,Tuesday,26,June,Sengupta Agencies,Amarjeet Deb Purkayastha,Saurav Sinha,Malugram 3,Silchar Urban,OUT_20_001,Malugram 3 Counter 1,Kirana Store,Medium,Market Street,No,Medium,Yes,Amul Tru Litchi 200ml,Beverages,Fruit Drinks,Yes,No,Medium,Yes,Low,No,No,0,0,0.0,Yes,Purabi / Sting / Coke,Return settlement delayed,Damaged Stock / Slow Return,Yes,High,Damaged Stock / Slow Return,Malugram 3 follow-up run. Addressed delayed return settlement on damaged cartons; restored ordering relationship with 3 retail counters.
2026-06-23,Tuesday,26,June,Sengupta Agencies,Amarjeet Deb Purkayastha,Saurav Sinha,Malugram 3,Silchar Urban,OUT_20_002,Malugram 3 Counter 2,General Store,Medium,Market Street,Yes,Medium,Yes,Amul Dark Chocolate 150g,Confectionery,Chocolates,Yes,No,Medium,Yes,High,Yes,Yes,24,24,2448.0,Yes,Purabi / Sting / Coke,,None,No,Low,None,Malugram 3 follow-up run. Addressed delayed return settlement on damaged cartons; restored ordering relationship with 3 retail counters.
2026-06-23,Tuesday,26,June,Sengupta Agencies,Amarjeet Deb Purkayastha,Saurav Sinha,Malugram 3,Silchar Urban,OUT_20_002,Malugram 3 Counter 2,General Store,Medium,Market Street,Yes,Medium,Yes,Amul Tru Mango 200ml,Beverages,Fruit Drinks,Yes,No,Medium,Yes,Low,No,No,0,0,0.0,Yes,Purabi / Sting / Coke,Return settlement delayed,Damaged Stock / Slow Return,Yes,High,Damaged Stock / Slow Return,Malugram 3 follow-up run. Addressed delayed return settlement on damaged cartons; restored ordering relationship with 3 retail counters.
2026-06-23,Tuesday,26,June,Sengupta Agencies,Amarjeet Deb Purkayastha,Saurav Sinha,Malugram 3,Silchar Urban,OUT_20_002,Malugram 3 Counter 2,General Store,Medium,Market Street,Yes,Medium,Yes,Amul Tru Litchi 200ml,Beverages,Fruit Drinks,Yes,No,Medium,Yes,Low,No,No,0,0,0.0,Yes,Purabi / Sting / Coke,Return settlement delayed,Damaged Stock / Slow Return,Yes,High,Damaged Stock / Slow Return,Malugram 3 follow-up run. Addressed delayed return settlement on damaged cartons; restored ordering relationship with 3 retail counters.
2026-06-23,Tuesday,26,June,Sengupta Agencies,Amarjeet Deb Purkayastha,Saurav Sinha,Malugram 3,Silchar Urban,OUT_20_003,Malugram 3 Counter 3,Kirana Store,Medium,Market Street,Yes,Medium,Yes,Amul Dark Chocolate 150g,Confectionery,Chocolates,Yes,No,Medium,Yes,High,Yes,Yes,24,24,2448.0,Yes,Purabi / Sting / Coke,,None,No,Low,None,Malugram 3 follow-up run. Addressed delayed return settlement on damaged cartons; restored ordering relationship with 3 retail counters.
2026-06-23,Tuesday,26,June,Sengupta Agencies,Amarjeet Deb Purkayastha,Saurav Sinha,Malugram 3,Silchar Urban,OUT_20_003,Malugram 3 Counter 3,Kirana Store,Medium,Market Street,Yes,Medium,Yes,Amul Tru Mango 200ml,Beverages,Fruit Drinks,Yes,No,Medium,Yes,High,Yes,Yes,24,24,308.64,Yes,Purabi / Sting / Coke,,None,No,Low,None,Malugram 3 follow-up run. Addressed delayed return settlement on damaged cartons; restored ordering relationship with 3 retail counters.
2026-06-23,Tuesday,26,June,Sengupta Agencies,Amarjeet Deb Purkayastha,Saurav Sinha,Malugram 3,Silchar Urban,OUT_20_003,Malugram 3 Counter 3,Kirana Store,Medium,Market Street,Yes,Medium,Yes,Amul Tru Litchi 200ml,Beverages,Fruit Drinks,Yes,No,Medium,Yes,Low,No,No,0,0,0.0,Yes,Purabi / Sting / Coke,Return settlement delayed,Damaged Stock / Slow Return,Yes,High,Damaged Stock / Slow Return,Malugram 3 follow-up run. Addressed delayed return settlement on damaged cartons; restored ordering relationship with 3 retail counters.
2026-06-23,Tuesday,26,June,Sengupta Agencies,Amarjeet Deb Purkayastha,Saurav Sinha,Malugram 3,Silchar Urban,OUT_20_004,Malugram 3 Counter 4,General Store,Medium,Market Street,Yes,Medium,Yes,Amul Dark Chocolate 150g,Confectionery,Chocolates,Yes,No,Medium,Yes,High,Yes,Yes,24,24,2448.0,Yes,Purabi / Sting / Coke,,None,No,Low,None,Malugram 3 follow-up run. Addressed delayed return settlement on damaged cartons; restored ordering relationship with 3 retail counters.
2026-06-23,Tuesday,26,June,Sengupta Agencies,Amarjeet Deb Purkayastha,Saurav Sinha,Malugram 3,Silchar Urban,OUT_20_004,Malugram 3 Counter 4,General Store,Medium,Market Street,Yes,Medium,Yes,Amul Tru Mango 200ml,Beverages,Fruit Drinks,Yes,No,Medium,Yes,Low,No,No,0,0,0.0,Yes,Purabi / Sting / Coke,Return settlement delayed,Damaged Stock / Slow Return,Yes,High,Damaged Stock / Slow Return,Malugram 3 follow-up run. Addressed delayed return settlement on damaged cartons; restored ordering relationship with 3 retail counters.
2026-06-23,Tuesday,26,June,Sengupta Agencies,Amarjeet Deb Purkayastha,Saurav Sinha,Malugram 3,Silchar Urban,OUT_20_004,Malugram 3 Counter 4,General Store,Medium,Market Street,Yes,Medium,Yes,Amul Tru Litchi 200ml,Beverages,Fruit Drinks,Yes,No,Medium,Yes,Low,No,No,0,0,0.0,Yes,Purabi / Sting / Coke,Return settlement delayed,Damaged Stock / Slow Return,Yes,High,Damaged Stock / Slow Return,Malugram 3 follow-up run. Addressed delayed return settlement on damaged cartons; restored ordering relationship with 3 retail counters.
2026-06-23,Tuesday,26,June,Sengupta Agencies,Amarjeet Deb Purkayastha,Saurav Sinha,Malugram 3,Silchar Urban,OUT_20_005,Malugram 3 Counter 5,Kirana Store,Medium,Market Street,No,Medium,Yes,Amul Dark Chocolate 150g,Confectionery,Chocolates,Yes,No,Medium,Yes,High,Yes,Yes,24,24,2448.0,Yes,Purabi / Sting / Coke,,None,No,Low,None,Malugram 3 follow-up run. Addressed delayed return settlement on damaged cartons; restored ordering relationship with 3 retail counters.
2026-06-23,Tuesday,26,June,Sengupta Agencies,Amarjeet Deb Purkayastha,Saurav Sinha,Malugram 3,Silchar Urban,OUT_20_005,Malugram 3 Counter 5,Kirana Store,Medium,Market Street,No,Medium,Yes,Amul Tru Mango 200ml,Beverages,Fruit Drinks,Yes,No,Medium,Yes,High,Yes,Yes,24,24,308.64,Yes,Purabi / Sting / Coke,,None,No,Low,None,Malugram 3 follow-up run. Addressed delayed return settlement on damaged cartons; restored ordering relationship with 3 retail counters.
2026-06-23,Tuesday,26,June,Sengupta Agencies,Amarjeet Deb Purkayastha,Saurav Sinha,Malugram 3,Silchar Urban,OUT_20_005,Malugram 3 Counter 5,Kirana Store,Medium,Market Street,No,Medium,Yes,Amul Tru Litchi 200ml,Beverages,Fruit Drinks,Yes,No,Medium,Yes,Low,No,No,0,0,0.0,Yes,Purabi / Sting / Coke,Return settlement delayed,Damaged Stock / Slow Return,Yes,High,Damaged Stock / Slow Return,Malugram 3 follow-up run. Addressed delayed return settlement on damaged cartons; restored ordering relationship with 3 retail counters.
2026-06-23,Tuesday,26,June,Sengupta Agencies,Amarjeet Deb Purkayastha,Saurav Sinha,Malugram 3,Silchar Urban,OUT_20_006,Malugram 3 Counter 6,General Store,Medium,Market Street,Yes,Medium,Yes,Amul Dark Chocolate 150g,Confectionery,Chocolates,Yes,No,Medium,Yes,High,Yes,Yes,24,24,2448.0,Yes,Purabi / Sting / Coke,,None,No,Low,None,Malugram 3 follow-up run. Addressed delayed return settlement on damaged cartons; restored ordering relationship with 3 retail counters.
2026-06-23,Tuesday,26,June,Sengupta Agencies,Amarjeet Deb Purkayastha,Saurav Sinha,Malugram 3,Silchar Urban,OUT_20_006,Malugram 3 Counter 6,General Store,Medium,Market Street,Yes,Medium,Yes,Amul Tru Mango 200ml,Beverages,Fruit Drinks,Yes,No,Medium,Yes,Low,No,No,0,0,0.0,Yes,Purabi / Sting / Coke,Return settlement delayed,Damaged Stock / Slow Return,Yes,High,Damaged Stock / Slow Return,Malugram 3 follow-up run. Addressed delayed return settlement on damaged cartons; restored ordering relationship with 3 retail counters.
2026-06-23,Tuesday,26,June,Sengupta Agencies,Amarjeet Deb Purkayastha,Saurav Sinha,Malugram 3,Silchar Urban,OUT_20_006,Malugram 3 Counter 6,General Store,Medium,Market Street,Yes,Medium,Yes,Amul Tru Litchi 200ml,Beverages,Fruit Drinks,Yes,No,Medium,Yes,Low,No,No,0,0,0.0,Yes,Purabi / Sting / Coke,Return settlement delayed,Damaged Stock / Slow Return,Yes,High,Damaged Stock / Slow Return,Malugram 3 follow-up run. Addressed delayed return settlement on damaged cartons; restored ordering relationship with 3 retail counters.
2026-06-23,Tuesday,26,June,Sengupta Agencies,Amarjeet Deb Purkayastha,Saurav Sinha,Malugram 3,Silchar Urban,OUT_20_007,Malugram 3 Counter 7,Kirana Store,Medium,Market Street,Yes,Medium,Yes,Amul Dark Chocolate 150g,Confectionery,Chocolates,Yes,No,Medium,Yes,High,Yes,Yes,24,24,2448.0,Yes,Purabi / Sting / Coke,,None,No,Low,None,Malugram 3 follow-up run. Addressed delayed return settlement on damaged cartons; restored ordering relationship with 3 retail counters.
2026-06-23,Tuesday,26,June,Sengupta Agencies,Amarjeet Deb Purkayastha,Saurav Sinha,Malugram 3,Silchar Urban,OUT_20_007,Malugram 3 Counter 7,Kirana Store,Medium,Market Street,Yes,Medium,Yes,Amul Tru Mango 200ml,Beverages,Fruit Drinks,Yes,No,Medium,Yes,High,Yes,Yes,24,24,308.64,Yes,Purabi / Sting / Coke,,None,No,Low,None,Malugram 3 follow-up run. Addressed delayed return settlement on damaged cartons; restored ordering relationship with 3 retail counters.
2026-06-23,Tuesday,26,June,Sengupta Agencies,Amarjeet Deb Purkayastha,Saurav Sinha,Malugram 3,Silchar Urban,OUT_20_007,Malugram 3 Counter 7,Kirana Store,Medium,Market Street,Yes,Medium,Yes,Amul Tru Litchi 200ml,Beverages,Fruit Drinks,Yes,No,Medium,Yes,Low,No,No,0,0,0.0,Yes,Purabi / Sting / Coke,Return settlement delayed,Damaged Stock / Slow Return,Yes,High,Damaged Stock / Slow Return,Malugram 3 follow-up run. Addressed delayed return settlement on damaged cartons; restored ordering relationship with 3 retail counters.
2026-06-23,Tuesday,26,June,Sengupta Agencies,Amarjeet Deb Purkayastha,Saurav Sinha,Malugram 3,Silchar Urban,OUT_20_008,Malugram 3 Counter 8,General Store,Medium,Market Street,Yes,Medium,Yes,Amul Dark Chocolate 150g,Confectionery,Chocolates,Yes,No,Medium,Yes,High,Yes,Yes,24,24,2448.0,Yes,Purabi / Sting / Coke,,None,No,Low,None,Malugram 3 follow-up run. Addressed delayed return settlement on damaged cartons; restored ordering relationship with 3 retail counters.
2026-06-23,Tuesday,26,June,Sengupta Agencies,Amarjeet Deb Purkayastha,Saurav Sinha,Malugram 3,Silchar Urban,OUT_20_008,Malugram 3 Counter 8,General Store,Medium,Market Street,Yes,Medium,Yes,Amul Tru Mango 200ml,Beverages,Fruit Drinks,Yes,No,Medium,Yes,Low,No,No,0,0,0.0,Yes,Purabi / Sting / Coke,Return settlement delayed,Damaged Stock / Slow Return,Yes,High,Damaged Stock / Slow Return,Malugram 3 follow-up run. Addressed delayed return settlement on damaged cartons; restored ordering relationship with 3 retail counters.
2026-06-23,Tuesday,26,June,Sengupta Agencies,Amarjeet Deb Purkayastha,Saurav Sinha,Malugram 3,Silchar Urban,OUT_20_008,Malugram 3 Counter 8,General Store,Medium,Market Street,Yes,Medium,Yes,Amul Tru Litchi 200ml,Beverages,Fruit Drinks,Yes,No,Medium,Yes,Low,No,No,0,0,0.0,Yes,Purabi / Sting / Coke,Return settlement delayed,Damaged Stock / Slow Return,Yes,High,Damaged Stock / Slow Return,Malugram 3 follow-up run. Addressed delayed return settlement on damaged cartons; restored ordering relationship with 3 retail counters.
2026-06-23,Tuesday,26,June,Sengupta Agencies,Amarjeet Deb Purkayastha,Saurav Sinha,Malugram 3,Silchar Urban,OUT_20_009,Malugram 3 Counter 9,Kirana Store,Medium,Market Street,No,Medium,Yes,Amul Dark Chocolate 150g,Confectionery,Chocolates,Yes,No,Medium,Yes,High,Yes,Yes,24,24,2448.0,Yes,Purabi / Sting / Coke,,None,No,Low,None,Malugram 3 follow-up run. Addressed delayed return settlement on damaged cartons; restored ordering relationship with 3 retail counters.
2026-06-23,Tuesday,26,June,Sengupta Agencies,Amarjeet Deb Purkayastha,Saurav Sinha,Malugram 3,Silchar Urban,OUT_20_009,Malugram 3 Counter 9,Kirana Store,Medium,Market Street,No,Medium,Yes,Amul Tru Mango 200ml,Beverages,Fruit Drinks,Yes,No,Medium,Yes,High,Yes,Yes,24,24,308.64,Yes,Purabi / Sting / Coke,,None,No,Low,None,Malugram 3 follow-up run. Addressed delayed return settlement on damaged cartons; restored ordering relationship with 3 retail counters.
2026-06-23,Tuesday,26,June,Sengupta Agencies,Amarjeet Deb Purkayastha,Saurav Sinha,Malugram 3,Silchar Urban,OUT_20_009,Malugram 3 Counter 9,Kirana Store,Medium,Market Street,No,Medium,Yes,Amul Tru Litchi 200ml,Beverages,Fruit Drinks,Yes,No,Medium,Yes,Low,No,No,0,0,0.0,Yes,Purabi / Sting / Coke,Return settlement delayed,Damaged Stock / Slow Return,Yes,High,Damaged Stock / Slow Return,Malugram 3 follow-up run. Addressed delayed return settlement on damaged cartons; restored ordering relationship with 3 retail counters.
2026-06-23,Tuesday,26,June,Sengupta Agencies,Amarjeet Deb Purkayastha,Saurav Sinha,Malugram 3,Silchar Urban,OUT_20_010,Malugram 3 Counter 10,General Store,Medium,Market Street,Yes,Medium,Yes,Amul Dark Chocolate 150g,Confectionery,Chocolates,Yes,No,Medium,Yes,High,Yes,Yes,24,24,2448.0,Yes,Purabi / Sting / Coke,,None,No,Low,None,Malugram 3 follow-up run. Addressed delayed return settlement on damaged cartons; restored ordering relationship with 3 retail counters.
2026-06-23,Tuesday,26,June,Sengupta Agencies,Amarjeet Deb Purkayastha,Saurav Sinha,Malugram 3,Silchar Urban,OUT_20_010,Malugram 3 Counter 10,General Store,Medium,Market Street,Yes,Medium,Yes,Amul Tru Mango 200ml,Beverages,Fruit Drinks,Yes,No,Medium,Yes,Low,No,No,0,0,0.0,Yes,Purabi / Sting / Coke,Return settlement delayed,Damaged Stock / Slow Return,Yes,High,Damaged Stock / Slow Return,Malugram 3 follow-up run. Addressed delayed return settlement on damaged cartons; restored ordering relationship with 3 retail counters.
2026-06-23,Tuesday,26,June,Sengupta Agencies,Amarjeet Deb Purkayastha,Saurav Sinha,Malugram 3,Silchar Urban,OUT_20_010,Malugram 3 Counter 10,General Store,Medium,Market Street,Yes,Medium,Yes,Amul Tru Litchi 200ml,Beverages,Fruit Drinks,Yes,No,Medium,Yes,Low,No,No,0,0,0.0,Yes,Purabi / Sting / Coke,Return settlement delayed,Damaged Stock / Slow Return,Yes,High,Damaged Stock / Slow Return,Malugram 3 follow-up run. Addressed delayed return settlement on damaged cartons; restored ordering relationship with 3 retail counters.
2026-06-23,Tuesday,26,June,Sengupta Agencies,Amarjeet Deb Purkayastha,Saurav Sinha,Malugram 3,Silchar Urban,OUT_20_011,Malugram 3 Counter 11,Kirana Store,Medium,Market Street,Yes,Medium,Yes,Amul Dark Chocolate 150g,Confectionery,Chocolates,Yes,No,Medium,Yes,Low,No,No,0,0,0.0,Yes,Purabi / Sting / Coke,Return settlement delayed,Damaged Stock / Slow Return,Yes,High,Damaged Stock / Slow Return,Malugram 3 follow-up run. Addressed delayed return settlement on damaged cartons; restored ordering relationship with 3 retail counters.
2026-06-23,Tuesday,26,June,Sengupta Agencies,Amarjeet Deb Purkayastha,Saurav Sinha,Malugram 3,Silchar Urban,OUT_20_011,Malugram 3 Counter 11,Kirana Store,Medium,Market Street,Yes,Medium,Yes,Amul Tru Mango 200ml,Beverages,Fruit Drinks,Yes,No,Medium,Yes,Low,No,No,0,0,0.0,Yes,Purabi / Sting / Coke,Return settlement delayed,Damaged Stock / Slow Return,Yes,High,Damaged Stock / Slow Return,Malugram 3 follow-up run. Addressed delayed return settlement on damaged cartons; restored ordering relationship with 3 retail counters.
2026-06-23,Tuesday,26,June,Sengupta Agencies,Amarjeet Deb Purkayastha,Saurav Sinha,Malugram 3,Silchar Urban,OUT_20_011,Malugram 3 Counter 11,Kirana Store,Medium,Market Street,Yes,Medium,Yes,Amul Tru Litchi 200ml,Beverages,Fruit Drinks,Yes,No,Medium,Yes,Low,No,No,0,0,0.0,Yes,Purabi / Sting / Coke,Return settlement delayed,Damaged Stock / Slow Return,Yes,High,Damaged Stock / Slow Return,Malugram 3 follow-up run. Addressed delayed return settlement on damaged cartons; restored ordering relationship with 3 retail counters.
2026-06-23,Tuesday,26,June,Sengupta Agencies,Amarjeet Deb Purkayastha,Saurav Sinha,Malugram 3,Silchar Urban,OUT_20_012,Malugram 3 Counter 12,General Store,Medium,Market Street,Yes,Medium,Yes,Amul Dark Chocolate 150g,Confectionery,Chocolates,Yes,No,Medium,Yes,Low,No,No,0,0,0.0,Yes,Purabi / Sting / Coke,Return settlement delayed,Damaged Stock / Slow Return,Yes,High,Damaged Stock / Slow Return,Malugram 3 follow-up run. Addressed delayed return settlement on damaged cartons; restored ordering relationship with 3 retail counters.
2026-06-23,Tuesday,26,June,Sengupta Agencies,Amarjeet Deb Purkayastha,Saurav Sinha,Malugram 3,Silchar Urban,OUT_20_012,Malugram 3 Counter 12,General Store,Medium,Market Street,Yes,Medium,Yes,Amul Tru Mango 200ml,Beverages,Fruit Drinks,Yes,No,Medium,Yes,Low,No,No,0,0,0.0,Yes,Purabi / Sting / Coke,Return settlement delayed,Damaged Stock / Slow Return,Yes,High,Damaged Stock / Slow Return,Malugram 3 follow-up run. Addressed delayed return settlement on damaged cartons; restored ordering relationship with 3 retail counters.
2026-06-23,Tuesday,26,June,Sengupta Agencies,Amarjeet Deb Purkayastha,Saurav Sinha,Malugram 3,Silchar Urban,OUT_20_012,Malugram 3 Counter 12,General Store,Medium,Market Street,Yes,Medium,Yes,Amul Tru Litchi 200ml,Beverages,Fruit Drinks,Yes,No,Medium,Yes,Low,No,No,0,0,0.0,Yes,Purabi / Sting / Coke,Return settlement delayed,Damaged Stock / Slow Return,Yes,High,Damaged Stock / Slow Return,Malugram 3 follow-up run. Addressed delayed return settlement on damaged cartons; restored ordering relationship with 3 retail counters.
2026-06-23,Tuesday,26,June,Sengupta Agencies,Amarjeet Deb Purkayastha,Saurav Sinha,Malugram 3,Silchar Urban,OUT_20_013,Malugram 3 Counter 13,Kirana Store,Medium,Market Street,No,Medium,Yes,Amul Dark Chocolate 150g,Confectionery,Chocolates,Yes,No,Medium,Yes,Low,No,No,0,0,0.0,Yes,Purabi / Sting / Coke,Return settlement delayed,Damaged Stock / Slow Return,Yes,High,Damaged Stock / Slow Return,Malugram 3 follow-up run. Addressed delayed return settlement on damaged cartons; restored ordering relationship with 3 retail counters.
2026-06-23,Tuesday,26,June,Sengupta Agencies,Amarjeet Deb Purkayastha,Saurav Sinha,Malugram 3,Silchar Urban,OUT_20_013,Malugram 3 Counter 13,Kirana Store,Medium,Market Street,No,Medium,Yes,Amul Tru Mango 200ml,Beverages,Fruit Drinks,Yes,No,Medium,Yes,Low,No,No,0,0,0.0,Yes,Purabi / Sting / Coke,Return settlement delayed,Damaged Stock / Slow Return,Yes,High,Damaged Stock / Slow Return,Malugram 3 follow-up run. Addressed delayed return settlement on damaged cartons; restored ordering relationship with 3 retail counters.
2026-06-23,Tuesday,26,June,Sengupta Agencies,Amarjeet Deb Purkayastha,Saurav Sinha,Malugram 3,Silchar Urban,OUT_20_013,Malugram 3 Counter 13,Kirana Store,Medium,Market Street,No,Medium,Yes,Amul Tru Litchi 200ml,Beverages,Fruit Drinks,Yes,No,Medium,Yes,Low,No,No,0,0,0.0,Yes,Purabi / Sting / Coke,Return settlement delayed,Damaged Stock / Slow Return,Yes,High,Damaged Stock / Slow Return,Malugram 3 follow-up run. Addressed delayed return settlement on damaged cartons; restored ordering relationship with 3 retail counters.
2026-06-23,Tuesday,26,June,Sengupta Agencies,Amarjeet Deb Purkayastha,Saurav Sinha,Malugram 3,Silchar Urban,OUT_20_014,Malugram 3 Counter 14,General Store,Medium,Market Street,Yes,Medium,Yes,Amul Dark Chocolate 150g,Confectionery,Chocolates,Yes,No,Medium,Yes,Low,No,No,0,0,0.0,Yes,Purabi / Sting / Coke,Return settlement delayed,Damaged Stock / Slow Return,Yes,High,Damaged Stock / Slow Return,Malugram 3 follow-up run. Addressed delayed return settlement on damaged cartons; restored ordering relationship with 3 retail counters.
2026-06-23,Tuesday,26,June,Sengupta Agencies,Amarjeet Deb Purkayastha,Saurav Sinha,Malugram 3,Silchar Urban,OUT_20_014,Malugram 3 Counter 14,General Store,Medium,Market Street,Yes,Medium,Yes,Amul Tru Mango 200ml,Beverages,Fruit Drinks,Yes,No,Medium,Yes,Low,No,No,0,0,0.0,Yes,Purabi / Sting / Coke,Return settlement delayed,Damaged Stock / Slow Return,Yes,High,Damaged Stock / Slow Return,Malugram 3 follow-up run. Addressed delayed return settlement on damaged cartons; restored ordering relationship with 3 retail counters.
2026-06-23,Tuesday,26,June,Sengupta Agencies,Amarjeet Deb Purkayastha,Saurav Sinha,Malugram 3,Silchar Urban,OUT_20_014,Malugram 3 Counter 14,General Store,Medium,Market Street,Yes,Medium,Yes,Amul Tru Litchi 200ml,Beverages,Fruit Drinks,Yes,No,Medium,Yes,Low,No,No,0,0,0.0,Yes,Purabi / Sting / Coke,Return settlement delayed,Damaged Stock / Slow Return,Yes,High,Damaged Stock / Slow Return,Malugram 3 follow-up run. Addressed delayed return settlement on damaged cartons; restored ordering relationship with 3 retail counters.
2026-06-23,Tuesday,26,June,Sengupta Agencies,Amarjeet Deb Purkayastha,Saurav Sinha,Malugram 3,Silchar Urban,OUT_20_015,Malugram 3 Counter 15,Kirana Store,Medium,Market Street,Yes,Medium,Yes,Amul Dark Chocolate 150g,Confectionery,Chocolates,Yes,No,Medium,Yes,Low,No,No,0,0,0.0,Yes,Purabi / Sting / Coke,Return settlement delayed,Damaged Stock / Slow Return,Yes,High,Damaged Stock / Slow Return,Malugram 3 follow-up run. Addressed delayed return settlement on damaged cartons; restored ordering relationship with 3 retail counters.
2026-06-23,Tuesday,26,June,Sengupta Agencies,Amarjeet Deb Purkayastha,Saurav Sinha,Malugram 3,Silchar Urban,OUT_20_015,Malugram 3 Counter 15,Kirana Store,Medium,Market Street,Yes,Medium,Yes,Amul Tru Mango 200ml,Beverages,Fruit Drinks,Yes,No,Medium,Yes,Low,No,No,0,0,0.0,Yes,Purabi / Sting / Coke,Return settlement delayed,Damaged Stock / Slow Return,Yes,High,Damaged Stock / Slow Return,Malugram 3 follow-up run. Addressed delayed return settlement on damaged cartons; restored ordering relationship with 3 retail counters.
2026-06-23,Tuesday,26,June,Sengupta Agencies,Amarjeet Deb Purkayastha,Saurav Sinha,Malugram 3,Silchar Urban,OUT_20_015,Malugram 3 Counter 15,Kirana Store,Medium,Market Street,Yes,Medium,Yes,Amul Tru Litchi 200ml,Beverages,Fruit Drinks,Yes,No,Medium,Yes,Low,No,No,0,0,0.0,Yes,Purabi / Sting / Coke,Return settlement delayed,Damaged Stock / Slow Return,Yes,High,Damaged Stock / Slow Return,Malugram 3 follow-up run. Addressed delayed return settlement on damaged cartons; restored ordering relationship with 3 retail counters.
2026-06-24,Wednesday,26,June,Sengupta Agencies,Amarjeet Deb Purkayastha,Saurav Sinha,Malugram 1,Silchar Urban,OUT_21_001,Malugram 1 Counter 1,Kirana Store,Medium,Market Street,No,Medium,Yes,Amul Tru Mango 200ml,Beverages,Fruit Drinks,Yes,No,Medium,Yes,High,Yes,Yes,24,24,308.64,Yes,Purabi / Sting / Coke,,None,No,Low,None,Malugram 1 market visit. Strong sales of Lassi and Kool Kesar. Retailers reported high consumer trust in Amul purity vs local unbranded dairy.
2026-06-24,Wednesday,26,June,Sengupta Agencies,Amarjeet Deb Purkayastha,Saurav Sinha,Malugram 1,Silchar Urban,OUT_21_001,Malugram 1 Counter 1,Kirana Store,Medium,Market Street,No,Medium,Yes,Amul Tru Litchi 200ml,Beverages,Fruit Drinks,Yes,No,Medium,Yes,High,Yes,Yes,24,24,308.64,Yes,Purabi / Sting / Coke,,None,No,Low,None,Malugram 1 market visit. Strong sales of Lassi and Kool Kesar. Retailers reported high consumer trust in Amul purity vs local unbranded dairy.
2026-06-24,Wednesday,26,June,Sengupta Agencies,Amarjeet Deb Purkayastha,Saurav Sinha,Malugram 1,Silchar Urban,OUT_21_001,Malugram 1 Counter 1,Kirana Store,Medium,Market Street,No,Medium,Yes,Amul Lassi 200ml,Beverages,Fermented Dairy,Yes,No,Medium,Yes,Low,No,No,0,0,0.0,Yes,Purabi / Sting / Coke,Existing inventory unsold,Stock Already Available,Yes,High,Stock Already Available,Malugram 1 market visit. Strong sales of Lassi and Kool Kesar. Retailers reported high consumer trust in Amul purity vs local unbranded dairy.
2026-06-24,Wednesday,26,June,Sengupta Agencies,Amarjeet Deb Purkayastha,Saurav Sinha,Malugram 1,Silchar Urban,OUT_21_002,Malugram 1 Counter 2,General Store,Medium,Market Street,Yes,Medium,Yes,Amul Tru Mango 200ml,Beverages,Fruit Drinks,Yes,No,Medium,Yes,High,Yes,Yes,24,24,308.64,Yes,Purabi / Sting / Coke,,None,No,Low,None,Malugram 1 market visit. Strong sales of Lassi and Kool Kesar. Retailers reported high consumer trust in Amul purity vs local unbranded dairy.
2026-06-24,Wednesday,26,June,Sengupta Agencies,Amarjeet Deb Purkayastha,Saurav Sinha,Malugram 1,Silchar Urban,OUT_21_002,Malugram 1 Counter 2,General Store,Medium,Market Street,Yes,Medium,Yes,Amul Tru Litchi 200ml,Beverages,Fruit Drinks,Yes,No,Medium,Yes,Low,No,No,0,0,0.0,Yes,Purabi / Sting / Coke,Existing inventory unsold,Stock Already Available,Yes,High,Stock Already Available,Malugram 1 market visit. Strong sales of Lassi and Kool Kesar. Retailers reported high consumer trust in Amul purity vs local unbranded dairy.
2026-06-24,Wednesday,26,June,Sengupta Agencies,Amarjeet Deb Purkayastha,Saurav Sinha,Malugram 1,Silchar Urban,OUT_21_002,Malugram 1 Counter 2,General Store,Medium,Market Street,Yes,Medium,Yes,Amul Lassi 200ml,Beverages,Fermented Dairy,Yes,No,Medium,Yes,Low,No,No,0,0,0.0,Yes,Purabi / Sting / Coke,Existing inventory unsold,Stock Already Available,Yes,High,Stock Already Available,Malugram 1 market visit. Strong sales of Lassi and Kool Kesar. Retailers reported high consumer trust in Amul purity vs local unbranded dairy.
2026-06-24,Wednesday,26,June,Sengupta Agencies,Amarjeet Deb Purkayastha,Saurav Sinha,Malugram 1,Silchar Urban,OUT_21_003,Malugram 1 Counter 3,Kirana Store,Medium,Market Street,Yes,Medium,Yes,Amul Tru Mango 200ml,Beverages,Fruit Drinks,Yes,No,Medium,Yes,High,Yes,Yes,24,24,308.64,Yes,Purabi / Sting / Coke,,None,No,Low,None,Malugram 1 market visit. Strong sales of Lassi and Kool Kesar. Retailers reported high consumer trust in Amul purity vs local unbranded dairy.
2026-06-24,Wednesday,26,June,Sengupta Agencies,Amarjeet Deb Purkayastha,Saurav Sinha,Malugram 1,Silchar Urban,OUT_21_003,Malugram 1 Counter 3,Kirana Store,Medium,Market Street,Yes,Medium,Yes,Amul Tru Litchi 200ml,Beverages,Fruit Drinks,Yes,No,Medium,Yes,High,Yes,Yes,24,24,308.64,Yes,Purabi / Sting / Coke,,None,No,Low,None,Malugram 1 market visit. Strong sales of Lassi and Kool Kesar. Retailers reported high consumer trust in Amul purity vs local unbranded dairy.
2026-06-24,Wednesday,26,June,Sengupta Agencies,Amarjeet Deb Purkayastha,Saurav Sinha,Malugram 1,Silchar Urban,OUT_21_003,Malugram 1 Counter 3,Kirana Store,Medium,Market Street,Yes,Medium,Yes,Amul Lassi 200ml,Beverages,Fermented Dairy,Yes,No,Medium,Yes,Low,No,No,0,0,0.0,Yes,Purabi / Sting / Coke,Existing inventory unsold,Stock Already Available,Yes,High,Stock Already Available,Malugram 1 market visit. Strong sales of Lassi and Kool Kesar. Retailers reported high consumer trust in Amul purity vs local unbranded dairy.
2026-06-24,Wednesday,26,June,Sengupta Agencies,Amarjeet Deb Purkayastha,Saurav Sinha,Malugram 1,Silchar Urban,OUT_21_004,Malugram 1 Counter 4,General Store,Medium,Market Street,Yes,Medium,Yes,Amul Tru Mango 200ml,Beverages,Fruit Drinks,Yes,No,Medium,Yes,High,Yes,Yes,24,24,308.64,Yes,Purabi / Sting / Coke,,None,No,Low,None,Malugram 1 market visit. Strong sales of Lassi and Kool Kesar. Retailers reported high consumer trust in Amul purity vs local unbranded dairy.
2026-06-24,Wednesday,26,June,Sengupta Agencies,Amarjeet Deb Purkayastha,Saurav Sinha,Malugram 1,Silchar Urban,OUT_21_004,Malugram 1 Counter 4,General Store,Medium,Market Street,Yes,Medium,Yes,Amul Tru Litchi 200ml,Beverages,Fruit Drinks,Yes,No,Medium,Yes,Low,No,No,0,0,0.0,Yes,Purabi / Sting / Coke,Existing inventory unsold,Stock Already Available,Yes,High,Stock Already Available,Malugram 1 market visit. Strong sales of Lassi and Kool Kesar. Retailers reported high consumer trust in Amul purity vs local unbranded dairy.
2026-06-24,Wednesday,26,June,Sengupta Agencies,Amarjeet Deb Purkayastha,Saurav Sinha,Malugram 1,Silchar Urban,OUT_21_004,Malugram 1 Counter 4,General Store,Medium,Market Street,Yes,Medium,Yes,Amul Lassi 200ml,Beverages,Fermented Dairy,Yes,No,Medium,Yes,Low,No,No,0,0,0.0,Yes,Purabi / Sting / Coke,Existing inventory unsold,Stock Already Available,Yes,High,Stock Already Available,Malugram 1 market visit. Strong sales of Lassi and Kool Kesar. Retailers reported high consumer trust in Amul purity vs local unbranded dairy.
2026-06-24,Wednesday,26,June,Sengupta Agencies,Amarjeet Deb Purkayastha,Saurav Sinha,Malugram 1,Silchar Urban,OUT_21_005,Malugram 1 Counter 5,Kirana Store,Medium,Market Street,No,Medium,Yes,Amul Tru Mango 200ml,Beverages,Fruit Drinks,Yes,No,Medium,Yes,High,Yes,Yes,24,24,308.64,Yes,Purabi / Sting / Coke,,None,No,Low,None,Malugram 1 market visit. Strong sales of Lassi and Kool Kesar. Retailers reported high consumer trust in Amul purity vs local unbranded dairy.
2026-06-24,Wednesday,26,June,Sengupta Agencies,Amarjeet Deb Purkayastha,Saurav Sinha,Malugram 1,Silchar Urban,OUT_21_005,Malugram 1 Counter 5,Kirana Store,Medium,Market Street,No,Medium,Yes,Amul Tru Litchi 200ml,Beverages,Fruit Drinks,Yes,No,Medium,Yes,High,Yes,Yes,24,24,308.64,Yes,Purabi / Sting / Coke,,None,No,Low,None,Malugram 1 market visit. Strong sales of Lassi and Kool Kesar. Retailers reported high consumer trust in Amul purity vs local unbranded dairy.
2026-06-24,Wednesday,26,June,Sengupta Agencies,Amarjeet Deb Purkayastha,Saurav Sinha,Malugram 1,Silchar Urban,OUT_21_005,Malugram 1 Counter 5,Kirana Store,Medium,Market Street,No,Medium,Yes,Amul Lassi 200ml,Beverages,Fermented Dairy,Yes,No,Medium,Yes,Low,No,No,0,0,0.0,Yes,Purabi / Sting / Coke,Existing inventory unsold,Stock Already Available,Yes,High,Stock Already Available,Malugram 1 market visit. Strong sales of Lassi and Kool Kesar. Retailers reported high consumer trust in Amul purity vs local unbranded dairy.
2026-06-24,Wednesday,26,June,Sengupta Agencies,Amarjeet Deb Purkayastha,Saurav Sinha,Malugram 1,Silchar Urban,OUT_21_006,Malugram 1 Counter 6,General Store,Medium,Market Street,Yes,Medium,Yes,Amul Tru Mango 200ml,Beverages,Fruit Drinks,Yes,No,Medium,Yes,High,Yes,Yes,24,24,308.64,Yes,Purabi / Sting / Coke,,None,No,Low,None,Malugram 1 market visit. Strong sales of Lassi and Kool Kesar. Retailers reported high consumer trust in Amul purity vs local unbranded dairy.
2026-06-24,Wednesday,26,June,Sengupta Agencies,Amarjeet Deb Purkayastha,Saurav Sinha,Malugram 1,Silchar Urban,OUT_21_006,Malugram 1 Counter 6,General Store,Medium,Market Street,Yes,Medium,Yes,Amul Tru Litchi 200ml,Beverages,Fruit Drinks,Yes,No,Medium,Yes,Low,No,No,0,0,0.0,Yes,Purabi / Sting / Coke,Existing inventory unsold,Stock Already Available,Yes,High,Stock Already Available,Malugram 1 market visit. Strong sales of Lassi and Kool Kesar. Retailers reported high consumer trust in Amul purity vs local unbranded dairy.
2026-06-24,Wednesday,26,June,Sengupta Agencies,Amarjeet Deb Purkayastha,Saurav Sinha,Malugram 1,Silchar Urban,OUT_21_006,Malugram 1 Counter 6,General Store,Medium,Market Street,Yes,Medium,Yes,Amul Lassi 200ml,Beverages,Fermented Dairy,Yes,No,Medium,Yes,Low,No,No,0,0,0.0,Yes,Purabi / Sting / Coke,Existing inventory unsold,Stock Already Available,Yes,High,Stock Already Available,Malugram 1 market visit. Strong sales of Lassi and Kool Kesar. Retailers reported high consumer trust in Amul purity vs local unbranded dairy.
2026-06-24,Wednesday,26,June,Sengupta Agencies,Amarjeet Deb Purkayastha,Saurav Sinha,Malugram 1,Silchar Urban,OUT_21_007,Malugram 1 Counter 7,Kirana Store,Medium,Market Street,Yes,Medium,Yes,Amul Tru Mango 200ml,Beverages,Fruit Drinks,Yes,No,Medium,Yes,High,Yes,Yes,24,24,308.64,Yes,Purabi / Sting / Coke,,None,No,Low,None,Malugram 1 market visit. Strong sales of Lassi and Kool Kesar. Retailers reported high consumer trust in Amul purity vs local unbranded dairy.
2026-06-24,Wednesday,26,June,Sengupta Agencies,Amarjeet Deb Purkayastha,Saurav Sinha,Malugram 1,Silchar Urban,OUT_21_007,Malugram 1 Counter 7,Kirana Store,Medium,Market Street,Yes,Medium,Yes,Amul Tru Litchi 200ml,Beverages,Fruit Drinks,Yes,No,Medium,Yes,High,Yes,Yes,24,24,308.64,Yes,Purabi / Sting / Coke,,None,No,Low,None,Malugram 1 market visit. Strong sales of Lassi and Kool Kesar. Retailers reported high consumer trust in Amul purity vs local unbranded dairy.
2026-06-24,Wednesday,26,June,Sengupta Agencies,Amarjeet Deb Purkayastha,Saurav Sinha,Malugram 1,Silchar Urban,OUT_21_007,Malugram 1 Counter 7,Kirana Store,Medium,Market Street,Yes,Medium,Yes,Amul Lassi 200ml,Beverages,Fermented Dairy,Yes,No,Medium,Yes,Low,No,No,0,0,0.0,Yes,Purabi / Sting / Coke,Existing inventory unsold,Stock Already Available,Yes,High,Stock Already Available,Malugram 1 market visit. Strong sales of Lassi and Kool Kesar. Retailers reported high consumer trust in Amul purity vs local unbranded dairy.
2026-06-24,Wednesday,26,June,Sengupta Agencies,Amarjeet Deb Purkayastha,Saurav Sinha,Malugram 1,Silchar Urban,OUT_21_008,Malugram 1 Counter 8,General Store,Medium,Market Street,Yes,Medium,Yes,Amul Tru Mango 200ml,Beverages,Fruit Drinks,Yes,No,Medium,Yes,High,Yes,Yes,24,24,308.64,Yes,Purabi / Sting / Coke,,None,No,Low,None,Malugram 1 market visit. Strong sales of Lassi and Kool Kesar. Retailers reported high consumer trust in Amul purity vs local unbranded dairy.
2026-06-24,Wednesday,26,June,Sengupta Agencies,Amarjeet Deb Purkayastha,Saurav Sinha,Malugram 1,Silchar Urban,OUT_21_008,Malugram 1 Counter 8,General Store,Medium,Market Street,Yes,Medium,Yes,Amul Tru Litchi 200ml,Beverages,Fruit Drinks,Yes,No,Medium,Yes,Low,No,No,0,0,0.0,Yes,Purabi / Sting / Coke,Existing inventory unsold,Stock Already Available,Yes,High,Stock Already Available,Malugram 1 market visit. Strong sales of Lassi and Kool Kesar. Retailers reported high consumer trust in Amul purity vs local unbranded dairy.
2026-06-24,Wednesday,26,June,Sengupta Agencies,Amarjeet Deb Purkayastha,Saurav Sinha,Malugram 1,Silchar Urban,OUT_21_008,Malugram 1 Counter 8,General Store,Medium,Market Street,Yes,Medium,Yes,Amul Lassi 200ml,Beverages,Fermented Dairy,Yes,No,Medium,Yes,Low,No,No,0,0,0.0,Yes,Purabi / Sting / Coke,Existing inventory unsold,Stock Already Available,Yes,High,Stock Already Available,Malugram 1 market visit. Strong sales of Lassi and Kool Kesar. Retailers reported high consumer trust in Amul purity vs local unbranded dairy.
2026-06-24,Wednesday,26,June,Sengupta Agencies,Amarjeet Deb Purkayastha,Saurav Sinha,Malugram 1,Silchar Urban,OUT_21_009,Malugram 1 Counter 9,Kirana Store,Medium,Market Street,No,Medium,Yes,Amul Tru Mango 200ml,Beverages,Fruit Drinks,Yes,No,Medium,Yes,High,Yes,Yes,24,24,308.64,Yes,Purabi / Sting / Coke,,None,No,Low,None,Malugram 1 market visit. Strong sales of Lassi and Kool Kesar. Retailers reported high consumer trust in Amul purity vs local unbranded dairy.
2026-06-24,Wednesday,26,June,Sengupta Agencies,Amarjeet Deb Purkayastha,Saurav Sinha,Malugram 1,Silchar Urban,OUT_21_009,Malugram 1 Counter 9,Kirana Store,Medium,Market Street,No,Medium,Yes,Amul Tru Litchi 200ml,Beverages,Fruit Drinks,Yes,No,Medium,Yes,High,Yes,Yes,24,24,308.64,Yes,Purabi / Sting / Coke,,None,No,Low,None,Malugram 1 market visit. Strong sales of Lassi and Kool Kesar. Retailers reported high consumer trust in Amul purity vs local unbranded dairy.
2026-06-24,Wednesday,26,June,Sengupta Agencies,Amarjeet Deb Purkayastha,Saurav Sinha,Malugram 1,Silchar Urban,OUT_21_009,Malugram 1 Counter 9,Kirana Store,Medium,Market Street,No,Medium,Yes,Amul Lassi 200ml,Beverages,Fermented Dairy,Yes,No,Medium,Yes,Low,No,No,0,0,0.0,Yes,Purabi / Sting / Coke,Existing inventory unsold,Stock Already Available,Yes,High,Stock Already Available,Malugram 1 market visit. Strong sales of Lassi and Kool Kesar. Retailers reported high consumer trust in Amul purity vs local unbranded dairy.
2026-06-24,Wednesday,26,June,Sengupta Agencies,Amarjeet Deb Purkayastha,Saurav Sinha,Malugram 1,Silchar Urban,OUT_21_010,Malugram 1 Counter 10,General Store,Medium,Market Street,Yes,Medium,Yes,Amul Tru Mango 200ml,Beverages,Fruit Drinks,Yes,No,Medium,Yes,High,Yes,Yes,24,24,308.64,Yes,Purabi / Sting / Coke,,None,No,Low,None,Malugram 1 market visit. Strong sales of Lassi and Kool Kesar. Retailers reported high consumer trust in Amul purity vs local unbranded dairy.
2026-06-24,Wednesday,26,June,Sengupta Agencies,Amarjeet Deb Purkayastha,Saurav Sinha,Malugram 1,Silchar Urban,OUT_21_010,Malugram 1 Counter 10,General Store,Medium,Market Street,Yes,Medium,Yes,Amul Tru Litchi 200ml,Beverages,Fruit Drinks,Yes,No,Medium,Yes,Low,No,No,0,0,0.0,Yes,Purabi / Sting / Coke,Existing inventory unsold,Stock Already Available,Yes,High,Stock Already Available,Malugram 1 market visit. Strong sales of Lassi and Kool Kesar. Retailers reported high consumer trust in Amul purity vs local unbranded dairy.
2026-06-24,Wednesday,26,June,Sengupta Agencies,Amarjeet Deb Purkayastha,Saurav Sinha,Malugram 1,Silchar Urban,OUT_21_010,Malugram 1 Counter 10,General Store,Medium,Market Street,Yes,Medium,Yes,Amul Lassi 200ml,Beverages,Fermented Dairy,Yes,No,Medium,Yes,Low,No,No,0,0,0.0,Yes,Purabi / Sting / Coke,Existing inventory unsold,Stock Already Available,Yes,High,Stock Already Available,Malugram 1 market visit. Strong sales of Lassi and Kool Kesar. Retailers reported high consumer trust in Amul purity vs local unbranded dairy.
2026-06-24,Wednesday,26,June,Sengupta Agencies,Amarjeet Deb Purkayastha,Saurav Sinha,Malugram 1,Silchar Urban,OUT_21_011,Malugram 1 Counter 11,Kirana Store,Medium,Market Street,Yes,Medium,Yes,Amul Tru Mango 200ml,Beverages,Fruit Drinks,Yes,No,Medium,Yes,High,Yes,Yes,24,24,308.64,Yes,Purabi / Sting / Coke,,None,No,Low,None,Malugram 1 market visit. Strong sales of Lassi and Kool Kesar. Retailers reported high consumer trust in Amul purity vs local unbranded dairy.
2026-06-24,Wednesday,26,June,Sengupta Agencies,Amarjeet Deb Purkayastha,Saurav Sinha,Malugram 1,Silchar Urban,OUT_21_011,Malugram 1 Counter 11,Kirana Store,Medium,Market Street,Yes,Medium,Yes,Amul Tru Litchi 200ml,Beverages,Fruit Drinks,Yes,No,Medium,Yes,High,Yes,Yes,24,24,308.64,Yes,Purabi / Sting / Coke,,None,No,Low,None,Malugram 1 market visit. Strong sales of Lassi and Kool Kesar. Retailers reported high consumer trust in Amul purity vs local unbranded dairy.
2026-06-24,Wednesday,26,June,Sengupta Agencies,Amarjeet Deb Purkayastha,Saurav Sinha,Malugram 1,Silchar Urban,OUT_21_011,Malugram 1 Counter 11,Kirana Store,Medium,Market Street,Yes,Medium,Yes,Amul Lassi 200ml,Beverages,Fermented Dairy,Yes,No,Medium,Yes,Low,No,No,0,0,0.0,Yes,Purabi / Sting / Coke,Existing inventory unsold,Stock Already Available,Yes,High,Stock Already Available,Malugram 1 market visit. Strong sales of Lassi and Kool Kesar. Retailers reported high consumer trust in Amul purity vs local unbranded dairy.
2026-06-24,Wednesday,26,June,Sengupta Agencies,Amarjeet Deb Purkayastha,Saurav Sinha,Malugram 1,Silchar Urban,OUT_21_012,Malugram 1 Counter 12,General Store,Medium,Market Street,Yes,Medium,Yes,Amul Tru Mango 200ml,Beverages,Fruit Drinks,Yes,No,Medium,Yes,High,Yes,Yes,24,24,308.64,Yes,Purabi / Sting / Coke,,None,No,Low,None,Malugram 1 market visit. Strong sales of Lassi and Kool Kesar. Retailers reported high consumer trust in Amul purity vs local unbranded dairy.
2026-06-24,Wednesday,26,June,Sengupta Agencies,Amarjeet Deb Purkayastha,Saurav Sinha,Malugram 1,Silchar Urban,OUT_21_012,Malugram 1 Counter 12,General Store,Medium,Market Street,Yes,Medium,Yes,Amul Tru Litchi 200ml,Beverages,Fruit Drinks,Yes,No,Medium,Yes,Low,No,No,0,0,0.0,Yes,Purabi / Sting / Coke,Existing inventory unsold,Stock Already Available,Yes,High,Stock Already Available,Malugram 1 market visit. Strong sales of Lassi and Kool Kesar. Retailers reported high consumer trust in Amul purity vs local unbranded dairy.
2026-06-24,Wednesday,26,June,Sengupta Agencies,Amarjeet Deb Purkayastha,Saurav Sinha,Malugram 1,Silchar Urban,OUT_21_012,Malugram 1 Counter 12,General Store,Medium,Market Street,Yes,Medium,Yes,Amul Lassi 200ml,Beverages,Fermented Dairy,Yes,No,Medium,Yes,Low,No,No,0,0,0.0,Yes,Purabi / Sting / Coke,Existing inventory unsold,Stock Already Available,Yes,High,Stock Already Available,Malugram 1 market visit. Strong sales of Lassi and Kool Kesar. Retailers reported high consumer trust in Amul purity vs local unbranded dairy.
2026-06-24,Wednesday,26,June,Sengupta Agencies,Amarjeet Deb Purkayastha,Saurav Sinha,Malugram 1,Silchar Urban,OUT_21_013,Malugram 1 Counter 13,Kirana Store,Medium,Market Street,No,Medium,Yes,Amul Tru Mango 200ml,Beverages,Fruit Drinks,Yes,No,Medium,Yes,High,Yes,Yes,24,24,308.64,Yes,Purabi / Sting / Coke,,None,No,Low,None,Malugram 1 market visit. Strong sales of Lassi and Kool Kesar. Retailers reported high consumer trust in Amul purity vs local unbranded dairy.
2026-06-24,Wednesday,26,June,Sengupta Agencies,Amarjeet Deb Purkayastha,Saurav Sinha,Malugram 1,Silchar Urban,OUT_21_013,Malugram 1 Counter 13,Kirana Store,Medium,Market Street,No,Medium,Yes,Amul Tru Litchi 200ml,Beverages,Fruit Drinks,Yes,No,Medium,Yes,High,Yes,Yes,24,24,308.64,Yes,Purabi / Sting / Coke,,None,No,Low,None,Malugram 1 market visit. Strong sales of Lassi and Kool Kesar. Retailers reported high consumer trust in Amul purity vs local unbranded dairy.
2026-06-24,Wednesday,26,June,Sengupta Agencies,Amarjeet Deb Purkayastha,Saurav Sinha,Malugram 1,Silchar Urban,OUT_21_013,Malugram 1 Counter 13,Kirana Store,Medium,Market Street,No,Medium,Yes,Amul Lassi 200ml,Beverages,Fermented Dairy,Yes,No,Medium,Yes,Low,No,No,0,0,0.0,Yes,Purabi / Sting / Coke,Existing inventory unsold,Stock Already Available,Yes,High,Stock Already Available,Malugram 1 market visit. Strong sales of Lassi and Kool Kesar. Retailers reported high consumer trust in Amul purity vs local unbranded dairy.
2026-06-24,Wednesday,26,June,Sengupta Agencies,Amarjeet Deb Purkayastha,Saurav Sinha,Malugram 1,Silchar Urban,OUT_21_014,Malugram 1 Counter 14,General Store,Medium,Market Street,Yes,Medium,Yes,Amul Tru Mango 200ml,Beverages,Fruit Drinks,Yes,No,Medium,Yes,High,Yes,Yes,24,24,308.64,Yes,Purabi / Sting / Coke,,None,No,Low,None,Malugram 1 market visit. Strong sales of Lassi and Kool Kesar. Retailers reported high consumer trust in Amul purity vs local unbranded dairy.
2026-06-24,Wednesday,26,June,Sengupta Agencies,Amarjeet Deb Purkayastha,Saurav Sinha,Malugram 1,Silchar Urban,OUT_21_014,Malugram 1 Counter 14,General Store,Medium,Market Street,Yes,Medium,Yes,Amul Tru Litchi 200ml,Beverages,Fruit Drinks,Yes,No,Medium,Yes,Low,No,No,0,0,0.0,Yes,Purabi / Sting / Coke,Existing inventory unsold,Stock Already Available,Yes,High,Stock Already Available,Malugram 1 market visit. Strong sales of Lassi and Kool Kesar. Retailers reported high consumer trust in Amul purity vs local unbranded dairy.
2026-06-24,Wednesday,26,June,Sengupta Agencies,Amarjeet Deb Purkayastha,Saurav Sinha,Malugram 1,Silchar Urban,OUT_21_014,Malugram 1 Counter 14,General Store,Medium,Market Street,Yes,Medium,Yes,Amul Lassi 200ml,Beverages,Fermented Dairy,Yes,No,Medium,Yes,Low,No,No,0,0,0.0,Yes,Purabi / Sting / Coke,Existing inventory unsold,Stock Already Available,Yes,High,Stock Already Available,Malugram 1 market visit. Strong sales of Lassi and Kool Kesar. Retailers reported high consumer trust in Amul purity vs local unbranded dairy.
2026-06-24,Wednesday,26,June,Sengupta Agencies,Amarjeet Deb Purkayastha,Saurav Sinha,Malugram 1,Silchar Urban,OUT_21_015,Malugram 1 Counter 15,Kirana Store,Medium,Market Street,Yes,Medium,Yes,Amul Tru Mango 200ml,Beverages,Fruit Drinks,Yes,No,Medium,Yes,Low,No,No,0,0,0.0,Yes,Purabi / Sting / Coke,Existing inventory unsold,Stock Already Available,Yes,High,Stock Already Available,Malugram 1 market visit. Strong sales of Lassi and Kool Kesar. Retailers reported high consumer trust in Amul purity vs local unbranded dairy.
2026-06-24,Wednesday,26,June,Sengupta Agencies,Amarjeet Deb Purkayastha,Saurav Sinha,Malugram 1,Silchar Urban,OUT_21_015,Malugram 1 Counter 15,Kirana Store,Medium,Market Street,Yes,Medium,Yes,Amul Tru Litchi 200ml,Beverages,Fruit Drinks,Yes,No,Medium,Yes,Low,No,No,0,0,0.0,Yes,Purabi / Sting / Coke,Existing inventory unsold,Stock Already Available,Yes,High,Stock Already Available,Malugram 1 market visit. Strong sales of Lassi and Kool Kesar. Retailers reported high consumer trust in Amul purity vs local unbranded dairy.
2026-06-24,Wednesday,26,June,Sengupta Agencies,Amarjeet Deb Purkayastha,Saurav Sinha,Malugram 1,Silchar Urban,OUT_21_015,Malugram 1 Counter 15,Kirana Store,Medium,Market Street,Yes,Medium,Yes,Amul Lassi 200ml,Beverages,Fermented Dairy,Yes,No,Medium,Yes,Low,No,No,0,0,0.0,Yes,Purabi / Sting / Coke,Existing inventory unsold,Stock Already Available,Yes,High,Stock Already Available,Malugram 1 market visit. Strong sales of Lassi and Kool Kesar. Retailers reported high consumer trust in Amul purity vs local unbranded dairy.
2026-06-24,Wednesday,26,June,Sengupta Agencies,Amarjeet Deb Purkayastha,Saurav Sinha,Malugram 1,Silchar Urban,OUT_21_016,Malugram 1 Counter 16,General Store,Medium,Market Street,Yes,Medium,Yes,Amul Tru Mango 200ml,Beverages,Fruit Drinks,Yes,No,Medium,Yes,Low,No,No,0,0,0.0,Yes,Purabi / Sting / Coke,Existing inventory unsold,Stock Already Available,Yes,High,Stock Already Available,Malugram 1 market visit. Strong sales of Lassi and Kool Kesar. Retailers reported high consumer trust in Amul purity vs local unbranded dairy.
2026-06-24,Wednesday,26,June,Sengupta Agencies,Amarjeet Deb Purkayastha,Saurav Sinha,Malugram 1,Silchar Urban,OUT_21_016,Malugram 1 Counter 16,General Store,Medium,Market Street,Yes,Medium,Yes,Amul Tru Litchi 200ml,Beverages,Fruit Drinks,Yes,No,Medium,Yes,Low,No,No,0,0,0.0,Yes,Purabi / Sting / Coke,Existing inventory unsold,Stock Already Available,Yes,High,Stock Already Available,Malugram 1 market visit. Strong sales of Lassi and Kool Kesar. Retailers reported high consumer trust in Amul purity vs local unbranded dairy.
2026-06-24,Wednesday,26,June,Sengupta Agencies,Amarjeet Deb Purkayastha,Saurav Sinha,Malugram 1,Silchar Urban,OUT_21_016,Malugram 1 Counter 16,General Store,Medium,Market Street,Yes,Medium,Yes,Amul Lassi 200ml,Beverages,Fermented Dairy,Yes,No,Medium,Yes,Low,No,No,0,0,0.0,Yes,Purabi / Sting / Coke,Existing inventory unsold,Stock Already Available,Yes,High,Stock Already Available,Malugram 1 market visit. Strong sales of Lassi and Kool Kesar. Retailers reported high consumer trust in Amul purity vs local unbranded dairy.
2026-06-24,Wednesday,26,June,Sengupta Agencies,Amarjeet Deb Purkayastha,Saurav Sinha,Malugram 1,Silchar Urban,OUT_21_017,Malugram 1 Counter 17,Kirana Store,Medium,Market Street,No,Medium,Yes,Amul Tru Mango 200ml,Beverages,Fruit Drinks,Yes,No,Medium,Yes,Low,No,No,0,0,0.0,Yes,Purabi / Sting / Coke,Existing inventory unsold,Stock Already Available,Yes,High,Stock Already Available,Malugram 1 market visit. Strong sales of Lassi and Kool Kesar. Retailers reported high consumer trust in Amul purity vs local unbranded dairy.
2026-06-24,Wednesday,26,June,Sengupta Agencies,Amarjeet Deb Purkayastha,Saurav Sinha,Malugram 1,Silchar Urban,OUT_21_017,Malugram 1 Counter 17,Kirana Store,Medium,Market Street,No,Medium,Yes,Amul Tru Litchi 200ml,Beverages,Fruit Drinks,Yes,No,Medium,Yes,Low,No,No,0,0,0.0,Yes,Purabi / Sting / Coke,Existing inventory unsold,Stock Already Available,Yes,High,Stock Already Available,Malugram 1 market visit. Strong sales of Lassi and Kool Kesar. Retailers reported high consumer trust in Amul purity vs local unbranded dairy.
2026-06-24,Wednesday,26,June,Sengupta Agencies,Amarjeet Deb Purkayastha,Saurav Sinha,Malugram 1,Silchar Urban,OUT_21_017,Malugram 1 Counter 17,Kirana Store,Medium,Market Street,No,Medium,Yes,Amul Lassi 200ml,Beverages,Fermented Dairy,Yes,No,Medium,Yes,Low,No,No,0,0,0.0,Yes,Purabi / Sting / Coke,Existing inventory unsold,Stock Already Available,Yes,High,Stock Already Available,Malugram 1 market visit. Strong sales of Lassi and Kool Kesar. Retailers reported high consumer trust in Amul purity vs local unbranded dairy.
2026-06-24,Wednesday,26,June,Sengupta Agencies,Amarjeet Deb Purkayastha,Saurav Sinha,Malugram 1,Silchar Urban,OUT_21_018,Malugram 1 Counter 18,General Store,Medium,Market Street,Yes,Medium,Yes,Amul Tru Mango 200ml,Beverages,Fruit Drinks,Yes,No,Medium,Yes,Low,No,No,0,0,0.0,Yes,Purabi / Sting / Coke,Existing inventory unsold,Stock Already Available,Yes,High,Stock Already Available,Malugram 1 market visit. Strong sales of Lassi and Kool Kesar. Retailers reported high consumer trust in Amul purity vs local unbranded dairy.
2026-06-24,Wednesday,26,June,Sengupta Agencies,Amarjeet Deb Purkayastha,Saurav Sinha,Malugram 1,Silchar Urban,OUT_21_018,Malugram 1 Counter 18,General Store,Medium,Market Street,Yes,Medium,Yes,Amul Tru Litchi 200ml,Beverages,Fruit Drinks,Yes,No,Medium,Yes,Low,No,No,0,0,0.0,Yes,Purabi / Sting / Coke,Existing inventory unsold,Stock Already Available,Yes,High,Stock Already Available,Malugram 1 market visit. Strong sales of Lassi and Kool Kesar. Retailers reported high consumer trust in Amul purity vs local unbranded dairy.
2026-06-24,Wednesday,26,June,Sengupta Agencies,Amarjeet Deb Purkayastha,Saurav Sinha,Malugram 1,Silchar Urban,OUT_21_018,Malugram 1 Counter 18,General Store,Medium,Market Street,Yes,Medium,Yes,Amul Lassi 200ml,Beverages,Fermented Dairy,Yes,No,Medium,Yes,Low,No,No,0,0,0.0,Yes,Purabi / Sting / Coke,Existing inventory unsold,Stock Already Available,Yes,High,Stock Already Available,Malugram 1 market visit. Strong sales of Lassi and Kool Kesar. Retailers reported high consumer trust in Amul purity vs local unbranded dairy.
2026-06-24,Wednesday,26,June,Sengupta Agencies,Amarjeet Deb Purkayastha,Saurav Sinha,Malugram 1,Silchar Urban,OUT_21_019,Malugram 1 Counter 19,Kirana Store,Medium,Market Street,Yes,Medium,Yes,Amul Tru Mango 200ml,Beverages,Fruit Drinks,Yes,No,Medium,Yes,Low,No,No,0,0,0.0,Yes,Purabi / Sting / Coke,Existing inventory unsold,Stock Already Available,Yes,High,Stock Already Available,Malugram 1 market visit. Strong sales of Lassi and Kool Kesar. Retailers reported high consumer trust in Amul purity vs local unbranded dairy.
2026-06-24,Wednesday,26,June,Sengupta Agencies,Amarjeet Deb Purkayastha,Saurav Sinha,Malugram 1,Silchar Urban,OUT_21_019,Malugram 1 Counter 19,Kirana Store,Medium,Market Street,Yes,Medium,Yes,Amul Tru Litchi 200ml,Beverages,Fruit Drinks,Yes,No,Medium,Yes,Low,No,No,0,0,0.0,Yes,Purabi / Sting / Coke,Existing inventory unsold,Stock Already Available,Yes,High,Stock Already Available,Malugram 1 market visit. Strong sales of Lassi and Kool Kesar. Retailers reported high consumer trust in Amul purity vs local unbranded dairy.
2026-06-24,Wednesday,26,June,Sengupta Agencies,Amarjeet Deb Purkayastha,Saurav Sinha,Malugram 1,Silchar Urban,OUT_21_019,Malugram 1 Counter 19,Kirana Store,Medium,Market Street,Yes,Medium,Yes,Amul Lassi 200ml,Beverages,Fermented Dairy,Yes,No,Medium,Yes,Low,No,No,0,0,0.0,Yes,Purabi / Sting / Coke,Existing inventory unsold,Stock Already Available,Yes,High,Stock Already Available,Malugram 1 market visit. Strong sales of Lassi and Kool Kesar. Retailers reported high consumer trust in Amul purity vs local unbranded dairy.
2026-06-24,Wednesday,26,June,Sengupta Agencies,Amarjeet Deb Purkayastha,Saurav Sinha,Malugram 1,Silchar Urban,OUT_21_020,Malugram 1 Counter 20,General Store,Medium,Market Street,Yes,Medium,Yes,Amul Tru Mango 200ml,Beverages,Fruit Drinks,Yes,No,Medium,Yes,Low,No,No,0,0,0.0,Yes,Purabi / Sting / Coke,Existing inventory unsold,Stock Already Available,Yes,High,Stock Already Available,Malugram 1 market visit. Strong sales of Lassi and Kool Kesar. Retailers reported high consumer trust in Amul purity vs local unbranded dairy.
2026-06-24,Wednesday,26,June,Sengupta Agencies,Amarjeet Deb Purkayastha,Saurav Sinha,Malugram 1,Silchar Urban,OUT_21_020,Malugram 1 Counter 20,General Store,Medium,Market Street,Yes,Medium,Yes,Amul Tru Litchi 200ml,Beverages,Fruit Drinks,Yes,No,Medium,Yes,Low,No,No,0,0,0.0,Yes,Purabi / Sting / Coke,Existing inventory unsold,Stock Already Available,Yes,High,Stock Already Available,Malugram 1 market visit. Strong sales of Lassi and Kool Kesar. Retailers reported high consumer trust in Amul purity vs local unbranded dairy.
2026-06-24,Wednesday,26,June,Sengupta Agencies,Amarjeet Deb Purkayastha,Saurav Sinha,Malugram 1,Silchar Urban,OUT_21_020,Malugram 1 Counter 20,General Store,Medium,Market Street,Yes,Medium,Yes,Amul Lassi 200ml,Beverages,Fermented Dairy,Yes,No,Medium,Yes,Low,No,No,0,0,0.0,Yes,Purabi / Sting / Coke,Existing inventory unsold,Stock Already Available,Yes,High,Stock Already Available,Malugram 1 market visit. Strong sales of Lassi and Kool Kesar. Retailers reported high consumer trust in Amul purity vs local unbranded dairy.
2026-06-24,Wednesday,26,June,Sengupta Agencies,Amarjeet Deb Purkayastha,Saurav Sinha,Malugram 1,Silchar Urban,OUT_21_021,Malugram 1 Counter 21,Kirana Store,Medium,Market Street,No,Medium,Yes,Amul Tru Mango 200ml,Beverages,Fruit Drinks,Yes,No,Medium,Yes,Low,No,No,0,0,0.0,Yes,Purabi / Sting / Coke,Existing inventory unsold,Stock Already Available,Yes,High,Stock Already Available,Malugram 1 market visit. Strong sales of Lassi and Kool Kesar. Retailers reported high consumer trust in Amul purity vs local unbranded dairy.
2026-06-24,Wednesday,26,June,Sengupta Agencies,Amarjeet Deb Purkayastha,Saurav Sinha,Malugram 1,Silchar Urban,OUT_21_021,Malugram 1 Counter 21,Kirana Store,Medium,Market Street,No,Medium,Yes,Amul Tru Litchi 200ml,Beverages,Fruit Drinks,Yes,No,Medium,Yes,Low,No,No,0,0,0.0,Yes,Purabi / Sting / Coke,Existing inventory unsold,Stock Already Available,Yes,High,Stock Already Available,Malugram 1 market visit. Strong sales of Lassi and Kool Kesar. Retailers reported high consumer trust in Amul purity vs local unbranded dairy.
2026-06-24,Wednesday,26,June,Sengupta Agencies,Amarjeet Deb Purkayastha,Saurav Sinha,Malugram 1,Silchar Urban,OUT_21_021,Malugram 1 Counter 21,Kirana Store,Medium,Market Street,No,Medium,Yes,Amul Lassi 200ml,Beverages,Fermented Dairy,Yes,No,Medium,Yes,Low,No,No,0,0,0.0,Yes,Purabi / Sting / Coke,Existing inventory unsold,Stock Already Available,Yes,High,Stock Already Available,Malugram 1 market visit. Strong sales of Lassi and Kool Kesar. Retailers reported high consumer trust in Amul purity vs local unbranded dairy.
2026-06-24,Wednesday,26,June,Sengupta Agencies,Amarjeet Deb Purkayastha,Saurav Sinha,Malugram 1,Silchar Urban,OUT_21_022,Malugram 1 Counter 22,General Store,Medium,Market Street,Yes,Medium,Yes,Amul Tru Mango 200ml,Beverages,Fruit Drinks,Yes,No,Medium,Yes,Low,No,No,0,0,0.0,Yes,Purabi / Sting / Coke,Existing inventory unsold,Stock Already Available,Yes,High,Stock Already Available,Malugram 1 market visit. Strong sales of Lassi and Kool Kesar. Retailers reported high consumer trust in Amul purity vs local unbranded dairy.
2026-06-24,Wednesday,26,June,Sengupta Agencies,Amarjeet Deb Purkayastha,Saurav Sinha,Malugram 1,Silchar Urban,OUT_21_022,Malugram 1 Counter 22,General Store,Medium,Market Street,Yes,Medium,Yes,Amul Tru Litchi 200ml,Beverages,Fruit Drinks,Yes,No,Medium,Yes,Low,No,No,0,0,0.0,Yes,Purabi / Sting / Coke,Existing inventory unsold,Stock Already Available,Yes,High,Stock Already Available,Malugram 1 market visit. Strong sales of Lassi and Kool Kesar. Retailers reported high consumer trust in Amul purity vs local unbranded dairy.
2026-06-24,Wednesday,26,June,Sengupta Agencies,Amarjeet Deb Purkayastha,Saurav Sinha,Malugram 1,Silchar Urban,OUT_21_022,Malugram 1 Counter 22,General Store,Medium,Market Street,Yes,Medium,Yes,Amul Lassi 200ml,Beverages,Fermented Dairy,Yes,No,Medium,Yes,Low,No,No,0,0,0.0,Yes,Purabi / Sting / Coke,Existing inventory unsold,Stock Already Available,Yes,High,Stock Already Available,Malugram 1 market visit. Strong sales of Lassi and Kool Kesar. Retailers reported high consumer trust in Amul purity vs local unbranded dairy.
2026-06-24,Wednesday,26,June,Sengupta Agencies,Amarjeet Deb Purkayastha,Saurav Sinha,Malugram 1,Silchar Urban,OUT_21_023,Malugram 1 Counter 23,Kirana Store,Medium,Market Street,Yes,Medium,Yes,Amul Tru Mango 200ml,Beverages,Fruit Drinks,Yes,No,Medium,Yes,Low,No,No,0,0,0.0,Yes,Purabi / Sting / Coke,Existing inventory unsold,Stock Already Available,Yes,High,Stock Already Available,Malugram 1 market visit. Strong sales of Lassi and Kool Kesar. Retailers reported high consumer trust in Amul purity vs local unbranded dairy.
2026-06-24,Wednesday,26,June,Sengupta Agencies,Amarjeet Deb Purkayastha,Saurav Sinha,Malugram 1,Silchar Urban,OUT_21_023,Malugram 1 Counter 23,Kirana Store,Medium,Market Street,Yes,Medium,Yes,Amul Tru Litchi 200ml,Beverages,Fruit Drinks,Yes,No,Medium,Yes,Low,No,No,0,0,0.0,Yes,Purabi / Sting / Coke,Existing inventory unsold,Stock Already Available,Yes,High,Stock Already Available,Malugram 1 market visit. Strong sales of Lassi and Kool Kesar. Retailers reported high consumer trust in Amul purity vs local unbranded dairy.
2026-06-24,Wednesday,26,June,Sengupta Agencies,Amarjeet Deb Purkayastha,Saurav Sinha,Malugram 1,Silchar Urban,OUT_21_023,Malugram 1 Counter 23,Kirana Store,Medium,Market Street,Yes,Medium,Yes,Amul Lassi 200ml,Beverages,Fermented Dairy,Yes,No,Medium,Yes,Low,No,No,0,0,0.0,Yes,Purabi / Sting / Coke,Existing inventory unsold,Stock Already Available,Yes,High,Stock Already Available,Malugram 1 market visit. Strong sales of Lassi and Kool Kesar. Retailers reported high consumer trust in Amul purity vs local unbranded dairy.
2026-06-25,Thursday,26,June,Sengupta Agencies,Sushil Das,Saurav Sinha,1st Link Road,Silchar Urban,OUT_22_001,1st Link Road Counter 1,Kirana Store,Medium,Market Street,No,Medium,Yes,Amul Tru Litchi 200ml,Beverages,Fruit Drinks,Yes,No,Medium,Yes,High,Yes,Yes,24,24,308.64,Yes,Purabi / Sting / Coke,,None,No,Low,None,1st Link Road route. Heavy monsoon rainfall impacted soft drink sales; recorded steady sales for Amul Masti Buttermilk and Paneer.
2026-06-25,Thursday,26,June,Sengupta Agencies,Sushil Das,Saurav Sinha,1st Link Road,Silchar Urban,OUT_22_001,1st Link Road Counter 1,Kirana Store,Medium,Market Street,No,Medium,Yes,Amul Lassi 200ml,Beverages,Fermented Dairy,Yes,No,Medium,Yes,High,Yes,Yes,24,24,312.96,Yes,Purabi / Sting / Coke,,None,No,Low,None,1st Link Road route. Heavy monsoon rainfall impacted soft drink sales; recorded steady sales for Amul Masti Buttermilk and Paneer.
2026-06-25,Thursday,26,June,Sengupta Agencies,Sushil Das,Saurav Sinha,1st Link Road,Silchar Urban,OUT_22_001,1st Link Road Counter 1,Kirana Store,Medium,Market Street,No,Medium,Yes,Amul Kool Cafe 200ml (Can),Beverages,Flavoured Milk,Yes,No,Medium,Yes,Low,No,No,0,0,0.0,Yes,Purabi / Sting / Coke,Beverage sales slow due to rain,Slow Seasonal Movement (Rain),Yes,High,Slow Seasonal Movement (Rain),1st Link Road route. Heavy monsoon rainfall impacted soft drink sales; recorded steady sales for Amul Masti Buttermilk and Paneer.
2026-06-25,Thursday,26,June,Sengupta Agencies,Sushil Das,Saurav Sinha,1st Link Road,Silchar Urban,OUT_22_002,1st Link Road Counter 2,General Store,Medium,Market Street,Yes,Medium,Yes,Amul Tru Litchi 200ml,Beverages,Fruit Drinks,Yes,No,Medium,Yes,High,Yes,Yes,24,24,308.64,Yes,Purabi / Sting / Coke,,None,No,Low,None,1st Link Road route. Heavy monsoon rainfall impacted soft drink sales; recorded steady sales for Amul Masti Buttermilk and Paneer.
2026-06-25,Thursday,26,June,Sengupta Agencies,Sushil Das,Saurav Sinha,1st Link Road,Silchar Urban,OUT_22_002,1st Link Road Counter 2,General Store,Medium,Market Street,Yes,Medium,Yes,Amul Lassi 200ml,Beverages,Fermented Dairy,Yes,No,Medium,Yes,Low,No,No,0,0,0.0,Yes,Purabi / Sting / Coke,Beverage sales slow due to rain,Slow Seasonal Movement (Rain),Yes,High,Slow Seasonal Movement (Rain),1st Link Road route. Heavy monsoon rainfall impacted soft drink sales; recorded steady sales for Amul Masti Buttermilk and Paneer.
2026-06-25,Thursday,26,June,Sengupta Agencies,Sushil Das,Saurav Sinha,1st Link Road,Silchar Urban,OUT_22_002,1st Link Road Counter 2,General Store,Medium,Market Street,Yes,Medium,Yes,Amul Kool Cafe 200ml (Can),Beverages,Flavoured Milk,Yes,No,Medium,Yes,Low,No,No,0,0,0.0,Yes,Purabi / Sting / Coke,Beverage sales slow due to rain,Slow Seasonal Movement (Rain),Yes,High,Slow Seasonal Movement (Rain),1st Link Road route. Heavy monsoon rainfall impacted soft drink sales; recorded steady sales for Amul Masti Buttermilk and Paneer.
2026-06-25,Thursday,26,June,Sengupta Agencies,Sushil Das,Saurav Sinha,1st Link Road,Silchar Urban,OUT_22_003,1st Link Road Counter 3,Kirana Store,Medium,Market Street,Yes,Medium,Yes,Amul Tru Litchi 200ml,Beverages,Fruit Drinks,Yes,No,Medium,Yes,High,Yes,Yes,24,24,308.64,Yes,Purabi / Sting / Coke,,None,No,Low,None,1st Link Road route. Heavy monsoon rainfall impacted soft drink sales; recorded steady sales for Amul Masti Buttermilk and Paneer.
2026-06-25,Thursday,26,June,Sengupta Agencies,Sushil Das,Saurav Sinha,1st Link Road,Silchar Urban,OUT_22_003,1st Link Road Counter 3,Kirana Store,Medium,Market Street,Yes,Medium,Yes,Amul Lassi 200ml,Beverages,Fermented Dairy,Yes,No,Medium,Yes,High,Yes,Yes,24,24,312.96,Yes,Purabi / Sting / Coke,,None,No,Low,None,1st Link Road route. Heavy monsoon rainfall impacted soft drink sales; recorded steady sales for Amul Masti Buttermilk and Paneer.
2026-06-25,Thursday,26,June,Sengupta Agencies,Sushil Das,Saurav Sinha,1st Link Road,Silchar Urban,OUT_22_003,1st Link Road Counter 3,Kirana Store,Medium,Market Street,Yes,Medium,Yes,Amul Kool Cafe 200ml (Can),Beverages,Flavoured Milk,Yes,No,Medium,Yes,Low,No,No,0,0,0.0,Yes,Purabi / Sting / Coke,Beverage sales slow due to rain,Slow Seasonal Movement (Rain),Yes,High,Slow Seasonal Movement (Rain),1st Link Road route. Heavy monsoon rainfall impacted soft drink sales; recorded steady sales for Amul Masti Buttermilk and Paneer.
2026-06-25,Thursday,26,June,Sengupta Agencies,Sushil Das,Saurav Sinha,1st Link Road,Silchar Urban,OUT_22_004,1st Link Road Counter 4,General Store,Medium,Market Street,Yes,Medium,Yes,Amul Tru Litchi 200ml,Beverages,Fruit Drinks,Yes,No,Medium,Yes,High,Yes,Yes,24,24,308.64,Yes,Purabi / Sting / Coke,,None,No,Low,None,1st Link Road route. Heavy monsoon rainfall impacted soft drink sales; recorded steady sales for Amul Masti Buttermilk and Paneer.
2026-06-25,Thursday,26,June,Sengupta Agencies,Sushil Das,Saurav Sinha,1st Link Road,Silchar Urban,OUT_22_004,1st Link Road Counter 4,General Store,Medium,Market Street,Yes,Medium,Yes,Amul Lassi 200ml,Beverages,Fermented Dairy,Yes,No,Medium,Yes,Low,No,No,0,0,0.0,Yes,Purabi / Sting / Coke,Beverage sales slow due to rain,Slow Seasonal Movement (Rain),Yes,High,Slow Seasonal Movement (Rain),1st Link Road route. Heavy monsoon rainfall impacted soft drink sales; recorded steady sales for Amul Masti Buttermilk and Paneer.
2026-06-25,Thursday,26,June,Sengupta Agencies,Sushil Das,Saurav Sinha,1st Link Road,Silchar Urban,OUT_22_004,1st Link Road Counter 4,General Store,Medium,Market Street,Yes,Medium,Yes,Amul Kool Cafe 200ml (Can),Beverages,Flavoured Milk,Yes,No,Medium,Yes,Low,No,No,0,0,0.0,Yes,Purabi / Sting / Coke,Beverage sales slow due to rain,Slow Seasonal Movement (Rain),Yes,High,Slow Seasonal Movement (Rain),1st Link Road route. Heavy monsoon rainfall impacted soft drink sales; recorded steady sales for Amul Masti Buttermilk and Paneer.
2026-06-25,Thursday,26,June,Sengupta Agencies,Sushil Das,Saurav Sinha,1st Link Road,Silchar Urban,OUT_22_005,1st Link Road Counter 5,Kirana Store,Medium,Market Street,No,Medium,Yes,Amul Tru Litchi 200ml,Beverages,Fruit Drinks,Yes,No,Medium,Yes,Low,No,No,0,0,0.0,Yes,Purabi / Sting / Coke,Beverage sales slow due to rain,Slow Seasonal Movement (Rain),Yes,High,Slow Seasonal Movement (Rain),1st Link Road route. Heavy monsoon rainfall impacted soft drink sales; recorded steady sales for Amul Masti Buttermilk and Paneer.
2026-06-25,Thursday,26,June,Sengupta Agencies,Sushil Das,Saurav Sinha,1st Link Road,Silchar Urban,OUT_22_005,1st Link Road Counter 5,Kirana Store,Medium,Market Street,No,Medium,Yes,Amul Lassi 200ml,Beverages,Fermented Dairy,Yes,No,Medium,Yes,Low,No,No,0,0,0.0,Yes,Purabi / Sting / Coke,Beverage sales slow due to rain,Slow Seasonal Movement (Rain),Yes,High,Slow Seasonal Movement (Rain),1st Link Road route. Heavy monsoon rainfall impacted soft drink sales; recorded steady sales for Amul Masti Buttermilk and Paneer.
2026-06-25,Thursday,26,June,Sengupta Agencies,Sushil Das,Saurav Sinha,1st Link Road,Silchar Urban,OUT_22_005,1st Link Road Counter 5,Kirana Store,Medium,Market Street,No,Medium,Yes,Amul Kool Cafe 200ml (Can),Beverages,Flavoured Milk,Yes,No,Medium,Yes,Low,No,No,0,0,0.0,Yes,Purabi / Sting / Coke,Beverage sales slow due to rain,Slow Seasonal Movement (Rain),Yes,High,Slow Seasonal Movement (Rain),1st Link Road route. Heavy monsoon rainfall impacted soft drink sales; recorded steady sales for Amul Masti Buttermilk and Paneer.
2026-06-25,Thursday,26,June,Sengupta Agencies,Sushil Das,Saurav Sinha,1st Link Road,Silchar Urban,OUT_22_006,1st Link Road Counter 6,General Store,Medium,Market Street,Yes,Medium,Yes,Amul Tru Litchi 200ml,Beverages,Fruit Drinks,Yes,No,Medium,Yes,Low,No,No,0,0,0.0,Yes,Purabi / Sting / Coke,Beverage sales slow due to rain,Slow Seasonal Movement (Rain),Yes,High,Slow Seasonal Movement (Rain),1st Link Road route. Heavy monsoon rainfall impacted soft drink sales; recorded steady sales for Amul Masti Buttermilk and Paneer.
2026-06-25,Thursday,26,June,Sengupta Agencies,Sushil Das,Saurav Sinha,1st Link Road,Silchar Urban,OUT_22_006,1st Link Road Counter 6,General Store,Medium,Market Street,Yes,Medium,Yes,Amul Lassi 200ml,Beverages,Fermented Dairy,Yes,No,Medium,Yes,Low,No,No,0,0,0.0,Yes,Purabi / Sting / Coke,Beverage sales slow due to rain,Slow Seasonal Movement (Rain),Yes,High,Slow Seasonal Movement (Rain),1st Link Road route. Heavy monsoon rainfall impacted soft drink sales; recorded steady sales for Amul Masti Buttermilk and Paneer.
2026-06-25,Thursday,26,June,Sengupta Agencies,Sushil Das,Saurav Sinha,1st Link Road,Silchar Urban,OUT_22_006,1st Link Road Counter 6,General Store,Medium,Market Street,Yes,Medium,Yes,Amul Kool Cafe 200ml (Can),Beverages,Flavoured Milk,Yes,No,Medium,Yes,Low,No,No,0,0,0.0,Yes,Purabi / Sting / Coke,Beverage sales slow due to rain,Slow Seasonal Movement (Rain),Yes,High,Slow Seasonal Movement (Rain),1st Link Road route. Heavy monsoon rainfall impacted soft drink sales; recorded steady sales for Amul Masti Buttermilk and Paneer.
2026-06-25,Thursday,26,June,Sengupta Agencies,Sushil Das,Saurav Sinha,1st Link Road,Silchar Urban,OUT_22_007,1st Link Road Counter 7,Kirana Store,Medium,Market Street,Yes,Medium,Yes,Amul Tru Litchi 200ml,Beverages,Fruit Drinks,Yes,No,Medium,Yes,Low,No,No,0,0,0.0,Yes,Purabi / Sting / Coke,Beverage sales slow due to rain,Slow Seasonal Movement (Rain),Yes,High,Slow Seasonal Movement (Rain),1st Link Road route. Heavy monsoon rainfall impacted soft drink sales; recorded steady sales for Amul Masti Buttermilk and Paneer.
2026-06-25,Thursday,26,June,Sengupta Agencies,Sushil Das,Saurav Sinha,1st Link Road,Silchar Urban,OUT_22_007,1st Link Road Counter 7,Kirana Store,Medium,Market Street,Yes,Medium,Yes,Amul Lassi 200ml,Beverages,Fermented Dairy,Yes,No,Medium,Yes,Low,No,No,0,0,0.0,Yes,Purabi / Sting / Coke,Beverage sales slow due to rain,Slow Seasonal Movement (Rain),Yes,High,Slow Seasonal Movement (Rain),1st Link Road route. Heavy monsoon rainfall impacted soft drink sales; recorded steady sales for Amul Masti Buttermilk and Paneer.
2026-06-25,Thursday,26,June,Sengupta Agencies,Sushil Das,Saurav Sinha,1st Link Road,Silchar Urban,OUT_22_007,1st Link Road Counter 7,Kirana Store,Medium,Market Street,Yes,Medium,Yes,Amul Kool Cafe 200ml (Can),Beverages,Flavoured Milk,Yes,No,Medium,Yes,Low,No,No,0,0,0.0,Yes,Purabi / Sting / Coke,Beverage sales slow due to rain,Slow Seasonal Movement (Rain),Yes,High,Slow Seasonal Movement (Rain),1st Link Road route. Heavy monsoon rainfall impacted soft drink sales; recorded steady sales for Amul Masti Buttermilk and Paneer.
2026-06-25,Thursday,26,June,Sengupta Agencies,Sushil Das,Saurav Sinha,1st Link Road,Silchar Urban,OUT_22_008,1st Link Road Counter 8,General Store,Medium,Market Street,Yes,Medium,Yes,Amul Tru Litchi 200ml,Beverages,Fruit Drinks,Yes,No,Medium,Yes,Low,No,No,0,0,0.0,Yes,Purabi / Sting / Coke,Beverage sales slow due to rain,Slow Seasonal Movement (Rain),Yes,High,Slow Seasonal Movement (Rain),1st Link Road route. Heavy monsoon rainfall impacted soft drink sales; recorded steady sales for Amul Masti Buttermilk and Paneer.
2026-06-25,Thursday,26,June,Sengupta Agencies,Sushil Das,Saurav Sinha,1st Link Road,Silchar Urban,OUT_22_008,1st Link Road Counter 8,General Store,Medium,Market Street,Yes,Medium,Yes,Amul Lassi 200ml,Beverages,Fermented Dairy,Yes,No,Medium,Yes,Low,No,No,0,0,0.0,Yes,Purabi / Sting / Coke,Beverage sales slow due to rain,Slow Seasonal Movement (Rain),Yes,High,Slow Seasonal Movement (Rain),1st Link Road route. Heavy monsoon rainfall impacted soft drink sales; recorded steady sales for Amul Masti Buttermilk and Paneer.
2026-06-25,Thursday,26,June,Sengupta Agencies,Sushil Das,Saurav Sinha,1st Link Road,Silchar Urban,OUT_22_008,1st Link Road Counter 8,General Store,Medium,Market Street,Yes,Medium,Yes,Amul Kool Cafe 200ml (Can),Beverages,Flavoured Milk,Yes,No,Medium,Yes,Low,No,No,0,0,0.0,Yes,Purabi / Sting / Coke,Beverage sales slow due to rain,Slow Seasonal Movement (Rain),Yes,High,Slow Seasonal Movement (Rain),1st Link Road route. Heavy monsoon rainfall impacted soft drink sales; recorded steady sales for Amul Masti Buttermilk and Paneer.
2026-06-25,Thursday,26,June,Sengupta Agencies,Sushil Das,Saurav Sinha,1st Link Road,Silchar Urban,OUT_22_009,1st Link Road Counter 9,Kirana Store,Medium,Market Street,No,Medium,Yes,Amul Tru Litchi 200ml,Beverages,Fruit Drinks,Yes,No,Medium,Yes,Low,No,No,0,0,0.0,Yes,Purabi / Sting / Coke,Beverage sales slow due to rain,Slow Seasonal Movement (Rain),Yes,High,Slow Seasonal Movement (Rain),1st Link Road route. Heavy monsoon rainfall impacted soft drink sales; recorded steady sales for Amul Masti Buttermilk and Paneer.
2026-06-25,Thursday,26,June,Sengupta Agencies,Sushil Das,Saurav Sinha,1st Link Road,Silchar Urban,OUT_22_009,1st Link Road Counter 9,Kirana Store,Medium,Market Street,No,Medium,Yes,Amul Lassi 200ml,Beverages,Fermented Dairy,Yes,No,Medium,Yes,Low,No,No,0,0,0.0,Yes,Purabi / Sting / Coke,Beverage sales slow due to rain,Slow Seasonal Movement (Rain),Yes,High,Slow Seasonal Movement (Rain),1st Link Road route. Heavy monsoon rainfall impacted soft drink sales; recorded steady sales for Amul Masti Buttermilk and Paneer.
2026-06-25,Thursday,26,June,Sengupta Agencies,Sushil Das,Saurav Sinha,1st Link Road,Silchar Urban,OUT_22_009,1st Link Road Counter 9,Kirana Store,Medium,Market Street,No,Medium,Yes,Amul Kool Cafe 200ml (Can),Beverages,Flavoured Milk,Yes,No,Medium,Yes,Low,No,No,0,0,0.0,Yes,Purabi / Sting / Coke,Beverage sales slow due to rain,Slow Seasonal Movement (Rain),Yes,High,Slow Seasonal Movement (Rain),1st Link Road route. Heavy monsoon rainfall impacted soft drink sales; recorded steady sales for Amul Masti Buttermilk and Paneer.
2026-06-25,Thursday,26,June,Sengupta Agencies,Sushil Das,Saurav Sinha,1st Link Road,Silchar Urban,OUT_22_010,1st Link Road Counter 10,General Store,Medium,Market Street,Yes,Medium,Yes,Amul Tru Litchi 200ml,Beverages,Fruit Drinks,Yes,No,Medium,Yes,Low,No,No,0,0,0.0,Yes,Purabi / Sting / Coke,Beverage sales slow due to rain,Slow Seasonal Movement (Rain),Yes,High,Slow Seasonal Movement (Rain),1st Link Road route. Heavy monsoon rainfall impacted soft drink sales; recorded steady sales for Amul Masti Buttermilk and Paneer.
2026-06-25,Thursday,26,June,Sengupta Agencies,Sushil Das,Saurav Sinha,1st Link Road,Silchar Urban,OUT_22_010,1st Link Road Counter 10,General Store,Medium,Market Street,Yes,Medium,Yes,Amul Lassi 200ml,Beverages,Fermented Dairy,Yes,No,Medium,Yes,Low,No,No,0,0,0.0,Yes,Purabi / Sting / Coke,Beverage sales slow due to rain,Slow Seasonal Movement (Rain),Yes,High,Slow Seasonal Movement (Rain),1st Link Road route. Heavy monsoon rainfall impacted soft drink sales; recorded steady sales for Amul Masti Buttermilk and Paneer.
2026-06-25,Thursday,26,June,Sengupta Agencies,Sushil Das,Saurav Sinha,1st Link Road,Silchar Urban,OUT_22_010,1st Link Road Counter 10,General Store,Medium,Market Street,Yes,Medium,Yes,Amul Kool Cafe 200ml (Can),Beverages,Flavoured Milk,Yes,No,Medium,Yes,Low,No,No,0,0,0.0,Yes,Purabi / Sting / Coke,Beverage sales slow due to rain,Slow Seasonal Movement (Rain),Yes,High,Slow Seasonal Movement (Rain),1st Link Road route. Heavy monsoon rainfall impacted soft drink sales; recorded steady sales for Amul Masti Buttermilk and Paneer.
2026-06-25,Thursday,26,June,Sengupta Agencies,Sushil Das,Saurav Sinha,1st Link Road,Silchar Urban,OUT_22_011,1st Link Road Counter 11,Kirana Store,Medium,Market Street,Yes,Medium,Yes,Amul Tru Litchi 200ml,Beverages,Fruit Drinks,Yes,No,Medium,Yes,Low,No,No,0,0,0.0,Yes,Purabi / Sting / Coke,Beverage sales slow due to rain,Slow Seasonal Movement (Rain),Yes,High,Slow Seasonal Movement (Rain),1st Link Road route. Heavy monsoon rainfall impacted soft drink sales; recorded steady sales for Amul Masti Buttermilk and Paneer.
2026-06-25,Thursday,26,June,Sengupta Agencies,Sushil Das,Saurav Sinha,1st Link Road,Silchar Urban,OUT_22_011,1st Link Road Counter 11,Kirana Store,Medium,Market Street,Yes,Medium,Yes,Amul Lassi 200ml,Beverages,Fermented Dairy,Yes,No,Medium,Yes,Low,No,No,0,0,0.0,Yes,Purabi / Sting / Coke,Beverage sales slow due to rain,Slow Seasonal Movement (Rain),Yes,High,Slow Seasonal Movement (Rain),1st Link Road route. Heavy monsoon rainfall impacted soft drink sales; recorded steady sales for Amul Masti Buttermilk and Paneer.
2026-06-25,Thursday,26,June,Sengupta Agencies,Sushil Das,Saurav Sinha,1st Link Road,Silchar Urban,OUT_22_011,1st Link Road Counter 11,Kirana Store,Medium,Market Street,Yes,Medium,Yes,Amul Kool Cafe 200ml (Can),Beverages,Flavoured Milk,Yes,No,Medium,Yes,Low,No,No,0,0,0.0,Yes,Purabi / Sting / Coke,Beverage sales slow due to rain,Slow Seasonal Movement (Rain),Yes,High,Slow Seasonal Movement (Rain),1st Link Road route. Heavy monsoon rainfall impacted soft drink sales; recorded steady sales for Amul Masti Buttermilk and Paneer.
2026-06-25,Thursday,26,June,Sengupta Agencies,Sushil Das,Saurav Sinha,1st Link Road,Silchar Urban,OUT_22_012,1st Link Road Counter 12,General Store,Medium,Market Street,Yes,Medium,Yes,Amul Tru Litchi 200ml,Beverages,Fruit Drinks,Yes,No,Medium,Yes,Low,No,No,0,0,0.0,Yes,Purabi / Sting / Coke,Beverage sales slow due to rain,Slow Seasonal Movement (Rain),Yes,High,Slow Seasonal Movement (Rain),1st Link Road route. Heavy monsoon rainfall impacted soft drink sales; recorded steady sales for Amul Masti Buttermilk and Paneer.
2026-06-25,Thursday,26,June,Sengupta Agencies,Sushil Das,Saurav Sinha,1st Link Road,Silchar Urban,OUT_22_012,1st Link Road Counter 12,General Store,Medium,Market Street,Yes,Medium,Yes,Amul Lassi 200ml,Beverages,Fermented Dairy,Yes,No,Medium,Yes,Low,No,No,0,0,0.0,Yes,Purabi / Sting / Coke,Beverage sales slow due to rain,Slow Seasonal Movement (Rain),Yes,High,Slow Seasonal Movement (Rain),1st Link Road route. Heavy monsoon rainfall impacted soft drink sales; recorded steady sales for Amul Masti Buttermilk and Paneer.
2026-06-25,Thursday,26,June,Sengupta Agencies,Sushil Das,Saurav Sinha,1st Link Road,Silchar Urban,OUT_22_012,1st Link Road Counter 12,General Store,Medium,Market Street,Yes,Medium,Yes,Amul Kool Cafe 200ml (Can),Beverages,Flavoured Milk,Yes,No,Medium,Yes,Low,No,No,0,0,0.0,Yes,Purabi / Sting / Coke,Beverage sales slow due to rain,Slow Seasonal Movement (Rain),Yes,High,Slow Seasonal Movement (Rain),1st Link Road route. Heavy monsoon rainfall impacted soft drink sales; recorded steady sales for Amul Masti Buttermilk and Paneer.
2026-06-26,Friday,26,June,Sengupta Agencies,Sushil Das,Saurav Sinha,Sonai Road,Silchar Urban,OUT_23_566,Maa Basanti Pan Bhandar,Bakery & Confectionery,Medium,Commercial Market,Yes,High,Yes,Amul Kool Kesar 180ml (Can),Beverages,Flavoured Milk,Yes,No,High,Yes,High,Yes,Yes,24,24,715.2,Yes,Purabi / Coke / Sting,,None,No,Normal,,Sonai Road market beat. Placed Kool Kesar cans and Lassi in pan bhandars and confectionery stalls. Retailers requested weekly credit flexibility.
2026-06-26,Friday,26,June,Sengupta Agencies,Sushil Das,Saurav Sinha,Sonai Road,Silchar Urban,OUT_23_566,Maa Basanti Pan Bhandar,Kirana Store,Medium,Commercial Market,Yes,Medium,Yes,Amul Lassi 200ml,Beverages,Fermented Dairy,Yes,No,Medium,Yes,Medium,No,No,0,0,0,Yes,Purabi / Coke / Sting,Focus SKU rejected,Existing Stock Sufficient,Yes,Medium,Re-pitch during next weekly beat cycle,Sonai Road market beat. Placed Kool Kesar cans and Lassi in pan bhandars and confectionery stalls. Retailers requested weekly credit flexibility.
2026-06-26,Friday,26,June,Sengupta Agencies,Sushil Das,Saurav Sinha,Sonai Road,Silchar Urban,OUT_23_566,Maa Basanti Pan Bhandar,Kirana Store,Medium,Commercial Market,Yes,Medium,Yes,Amul Kool Cafe 200ml (Can),Beverages,Flavoured Milk,Yes,No,Medium,Yes,Medium,No,No,0,0,0,Yes,Purabi / Coke / Sting,Focus SKU rejected,Existing Stock Sufficient,Yes,Medium,Re-pitch during next weekly beat cycle,Sonai Road market beat. Placed Kool Kesar cans and Lassi in pan bhandars and confectionery stalls. Retailers requested weekly credit flexibility.
2026-06-26,Friday,26,June,Sengupta Agencies,Sushil Das,Saurav Sinha,Sonai Road,Silchar Urban,OUT_23_566,Maa Basanti Pan Bhandar,Kirana Store,Medium,Commercial Market,Yes,Medium,Yes,Amul Tinned Paneer 425g,Dairy,Paneer,Yes,No,Medium,Yes,Medium,No,No,0,0,0,Yes,Purabi / Coke / Sting,Focus SKU rejected,Existing Stock Sufficient,Yes,Medium,Re-pitch during next weekly beat cycle,Sonai Road market beat. Placed Kool Kesar cans and Lassi in pan bhandars and confectionery stalls. Retailers requested weekly credit flexibility.
2026-06-26,Friday,26,June,Sengupta Agencies,Sushil Das,Saurav Sinha,Sonai Road,Silchar Urban,OUT_23_566,Maa Basanti Pan Bhandar,Kirana Store,Medium,Commercial Market,Yes,Medium,Yes,Amul Butter 50g (₹35 Small Pack),Dairy,Butter,Yes,No,Medium,Yes,Medium,No,No,0,0,0,Yes,Purabi / Coke / Sting,Focus SKU rejected,Existing Stock Sufficient,Yes,Medium,Re-pitch during next weekly beat cycle,Sonai Road market beat. Placed Kool Kesar cans and Lassi in pan bhandars and confectionery stalls. Retailers requested weekly credit flexibility.
2026-06-26,Friday,26,June,Sengupta Agencies,Sushil Das,Saurav Sinha,Sonai Road,Silchar Urban,OUT_23_598,Biponi,Bakery & Confectionery,Medium,Commercial Market,Yes,High,Yes,Amul Lassi 200ml,Beverages,Fermented Dairy,Yes,No,High,Yes,High,Yes,Yes,30,30,391.2,Yes,Purabi / Coke / Sting,,None,No,Normal,,Sonai Road market beat. Placed Kool Kesar cans and Lassi in pan bhandars and confectionery stalls. Retailers requested weekly credit flexibility.
2026-06-26,Friday,26,June,Sengupta Agencies,Sushil Das,Saurav Sinha,Sonai Road,Silchar Urban,OUT_23_598,Biponi,Bakery & Confectionery,Medium,Commercial Market,Yes,High,Yes,Amul Kool Kesar 180ml (Can),Beverages,Flavoured Milk,Yes,No,High,Yes,High,Yes,Yes,24,24,715.2,Yes,Purabi / Coke / Sting,,None,No,Normal,,Sonai Road market beat. Placed Kool Kesar cans and Lassi in pan bhandars and confectionery stalls. Retailers requested weekly credit flexibility.
2026-06-26,Friday,26,June,Sengupta Agencies,Sushil Das,Saurav Sinha,Sonai Road,Silchar Urban,OUT_23_598,Biponi,Bakery & Confectionery,Medium,Commercial Market,Yes,High,Yes,Amul Tru Mango 200ml,Beverages,Fruit Drinks,Yes,No,High,Yes,High,Yes,Yes,30,30,385.8,Yes,Purabi / Coke / Sting,,None,No,Normal,,Sonai Road market beat. Placed Kool Kesar cans and Lassi in pan bhandars and confectionery stalls. Retailers requested weekly credit flexibility.
2026-06-26,Friday,26,June,Sengupta Agencies,Sushil Das,Saurav Sinha,Sonai Road,Silchar Urban,OUT_23_598,Biponi,Kirana Store,Medium,Commercial Market,Yes,Medium,Yes,Amul Kool Cafe 200ml (Can),Beverages,Flavoured Milk,Yes,No,Medium,Yes,Medium,No,No,0,0,0,Yes,Purabi / Coke / Sting,Focus SKU rejected,Existing Stock Sufficient,Yes,Medium,Re-pitch during next weekly beat cycle,Sonai Road market beat. Placed Kool Kesar cans and Lassi in pan bhandars and confectionery stalls. Retailers requested weekly credit flexibility.
2026-06-26,Friday,26,June,Sengupta Agencies,Sushil Das,Saurav Sinha,Sonai Road,Silchar Urban,OUT_23_598,Biponi,Kirana Store,Medium,Commercial Market,Yes,Medium,Yes,Amul Tinned Paneer 425g,Dairy,Paneer,Yes,No,Medium,Yes,Medium,No,No,0,0,0,Yes,Purabi / Coke / Sting,Focus SKU rejected,Existing Stock Sufficient,Yes,Medium,Re-pitch during next weekly beat cycle,Sonai Road market beat. Placed Kool Kesar cans and Lassi in pan bhandars and confectionery stalls. Retailers requested weekly credit flexibility.
2026-06-26,Friday,26,June,Sengupta Agencies,Sushil Das,Saurav Sinha,Sonai Road,Silchar Urban,OUT_23_598,Biponi,Kirana Store,Medium,Commercial Market,Yes,Medium,Yes,Amul Butter 50g (₹35 Small Pack),Dairy,Butter,Yes,No,Medium,Yes,Medium,No,No,0,0,0,Yes,Purabi / Coke / Sting,Focus SKU rejected,Existing Stock Sufficient,Yes,Medium,Re-pitch during next weekly beat cycle,Sonai Road market beat. Placed Kool Kesar cans and Lassi in pan bhandars and confectionery stalls. Retailers requested weekly credit flexibility.
2026-06-26,Friday,26,June,Sengupta Agencies,Sushil Das,Saurav Sinha,Sonai Road,Silchar Urban,OUT_23_097,Nanda Bhandar,Bakery & Confectionery,Medium,Commercial Market,Yes,High,Yes,Amul Kool Kesar 180ml (Can),Beverages,Flavoured Milk,Yes,No,High,Yes,High,Yes,Yes,24,24,715.2,Yes,Purabi / Coke / Sting,,None,No,Normal,,Sonai Road market beat. Placed Kool Kesar cans and Lassi in pan bhandars and confectionery stalls. Retailers requested weekly credit flexibility.
2026-06-26,Friday,26,June,Sengupta Agencies,Sushil Das,Saurav Sinha,Sonai Road,Silchar Urban,OUT_23_097,Nanda Bhandar,Kirana Store,Medium,Commercial Market,Yes,Medium,Yes,Amul Lassi 200ml,Beverages,Fermented Dairy,Yes,No,Medium,Yes,Medium,No,No,0,0,0,Yes,Purabi / Coke / Sting,Focus SKU rejected,Existing Stock Sufficient,Yes,Medium,Re-pitch during next weekly beat cycle,Sonai Road market beat. Placed Kool Kesar cans and Lassi in pan bhandars and confectionery stalls. Retailers requested weekly credit flexibility.
2026-06-26,Friday,26,June,Sengupta Agencies,Sushil Das,Saurav Sinha,Sonai Road,Silchar Urban,OUT_23_097,Nanda Bhandar,Kirana Store,Medium,Commercial Market,Yes,Medium,Yes,Amul Kool Cafe 200ml (Can),Beverages,Flavoured Milk,Yes,No,Medium,Yes,Medium,No,No,0,0,0,Yes,Purabi / Coke / Sting,Focus SKU rejected,Existing Stock Sufficient,Yes,Medium,Re-pitch during next weekly beat cycle,Sonai Road market beat. Placed Kool Kesar cans and Lassi in pan bhandars and confectionery stalls. Retailers requested weekly credit flexibility.
2026-06-26,Friday,26,June,Sengupta Agencies,Sushil Das,Saurav Sinha,Sonai Road,Silchar Urban,OUT_23_097,Nanda Bhandar,Kirana Store,Medium,Commercial Market,Yes,Medium,Yes,Amul Tinned Paneer 425g,Dairy,Paneer,Yes,No,Medium,Yes,Medium,No,No,0,0,0,Yes,Purabi / Coke / Sting,Focus SKU rejected,Existing Stock Sufficient,Yes,Medium,Re-pitch during next weekly beat cycle,Sonai Road market beat. Placed Kool Kesar cans and Lassi in pan bhandars and confectionery stalls. Retailers requested weekly credit flexibility.
2026-06-26,Friday,26,June,Sengupta Agencies,Sushil Das,Saurav Sinha,Sonai Road,Silchar Urban,OUT_23_097,Nanda Bhandar,Kirana Store,Medium,Commercial Market,Yes,Medium,Yes,Amul Butter 50g (₹35 Small Pack),Dairy,Butter,Yes,No,Medium,Yes,Medium,No,No,0,0,0,Yes,Purabi / Coke / Sting,Focus SKU rejected,Existing Stock Sufficient,Yes,Medium,Re-pitch during next weekly beat cycle,Sonai Road market beat. Placed Kool Kesar cans and Lassi in pan bhandars and confectionery stalls. Retailers requested weekly credit flexibility.
2026-06-26,Friday,26,June,Sengupta Agencies,Sushil Das,Saurav Sinha,Sonai Road,Silchar Urban,OUT_23_566,Radha Raman Bhandar,Bakery & Confectionery,Medium,Commercial Market,Yes,High,Yes,Amul Lassi 200ml,Beverages,Fermented Dairy,Yes,No,High,Yes,High,Yes,Yes,60,60,782.4,Yes,Purabi / Coke / Sting,,None,No,Normal,,Sonai Road market beat. Placed Kool Kesar cans and Lassi in pan bhandars and confectionery stalls. Retailers requested weekly credit flexibility.
2026-06-26,Friday,26,June,Sengupta Agencies,Sushil Das,Saurav Sinha,Sonai Road,Silchar Urban,OUT_23_566,Radha Raman Bhandar,Kirana Store,Medium,Commercial Market,Yes,Medium,Yes,Amul Kool Cafe 200ml (Can),Beverages,Flavoured Milk,Yes,No,Medium,Yes,Medium,No,No,0,0,0,Yes,Purabi / Coke / Sting,Focus SKU rejected,Existing Stock Sufficient,Yes,Medium,Re-pitch during next weekly beat cycle,Sonai Road market beat. Placed Kool Kesar cans and Lassi in pan bhandars and confectionery stalls. Retailers requested weekly credit flexibility.
2026-06-26,Friday,26,June,Sengupta Agencies,Sushil Das,Saurav Sinha,Sonai Road,Silchar Urban,OUT_23_566,Radha Raman Bhandar,Kirana Store,Medium,Commercial Market,Yes,Medium,Yes,Amul Tinned Paneer 425g,Dairy,Paneer,Yes,No,Medium,Yes,Medium,No,No,0,0,0,Yes,Purabi / Coke / Sting,Focus SKU rejected,Existing Stock Sufficient,Yes,Medium,Re-pitch during next weekly beat cycle,Sonai Road market beat. Placed Kool Kesar cans and Lassi in pan bhandars and confectionery stalls. Retailers requested weekly credit flexibility.
2026-06-26,Friday,26,June,Sengupta Agencies,Sushil Das,Saurav Sinha,Sonai Road,Silchar Urban,OUT_23_566,Radha Raman Bhandar,Kirana Store,Medium,Commercial Market,Yes,Medium,Yes,Amul Butter 50g (₹35 Small Pack),Dairy,Butter,Yes,No,Medium,Yes,Medium,No,No,0,0,0,Yes,Purabi / Coke / Sting,Focus SKU rejected,Existing Stock Sufficient,Yes,Medium,Re-pitch during next weekly beat cycle,Sonai Road market beat. Placed Kool Kesar cans and Lassi in pan bhandars and confectionery stalls. Retailers requested weekly credit flexibility.
2026-06-26,Friday,26,June,Sengupta Agencies,Sushil Das,Saurav Sinha,Sonai Road,Silchar Urban,OUT_23_005,Sonai Road Counter 5,Kirana Store,Medium,Market Street,No,Medium,Yes,Amul Lassi 200ml,Beverages,Fermented Dairy,Yes,No,Medium,Yes,Low,No,No,0,0,0.0,Yes,Purabi / Sting / Coke,Existing inventory unsold,Stock Already Available,Yes,High,Stock Already Available,Sonai Road market beat. Placed Kool Kesar cans and Lassi in pan bhandars and confectionery stalls. Retailers requested weekly credit flexibility.
2026-06-26,Friday,26,June,Sengupta Agencies,Sushil Das,Saurav Sinha,Sonai Road,Silchar Urban,OUT_23_005,Sonai Road Counter 5,Kirana Store,Medium,Market Street,No,Medium,Yes,Amul Kool Cafe 200ml (Can),Beverages,Flavoured Milk,Yes,No,Medium,Yes,Low,No,No,0,0,0.0,Yes,Purabi / Sting / Coke,Existing inventory unsold,Stock Already Available,Yes,High,Stock Already Available,Sonai Road market beat. Placed Kool Kesar cans and Lassi in pan bhandars and confectionery stalls. Retailers requested weekly credit flexibility.
2026-06-26,Friday,26,June,Sengupta Agencies,Sushil Das,Saurav Sinha,Sonai Road,Silchar Urban,OUT_23_005,Sonai Road Counter 5,Kirana Store,Medium,Market Street,No,Medium,Yes,Amul Tinned Paneer 425g,Dairy,Paneer,Yes,No,Medium,Yes,Low,No,No,0,0,0.0,Yes,Purabi / Sting / Coke,Existing inventory unsold,Stock Already Available,Yes,High,Stock Already Available,Sonai Road market beat. Placed Kool Kesar cans and Lassi in pan bhandars and confectionery stalls. Retailers requested weekly credit flexibility.
2026-06-26,Friday,26,June,Sengupta Agencies,Sushil Das,Saurav Sinha,Sonai Road,Silchar Urban,OUT_23_006,Sonai Road Counter 6,General Store,Medium,Market Street,Yes,Medium,Yes,Amul Lassi 200ml,Beverages,Fermented Dairy,Yes,No,Medium,Yes,Low,No,No,0,0,0.0,Yes,Purabi / Sting / Coke,Existing inventory unsold,Stock Already Available,Yes,High,Stock Already Available,Sonai Road market beat. Placed Kool Kesar cans and Lassi in pan bhandars and confectionery stalls. Retailers requested weekly credit flexibility.
2026-06-26,Friday,26,June,Sengupta Agencies,Sushil Das,Saurav Sinha,Sonai Road,Silchar Urban,OUT_23_006,Sonai Road Counter 6,General Store,Medium,Market Street,Yes,Medium,Yes,Amul Kool Cafe 200ml (Can),Beverages,Flavoured Milk,Yes,No,Medium,Yes,Low,No,No,0,0,0.0,Yes,Purabi / Sting / Coke,Existing inventory unsold,Stock Already Available,Yes,High,Stock Already Available,Sonai Road market beat. Placed Kool Kesar cans and Lassi in pan bhandars and confectionery stalls. Retailers requested weekly credit flexibility.
2026-06-26,Friday,26,June,Sengupta Agencies,Sushil Das,Saurav Sinha,Sonai Road,Silchar Urban,OUT_23_006,Sonai Road Counter 6,General Store,Medium,Market Street,Yes,Medium,Yes,Amul Tinned Paneer 425g,Dairy,Paneer,Yes,No,Medium,Yes,Low,No,No,0,0,0.0,Yes,Purabi / Sting / Coke,Existing inventory unsold,Stock Already Available,Yes,High,Stock Already Available,Sonai Road market beat. Placed Kool Kesar cans and Lassi in pan bhandars and confectionery stalls. Retailers requested weekly credit flexibility.
2026-06-26,Friday,26,June,Sengupta Agencies,Sushil Das,Saurav Sinha,Sonai Road,Silchar Urban,OUT_23_007,Sonai Road Counter 7,Kirana Store,Medium,Market Street,Yes,Medium,Yes,Amul Lassi 200ml,Beverages,Fermented Dairy,Yes,No,Medium,Yes,Low,No,No,0,0,0.0,Yes,Purabi / Sting / Coke,Existing inventory unsold,Stock Already Available,Yes,High,Stock Already Available,Sonai Road market beat. Placed Kool Kesar cans and Lassi in pan bhandars and confectionery stalls. Retailers requested weekly credit flexibility.
2026-06-26,Friday,26,June,Sengupta Agencies,Sushil Das,Saurav Sinha,Sonai Road,Silchar Urban,OUT_23_007,Sonai Road Counter 7,Kirana Store,Medium,Market Street,Yes,Medium,Yes,Amul Kool Cafe 200ml (Can),Beverages,Flavoured Milk,Yes,No,Medium,Yes,Low,No,No,0,0,0.0,Yes,Purabi / Sting / Coke,Existing inventory unsold,Stock Already Available,Yes,High,Stock Already Available,Sonai Road market beat. Placed Kool Kesar cans and Lassi in pan bhandars and confectionery stalls. Retailers requested weekly credit flexibility.
2026-06-26,Friday,26,June,Sengupta Agencies,Sushil Das,Saurav Sinha,Sonai Road,Silchar Urban,OUT_23_007,Sonai Road Counter 7,Kirana Store,Medium,Market Street,Yes,Medium,Yes,Amul Tinned Paneer 425g,Dairy,Paneer,Yes,No,Medium,Yes,Low,No,No,0,0,0.0,Yes,Purabi / Sting / Coke,Existing inventory unsold,Stock Already Available,Yes,High,Stock Already Available,Sonai Road market beat. Placed Kool Kesar cans and Lassi in pan bhandars and confectionery stalls. Retailers requested weekly credit flexibility.
2026-06-26,Friday,26,June,Sengupta Agencies,Sushil Das,Saurav Sinha,Sonai Road,Silchar Urban,OUT_23_008,Sonai Road Counter 8,General Store,Medium,Market Street,Yes,Medium,Yes,Amul Lassi 200ml,Beverages,Fermented Dairy,Yes,No,Medium,Yes,Low,No,No,0,0,0.0,Yes,Purabi / Sting / Coke,Existing inventory unsold,Stock Already Available,Yes,High,Stock Already Available,Sonai Road market beat. Placed Kool Kesar cans and Lassi in pan bhandars and confectionery stalls. Retailers requested weekly credit flexibility.
2026-06-26,Friday,26,June,Sengupta Agencies,Sushil Das,Saurav Sinha,Sonai Road,Silchar Urban,OUT_23_008,Sonai Road Counter 8,General Store,Medium,Market Street,Yes,Medium,Yes,Amul Kool Cafe 200ml (Can),Beverages,Flavoured Milk,Yes,No,Medium,Yes,Low,No,No,0,0,0.0,Yes,Purabi / Sting / Coke,Existing inventory unsold,Stock Already Available,Yes,High,Stock Already Available,Sonai Road market beat. Placed Kool Kesar cans and Lassi in pan bhandars and confectionery stalls. Retailers requested weekly credit flexibility.
2026-06-26,Friday,26,June,Sengupta Agencies,Sushil Das,Saurav Sinha,Sonai Road,Silchar Urban,OUT_23_008,Sonai Road Counter 8,General Store,Medium,Market Street,Yes,Medium,Yes,Amul Tinned Paneer 425g,Dairy,Paneer,Yes,No,Medium,Yes,Low,No,No,0,0,0.0,Yes,Purabi / Sting / Coke,Existing inventory unsold,Stock Already Available,Yes,High,Stock Already Available,Sonai Road market beat. Placed Kool Kesar cans and Lassi in pan bhandars and confectionery stalls. Retailers requested weekly credit flexibility.
2026-06-26,Friday,26,June,Sengupta Agencies,Sushil Das,Saurav Sinha,Sonai Road,Silchar Urban,OUT_23_009,Sonai Road Counter 9,Kirana Store,Medium,Market Street,No,Medium,Yes,Amul Lassi 200ml,Beverages,Fermented Dairy,Yes,No,Medium,Yes,Low,No,No,0,0,0.0,Yes,Purabi / Sting / Coke,Existing inventory unsold,Stock Already Available,Yes,High,Stock Already Available,Sonai Road market beat. Placed Kool Kesar cans and Lassi in pan bhandars and confectionery stalls. Retailers requested weekly credit flexibility.
2026-06-26,Friday,26,June,Sengupta Agencies,Sushil Das,Saurav Sinha,Sonai Road,Silchar Urban,OUT_23_009,Sonai Road Counter 9,Kirana Store,Medium,Market Street,No,Medium,Yes,Amul Kool Cafe 200ml (Can),Beverages,Flavoured Milk,Yes,No,Medium,Yes,Low,No,No,0,0,0.0,Yes,Purabi / Sting / Coke,Existing inventory unsold,Stock Already Available,Yes,High,Stock Already Available,Sonai Road market beat. Placed Kool Kesar cans and Lassi in pan bhandars and confectionery stalls. Retailers requested weekly credit flexibility.
2026-06-26,Friday,26,June,Sengupta Agencies,Sushil Das,Saurav Sinha,Sonai Road,Silchar Urban,OUT_23_009,Sonai Road Counter 9,Kirana Store,Medium,Market Street,No,Medium,Yes,Amul Tinned Paneer 425g,Dairy,Paneer,Yes,No,Medium,Yes,Low,No,No,0,0,0.0,Yes,Purabi / Sting / Coke,Existing inventory unsold,Stock Already Available,Yes,High,Stock Already Available,Sonai Road market beat. Placed Kool Kesar cans and Lassi in pan bhandars and confectionery stalls. Retailers requested weekly credit flexibility.
2026-06-26,Friday,26,June,Sengupta Agencies,Sushil Das,Saurav Sinha,Sonai Road,Silchar Urban,OUT_23_010,Sonai Road Counter 10,General Store,Medium,Market Street,Yes,Medium,Yes,Amul Lassi 200ml,Beverages,Fermented Dairy,Yes,No,Medium,Yes,Low,No,No,0,0,0.0,Yes,Purabi / Sting / Coke,Existing inventory unsold,Stock Already Available,Yes,High,Stock Already Available,Sonai Road market beat. Placed Kool Kesar cans and Lassi in pan bhandars and confectionery stalls. Retailers requested weekly credit flexibility.
2026-06-26,Friday,26,June,Sengupta Agencies,Sushil Das,Saurav Sinha,Sonai Road,Silchar Urban,OUT_23_010,Sonai Road Counter 10,General Store,Medium,Market Street,Yes,Medium,Yes,Amul Kool Cafe 200ml (Can),Beverages,Flavoured Milk,Yes,No,Medium,Yes,Low,No,No,0,0,0.0,Yes,Purabi / Sting / Coke,Existing inventory unsold,Stock Already Available,Yes,High,Stock Already Available,Sonai Road market beat. Placed Kool Kesar cans and Lassi in pan bhandars and confectionery stalls. Retailers requested weekly credit flexibility.
2026-06-26,Friday,26,June,Sengupta Agencies,Sushil Das,Saurav Sinha,Sonai Road,Silchar Urban,OUT_23_010,Sonai Road Counter 10,General Store,Medium,Market Street,Yes,Medium,Yes,Amul Tinned Paneer 425g,Dairy,Paneer,Yes,No,Medium,Yes,Low,No,No,0,0,0.0,Yes,Purabi / Sting / Coke,Existing inventory unsold,Stock Already Available,Yes,High,Stock Already Available,Sonai Road market beat. Placed Kool Kesar cans and Lassi in pan bhandars and confectionery stalls. Retailers requested weekly credit flexibility.
2026-06-27,Saturday,26,June,Sengupta Agencies,Sushil Das,Saurav Sinha,National Highway,Silchar Urban,OUT_24_001,National Highway Counter 1,Kirana Store,Medium,Market Street,No,Medium,Yes,Amul Kool Cafe 200ml (Can),Beverages,Flavoured Milk,Yes,No,Medium,Yes,High,Yes,Yes,24,24,817.2,Yes,Purabi / Sting / Coke,,None,No,Low,None,National Highway route run. Retailers noted rain dampening cold beverage demand; placed Tru Fruit Drinks and long-life dairy products.
2026-06-27,Saturday,26,June,Sengupta Agencies,Sushil Das,Saurav Sinha,National Highway,Silchar Urban,OUT_24_001,National Highway Counter 1,Kirana Store,Medium,Market Street,No,Medium,Yes,Amul Tinned Paneer 425g,Dairy,Paneer,Yes,No,Medium,Yes,High,Yes,Yes,24,24,3024.0,Yes,Purabi / Sting / Coke,,None,No,Low,None,National Highway route run. Retailers noted rain dampening cold beverage demand; placed Tru Fruit Drinks and long-life dairy products.
2026-06-27,Saturday,26,June,Sengupta Agencies,Sushil Das,Saurav Sinha,National Highway,Silchar Urban,OUT_24_001,National Highway Counter 1,Kirana Store,Medium,Market Street,No,Medium,Yes,Amul Butter 50g (₹35 Small Pack),Dairy,Butter,Yes,No,Medium,Yes,Low,No,No,0,0,0.0,Yes,Purabi / Sting / Coke,Beverage sales slow due to rain,Slow Seasonal Movement (Rain),Yes,High,Slow Seasonal Movement (Rain),National Highway route run. Retailers noted rain dampening cold beverage demand; placed Tru Fruit Drinks and long-life dairy products.
2026-06-27,Saturday,26,June,Sengupta Agencies,Sushil Das,Saurav Sinha,National Highway,Silchar Urban,OUT_24_002,National Highway Counter 2,General Store,Medium,Market Street,Yes,Medium,Yes,Amul Kool Cafe 200ml (Can),Beverages,Flavoured Milk,Yes,No,Medium,Yes,High,Yes,Yes,24,24,817.2,Yes,Purabi / Sting / Coke,,None,No,Low,None,National Highway route run. Retailers noted rain dampening cold beverage demand; placed Tru Fruit Drinks and long-life dairy products.
2026-06-27,Saturday,26,June,Sengupta Agencies,Sushil Das,Saurav Sinha,National Highway,Silchar Urban,OUT_24_002,National Highway Counter 2,General Store,Medium,Market Street,Yes,Medium,Yes,Amul Tinned Paneer 425g,Dairy,Paneer,Yes,No,Medium,Yes,Low,No,No,0,0,0.0,Yes,Purabi / Sting / Coke,Beverage sales slow due to rain,Slow Seasonal Movement (Rain),Yes,High,Slow Seasonal Movement (Rain),National Highway route run. Retailers noted rain dampening cold beverage demand; placed Tru Fruit Drinks and long-life dairy products.
2026-06-27,Saturday,26,June,Sengupta Agencies,Sushil Das,Saurav Sinha,National Highway,Silchar Urban,OUT_24_002,National Highway Counter 2,General Store,Medium,Market Street,Yes,Medium,Yes,Amul Butter 50g (₹35 Small Pack),Dairy,Butter,Yes,No,Medium,Yes,Low,No,No,0,0,0.0,Yes,Purabi / Sting / Coke,Beverage sales slow due to rain,Slow Seasonal Movement (Rain),Yes,High,Slow Seasonal Movement (Rain),National Highway route run. Retailers noted rain dampening cold beverage demand; placed Tru Fruit Drinks and long-life dairy products.
2026-06-27,Saturday,26,June,Sengupta Agencies,Sushil Das,Saurav Sinha,National Highway,Silchar Urban,OUT_24_003,National Highway Counter 3,Kirana Store,Medium,Market Street,Yes,Medium,Yes,Amul Kool Cafe 200ml (Can),Beverages,Flavoured Milk,Yes,No,Medium,Yes,High,Yes,Yes,24,24,817.2,Yes,Purabi / Sting / Coke,,None,No,Low,None,National Highway route run. Retailers noted rain dampening cold beverage demand; placed Tru Fruit Drinks and long-life dairy products.
2026-06-27,Saturday,26,June,Sengupta Agencies,Sushil Das,Saurav Sinha,National Highway,Silchar Urban,OUT_24_003,National Highway Counter 3,Kirana Store,Medium,Market Street,Yes,Medium,Yes,Amul Tinned Paneer 425g,Dairy,Paneer,Yes,No,Medium,Yes,High,Yes,Yes,24,24,3024.0,Yes,Purabi / Sting / Coke,,None,No,Low,None,National Highway route run. Retailers noted rain dampening cold beverage demand; placed Tru Fruit Drinks and long-life dairy products.
2026-06-27,Saturday,26,June,Sengupta Agencies,Sushil Das,Saurav Sinha,National Highway,Silchar Urban,OUT_24_003,National Highway Counter 3,Kirana Store,Medium,Market Street,Yes,Medium,Yes,Amul Butter 50g (₹35 Small Pack),Dairy,Butter,Yes,No,Medium,Yes,Low,No,No,0,0,0.0,Yes,Purabi / Sting / Coke,Beverage sales slow due to rain,Slow Seasonal Movement (Rain),Yes,High,Slow Seasonal Movement (Rain),National Highway route run. Retailers noted rain dampening cold beverage demand; placed Tru Fruit Drinks and long-life dairy products.
2026-06-27,Saturday,26,June,Sengupta Agencies,Sushil Das,Saurav Sinha,National Highway,Silchar Urban,OUT_24_004,National Highway Counter 4,General Store,Medium,Market Street,Yes,Medium,Yes,Amul Kool Cafe 200ml (Can),Beverages,Flavoured Milk,Yes,No,Medium,Yes,Low,No,No,0,0,0.0,Yes,Purabi / Sting / Coke,Beverage sales slow due to rain,Slow Seasonal Movement (Rain),Yes,High,Slow Seasonal Movement (Rain),National Highway route run. Retailers noted rain dampening cold beverage demand; placed Tru Fruit Drinks and long-life dairy products.
2026-06-27,Saturday,26,June,Sengupta Agencies,Sushil Das,Saurav Sinha,National Highway,Silchar Urban,OUT_24_004,National Highway Counter 4,General Store,Medium,Market Street,Yes,Medium,Yes,Amul Tinned Paneer 425g,Dairy,Paneer,Yes,No,Medium,Yes,Low,No,No,0,0,0.0,Yes,Purabi / Sting / Coke,Beverage sales slow due to rain,Slow Seasonal Movement (Rain),Yes,High,Slow Seasonal Movement (Rain),National Highway route run. Retailers noted rain dampening cold beverage demand; placed Tru Fruit Drinks and long-life dairy products.
2026-06-27,Saturday,26,June,Sengupta Agencies,Sushil Das,Saurav Sinha,National Highway,Silchar Urban,OUT_24_004,National Highway Counter 4,General Store,Medium,Market Street,Yes,Medium,Yes,Amul Butter 50g (₹35 Small Pack),Dairy,Butter,Yes,No,Medium,Yes,Low,No,No,0,0,0.0,Yes,Purabi / Sting / Coke,Beverage sales slow due to rain,Slow Seasonal Movement (Rain),Yes,High,Slow Seasonal Movement (Rain),National Highway route run. Retailers noted rain dampening cold beverage demand; placed Tru Fruit Drinks and long-life dairy products.
2026-06-27,Saturday,26,June,Sengupta Agencies,Sushil Das,Saurav Sinha,National Highway,Silchar Urban,OUT_24_005,National Highway Counter 5,Kirana Store,Medium,Market Street,No,Medium,Yes,Amul Kool Cafe 200ml (Can),Beverages,Flavoured Milk,Yes,No,Medium,Yes,Low,No,No,0,0,0.0,Yes,Purabi / Sting / Coke,Beverage sales slow due to rain,Slow Seasonal Movement (Rain),Yes,High,Slow Seasonal Movement (Rain),National Highway route run. Retailers noted rain dampening cold beverage demand; placed Tru Fruit Drinks and long-life dairy products.
2026-06-27,Saturday,26,June,Sengupta Agencies,Sushil Das,Saurav Sinha,National Highway,Silchar Urban,OUT_24_005,National Highway Counter 5,Kirana Store,Medium,Market Street,No,Medium,Yes,Amul Tinned Paneer 425g,Dairy,Paneer,Yes,No,Medium,Yes,Low,No,No,0,0,0.0,Yes,Purabi / Sting / Coke,Beverage sales slow due to rain,Slow Seasonal Movement (Rain),Yes,High,Slow Seasonal Movement (Rain),National Highway route run. Retailers noted rain dampening cold beverage demand; placed Tru Fruit Drinks and long-life dairy products.
2026-06-27,Saturday,26,June,Sengupta Agencies,Sushil Das,Saurav Sinha,National Highway,Silchar Urban,OUT_24_005,National Highway Counter 5,Kirana Store,Medium,Market Street,No,Medium,Yes,Amul Butter 50g (₹35 Small Pack),Dairy,Butter,Yes,No,Medium,Yes,Low,No,No,0,0,0.0,Yes,Purabi / Sting / Coke,Beverage sales slow due to rain,Slow Seasonal Movement (Rain),Yes,High,Slow Seasonal Movement (Rain),National Highway route run. Retailers noted rain dampening cold beverage demand; placed Tru Fruit Drinks and long-life dairy products.
2026-06-27,Saturday,26,June,Sengupta Agencies,Sushil Das,Saurav Sinha,National Highway,Silchar Urban,OUT_24_006,National Highway Counter 6,General Store,Medium,Market Street,Yes,Medium,Yes,Amul Kool Cafe 200ml (Can),Beverages,Flavoured Milk,Yes,No,Medium,Yes,Low,No,No,0,0,0.0,Yes,Purabi / Sting / Coke,Beverage sales slow due to rain,Slow Seasonal Movement (Rain),Yes,High,Slow Seasonal Movement (Rain),National Highway route run. Retailers noted rain dampening cold beverage demand; placed Tru Fruit Drinks and long-life dairy products.
2026-06-27,Saturday,26,June,Sengupta Agencies,Sushil Das,Saurav Sinha,National Highway,Silchar Urban,OUT_24_006,National Highway Counter 6,General Store,Medium,Market Street,Yes,Medium,Yes,Amul Tinned Paneer 425g,Dairy,Paneer,Yes,No,Medium,Yes,Low,No,No,0,0,0.0,Yes,Purabi / Sting / Coke,Beverage sales slow due to rain,Slow Seasonal Movement (Rain),Yes,High,Slow Seasonal Movement (Rain),National Highway route run. Retailers noted rain dampening cold beverage demand; placed Tru Fruit Drinks and long-life dairy products.
2026-06-27,Saturday,26,June,Sengupta Agencies,Sushil Das,Saurav Sinha,National Highway,Silchar Urban,OUT_24_006,National Highway Counter 6,General Store,Medium,Market Street,Yes,Medium,Yes,Amul Butter 50g (₹35 Small Pack),Dairy,Butter,Yes,No,Medium,Yes,Low,No,No,0,0,0.0,Yes,Purabi / Sting / Coke,Beverage sales slow due to rain,Slow Seasonal Movement (Rain),Yes,High,Slow Seasonal Movement (Rain),National Highway route run. Retailers noted rain dampening cold beverage demand; placed Tru Fruit Drinks and long-life dairy products.
2026-06-27,Saturday,26,June,Sengupta Agencies,Sushil Das,Saurav Sinha,National Highway,Silchar Urban,OUT_24_007,National Highway Counter 7,Kirana Store,Medium,Market Street,Yes,Medium,Yes,Amul Kool Cafe 200ml (Can),Beverages,Flavoured Milk,Yes,No,Medium,Yes,Low,No,No,0,0,0.0,Yes,Purabi / Sting / Coke,Beverage sales slow due to rain,Slow Seasonal Movement (Rain),Yes,High,Slow Seasonal Movement (Rain),National Highway route run. Retailers noted rain dampening cold beverage demand; placed Tru Fruit Drinks and long-life dairy products.
2026-06-27,Saturday,26,June,Sengupta Agencies,Sushil Das,Saurav Sinha,National Highway,Silchar Urban,OUT_24_007,National Highway Counter 7,Kirana Store,Medium,Market Street,Yes,Medium,Yes,Amul Tinned Paneer 425g,Dairy,Paneer,Yes,No,Medium,Yes,Low,No,No,0,0,0.0,Yes,Purabi / Sting / Coke,Beverage sales slow due to rain,Slow Seasonal Movement (Rain),Yes,High,Slow Seasonal Movement (Rain),National Highway route run. Retailers noted rain dampening cold beverage demand; placed Tru Fruit Drinks and long-life dairy products.
2026-06-27,Saturday,26,June,Sengupta Agencies,Sushil Das,Saurav Sinha,National Highway,Silchar Urban,OUT_24_007,National Highway Counter 7,Kirana Store,Medium,Market Street,Yes,Medium,Yes,Amul Butter 50g (₹35 Small Pack),Dairy,Butter,Yes,No,Medium,Yes,Low,No,No,0,0,0.0,Yes,Purabi / Sting / Coke,Beverage sales slow due to rain,Slow Seasonal Movement (Rain),Yes,High,Slow Seasonal Movement (Rain),National Highway route run. Retailers noted rain dampening cold beverage demand; placed Tru Fruit Drinks and long-life dairy products.
2026-06-27,Saturday,26,June,Sengupta Agencies,Sushil Das,Saurav Sinha,National Highway,Silchar Urban,OUT_24_008,National Highway Counter 8,General Store,Medium,Market Street,Yes,Medium,Yes,Amul Kool Cafe 200ml (Can),Beverages,Flavoured Milk,Yes,No,Medium,Yes,Low,No,No,0,0,0.0,Yes,Purabi / Sting / Coke,Beverage sales slow due to rain,Slow Seasonal Movement (Rain),Yes,High,Slow Seasonal Movement (Rain),National Highway route run. Retailers noted rain dampening cold beverage demand; placed Tru Fruit Drinks and long-life dairy products.
2026-06-27,Saturday,26,June,Sengupta Agencies,Sushil Das,Saurav Sinha,National Highway,Silchar Urban,OUT_24_008,National Highway Counter 8,General Store,Medium,Market Street,Yes,Medium,Yes,Amul Tinned Paneer 425g,Dairy,Paneer,Yes,No,Medium,Yes,Low,No,No,0,0,0.0,Yes,Purabi / Sting / Coke,Beverage sales slow due to rain,Slow Seasonal Movement (Rain),Yes,High,Slow Seasonal Movement (Rain),National Highway route run. Retailers noted rain dampening cold beverage demand; placed Tru Fruit Drinks and long-life dairy products.
2026-06-27,Saturday,26,June,Sengupta Agencies,Sushil Das,Saurav Sinha,National Highway,Silchar Urban,OUT_24_008,National Highway Counter 8,General Store,Medium,Market Street,Yes,Medium,Yes,Amul Butter 50g (₹35 Small Pack),Dairy,Butter,Yes,No,Medium,Yes,Low,No,No,0,0,0.0,Yes,Purabi / Sting / Coke,Beverage sales slow due to rain,Slow Seasonal Movement (Rain),Yes,High,Slow Seasonal Movement (Rain),National Highway route run. Retailers noted rain dampening cold beverage demand; placed Tru Fruit Drinks and long-life dairy products.
2026-06-27,Saturday,26,June,Sengupta Agencies,Sushil Das,Saurav Sinha,National Highway,Silchar Urban,OUT_24_009,National Highway Counter 9,Kirana Store,Medium,Market Street,No,Medium,Yes,Amul Kool Cafe 200ml (Can),Beverages,Flavoured Milk,Yes,No,Medium,Yes,Low,No,No,0,0,0.0,Yes,Purabi / Sting / Coke,Beverage sales slow due to rain,Slow Seasonal Movement (Rain),Yes,High,Slow Seasonal Movement (Rain),National Highway route run. Retailers noted rain dampening cold beverage demand; placed Tru Fruit Drinks and long-life dairy products.
2026-06-27,Saturday,26,June,Sengupta Agencies,Sushil Das,Saurav Sinha,National Highway,Silchar Urban,OUT_24_009,National Highway Counter 9,Kirana Store,Medium,Market Street,No,Medium,Yes,Amul Tinned Paneer 425g,Dairy,Paneer,Yes,No,Medium,Yes,Low,No,No,0,0,0.0,Yes,Purabi / Sting / Coke,Beverage sales slow due to rain,Slow Seasonal Movement (Rain),Yes,High,Slow Seasonal Movement (Rain),National Highway route run. Retailers noted rain dampening cold beverage demand; placed Tru Fruit Drinks and long-life dairy products.
2026-06-27,Saturday,26,June,Sengupta Agencies,Sushil Das,Saurav Sinha,National Highway,Silchar Urban,OUT_24_009,National Highway Counter 9,Kirana Store,Medium,Market Street,No,Medium,Yes,Amul Butter 50g (₹35 Small Pack),Dairy,Butter,Yes,No,Medium,Yes,Low,No,No,0,0,0.0,Yes,Purabi / Sting / Coke,Beverage sales slow due to rain,Slow Seasonal Movement (Rain),Yes,High,Slow Seasonal Movement (Rain),National Highway route run. Retailers noted rain dampening cold beverage demand; placed Tru Fruit Drinks and long-life dairy products.
2026-06-27,Saturday,26,June,Sengupta Agencies,Sushil Das,Saurav Sinha,National Highway,Silchar Urban,OUT_24_010,National Highway Counter 10,General Store,Medium,Market Street,Yes,Medium,Yes,Amul Kool Cafe 200ml (Can),Beverages,Flavoured Milk,Yes,No,Medium,Yes,Low,No,No,0,0,0.0,Yes,Purabi / Sting / Coke,Beverage sales slow due to rain,Slow Seasonal Movement (Rain),Yes,High,Slow Seasonal Movement (Rain),National Highway route run. Retailers noted rain dampening cold beverage demand; placed Tru Fruit Drinks and long-life dairy products.
2026-06-27,Saturday,26,June,Sengupta Agencies,Sushil Das,Saurav Sinha,National Highway,Silchar Urban,OUT_24_010,National Highway Counter 10,General Store,Medium,Market Street,Yes,Medium,Yes,Amul Tinned Paneer 425g,Dairy,Paneer,Yes,No,Medium,Yes,Low,No,No,0,0,0.0,Yes,Purabi / Sting / Coke,Beverage sales slow due to rain,Slow Seasonal Movement (Rain),Yes,High,Slow Seasonal Movement (Rain),National Highway route run. Retailers noted rain dampening cold beverage demand; placed Tru Fruit Drinks and long-life dairy products.
2026-06-27,Saturday,26,June,Sengupta Agencies,Sushil Das,Saurav Sinha,National Highway,Silchar Urban,OUT_24_010,National Highway Counter 10,General Store,Medium,Market Street,Yes,Medium,Yes,Amul Butter 50g (₹35 Small Pack),Dairy,Butter,Yes,No,Medium,Yes,Low,No,No,0,0,0.0,Yes,Purabi / Sting / Coke,Beverage sales slow due to rain,Slow Seasonal Movement (Rain),Yes,High,Slow Seasonal Movement (Rain),National Highway route run. Retailers noted rain dampening cold beverage demand; placed Tru Fruit Drinks and long-life dairy products.
2026-06-27,Saturday,26,June,Sengupta Agencies,Sushil Das,Saurav Sinha,National Highway,Silchar Urban,OUT_24_011,National Highway Counter 11,Kirana Store,Medium,Market Street,Yes,Medium,Yes,Amul Kool Cafe 200ml (Can),Beverages,Flavoured Milk,Yes,No,Medium,Yes,Low,No,No,0,0,0.0,Yes,Purabi / Sting / Coke,Beverage sales slow due to rain,Slow Seasonal Movement (Rain),Yes,High,Slow Seasonal Movement (Rain),National Highway route run. Retailers noted rain dampening cold beverage demand; placed Tru Fruit Drinks and long-life dairy products.
2026-06-27,Saturday,26,June,Sengupta Agencies,Sushil Das,Saurav Sinha,National Highway,Silchar Urban,OUT_24_011,National Highway Counter 11,Kirana Store,Medium,Market Street,Yes,Medium,Yes,Amul Tinned Paneer 425g,Dairy,Paneer,Yes,No,Medium,Yes,Low,No,No,0,0,0.0,Yes,Purabi / Sting / Coke,Beverage sales slow due to rain,Slow Seasonal Movement (Rain),Yes,High,Slow Seasonal Movement (Rain),National Highway route run. Retailers noted rain dampening cold beverage demand; placed Tru Fruit Drinks and long-life dairy products.
2026-06-27,Saturday,26,June,Sengupta Agencies,Sushil Das,Saurav Sinha,National Highway,Silchar Urban,OUT_24_011,National Highway Counter 11,Kirana Store,Medium,Market Street,Yes,Medium,Yes,Amul Butter 50g (₹35 Small Pack),Dairy,Butter,Yes,No,Medium,Yes,Low,No,No,0,0,0.0,Yes,Purabi / Sting / Coke,Beverage sales slow due to rain,Slow Seasonal Movement (Rain),Yes,High,Slow Seasonal Movement (Rain),National Highway route run. Retailers noted rain dampening cold beverage demand; placed Tru Fruit Drinks and long-life dairy products.
2026-06-27,Saturday,26,June,Sengupta Agencies,Sushil Das,Saurav Sinha,National Highway,Silchar Urban,OUT_24_012,National Highway Counter 12,General Store,Medium,Market Street,Yes,Medium,Yes,Amul Kool Cafe 200ml (Can),Beverages,Flavoured Milk,Yes,No,Medium,Yes,Low,No,No,0,0,0.0,Yes,Purabi / Sting / Coke,Beverage sales slow due to rain,Slow Seasonal Movement (Rain),Yes,High,Slow Seasonal Movement (Rain),National Highway route run. Retailers noted rain dampening cold beverage demand; placed Tru Fruit Drinks and long-life dairy products.
2026-06-27,Saturday,26,June,Sengupta Agencies,Sushil Das,Saurav Sinha,National Highway,Silchar Urban,OUT_24_012,National Highway Counter 12,General Store,Medium,Market Street,Yes,Medium,Yes,Amul Tinned Paneer 425g,Dairy,Paneer,Yes,No,Medium,Yes,Low,No,No,0,0,0.0,Yes,Purabi / Sting / Coke,Beverage sales slow due to rain,Slow Seasonal Movement (Rain),Yes,High,Slow Seasonal Movement (Rain),National Highway route run. Retailers noted rain dampening cold beverage demand; placed Tru Fruit Drinks and long-life dairy products.
2026-06-27,Saturday,26,June,Sengupta Agencies,Sushil Das,Saurav Sinha,National Highway,Silchar Urban,OUT_24_012,National Highway Counter 12,General Store,Medium,Market Street,Yes,Medium,Yes,Amul Butter 50g (₹35 Small Pack),Dairy,Butter,Yes,No,Medium,Yes,Low,No,No,0,0,0.0,Yes,Purabi / Sting / Coke,Beverage sales slow due to rain,Slow Seasonal Movement (Rain),Yes,High,Slow Seasonal Movement (Rain),National Highway route run. Retailers noted rain dampening cold beverage demand; placed Tru Fruit Drinks and long-life dairy products.
2026-06-27,Saturday,26,June,Sengupta Agencies,Sushil Das,Saurav Sinha,National Highway,Silchar Urban,OUT_24_013,National Highway Counter 13,Kirana Store,Medium,Market Street,No,Medium,Yes,Amul Kool Cafe 200ml (Can),Beverages,Flavoured Milk,Yes,No,Medium,Yes,Low,No,No,0,0,0.0,Yes,Purabi / Sting / Coke,Beverage sales slow due to rain,Slow Seasonal Movement (Rain),Yes,High,Slow Seasonal Movement (Rain),National Highway route run. Retailers noted rain dampening cold beverage demand; placed Tru Fruit Drinks and long-life dairy products.
2026-06-27,Saturday,26,June,Sengupta Agencies,Sushil Das,Saurav Sinha,National Highway,Silchar Urban,OUT_24_013,National Highway Counter 13,Kirana Store,Medium,Market Street,No,Medium,Yes,Amul Tinned Paneer 425g,Dairy,Paneer,Yes,No,Medium,Yes,Low,No,No,0,0,0.0,Yes,Purabi / Sting / Coke,Beverage sales slow due to rain,Slow Seasonal Movement (Rain),Yes,High,Slow Seasonal Movement (Rain),National Highway route run. Retailers noted rain dampening cold beverage demand; placed Tru Fruit Drinks and long-life dairy products.
2026-06-27,Saturday,26,June,Sengupta Agencies,Sushil Das,Saurav Sinha,National Highway,Silchar Urban,OUT_24_013,National Highway Counter 13,Kirana Store,Medium,Market Street,No,Medium,Yes,Amul Butter 50g (₹35 Small Pack),Dairy,Butter,Yes,No,Medium,Yes,Low,No,No,0,0,0.0,Yes,Purabi / Sting / Coke,Beverage sales slow due to rain,Slow Seasonal Movement (Rain),Yes,High,Slow Seasonal Movement (Rain),National Highway route run. Retailers noted rain dampening cold beverage demand; placed Tru Fruit Drinks and long-life dairy products.
2026-06-27,Saturday,26,June,Sengupta Agencies,Sushil Das,Saurav Sinha,National Highway,Silchar Urban,OUT_24_014,National Highway Counter 14,General Store,Medium,Market Street,Yes,Medium,Yes,Amul Kool Cafe 200ml (Can),Beverages,Flavoured Milk,Yes,No,Medium,Yes,Low,No,No,0,0,0.0,Yes,Purabi / Sting / Coke,Beverage sales slow due to rain,Slow Seasonal Movement (Rain),Yes,High,Slow Seasonal Movement (Rain),National Highway route run. Retailers noted rain dampening cold beverage demand; placed Tru Fruit Drinks and long-life dairy products.
2026-06-27,Saturday,26,June,Sengupta Agencies,Sushil Das,Saurav Sinha,National Highway,Silchar Urban,OUT_24_014,National Highway Counter 14,General Store,Medium,Market Street,Yes,Medium,Yes,Amul Tinned Paneer 425g,Dairy,Paneer,Yes,No,Medium,Yes,Low,No,No,0,0,0.0,Yes,Purabi / Sting / Coke,Beverage sales slow due to rain,Slow Seasonal Movement (Rain),Yes,High,Slow Seasonal Movement (Rain),National Highway route run. Retailers noted rain dampening cold beverage demand; placed Tru Fruit Drinks and long-life dairy products.
2026-06-27,Saturday,26,June,Sengupta Agencies,Sushil Das,Saurav Sinha,National Highway,Silchar Urban,OUT_24_014,National Highway Counter 14,General Store,Medium,Market Street,Yes,Medium,Yes,Amul Butter 50g (₹35 Small Pack),Dairy,Butter,Yes,No,Medium,Yes,Low,No,No,0,0,0.0,Yes,Purabi / Sting / Coke,Beverage sales slow due to rain,Slow Seasonal Movement (Rain),Yes,High,Slow Seasonal Movement (Rain),National Highway route run. Retailers noted rain dampening cold beverage demand; placed Tru Fruit Drinks and long-life dairy products.
2026-06-27,Saturday,26,June,Sengupta Agencies,Sushil Das,Saurav Sinha,National Highway,Silchar Urban,OUT_24_015,National Highway Counter 15,Kirana Store,Medium,Market Street,Yes,Medium,Yes,Amul Kool Cafe 200ml (Can),Beverages,Flavoured Milk,Yes,No,Medium,Yes,Low,No,No,0,0,0.0,Yes,Purabi / Sting / Coke,Beverage sales slow due to rain,Slow Seasonal Movement (Rain),Yes,High,Slow Seasonal Movement (Rain),National Highway route run. Retailers noted rain dampening cold beverage demand; placed Tru Fruit Drinks and long-life dairy products.
2026-06-27,Saturday,26,June,Sengupta Agencies,Sushil Das,Saurav Sinha,National Highway,Silchar Urban,OUT_24_015,National Highway Counter 15,Kirana Store,Medium,Market Street,Yes,Medium,Yes,Amul Tinned Paneer 425g,Dairy,Paneer,Yes,No,Medium,Yes,Low,No,No,0,0,0.0,Yes,Purabi / Sting / Coke,Beverage sales slow due to rain,Slow Seasonal Movement (Rain),Yes,High,Slow Seasonal Movement (Rain),National Highway route run. Retailers noted rain dampening cold beverage demand; placed Tru Fruit Drinks and long-life dairy products.
2026-06-27,Saturday,26,June,Sengupta Agencies,Sushil Das,Saurav Sinha,National Highway,Silchar Urban,OUT_24_015,National Highway Counter 15,Kirana Store,Medium,Market Street,Yes,Medium,Yes,Amul Butter 50g (₹35 Small Pack),Dairy,Butter,Yes,No,Medium,Yes,Low,No,No,0,0,0.0,Yes,Purabi / Sting / Coke,Beverage sales slow due to rain,Slow Seasonal Movement (Rain),Yes,High,Slow Seasonal Movement (Rain),National Highway route run. Retailers noted rain dampening cold beverage demand; placed Tru Fruit Drinks and long-life dairy products.
2026-06-27,Saturday,26,June,Sengupta Agencies,Sushil Das,Saurav Sinha,National Highway,Silchar Urban,OUT_24_016,National Highway Counter 16,General Store,Medium,Market Street,Yes,Medium,Yes,Amul Kool Cafe 200ml (Can),Beverages,Flavoured Milk,Yes,No,Medium,Yes,Low,No,No,0,0,0.0,Yes,Purabi / Sting / Coke,Beverage sales slow due to rain,Slow Seasonal Movement (Rain),Yes,High,Slow Seasonal Movement (Rain),National Highway route run. Retailers noted rain dampening cold beverage demand; placed Tru Fruit Drinks and long-life dairy products.
2026-06-27,Saturday,26,June,Sengupta Agencies,Sushil Das,Saurav Sinha,National Highway,Silchar Urban,OUT_24_016,National Highway Counter 16,General Store,Medium,Market Street,Yes,Medium,Yes,Amul Tinned Paneer 425g,Dairy,Paneer,Yes,No,Medium,Yes,Low,No,No,0,0,0.0,Yes,Purabi / Sting / Coke,Beverage sales slow due to rain,Slow Seasonal Movement (Rain),Yes,High,Slow Seasonal Movement (Rain),National Highway route run. Retailers noted rain dampening cold beverage demand; placed Tru Fruit Drinks and long-life dairy products.
2026-06-27,Saturday,26,June,Sengupta Agencies,Sushil Das,Saurav Sinha,National Highway,Silchar Urban,OUT_24_016,National Highway Counter 16,General Store,Medium,Market Street,Yes,Medium,Yes,Amul Butter 50g (₹35 Small Pack),Dairy,Butter,Yes,No,Medium,Yes,Low,No,No,0,0,0.0,Yes,Purabi / Sting / Coke,Beverage sales slow due to rain,Slow Seasonal Movement (Rain),Yes,High,Slow Seasonal Movement (Rain),National Highway route run. Retailers noted rain dampening cold beverage demand; placed Tru Fruit Drinks and long-life dairy products.
2026-06-29,Monday,27,June,Sengupta Agencies,Sushil Das,Saurav Sinha,Saratpally,Silchar Urban,OUT_25_929,Laxmi Narayan Store,Kirana Store,Medium,Commercial Market,Yes,High,Yes,Amul Kool Kesar 180ml (Can),Beverages,Flavoured Milk,Yes,No,High,Yes,High,Yes,Yes,24,24,715.2,Yes,Purabi / Coke / Sting,,None,No,Normal,,Saratpally market visit. Strong sales for Amul Kool Kesar and Lassi; placed Kadhai Doodh and Badam Shakers in premium grocery counters.
2026-06-29,Monday,27,June,Sengupta Agencies,Sushil Das,Saurav Sinha,Saratpally,Silchar Urban,OUT_25_929,Laxmi Narayan Store,Kirana Store,Medium,Commercial Market,Yes,High,Yes,Amul Lassi 200ml,Beverages,Fermented Dairy,Yes,No,High,Yes,High,Yes,Yes,30,30,391.2,Yes,Purabi / Coke / Sting,,None,No,Normal,,Saratpally market visit. Strong sales for Amul Kool Kesar and Lassi; placed Kadhai Doodh and Badam Shakers in premium grocery counters.
2026-06-29,Monday,27,June,Sengupta Agencies,Sushil Das,Saurav Sinha,Saratpally,Silchar Urban,OUT_25_929,Laxmi Narayan Store,Kirana Store,Medium,Commercial Market,Yes,Medium,Yes,Amul Tinned Paneer 425g,Dairy,Paneer,Yes,No,Medium,Yes,Medium,No,No,0,0,0,Yes,Purabi / Coke / Sting,Focus SKU rejected,Existing Stock Sufficient,Yes,Medium,Re-pitch during next weekly beat cycle,Saratpally market visit. Strong sales for Amul Kool Kesar and Lassi; placed Kadhai Doodh and Badam Shakers in premium grocery counters.
2026-06-29,Monday,27,June,Sengupta Agencies,Sushil Das,Saurav Sinha,Saratpally,Silchar Urban,OUT_25_929,Laxmi Narayan Store,Kirana Store,Medium,Commercial Market,Yes,Medium,Yes,Amul Butter 50g (₹35 Small Pack),Dairy,Butter,Yes,No,Medium,Yes,Medium,No,No,0,0,0,Yes,Purabi / Coke / Sting,Focus SKU rejected,Existing Stock Sufficient,Yes,Medium,Re-pitch during next weekly beat cycle,Saratpally market visit. Strong sales for Amul Kool Kesar and Lassi; placed Kadhai Doodh and Badam Shakers in premium grocery counters.
2026-06-29,Monday,27,June,Sengupta Agencies,Sushil Das,Saurav Sinha,Saratpally,Silchar Urban,OUT_25_929,Laxmi Narayan Store,Kirana Store,Medium,Commercial Market,Yes,Medium,Yes,Amul Dark Chocolate 150g,Confectionery,Chocolates,Yes,No,Medium,Yes,Medium,No,No,0,0,0,Yes,Purabi / Coke / Sting,Focus SKU rejected,Existing Stock Sufficient,Yes,Medium,Re-pitch during next weekly beat cycle,Saratpally market visit. Strong sales for Amul Kool Kesar and Lassi; placed Kadhai Doodh and Badam Shakers in premium grocery counters.
2026-06-29,Monday,27,June,Sengupta Agencies,Sushil Das,Saurav Sinha,Saratpally,Silchar Urban,OUT_25_929,Laxmi Narayan Store,Kirana Store,Medium,Commercial Market,Yes,Medium,Yes,Amul Tru Mango 200ml,Beverages,Fruit Drinks,Yes,No,Medium,Yes,Medium,No,No,0,0,0,Yes,Purabi / Coke / Sting,Focus SKU rejected,Existing Stock Sufficient,Yes,Medium,Re-pitch during next weekly beat cycle,Saratpally market visit. Strong sales for Amul Kool Kesar and Lassi; placed Kadhai Doodh and Badam Shakers in premium grocery counters.
2026-06-29,Monday,27,June,Sengupta Agencies,Sushil Das,Saurav Sinha,Saratpally,Silchar Urban,OUT_25_141,Gourpriyo Enterprise,Kirana Store,Medium,Commercial Market,Yes,High,Yes,Amul Kool Kesar 180ml (Can),Beverages,Flavoured Milk,Yes,No,High,Yes,High,Yes,Yes,24,24,715.2,Yes,Purabi / Coke / Sting,,None,No,Normal,,Saratpally market visit. Strong sales for Amul Kool Kesar and Lassi; placed Kadhai Doodh and Badam Shakers in premium grocery counters.
2026-06-29,Monday,27,June,Sengupta Agencies,Sushil Das,Saurav Sinha,Saratpally,Silchar Urban,OUT_25_141,Gourpriyo Enterprise,Kirana Store,Medium,Commercial Market,Yes,High,Yes,Amul Lassi 200ml,Beverages,Fermented Dairy,Yes,No,High,Yes,High,Yes,Yes,30,30,391.2,Yes,Purabi / Coke / Sting,,None,No,Normal,,Saratpally market visit. Strong sales for Amul Kool Kesar and Lassi; placed Kadhai Doodh and Badam Shakers in premium grocery counters.
2026-06-29,Monday,27,June,Sengupta Agencies,Sushil Das,Saurav Sinha,Saratpally,Silchar Urban,OUT_25_141,Gourpriyo Enterprise,Kirana Store,Medium,Commercial Market,Yes,High,Yes,Amul Tru Litchi 200ml,Beverages,Fruit Drinks,Yes,No,High,Yes,High,Yes,Yes,30,30,385.8,Yes,Purabi / Coke / Sting,,None,No,Normal,,Saratpally market visit. Strong sales for Amul Kool Kesar and Lassi; placed Kadhai Doodh and Badam Shakers in premium grocery counters.
2026-06-29,Monday,27,June,Sengupta Agencies,Sushil Das,Saurav Sinha,Saratpally,Silchar Urban,OUT_25_141,Gourpriyo Enterprise,Kirana Store,Medium,Commercial Market,Yes,Medium,Yes,Amul Tinned Paneer 425g,Dairy,Paneer,Yes,No,Medium,Yes,Medium,No,No,0,0,0,Yes,Purabi / Coke / Sting,Focus SKU rejected,Existing Stock Sufficient,Yes,Medium,Re-pitch during next weekly beat cycle,Saratpally market visit. Strong sales for Amul Kool Kesar and Lassi; placed Kadhai Doodh and Badam Shakers in premium grocery counters.
2026-06-29,Monday,27,June,Sengupta Agencies,Sushil Das,Saurav Sinha,Saratpally,Silchar Urban,OUT_25_141,Gourpriyo Enterprise,Kirana Store,Medium,Commercial Market,Yes,Medium,Yes,Amul Butter 50g (₹35 Small Pack),Dairy,Butter,Yes,No,Medium,Yes,Medium,No,No,0,0,0,Yes,Purabi / Coke / Sting,Focus SKU rejected,Existing Stock Sufficient,Yes,Medium,Re-pitch during next weekly beat cycle,Saratpally market visit. Strong sales for Amul Kool Kesar and Lassi; placed Kadhai Doodh and Badam Shakers in premium grocery counters.
2026-06-29,Monday,27,June,Sengupta Agencies,Sushil Das,Saurav Sinha,Saratpally,Silchar Urban,OUT_25_141,Gourpriyo Enterprise,Kirana Store,Medium,Commercial Market,Yes,Medium,Yes,Amul Dark Chocolate 150g,Confectionery,Chocolates,Yes,No,Medium,Yes,Medium,No,No,0,0,0,Yes,Purabi / Coke / Sting,Focus SKU rejected,Existing Stock Sufficient,Yes,Medium,Re-pitch during next weekly beat cycle,Saratpally market visit. Strong sales for Amul Kool Kesar and Lassi; placed Kadhai Doodh and Badam Shakers in premium grocery counters.
2026-06-29,Monday,27,June,Sengupta Agencies,Sushil Das,Saurav Sinha,Saratpally,Silchar Urban,OUT_25_141,Gourpriyo Enterprise,Kirana Store,Medium,Commercial Market,Yes,Medium,Yes,Amul Tru Mango 200ml,Beverages,Fruit Drinks,Yes,No,Medium,Yes,Medium,No,No,0,0,0,Yes,Purabi / Coke / Sting,Focus SKU rejected,Existing Stock Sufficient,Yes,Medium,Re-pitch during next weekly beat cycle,Saratpally market visit. Strong sales for Amul Kool Kesar and Lassi; placed Kadhai Doodh and Badam Shakers in premium grocery counters.
2026-06-29,Monday,27,June,Sengupta Agencies,Sushil Das,Saurav Sinha,Saratpally,Silchar Urban,OUT_25_642,Debnath Varieties,Bakery & Confectionery,Medium,Commercial Market,Yes,High,Yes,Amul Kool Kesar 180ml (Can),Beverages,Flavoured Milk,Yes,No,High,Yes,High,Yes,Yes,24,24,715.2,Yes,Purabi / Coke / Sting,,None,No,Normal,,Saratpally market visit. Strong sales for Amul Kool Kesar and Lassi; placed Kadhai Doodh and Badam Shakers in premium grocery counters.
2026-06-29,Monday,27,June,Sengupta Agencies,Sushil Das,Saurav Sinha,Saratpally,Silchar Urban,OUT_25_642,Debnath Varieties,Bakery & Confectionery,Medium,Commercial Market,Yes,High,Yes,Amul Kool Kadhai Doodh 200ml (Can),Beverages,Flavoured Milk,Yes,No,High,Yes,High,Yes,Yes,6,6,178.8,Yes,Purabi / Coke / Sting,,None,No,Normal,,Saratpally market visit. Strong sales for Amul Kool Kesar and Lassi; placed Kadhai Doodh and Badam Shakers in premium grocery counters.
2026-06-29,Monday,27,June,Sengupta Agencies,Sushil Das,Saurav Sinha,Saratpally,Silchar Urban,OUT_25_642,Debnath Varieties,Bakery & Confectionery,Medium,Commercial Market,Yes,High,Yes,Amul Kool Badam Shakers 200ml (Can),Beverages,Milkshakes,Yes,No,High,Yes,High,Yes,Yes,12,12,408.6,Yes,Purabi / Coke / Sting,,None,No,Normal,,Saratpally market visit. Strong sales for Amul Kool Kesar and Lassi; placed Kadhai Doodh and Badam Shakers in premium grocery counters.
2026-06-29,Monday,27,June,Sengupta Agencies,Sushil Das,Saurav Sinha,Saratpally,Silchar Urban,OUT_25_642,Debnath Varieties,Bakery & Confectionery,Medium,Commercial Market,Yes,High,Yes,Amul Kool Strawberry 180ml (Can),Beverages,Flavoured Milk,Yes,No,High,Yes,High,Yes,Yes,6,6,153.0,Yes,Purabi / Coke / Sting,,None,No,Normal,,Saratpally market visit. Strong sales for Amul Kool Kesar and Lassi; placed Kadhai Doodh and Badam Shakers in premium grocery counters.
2026-06-29,Monday,27,June,Sengupta Agencies,Sushil Das,Saurav Sinha,Saratpally,Silchar Urban,OUT_25_642,Debnath Varieties,Bakery & Confectionery,Medium,Commercial Market,Yes,High,Yes,Amul Masti Spiced Buttermilk 200ml,Beverages,Fermented Dairy,Yes,No,High,Yes,High,Yes,Yes,30,30,391.2,Yes,Purabi / Coke / Sting,,None,No,Normal,,Saratpally market visit. Strong sales for Amul Kool Kesar and Lassi; placed Kadhai Doodh and Badam Shakers in premium grocery counters.
2026-06-29,Monday,27,June,Sengupta Agencies,Sushil Das,Saurav Sinha,Saratpally,Silchar Urban,OUT_25_642,Debnath Varieties,Kirana Store,Medium,Commercial Market,Yes,Medium,Yes,Amul Tinned Paneer 425g,Dairy,Paneer,Yes,No,Medium,Yes,Medium,No,No,0,0,0,Yes,Purabi / Coke / Sting,Focus SKU rejected,Existing Stock Sufficient,Yes,Medium,Re-pitch during next weekly beat cycle,Saratpally market visit. Strong sales for Amul Kool Kesar and Lassi; placed Kadhai Doodh and Badam Shakers in premium grocery counters.
2026-06-29,Monday,27,June,Sengupta Agencies,Sushil Das,Saurav Sinha,Saratpally,Silchar Urban,OUT_25_642,Debnath Varieties,Kirana Store,Medium,Commercial Market,Yes,Medium,Yes,Amul Butter 50g (₹35 Small Pack),Dairy,Butter,Yes,No,Medium,Yes,Medium,No,No,0,0,0,Yes,Purabi / Coke / Sting,Focus SKU rejected,Existing Stock Sufficient,Yes,Medium,Re-pitch during next weekly beat cycle,Saratpally market visit. Strong sales for Amul Kool Kesar and Lassi; placed Kadhai Doodh and Badam Shakers in premium grocery counters.
2026-06-29,Monday,27,June,Sengupta Agencies,Sushil Das,Saurav Sinha,Saratpally,Silchar Urban,OUT_25_642,Debnath Varieties,Kirana Store,Medium,Commercial Market,Yes,Medium,Yes,Amul Dark Chocolate 150g,Confectionery,Chocolates,Yes,No,Medium,Yes,Medium,No,No,0,0,0,Yes,Purabi / Coke / Sting,Focus SKU rejected,Existing Stock Sufficient,Yes,Medium,Re-pitch during next weekly beat cycle,Saratpally market visit. Strong sales for Amul Kool Kesar and Lassi; placed Kadhai Doodh and Badam Shakers in premium grocery counters.
2026-06-29,Monday,27,June,Sengupta Agencies,Sushil Das,Saurav Sinha,Saratpally,Silchar Urban,OUT_25_642,Debnath Varieties,Kirana Store,Medium,Commercial Market,Yes,Medium,Yes,Amul Tru Mango 200ml,Beverages,Fruit Drinks,Yes,No,Medium,Yes,Medium,No,No,0,0,0,Yes,Purabi / Coke / Sting,Focus SKU rejected,Existing Stock Sufficient,Yes,Medium,Re-pitch during next weekly beat cycle,Saratpally market visit. Strong sales for Amul Kool Kesar and Lassi; placed Kadhai Doodh and Badam Shakers in premium grocery counters.
2026-06-29,Monday,27,June,Sengupta Agencies,Sushil Das,Saurav Sinha,Saratpally,Silchar Urban,OUT_25_004,Saratpally Counter 4,Kirana Store,Medium,Market Street,No,Medium,Yes,Amul Tinned Paneer 425g,Dairy,Paneer,Yes,No,Medium,Yes,Low,No,No,0,0,0.0,Yes,Purabi / Sting / Coke,Existing inventory unsold,Stock Already Available,Yes,High,Stock Already Available,Saratpally market visit. Strong sales for Amul Kool Kesar and Lassi; placed Kadhai Doodh and Badam Shakers in premium grocery counters.
2026-06-29,Monday,27,June,Sengupta Agencies,Sushil Das,Saurav Sinha,Saratpally,Silchar Urban,OUT_25_004,Saratpally Counter 4,Kirana Store,Medium,Market Street,No,Medium,Yes,Amul Butter 50g (₹35 Small Pack),Dairy,Butter,Yes,No,Medium,Yes,Low,No,No,0,0,0.0,Yes,Purabi / Sting / Coke,Existing inventory unsold,Stock Already Available,Yes,High,Stock Already Available,Saratpally market visit. Strong sales for Amul Kool Kesar and Lassi; placed Kadhai Doodh and Badam Shakers in premium grocery counters.
2026-06-29,Monday,27,June,Sengupta Agencies,Sushil Das,Saurav Sinha,Saratpally,Silchar Urban,OUT_25_004,Saratpally Counter 4,Kirana Store,Medium,Market Street,No,Medium,Yes,Amul Dark Chocolate 150g,Confectionery,Chocolates,Yes,No,Medium,Yes,Low,No,No,0,0,0.0,Yes,Purabi / Sting / Coke,Existing inventory unsold,Stock Already Available,Yes,High,Stock Already Available,Saratpally market visit. Strong sales for Amul Kool Kesar and Lassi; placed Kadhai Doodh and Badam Shakers in premium grocery counters.
2026-06-29,Monday,27,June,Sengupta Agencies,Sushil Das,Saurav Sinha,Saratpally,Silchar Urban,OUT_25_005,Saratpally Counter 5,General Store,Medium,Market Street,Yes,Medium,Yes,Amul Tinned Paneer 425g,Dairy,Paneer,Yes,No,Medium,Yes,Low,No,No,0,0,0.0,Yes,Purabi / Sting / Coke,Existing inventory unsold,Stock Already Available,Yes,High,Stock Already Available,Saratpally market visit. Strong sales for Amul Kool Kesar and Lassi; placed Kadhai Doodh and Badam Shakers in premium grocery counters.
2026-06-29,Monday,27,June,Sengupta Agencies,Sushil Das,Saurav Sinha,Saratpally,Silchar Urban,OUT_25_005,Saratpally Counter 5,General Store,Medium,Market Street,Yes,Medium,Yes,Amul Butter 50g (₹35 Small Pack),Dairy,Butter,Yes,No,Medium,Yes,Low,No,No,0,0,0.0,Yes,Purabi / Sting / Coke,Existing inventory unsold,Stock Already Available,Yes,High,Stock Already Available,Saratpally market visit. Strong sales for Amul Kool Kesar and Lassi; placed Kadhai Doodh and Badam Shakers in premium grocery counters.
2026-06-29,Monday,27,June,Sengupta Agencies,Sushil Das,Saurav Sinha,Saratpally,Silchar Urban,OUT_25_005,Saratpally Counter 5,General Store,Medium,Market Street,Yes,Medium,Yes,Amul Dark Chocolate 150g,Confectionery,Chocolates,Yes,No,Medium,Yes,Low,No,No,0,0,0.0,Yes,Purabi / Sting / Coke,Existing inventory unsold,Stock Already Available,Yes,High,Stock Already Available,Saratpally market visit. Strong sales for Amul Kool Kesar and Lassi; placed Kadhai Doodh and Badam Shakers in premium grocery counters.
2026-06-29,Monday,27,June,Sengupta Agencies,Sushil Das,Saurav Sinha,Saratpally,Silchar Urban,OUT_25_006,Saratpally Counter 6,Kirana Store,Medium,Market Street,Yes,Medium,Yes,Amul Tinned Paneer 425g,Dairy,Paneer,Yes,No,Medium,Yes,Low,No,No,0,0,0.0,Yes,Purabi / Sting / Coke,Existing inventory unsold,Stock Already Available,Yes,High,Stock Already Available,Saratpally market visit. Strong sales for Amul Kool Kesar and Lassi; placed Kadhai Doodh and Badam Shakers in premium grocery counters.
2026-06-29,Monday,27,June,Sengupta Agencies,Sushil Das,Saurav Sinha,Saratpally,Silchar Urban,OUT_25_006,Saratpally Counter 6,Kirana Store,Medium,Market Street,Yes,Medium,Yes,Amul Butter 50g (₹35 Small Pack),Dairy,Butter,Yes,No,Medium,Yes,Low,No,No,0,0,0.0,Yes,Purabi / Sting / Coke,Existing inventory unsold,Stock Already Available,Yes,High,Stock Already Available,Saratpally market visit. Strong sales for Amul Kool Kesar and Lassi; placed Kadhai Doodh and Badam Shakers in premium grocery counters.
2026-06-29,Monday,27,June,Sengupta Agencies,Sushil Das,Saurav Sinha,Saratpally,Silchar Urban,OUT_25_006,Saratpally Counter 6,Kirana Store,Medium,Market Street,Yes,Medium,Yes,Amul Dark Chocolate 150g,Confectionery,Chocolates,Yes,No,Medium,Yes,Low,No,No,0,0,0.0,Yes,Purabi / Sting / Coke,Existing inventory unsold,Stock Already Available,Yes,High,Stock Already Available,Saratpally market visit. Strong sales for Amul Kool Kesar and Lassi; placed Kadhai Doodh and Badam Shakers in premium grocery counters.
2026-06-29,Monday,27,June,Sengupta Agencies,Sushil Das,Saurav Sinha,Saratpally,Silchar Urban,OUT_25_007,Saratpally Counter 7,General Store,Medium,Market Street,Yes,Medium,Yes,Amul Tinned Paneer 425g,Dairy,Paneer,Yes,No,Medium,Yes,Low,No,No,0,0,0.0,Yes,Purabi / Sting / Coke,Existing inventory unsold,Stock Already Available,Yes,High,Stock Already Available,Saratpally market visit. Strong sales for Amul Kool Kesar and Lassi; placed Kadhai Doodh and Badam Shakers in premium grocery counters.
2026-06-29,Monday,27,June,Sengupta Agencies,Sushil Das,Saurav Sinha,Saratpally,Silchar Urban,OUT_25_007,Saratpally Counter 7,General Store,Medium,Market Street,Yes,Medium,Yes,Amul Butter 50g (₹35 Small Pack),Dairy,Butter,Yes,No,Medium,Yes,Low,No,No,0,0,0.0,Yes,Purabi / Sting / Coke,Existing inventory unsold,Stock Already Available,Yes,High,Stock Already Available,Saratpally market visit. Strong sales for Amul Kool Kesar and Lassi; placed Kadhai Doodh and Badam Shakers in premium grocery counters.
2026-06-29,Monday,27,June,Sengupta Agencies,Sushil Das,Saurav Sinha,Saratpally,Silchar Urban,OUT_25_007,Saratpally Counter 7,General Store,Medium,Market Street,Yes,Medium,Yes,Amul Dark Chocolate 150g,Confectionery,Chocolates,Yes,No,Medium,Yes,Low,No,No,0,0,0.0,Yes,Purabi / Sting / Coke,Existing inventory unsold,Stock Already Available,Yes,High,Stock Already Available,Saratpally market visit. Strong sales for Amul Kool Kesar and Lassi; placed Kadhai Doodh and Badam Shakers in premium grocery counters.
2026-06-29,Monday,27,June,Sengupta Agencies,Sushil Das,Saurav Sinha,Saratpally,Silchar Urban,OUT_25_008,Saratpally Counter 8,Kirana Store,Medium,Market Street,No,Medium,Yes,Amul Tinned Paneer 425g,Dairy,Paneer,Yes,No,Medium,Yes,Low,No,No,0,0,0.0,Yes,Purabi / Sting / Coke,Existing inventory unsold,Stock Already Available,Yes,High,Stock Already Available,Saratpally market visit. Strong sales for Amul Kool Kesar and Lassi; placed Kadhai Doodh and Badam Shakers in premium grocery counters.
2026-06-29,Monday,27,June,Sengupta Agencies,Sushil Das,Saurav Sinha,Saratpally,Silchar Urban,OUT_25_008,Saratpally Counter 8,Kirana Store,Medium,Market Street,No,Medium,Yes,Amul Butter 50g (₹35 Small Pack),Dairy,Butter,Yes,No,Medium,Yes,Low,No,No,0,0,0.0,Yes,Purabi / Sting / Coke,Existing inventory unsold,Stock Already Available,Yes,High,Stock Already Available,Saratpally market visit. Strong sales for Amul Kool Kesar and Lassi; placed Kadhai Doodh and Badam Shakers in premium grocery counters.
2026-06-29,Monday,27,June,Sengupta Agencies,Sushil Das,Saurav Sinha,Saratpally,Silchar Urban,OUT_25_008,Saratpally Counter 8,Kirana Store,Medium,Market Street,No,Medium,Yes,Amul Dark Chocolate 150g,Confectionery,Chocolates,Yes,No,Medium,Yes,Low,No,No,0,0,0.0,Yes,Purabi / Sting / Coke,Existing inventory unsold,Stock Already Available,Yes,High,Stock Already Available,Saratpally market visit. Strong sales for Amul Kool Kesar and Lassi; placed Kadhai Doodh and Badam Shakers in premium grocery counters.
2026-06-29,Monday,27,June,Sengupta Agencies,Sushil Das,Saurav Sinha,Saratpally,Silchar Urban,OUT_25_009,Saratpally Counter 9,General Store,Medium,Market Street,Yes,Medium,Yes,Amul Tinned Paneer 425g,Dairy,Paneer,Yes,No,Medium,Yes,Low,No,No,0,0,0.0,Yes,Purabi / Sting / Coke,Existing inventory unsold,Stock Already Available,Yes,High,Stock Already Available,Saratpally market visit. Strong sales for Amul Kool Kesar and Lassi; placed Kadhai Doodh and Badam Shakers in premium grocery counters.
2026-06-29,Monday,27,June,Sengupta Agencies,Sushil Das,Saurav Sinha,Saratpally,Silchar Urban,OUT_25_009,Saratpally Counter 9,General Store,Medium,Market Street,Yes,Medium,Yes,Amul Butter 50g (₹35 Small Pack),Dairy,Butter,Yes,No,Medium,Yes,Low,No,No,0,0,0.0,Yes,Purabi / Sting / Coke,Existing inventory unsold,Stock Already Available,Yes,High,Stock Already Available,Saratpally market visit. Strong sales for Amul Kool Kesar and Lassi; placed Kadhai Doodh and Badam Shakers in premium grocery counters.
2026-06-29,Monday,27,June,Sengupta Agencies,Sushil Das,Saurav Sinha,Saratpally,Silchar Urban,OUT_25_009,Saratpally Counter 9,General Store,Medium,Market Street,Yes,Medium,Yes,Amul Dark Chocolate 150g,Confectionery,Chocolates,Yes,No,Medium,Yes,Low,No,No,0,0,0.0,Yes,Purabi / Sting / Coke,Existing inventory unsold,Stock Already Available,Yes,High,Stock Already Available,Saratpally market visit. Strong sales for Amul Kool Kesar and Lassi; placed Kadhai Doodh and Badam Shakers in premium grocery counters.
2026-06-29,Monday,27,June,Sengupta Agencies,Sushil Das,Saurav Sinha,Saratpally,Silchar Urban,OUT_25_010,Saratpally Counter 10,Kirana Store,Medium,Market Street,Yes,Medium,Yes,Amul Tinned Paneer 425g,Dairy,Paneer,Yes,No,Medium,Yes,Low,No,No,0,0,0.0,Yes,Purabi / Sting / Coke,Existing inventory unsold,Stock Already Available,Yes,High,Stock Already Available,Saratpally market visit. Strong sales for Amul Kool Kesar and Lassi; placed Kadhai Doodh and Badam Shakers in premium grocery counters.
2026-06-29,Monday,27,June,Sengupta Agencies,Sushil Das,Saurav Sinha,Saratpally,Silchar Urban,OUT_25_010,Saratpally Counter 10,Kirana Store,Medium,Market Street,Yes,Medium,Yes,Amul Butter 50g (₹35 Small Pack),Dairy,Butter,Yes,No,Medium,Yes,Low,No,No,0,0,0.0,Yes,Purabi / Sting / Coke,Existing inventory unsold,Stock Already Available,Yes,High,Stock Already Available,Saratpally market visit. Strong sales for Amul Kool Kesar and Lassi; placed Kadhai Doodh and Badam Shakers in premium grocery counters.
2026-06-29,Monday,27,June,Sengupta Agencies,Sushil Das,Saurav Sinha,Saratpally,Silchar Urban,OUT_25_010,Saratpally Counter 10,Kirana Store,Medium,Market Street,Yes,Medium,Yes,Amul Dark Chocolate 150g,Confectionery,Chocolates,Yes,No,Medium,Yes,Low,No,No,0,0,0.0,Yes,Purabi / Sting / Coke,Existing inventory unsold,Stock Already Available,Yes,High,Stock Already Available,Saratpally market visit. Strong sales for Amul Kool Kesar and Lassi; placed Kadhai Doodh and Badam Shakers in premium grocery counters.
2026-06-29,Monday,27,June,Sengupta Agencies,Sushil Das,Saurav Sinha,Saratpally,Silchar Urban,OUT_25_011,Saratpally Counter 11,General Store,Medium,Market Street,Yes,Medium,Yes,Amul Tinned Paneer 425g,Dairy,Paneer,Yes,No,Medium,Yes,Low,No,No,0,0,0.0,Yes,Purabi / Sting / Coke,Existing inventory unsold,Stock Already Available,Yes,High,Stock Already Available,Saratpally market visit. Strong sales for Amul Kool Kesar and Lassi; placed Kadhai Doodh and Badam Shakers in premium grocery counters.
2026-06-29,Monday,27,June,Sengupta Agencies,Sushil Das,Saurav Sinha,Saratpally,Silchar Urban,OUT_25_011,Saratpally Counter 11,General Store,Medium,Market Street,Yes,Medium,Yes,Amul Butter 50g (₹35 Small Pack),Dairy,Butter,Yes,No,Medium,Yes,Low,No,No,0,0,0.0,Yes,Purabi / Sting / Coke,Existing inventory unsold,Stock Already Available,Yes,High,Stock Already Available,Saratpally market visit. Strong sales for Amul Kool Kesar and Lassi; placed Kadhai Doodh and Badam Shakers in premium grocery counters.
2026-06-29,Monday,27,June,Sengupta Agencies,Sushil Das,Saurav Sinha,Saratpally,Silchar Urban,OUT_25_011,Saratpally Counter 11,General Store,Medium,Market Street,Yes,Medium,Yes,Amul Dark Chocolate 150g,Confectionery,Chocolates,Yes,No,Medium,Yes,Low,No,No,0,0,0.0,Yes,Purabi / Sting / Coke,Existing inventory unsold,Stock Already Available,Yes,High,Stock Already Available,Saratpally market visit. Strong sales for Amul Kool Kesar and Lassi; placed Kadhai Doodh and Badam Shakers in premium grocery counters.
2026-06-29,Monday,27,June,Sengupta Agencies,Sushil Das,Saurav Sinha,Saratpally,Silchar Urban,OUT_25_012,Saratpally Counter 12,Kirana Store,Medium,Market Street,No,Medium,Yes,Amul Tinned Paneer 425g,Dairy,Paneer,Yes,No,Medium,Yes,Low,No,No,0,0,0.0,Yes,Purabi / Sting / Coke,Existing inventory unsold,Stock Already Available,Yes,High,Stock Already Available,Saratpally market visit. Strong sales for Amul Kool Kesar and Lassi; placed Kadhai Doodh and Badam Shakers in premium grocery counters.
2026-06-29,Monday,27,June,Sengupta Agencies,Sushil Das,Saurav Sinha,Saratpally,Silchar Urban,OUT_25_012,Saratpally Counter 12,Kirana Store,Medium,Market Street,No,Medium,Yes,Amul Butter 50g (₹35 Small Pack),Dairy,Butter,Yes,No,Medium,Yes,Low,No,No,0,0,0.0,Yes,Purabi / Sting / Coke,Existing inventory unsold,Stock Already Available,Yes,High,Stock Already Available,Saratpally market visit. Strong sales for Amul Kool Kesar and Lassi; placed Kadhai Doodh and Badam Shakers in premium grocery counters.
2026-06-29,Monday,27,June,Sengupta Agencies,Sushil Das,Saurav Sinha,Saratpally,Silchar Urban,OUT_25_012,Saratpally Counter 12,Kirana Store,Medium,Market Street,No,Medium,Yes,Amul Dark Chocolate 150g,Confectionery,Chocolates,Yes,No,Medium,Yes,Low,No,No,0,0,0.0,Yes,Purabi / Sting / Coke,Existing inventory unsold,Stock Already Available,Yes,High,Stock Already Available,Saratpally market visit. Strong sales for Amul Kool Kesar and Lassi; placed Kadhai Doodh and Badam Shakers in premium grocery counters.
2026-06-29,Monday,27,June,Sengupta Agencies,Sushil Das,Saurav Sinha,Saratpally,Silchar Urban,OUT_25_013,Saratpally Counter 13,General Store,Medium,Market Street,Yes,Medium,Yes,Amul Tinned Paneer 425g,Dairy,Paneer,Yes,No,Medium,Yes,Low,No,No,0,0,0.0,Yes,Purabi / Sting / Coke,Existing inventory unsold,Stock Already Available,Yes,High,Stock Already Available,Saratpally market visit. Strong sales for Amul Kool Kesar and Lassi; placed Kadhai Doodh and Badam Shakers in premium grocery counters.
2026-06-29,Monday,27,June,Sengupta Agencies,Sushil Das,Saurav Sinha,Saratpally,Silchar Urban,OUT_25_013,Saratpally Counter 13,General Store,Medium,Market Street,Yes,Medium,Yes,Amul Butter 50g (₹35 Small Pack),Dairy,Butter,Yes,No,Medium,Yes,Low,No,No,0,0,0.0,Yes,Purabi / Sting / Coke,Existing inventory unsold,Stock Already Available,Yes,High,Stock Already Available,Saratpally market visit. Strong sales for Amul Kool Kesar and Lassi; placed Kadhai Doodh and Badam Shakers in premium grocery counters.
2026-06-29,Monday,27,June,Sengupta Agencies,Sushil Das,Saurav Sinha,Saratpally,Silchar Urban,OUT_25_013,Saratpally Counter 13,General Store,Medium,Market Street,Yes,Medium,Yes,Amul Dark Chocolate 150g,Confectionery,Chocolates,Yes,No,Medium,Yes,Low,No,No,0,0,0.0,Yes,Purabi / Sting / Coke,Existing inventory unsold,Stock Already Available,Yes,High,Stock Already Available,Saratpally market visit. Strong sales for Amul Kool Kesar and Lassi; placed Kadhai Doodh and Badam Shakers in premium grocery counters.
2026-06-29,Monday,27,June,Sengupta Agencies,Sushil Das,Saurav Sinha,Saratpally,Silchar Urban,OUT_25_014,Saratpally Counter 14,Kirana Store,Medium,Market Street,Yes,Medium,Yes,Amul Tinned Paneer 425g,Dairy,Paneer,Yes,No,Medium,Yes,Low,No,No,0,0,0.0,Yes,Purabi / Sting / Coke,Existing inventory unsold,Stock Already Available,Yes,High,Stock Already Available,Saratpally market visit. Strong sales for Amul Kool Kesar and Lassi; placed Kadhai Doodh and Badam Shakers in premium grocery counters.
2026-06-29,Monday,27,June,Sengupta Agencies,Sushil Das,Saurav Sinha,Saratpally,Silchar Urban,OUT_25_014,Saratpally Counter 14,Kirana Store,Medium,Market Street,Yes,Medium,Yes,Amul Butter 50g (₹35 Small Pack),Dairy,Butter,Yes,No,Medium,Yes,Low,No,No,0,0,0.0,Yes,Purabi / Sting / Coke,Existing inventory unsold,Stock Already Available,Yes,High,Stock Already Available,Saratpally market visit. Strong sales for Amul Kool Kesar and Lassi; placed Kadhai Doodh and Badam Shakers in premium grocery counters.
2026-06-29,Monday,27,June,Sengupta Agencies,Sushil Das,Saurav Sinha,Saratpally,Silchar Urban,OUT_25_014,Saratpally Counter 14,Kirana Store,Medium,Market Street,Yes,Medium,Yes,Amul Dark Chocolate 150g,Confectionery,Chocolates,Yes,No,Medium,Yes,Low,No,No,0,0,0.0,Yes,Purabi / Sting / Coke,Existing inventory unsold,Stock Already Available,Yes,High,Stock Already Available,Saratpally market visit. Strong sales for Amul Kool Kesar and Lassi; placed Kadhai Doodh and Badam Shakers in premium grocery counters.
2026-06-29,Monday,27,June,Sengupta Agencies,Sushil Das,Saurav Sinha,Saratpally,Silchar Urban,OUT_25_015,Saratpally Counter 15,General Store,Medium,Market Street,Yes,Medium,Yes,Amul Tinned Paneer 425g,Dairy,Paneer,Yes,No,Medium,Yes,Low,No,No,0,0,0.0,Yes,Purabi / Sting / Coke,Existing inventory unsold,Stock Already Available,Yes,High,Stock Already Available,Saratpally market visit. Strong sales for Amul Kool Kesar and Lassi; placed Kadhai Doodh and Badam Shakers in premium grocery counters.
2026-06-29,Monday,27,June,Sengupta Agencies,Sushil Das,Saurav Sinha,Saratpally,Silchar Urban,OUT_25_015,Saratpally Counter 15,General Store,Medium,Market Street,Yes,Medium,Yes,Amul Butter 50g (₹35 Small Pack),Dairy,Butter,Yes,No,Medium,Yes,Low,No,No,0,0,0.0,Yes,Purabi / Sting / Coke,Existing inventory unsold,Stock Already Available,Yes,High,Stock Already Available,Saratpally market visit. Strong sales for Amul Kool Kesar and Lassi; placed Kadhai Doodh and Badam Shakers in premium grocery counters.
2026-06-29,Monday,27,June,Sengupta Agencies,Sushil Das,Saurav Sinha,Saratpally,Silchar Urban,OUT_25_015,Saratpally Counter 15,General Store,Medium,Market Street,Yes,Medium,Yes,Amul Dark Chocolate 150g,Confectionery,Chocolates,Yes,No,Medium,Yes,Low,No,No,0,0,0.0,Yes,Purabi / Sting / Coke,Existing inventory unsold,Stock Already Available,Yes,High,Stock Already Available,Saratpally market visit. Strong sales for Amul Kool Kesar and Lassi; placed Kadhai Doodh and Badam Shakers in premium grocery counters.
2026-06-29,Monday,27,June,Sengupta Agencies,Sushil Das,Saurav Sinha,Saratpally,Silchar Urban,OUT_25_016,Saratpally Counter 16,Kirana Store,Medium,Market Street,No,Medium,Yes,Amul Tinned Paneer 425g,Dairy,Paneer,Yes,No,Medium,Yes,Low,No,No,0,0,0.0,Yes,Purabi / Sting / Coke,Existing inventory unsold,Stock Already Available,Yes,High,Stock Already Available,Saratpally market visit. Strong sales for Amul Kool Kesar and Lassi; placed Kadhai Doodh and Badam Shakers in premium grocery counters.
2026-06-29,Monday,27,June,Sengupta Agencies,Sushil Das,Saurav Sinha,Saratpally,Silchar Urban,OUT_25_016,Saratpally Counter 16,Kirana Store,Medium,Market Street,No,Medium,Yes,Amul Butter 50g (₹35 Small Pack),Dairy,Butter,Yes,No,Medium,Yes,Low,No,No,0,0,0.0,Yes,Purabi / Sting / Coke,Existing inventory unsold,Stock Already Available,Yes,High,Stock Already Available,Saratpally market visit. Strong sales for Amul Kool Kesar and Lassi; placed Kadhai Doodh and Badam Shakers in premium grocery counters.
2026-06-29,Monday,27,June,Sengupta Agencies,Sushil Das,Saurav Sinha,Saratpally,Silchar Urban,OUT_25_016,Saratpally Counter 16,Kirana Store,Medium,Market Street,No,Medium,Yes,Amul Dark Chocolate 150g,Confectionery,Chocolates,Yes,No,Medium,Yes,Low,No,No,0,0,0.0,Yes,Purabi / Sting / Coke,Existing inventory unsold,Stock Already Available,Yes,High,Stock Already Available,Saratpally market visit. Strong sales for Amul Kool Kesar and Lassi; placed Kadhai Doodh and Badam Shakers in premium grocery counters.
2026-06-30,Tuesday,27,June,Sengupta Agencies,Sushil Das,Saurav Sinha,NS Avenue,Silchar Urban,OUT_26_001,NS Avenue Counter 1,Kirana Store,Medium,Market Street,No,Medium,Yes,Amul Butter 50g (₹35 Small Pack),Dairy,Butter,Yes,No,Medium,Yes,High,Yes,Yes,24,24,736.8,Yes,Purabi / Sting / Coke,,None,No,Low,None,NS Avenue follow-up run. Retailers placed delayed orders for Amul Kool and Lassi; confirmed high consumer demand for chilled flavoured milk.
2026-06-30,Tuesday,27,June,Sengupta Agencies,Sushil Das,Saurav Sinha,NS Avenue,Silchar Urban,OUT_26_001,NS Avenue Counter 1,Kirana Store,Medium,Market Street,No,Medium,Yes,Amul Dark Chocolate 150g,Confectionery,Chocolates,Yes,No,Medium,Yes,High,Yes,Yes,24,24,2448.0,Yes,Purabi / Sting / Coke,,None,No,Low,None,NS Avenue follow-up run. Retailers placed delayed orders for Amul Kool and Lassi; confirmed high consumer demand for chilled flavoured milk.
2026-06-30,Tuesday,27,June,Sengupta Agencies,Sushil Das,Saurav Sinha,NS Avenue,Silchar Urban,OUT_26_001,NS Avenue Counter 1,Kirana Store,Medium,Market Street,No,Medium,Yes,Amul Tru Mango 200ml,Beverages,Fruit Drinks,Yes,No,Medium,Yes,Low,No,No,0,0,0.0,Yes,Purabi / Sting / Coke,Existing inventory unsold,Stock Already Available,Yes,High,Stock Already Available,NS Avenue follow-up run. Retailers placed delayed orders for Amul Kool and Lassi; confirmed high consumer demand for chilled flavoured milk.
2026-06-30,Tuesday,27,June,Sengupta Agencies,Sushil Das,Saurav Sinha,NS Avenue,Silchar Urban,OUT_26_002,NS Avenue Counter 2,General Store,Medium,Market Street,Yes,Medium,Yes,Amul Butter 50g (₹35 Small Pack),Dairy,Butter,Yes,No,Medium,Yes,High,Yes,Yes,24,24,736.8,Yes,Purabi / Sting / Coke,,None,No,Low,None,NS Avenue follow-up run. Retailers placed delayed orders for Amul Kool and Lassi; confirmed high consumer demand for chilled flavoured milk.
2026-06-30,Tuesday,27,June,Sengupta Agencies,Sushil Das,Saurav Sinha,NS Avenue,Silchar Urban,OUT_26_002,NS Avenue Counter 2,General Store,Medium,Market Street,Yes,Medium,Yes,Amul Dark Chocolate 150g,Confectionery,Chocolates,Yes,No,Medium,Yes,Low,No,No,0,0,0.0,Yes,Purabi / Sting / Coke,Existing inventory unsold,Stock Already Available,Yes,High,Stock Already Available,NS Avenue follow-up run. Retailers placed delayed orders for Amul Kool and Lassi; confirmed high consumer demand for chilled flavoured milk.
2026-06-30,Tuesday,27,June,Sengupta Agencies,Sushil Das,Saurav Sinha,NS Avenue,Silchar Urban,OUT_26_002,NS Avenue Counter 2,General Store,Medium,Market Street,Yes,Medium,Yes,Amul Tru Mango 200ml,Beverages,Fruit Drinks,Yes,No,Medium,Yes,Low,No,No,0,0,0.0,Yes,Purabi / Sting / Coke,Existing inventory unsold,Stock Already Available,Yes,High,Stock Already Available,NS Avenue follow-up run. Retailers placed delayed orders for Amul Kool and Lassi; confirmed high consumer demand for chilled flavoured milk.
2026-06-30,Tuesday,27,June,Sengupta Agencies,Sushil Das,Saurav Sinha,NS Avenue,Silchar Urban,OUT_26_003,NS Avenue Counter 3,Kirana Store,Medium,Market Street,Yes,Medium,Yes,Amul Butter 50g (₹35 Small Pack),Dairy,Butter,Yes,No,Medium,Yes,High,Yes,Yes,24,24,736.8,Yes,Purabi / Sting / Coke,,None,No,Low,None,NS Avenue follow-up run. Retailers placed delayed orders for Amul Kool and Lassi; confirmed high consumer demand for chilled flavoured milk.
2026-06-30,Tuesday,27,June,Sengupta Agencies,Sushil Das,Saurav Sinha,NS Avenue,Silchar Urban,OUT_26_003,NS Avenue Counter 3,Kirana Store,Medium,Market Street,Yes,Medium,Yes,Amul Dark Chocolate 150g,Confectionery,Chocolates,Yes,No,Medium,Yes,High,Yes,Yes,24,24,2448.0,Yes,Purabi / Sting / Coke,,None,No,Low,None,NS Avenue follow-up run. Retailers placed delayed orders for Amul Kool and Lassi; confirmed high consumer demand for chilled flavoured milk.
2026-06-30,Tuesday,27,June,Sengupta Agencies,Sushil Das,Saurav Sinha,NS Avenue,Silchar Urban,OUT_26_003,NS Avenue Counter 3,Kirana Store,Medium,Market Street,Yes,Medium,Yes,Amul Tru Mango 200ml,Beverages,Fruit Drinks,Yes,No,Medium,Yes,Low,No,No,0,0,0.0,Yes,Purabi / Sting / Coke,Existing inventory unsold,Stock Already Available,Yes,High,Stock Already Available,NS Avenue follow-up run. Retailers placed delayed orders for Amul Kool and Lassi; confirmed high consumer demand for chilled flavoured milk.
2026-06-30,Tuesday,27,June,Sengupta Agencies,Sushil Das,Saurav Sinha,NS Avenue,Silchar Urban,OUT_26_004,NS Avenue Counter 4,General Store,Medium,Market Street,Yes,Medium,Yes,Amul Butter 50g (₹35 Small Pack),Dairy,Butter,Yes,No,Medium,Yes,High,Yes,Yes,24,24,736.8,Yes,Purabi / Sting / Coke,,None,No,Low,None,NS Avenue follow-up run. Retailers placed delayed orders for Amul Kool and Lassi; confirmed high consumer demand for chilled flavoured milk.
2026-06-30,Tuesday,27,June,Sengupta Agencies,Sushil Das,Saurav Sinha,NS Avenue,Silchar Urban,OUT_26_004,NS Avenue Counter 4,General Store,Medium,Market Street,Yes,Medium,Yes,Amul Dark Chocolate 150g,Confectionery,Chocolates,Yes,No,Medium,Yes,Low,No,No,0,0,0.0,Yes,Purabi / Sting / Coke,Existing inventory unsold,Stock Already Available,Yes,High,Stock Already Available,NS Avenue follow-up run. Retailers placed delayed orders for Amul Kool and Lassi; confirmed high consumer demand for chilled flavoured milk.
2026-06-30,Tuesday,27,June,Sengupta Agencies,Sushil Das,Saurav Sinha,NS Avenue,Silchar Urban,OUT_26_004,NS Avenue Counter 4,General Store,Medium,Market Street,Yes,Medium,Yes,Amul Tru Mango 200ml,Beverages,Fruit Drinks,Yes,No,Medium,Yes,Low,No,No,0,0,0.0,Yes,Purabi / Sting / Coke,Existing inventory unsold,Stock Already Available,Yes,High,Stock Already Available,NS Avenue follow-up run. Retailers placed delayed orders for Amul Kool and Lassi; confirmed high consumer demand for chilled flavoured milk.
2026-06-30,Tuesday,27,June,Sengupta Agencies,Sushil Das,Saurav Sinha,NS Avenue,Silchar Urban,OUT_26_005,NS Avenue Counter 5,Kirana Store,Medium,Market Street,No,Medium,Yes,Amul Butter 50g (₹35 Small Pack),Dairy,Butter,Yes,No,Medium,Yes,High,Yes,Yes,24,24,736.8,Yes,Purabi / Sting / Coke,,None,No,Low,None,NS Avenue follow-up run. Retailers placed delayed orders for Amul Kool and Lassi; confirmed high consumer demand for chilled flavoured milk.
2026-06-30,Tuesday,27,June,Sengupta Agencies,Sushil Das,Saurav Sinha,NS Avenue,Silchar Urban,OUT_26_005,NS Avenue Counter 5,Kirana Store,Medium,Market Street,No,Medium,Yes,Amul Dark Chocolate 150g,Confectionery,Chocolates,Yes,No,Medium,Yes,High,Yes,Yes,24,24,2448.0,Yes,Purabi / Sting / Coke,,None,No,Low,None,NS Avenue follow-up run. Retailers placed delayed orders for Amul Kool and Lassi; confirmed high consumer demand for chilled flavoured milk.
2026-06-30,Tuesday,27,June,Sengupta Agencies,Sushil Das,Saurav Sinha,NS Avenue,Silchar Urban,OUT_26_005,NS Avenue Counter 5,Kirana Store,Medium,Market Street,No,Medium,Yes,Amul Tru Mango 200ml,Beverages,Fruit Drinks,Yes,No,Medium,Yes,Low,No,No,0,0,0.0,Yes,Purabi / Sting / Coke,Existing inventory unsold,Stock Already Available,Yes,High,Stock Already Available,NS Avenue follow-up run. Retailers placed delayed orders for Amul Kool and Lassi; confirmed high consumer demand for chilled flavoured milk.
2026-06-30,Tuesday,27,June,Sengupta Agencies,Sushil Das,Saurav Sinha,NS Avenue,Silchar Urban,OUT_26_006,NS Avenue Counter 6,General Store,Medium,Market Street,Yes,Medium,Yes,Amul Butter 50g (₹35 Small Pack),Dairy,Butter,Yes,No,Medium,Yes,High,Yes,Yes,24,24,736.8,Yes,Purabi / Sting / Coke,,None,No,Low,None,NS Avenue follow-up run. Retailers placed delayed orders for Amul Kool and Lassi; confirmed high consumer demand for chilled flavoured milk.
2026-06-30,Tuesday,27,June,Sengupta Agencies,Sushil Das,Saurav Sinha,NS Avenue,Silchar Urban,OUT_26_006,NS Avenue Counter 6,General Store,Medium,Market Street,Yes,Medium,Yes,Amul Dark Chocolate 150g,Confectionery,Chocolates,Yes,No,Medium,Yes,Low,No,No,0,0,0.0,Yes,Purabi / Sting / Coke,Existing inventory unsold,Stock Already Available,Yes,High,Stock Already Available,NS Avenue follow-up run. Retailers placed delayed orders for Amul Kool and Lassi; confirmed high consumer demand for chilled flavoured milk.
2026-06-30,Tuesday,27,June,Sengupta Agencies,Sushil Das,Saurav Sinha,NS Avenue,Silchar Urban,OUT_26_006,NS Avenue Counter 6,General Store,Medium,Market Street,Yes,Medium,Yes,Amul Tru Mango 200ml,Beverages,Fruit Drinks,Yes,No,Medium,Yes,Low,No,No,0,0,0.0,Yes,Purabi / Sting / Coke,Existing inventory unsold,Stock Already Available,Yes,High,Stock Already Available,NS Avenue follow-up run. Retailers placed delayed orders for Amul Kool and Lassi; confirmed high consumer demand for chilled flavoured milk.
2026-06-30,Tuesday,27,June,Sengupta Agencies,Sushil Das,Saurav Sinha,NS Avenue,Silchar Urban,OUT_26_007,NS Avenue Counter 7,Kirana Store,Medium,Market Street,Yes,Medium,Yes,Amul Butter 50g (₹35 Small Pack),Dairy,Butter,Yes,No,Medium,Yes,High,Yes,Yes,24,24,736.8,Yes,Purabi / Sting / Coke,,None,No,Low,None,NS Avenue follow-up run. Retailers placed delayed orders for Amul Kool and Lassi; confirmed high consumer demand for chilled flavoured milk.
2026-06-30,Tuesday,27,June,Sengupta Agencies,Sushil Das,Saurav Sinha,NS Avenue,Silchar Urban,OUT_26_007,NS Avenue Counter 7,Kirana Store,Medium,Market Street,Yes,Medium,Yes,Amul Dark Chocolate 150g,Confectionery,Chocolates,Yes,No,Medium,Yes,High,Yes,Yes,24,24,2448.0,Yes,Purabi / Sting / Coke,,None,No,Low,None,NS Avenue follow-up run. Retailers placed delayed orders for Amul Kool and Lassi; confirmed high consumer demand for chilled flavoured milk.
2026-06-30,Tuesday,27,June,Sengupta Agencies,Sushil Das,Saurav Sinha,NS Avenue,Silchar Urban,OUT_26_007,NS Avenue Counter 7,Kirana Store,Medium,Market Street,Yes,Medium,Yes,Amul Tru Mango 200ml,Beverages,Fruit Drinks,Yes,No,Medium,Yes,Low,No,No,0,0,0.0,Yes,Purabi / Sting / Coke,Existing inventory unsold,Stock Already Available,Yes,High,Stock Already Available,NS Avenue follow-up run. Retailers placed delayed orders for Amul Kool and Lassi; confirmed high consumer demand for chilled flavoured milk.
2026-06-30,Tuesday,27,June,Sengupta Agencies,Sushil Das,Saurav Sinha,NS Avenue,Silchar Urban,OUT_26_008,NS Avenue Counter 8,General Store,Medium,Market Street,Yes,Medium,Yes,Amul Butter 50g (₹35 Small Pack),Dairy,Butter,Yes,No,Medium,Yes,High,Yes,Yes,24,24,736.8,Yes,Purabi / Sting / Coke,,None,No,Low,None,NS Avenue follow-up run. Retailers placed delayed orders for Amul Kool and Lassi; confirmed high consumer demand for chilled flavoured milk.
2026-06-30,Tuesday,27,June,Sengupta Agencies,Sushil Das,Saurav Sinha,NS Avenue,Silchar Urban,OUT_26_008,NS Avenue Counter 8,General Store,Medium,Market Street,Yes,Medium,Yes,Amul Dark Chocolate 150g,Confectionery,Chocolates,Yes,No,Medium,Yes,Low,No,No,0,0,0.0,Yes,Purabi / Sting / Coke,Existing inventory unsold,Stock Already Available,Yes,High,Stock Already Available,NS Avenue follow-up run. Retailers placed delayed orders for Amul Kool and Lassi; confirmed high consumer demand for chilled flavoured milk.
2026-06-30,Tuesday,27,June,Sengupta Agencies,Sushil Das,Saurav Sinha,NS Avenue,Silchar Urban,OUT_26_008,NS Avenue Counter 8,General Store,Medium,Market Street,Yes,Medium,Yes,Amul Tru Mango 200ml,Beverages,Fruit Drinks,Yes,No,Medium,Yes,Low,No,No,0,0,0.0,Yes,Purabi / Sting / Coke,Existing inventory unsold,Stock Already Available,Yes,High,Stock Already Available,NS Avenue follow-up run. Retailers placed delayed orders for Amul Kool and Lassi; confirmed high consumer demand for chilled flavoured milk.
2026-06-30,Tuesday,27,June,Sengupta Agencies,Sushil Das,Saurav Sinha,NS Avenue,Silchar Urban,OUT_26_009,NS Avenue Counter 9,Kirana Store,Medium,Market Street,No,Medium,Yes,Amul Butter 50g (₹35 Small Pack),Dairy,Butter,Yes,No,Medium,Yes,Low,No,No,0,0,0.0,Yes,Purabi / Sting / Coke,Existing inventory unsold,Stock Already Available,Yes,High,Stock Already Available,NS Avenue follow-up run. Retailers placed delayed orders for Amul Kool and Lassi; confirmed high consumer demand for chilled flavoured milk.
2026-06-30,Tuesday,27,June,Sengupta Agencies,Sushil Das,Saurav Sinha,NS Avenue,Silchar Urban,OUT_26_009,NS Avenue Counter 9,Kirana Store,Medium,Market Street,No,Medium,Yes,Amul Dark Chocolate 150g,Confectionery,Chocolates,Yes,No,Medium,Yes,Low,No,No,0,0,0.0,Yes,Purabi / Sting / Coke,Existing inventory unsold,Stock Already Available,Yes,High,Stock Already Available,NS Avenue follow-up run. Retailers placed delayed orders for Amul Kool and Lassi; confirmed high consumer demand for chilled flavoured milk.
2026-06-30,Tuesday,27,June,Sengupta Agencies,Sushil Das,Saurav Sinha,NS Avenue,Silchar Urban,OUT_26_009,NS Avenue Counter 9,Kirana Store,Medium,Market Street,No,Medium,Yes,Amul Tru Mango 200ml,Beverages,Fruit Drinks,Yes,No,Medium,Yes,Low,No,No,0,0,0.0,Yes,Purabi / Sting / Coke,Existing inventory unsold,Stock Already Available,Yes,High,Stock Already Available,NS Avenue follow-up run. Retailers placed delayed orders for Amul Kool and Lassi; confirmed high consumer demand for chilled flavoured milk.
2026-06-30,Tuesday,27,June,Sengupta Agencies,Sushil Das,Saurav Sinha,NS Avenue,Silchar Urban,OUT_26_010,NS Avenue Counter 10,General Store,Medium,Market Street,Yes,Medium,Yes,Amul Butter 50g (₹35 Small Pack),Dairy,Butter,Yes,No,Medium,Yes,Low,No,No,0,0,0.0,Yes,Purabi / Sting / Coke,Existing inventory unsold,Stock Already Available,Yes,High,Stock Already Available,NS Avenue follow-up run. Retailers placed delayed orders for Amul Kool and Lassi; confirmed high consumer demand for chilled flavoured milk.
2026-06-30,Tuesday,27,June,Sengupta Agencies,Sushil Das,Saurav Sinha,NS Avenue,Silchar Urban,OUT_26_010,NS Avenue Counter 10,General Store,Medium,Market Street,Yes,Medium,Yes,Amul Dark Chocolate 150g,Confectionery,Chocolates,Yes,No,Medium,Yes,Low,No,No,0,0,0.0,Yes,Purabi / Sting / Coke,Existing inventory unsold,Stock Already Available,Yes,High,Stock Already Available,NS Avenue follow-up run. Retailers placed delayed orders for Amul Kool and Lassi; confirmed high consumer demand for chilled flavoured milk.
2026-06-30,Tuesday,27,June,Sengupta Agencies,Sushil Das,Saurav Sinha,NS Avenue,Silchar Urban,OUT_26_010,NS Avenue Counter 10,General Store,Medium,Market Street,Yes,Medium,Yes,Amul Tru Mango 200ml,Beverages,Fruit Drinks,Yes,No,Medium,Yes,Low,No,No,0,0,0.0,Yes,Purabi / Sting / Coke,Existing inventory unsold,Stock Already Available,Yes,High,Stock Already Available,NS Avenue follow-up run. Retailers placed delayed orders for Amul Kool and Lassi; confirmed high consumer demand for chilled flavoured milk.
2026-06-30,Tuesday,27,June,Sengupta Agencies,Sushil Das,Saurav Sinha,NS Avenue,Silchar Urban,OUT_26_011,NS Avenue Counter 11,Kirana Store,Medium,Market Street,Yes,Medium,Yes,Amul Butter 50g (₹35 Small Pack),Dairy,Butter,Yes,No,Medium,Yes,Low,No,No,0,0,0.0,Yes,Purabi / Sting / Coke,Existing inventory unsold,Stock Already Available,Yes,High,Stock Already Available,NS Avenue follow-up run. Retailers placed delayed orders for Amul Kool and Lassi; confirmed high consumer demand for chilled flavoured milk.
2026-06-30,Tuesday,27,June,Sengupta Agencies,Sushil Das,Saurav Sinha,NS Avenue,Silchar Urban,OUT_26_011,NS Avenue Counter 11,Kirana Store,Medium,Market Street,Yes,Medium,Yes,Amul Dark Chocolate 150g,Confectionery,Chocolates,Yes,No,Medium,Yes,Low,No,No,0,0,0.0,Yes,Purabi / Sting / Coke,Existing inventory unsold,Stock Already Available,Yes,High,Stock Already Available,NS Avenue follow-up run. Retailers placed delayed orders for Amul Kool and Lassi; confirmed high consumer demand for chilled flavoured milk.
2026-06-30,Tuesday,27,June,Sengupta Agencies,Sushil Das,Saurav Sinha,NS Avenue,Silchar Urban,OUT_26_011,NS Avenue Counter 11,Kirana Store,Medium,Market Street,Yes,Medium,Yes,Amul Tru Mango 200ml,Beverages,Fruit Drinks,Yes,No,Medium,Yes,Low,No,No,0,0,0.0,Yes,Purabi / Sting / Coke,Existing inventory unsold,Stock Already Available,Yes,High,Stock Already Available,NS Avenue follow-up run. Retailers placed delayed orders for Amul Kool and Lassi; confirmed high consumer demand for chilled flavoured milk.
2026-06-30,Tuesday,27,June,Sengupta Agencies,Sushil Das,Saurav Sinha,NS Avenue,Silchar Urban,OUT_26_012,NS Avenue Counter 12,General Store,Medium,Market Street,Yes,Medium,Yes,Amul Butter 50g (₹35 Small Pack),Dairy,Butter,Yes,No,Medium,Yes,Low,No,No,0,0,0.0,Yes,Purabi / Sting / Coke,Existing inventory unsold,Stock Already Available,Yes,High,Stock Already Available,NS Avenue follow-up run. Retailers placed delayed orders for Amul Kool and Lassi; confirmed high consumer demand for chilled flavoured milk.
2026-06-30,Tuesday,27,June,Sengupta Agencies,Sushil Das,Saurav Sinha,NS Avenue,Silchar Urban,OUT_26_012,NS Avenue Counter 12,General Store,Medium,Market Street,Yes,Medium,Yes,Amul Dark Chocolate 150g,Confectionery,Chocolates,Yes,No,Medium,Yes,Low,No,No,0,0,0.0,Yes,Purabi / Sting / Coke,Existing inventory unsold,Stock Already Available,Yes,High,Stock Already Available,NS Avenue follow-up run. Retailers placed delayed orders for Amul Kool and Lassi; confirmed high consumer demand for chilled flavoured milk.
2026-06-30,Tuesday,27,June,Sengupta Agencies,Sushil Das,Saurav Sinha,NS Avenue,Silchar Urban,OUT_26_012,NS Avenue Counter 12,General Store,Medium,Market Street,Yes,Medium,Yes,Amul Tru Mango 200ml,Beverages,Fruit Drinks,Yes,No,Medium,Yes,Low,No,No,0,0,0.0,Yes,Purabi / Sting / Coke,Existing inventory unsold,Stock Already Available,Yes,High,Stock Already Available,NS Avenue follow-up run. Retailers placed delayed orders for Amul Kool and Lassi; confirmed high consumer demand for chilled flavoured milk.
2026-06-30,Tuesday,27,June,Sengupta Agencies,Sushil Das,Saurav Sinha,NS Avenue,Silchar Urban,OUT_26_013,NS Avenue Counter 13,Kirana Store,Medium,Market Street,No,Medium,Yes,Amul Butter 50g (₹35 Small Pack),Dairy,Butter,Yes,No,Medium,Yes,Low,No,No,0,0,0.0,Yes,Purabi / Sting / Coke,Existing inventory unsold,Stock Already Available,Yes,High,Stock Already Available,NS Avenue follow-up run. Retailers placed delayed orders for Amul Kool and Lassi; confirmed high consumer demand for chilled flavoured milk.
2026-06-30,Tuesday,27,June,Sengupta Agencies,Sushil Das,Saurav Sinha,NS Avenue,Silchar Urban,OUT_26_013,NS Avenue Counter 13,Kirana Store,Medium,Market Street,No,Medium,Yes,Amul Dark Chocolate 150g,Confectionery,Chocolates,Yes,No,Medium,Yes,Low,No,No,0,0,0.0,Yes,Purabi / Sting / Coke,Existing inventory unsold,Stock Already Available,Yes,High,Stock Already Available,NS Avenue follow-up run. Retailers placed delayed orders for Amul Kool and Lassi; confirmed high consumer demand for chilled flavoured milk.
2026-06-30,Tuesday,27,June,Sengupta Agencies,Sushil Das,Saurav Sinha,NS Avenue,Silchar Urban,OUT_26_013,NS Avenue Counter 13,Kirana Store,Medium,Market Street,No,Medium,Yes,Amul Tru Mango 200ml,Beverages,Fruit Drinks,Yes,No,Medium,Yes,Low,No,No,0,0,0.0,Yes,Purabi / Sting / Coke,Existing inventory unsold,Stock Already Available,Yes,High,Stock Already Available,NS Avenue follow-up run. Retailers placed delayed orders for Amul Kool and Lassi; confirmed high consumer demand for chilled flavoured milk.
2026-06-30,Tuesday,27,June,Sengupta Agencies,Sushil Das,Saurav Sinha,NS Avenue,Silchar Urban,OUT_26_014,NS Avenue Counter 14,General Store,Medium,Market Street,Yes,Medium,Yes,Amul Butter 50g (₹35 Small Pack),Dairy,Butter,Yes,No,Medium,Yes,Low,No,No,0,0,0.0,Yes,Purabi / Sting / Coke,Existing inventory unsold,Stock Already Available,Yes,High,Stock Already Available,NS Avenue follow-up run. Retailers placed delayed orders for Amul Kool and Lassi; confirmed high consumer demand for chilled flavoured milk.
2026-06-30,Tuesday,27,June,Sengupta Agencies,Sushil Das,Saurav Sinha,NS Avenue,Silchar Urban,OUT_26_014,NS Avenue Counter 14,General Store,Medium,Market Street,Yes,Medium,Yes,Amul Dark Chocolate 150g,Confectionery,Chocolates,Yes,No,Medium,Yes,Low,No,No,0,0,0.0,Yes,Purabi / Sting / Coke,Existing inventory unsold,Stock Already Available,Yes,High,Stock Already Available,NS Avenue follow-up run. Retailers placed delayed orders for Amul Kool and Lassi; confirmed high consumer demand for chilled flavoured milk.
2026-06-30,Tuesday,27,June,Sengupta Agencies,Sushil Das,Saurav Sinha,NS Avenue,Silchar Urban,OUT_26_014,NS Avenue Counter 14,General Store,Medium,Market Street,Yes,Medium,Yes,Amul Tru Mango 200ml,Beverages,Fruit Drinks,Yes,No,Medium,Yes,Low,No,No,0,0,0.0,Yes,Purabi / Sting / Coke,Existing inventory unsold,Stock Already Available,Yes,High,Stock Already Available,NS Avenue follow-up run. Retailers placed delayed orders for Amul Kool and Lassi; confirmed high consumer demand for chilled flavoured milk.
2026-07-01,Wednesday,27,July,Sengupta Agencies,Sushil Das,Saurav Sinha,Hailakandi Road,Silchar Urban,OUT_27_558,Ajit Kalindi,Bakery & Confectionery,Medium,Commercial Market,Yes,High,Yes,Amul Tru Mango 200ml,Beverages,Fruit Drinks,Yes,No,High,Yes,High,Yes,Yes,30,30,385.8,Yes,Purabi / Coke / Sting,,None,No,Normal,,"Hailakandi Road major order booking. High volume order booked at Cold Bar (120 Kool cans, 150 Lassi, 90 Masti); high demand for 1L Masti Buttermilk."
2026-07-01,Wednesday,27,July,Sengupta Agencies,Sushil Das,Saurav Sinha,Hailakandi Road,Silchar Urban,OUT_27_558,Ajit Kalindi,Bakery & Confectionery,Medium,Commercial Market,Yes,High,Yes,Amul Tru Chocolate 200ml,Beverages,Flavoured Milk,Yes,No,High,Yes,High,Yes,Yes,30,30,385.8,Yes,Purabi / Coke / Sting,,None,No,Normal,,"Hailakandi Road major order booking. High volume order booked at Cold Bar (120 Kool cans, 150 Lassi, 90 Masti); high demand for 1L Masti Buttermilk."
2026-07-01,Wednesday,27,July,Sengupta Agencies,Sushil Das,Saurav Sinha,Hailakandi Road,Silchar Urban,OUT_27_558,Ajit Kalindi,Kirana Store,Medium,Commercial Market,Yes,Medium,Yes,Amul Dark Chocolate 150g,Confectionery,Chocolates,Yes,No,Medium,Yes,Medium,No,No,0,0,0,Yes,Purabi / Coke / Sting,Focus SKU rejected,Existing Stock Sufficient,Yes,Medium,Re-pitch during next weekly beat cycle,"Hailakandi Road major order booking. High volume order booked at Cold Bar (120 Kool cans, 150 Lassi, 90 Masti); high demand for 1L Masti Buttermilk."
2026-07-01,Wednesday,27,July,Sengupta Agencies,Sushil Das,Saurav Sinha,Hailakandi Road,Silchar Urban,OUT_27_558,Ajit Kalindi,Kirana Store,Medium,Commercial Market,Yes,Medium,Yes,Amul Tru Litchi 200ml,Beverages,Fruit Drinks,Yes,No,Medium,Yes,Medium,No,No,0,0,0,Yes,Purabi / Coke / Sting,Focus SKU rejected,Existing Stock Sufficient,Yes,Medium,Re-pitch during next weekly beat cycle,"Hailakandi Road major order booking. High volume order booked at Cold Bar (120 Kool cans, 150 Lassi, 90 Masti); high demand for 1L Masti Buttermilk."
2026-07-01,Wednesday,27,July,Sengupta Agencies,Sushil Das,Saurav Sinha,Hailakandi Road,Silchar Urban,OUT_27_558,Ajit Kalindi,Kirana Store,Medium,Commercial Market,Yes,Medium,Yes,Amul Lassi 200ml,Beverages,Fermented Dairy,Yes,No,Medium,Yes,Medium,No,No,0,0,0,Yes,Purabi / Coke / Sting,Focus SKU rejected,Existing Stock Sufficient,Yes,Medium,Re-pitch during next weekly beat cycle,"Hailakandi Road major order booking. High volume order booked at Cold Bar (120 Kool cans, 150 Lassi, 90 Masti); high demand for 1L Masti Buttermilk."
2026-07-01,Wednesday,27,July,Sengupta Agencies,Sushil Das,Saurav Sinha,Hailakandi Road,Silchar Urban,OUT_27_512,Shomes,Bakery & Confectionery,Medium,Commercial Market,Yes,High,Yes,Amul Lassi 200ml,Beverages,Fermented Dairy,Yes,No,High,Yes,High,Yes,Yes,30,30,391.2,Yes,Purabi / Coke / Sting,,None,No,Normal,,"Hailakandi Road major order booking. High volume order booked at Cold Bar (120 Kool cans, 150 Lassi, 90 Masti); high demand for 1L Masti Buttermilk."
2026-07-01,Wednesday,27,July,Sengupta Agencies,Sushil Das,Saurav Sinha,Hailakandi Road,Silchar Urban,OUT_27_512,Shomes,Bakery & Confectionery,Medium,Commercial Market,Yes,High,Yes,Amul Kool Kesar 180ml (Can),Beverages,Flavoured Milk,Yes,No,High,Yes,High,Yes,Yes,24,24,715.2,Yes,Purabi / Coke / Sting,,None,No,Normal,,"Hailakandi Road major order booking. High volume order booked at Cold Bar (120 Kool cans, 150 Lassi, 90 Masti); high demand for 1L Masti Buttermilk."
2026-07-01,Wednesday,27,July,Sengupta Agencies,Sushil Das,Saurav Sinha,Hailakandi Road,Silchar Urban,OUT_27_512,Shomes,Bakery & Confectionery,Medium,Commercial Market,Yes,High,Yes,Amul Tru Mango 200ml,Beverages,Fruit Drinks,Yes,No,High,Yes,High,Yes,Yes,30,30,385.8,Yes,Purabi / Coke / Sting,,None,No,Normal,,"Hailakandi Road major order booking. High volume order booked at Cold Bar (120 Kool cans, 150 Lassi, 90 Masti); high demand for 1L Masti Buttermilk."
2026-07-01,Wednesday,27,July,Sengupta Agencies,Sushil Das,Saurav Sinha,Hailakandi Road,Silchar Urban,OUT_27_512,Shomes,Kirana Store,Medium,Commercial Market,Yes,Medium,Yes,Amul Dark Chocolate 150g,Confectionery,Chocolates,Yes,No,Medium,Yes,Medium,No,No,0,0,0,Yes,Purabi / Coke / Sting,Focus SKU rejected,Existing Stock Sufficient,Yes,Medium,Re-pitch during next weekly beat cycle,"Hailakandi Road major order booking. High volume order booked at Cold Bar (120 Kool cans, 150 Lassi, 90 Masti); high demand for 1L Masti Buttermilk."
2026-07-01,Wednesday,27,July,Sengupta Agencies,Sushil Das,Saurav Sinha,Hailakandi Road,Silchar Urban,OUT_27_512,Shomes,Kirana Store,Medium,Commercial Market,Yes,Medium,Yes,Amul Tru Litchi 200ml,Beverages,Fruit Drinks,Yes,No,Medium,Yes,Medium,No,No,0,0,0,Yes,Purabi / Coke / Sting,Focus SKU rejected,Existing Stock Sufficient,Yes,Medium,Re-pitch during next weekly beat cycle,"Hailakandi Road major order booking. High volume order booked at Cold Bar (120 Kool cans, 150 Lassi, 90 Masti); high demand for 1L Masti Buttermilk."
2026-07-01,Wednesday,27,July,Sengupta Agencies,Sushil Das,Saurav Sinha,Hailakandi Road,Silchar Urban,OUT_27_100,Hrishikesh Bhandar,Bakery & Confectionery,Medium,Commercial Market,Yes,High,Yes,Amul Lassi 200ml,Beverages,Fermented Dairy,Yes,No,High,Yes,High,Yes,Yes,30,30,391.2,Yes,Purabi / Coke / Sting,,None,No,Normal,,"Hailakandi Road major order booking. High volume order booked at Cold Bar (120 Kool cans, 150 Lassi, 90 Masti); high demand for 1L Masti Buttermilk."
2026-07-01,Wednesday,27,July,Sengupta Agencies,Sushil Das,Saurav Sinha,Hailakandi Road,Silchar Urban,OUT_27_100,Hrishikesh Bhandar,Kirana Store,Medium,Commercial Market,Yes,Medium,Yes,Amul Dark Chocolate 150g,Confectionery,Chocolates,Yes,No,Medium,Yes,Medium,No,No,0,0,0,Yes,Purabi / Coke / Sting,Focus SKU rejected,Existing Stock Sufficient,Yes,Medium,Re-pitch during next weekly beat cycle,"Hailakandi Road major order booking. High volume order booked at Cold Bar (120 Kool cans, 150 Lassi, 90 Masti); high demand for 1L Masti Buttermilk."
2026-07-01,Wednesday,27,July,Sengupta Agencies,Sushil Das,Saurav Sinha,Hailakandi Road,Silchar Urban,OUT_27_100,Hrishikesh Bhandar,Kirana Store,Medium,Commercial Market,Yes,Medium,Yes,Amul Tru Mango 200ml,Beverages,Fruit Drinks,Yes,No,Medium,Yes,Medium,No,No,0,0,0,Yes,Purabi / Coke / Sting,Focus SKU rejected,Existing Stock Sufficient,Yes,Medium,Re-pitch during next weekly beat cycle,"Hailakandi Road major order booking. High volume order booked at Cold Bar (120 Kool cans, 150 Lassi, 90 Masti); high demand for 1L Masti Buttermilk."
2026-07-01,Wednesday,27,July,Sengupta Agencies,Sushil Das,Saurav Sinha,Hailakandi Road,Silchar Urban,OUT_27_100,Hrishikesh Bhandar,Kirana Store,Medium,Commercial Market,Yes,Medium,Yes,Amul Tru Litchi 200ml,Beverages,Fruit Drinks,Yes,No,Medium,Yes,Medium,No,No,0,0,0,Yes,Purabi / Coke / Sting,Focus SKU rejected,Existing Stock Sufficient,Yes,Medium,Re-pitch during next weekly beat cycle,"Hailakandi Road major order booking. High volume order booked at Cold Bar (120 Kool cans, 150 Lassi, 90 Masti); high demand for 1L Masti Buttermilk."
2026-07-01,Wednesday,27,July,Sengupta Agencies,Sushil Das,Saurav Sinha,Hailakandi Road,Silchar Urban,OUT_27_509,Basudev Bhandar,Bakery & Confectionery,Medium,Commercial Market,Yes,High,Yes,Amul Masti Buttermilk 1L,Beverages,Fermented Dairy,Yes,No,High,Yes,High,Yes,Yes,6,6,312.0,Yes,Purabi / Coke / Sting,,None,No,Normal,,"Hailakandi Road major order booking. High volume order booked at Cold Bar (120 Kool cans, 150 Lassi, 90 Masti); high demand for 1L Masti Buttermilk."
2026-07-01,Wednesday,27,July,Sengupta Agencies,Sushil Das,Saurav Sinha,Hailakandi Road,Silchar Urban,OUT_27_509,Basudev Bhandar,Bakery & Confectionery,Medium,Commercial Market,Yes,High,Yes,Amul Masti Spiced Buttermilk 200ml,Beverages,Fermented Dairy,Yes,No,High,Yes,High,Yes,Yes,60,60,782.4,Yes,Purabi / Coke / Sting,,None,No,Normal,,"Hailakandi Road major order booking. High volume order booked at Cold Bar (120 Kool cans, 150 Lassi, 90 Masti); high demand for 1L Masti Buttermilk."
2026-07-01,Wednesday,27,July,Sengupta Agencies,Sushil Das,Saurav Sinha,Hailakandi Road,Silchar Urban,OUT_27_509,Basudev Bhandar,Bakery & Confectionery,Medium,Commercial Market,Yes,High,Yes,Amul Kool Kesar 180ml (Can),Beverages,Flavoured Milk,Yes,No,High,Yes,High,Yes,Yes,48,48,1430.4,Yes,Purabi / Coke / Sting,,None,No,Normal,,"Hailakandi Road major order booking. High volume order booked at Cold Bar (120 Kool cans, 150 Lassi, 90 Masti); high demand for 1L Masti Buttermilk."
2026-07-01,Wednesday,27,July,Sengupta Agencies,Sushil Das,Saurav Sinha,Hailakandi Road,Silchar Urban,OUT_27_509,Basudev Bhandar,Kirana Store,Medium,Commercial Market,Yes,Medium,Yes,Amul Dark Chocolate 150g,Confectionery,Chocolates,Yes,No,Medium,Yes,Medium,No,No,0,0,0,Yes,Purabi / Coke / Sting,Focus SKU rejected,Existing Stock Sufficient,Yes,Medium,Re-pitch during next weekly beat cycle,"Hailakandi Road major order booking. High volume order booked at Cold Bar (120 Kool cans, 150 Lassi, 90 Masti); high demand for 1L Masti Buttermilk."
2026-07-01,Wednesday,27,July,Sengupta Agencies,Sushil Das,Saurav Sinha,Hailakandi Road,Silchar Urban,OUT_27_509,Basudev Bhandar,Kirana Store,Medium,Commercial Market,Yes,Medium,Yes,Amul Tru Mango 200ml,Beverages,Fruit Drinks,Yes,No,Medium,Yes,Medium,No,No,0,0,0,Yes,Purabi / Coke / Sting,Focus SKU rejected,Existing Stock Sufficient,Yes,Medium,Re-pitch during next weekly beat cycle,"Hailakandi Road major order booking. High volume order booked at Cold Bar (120 Kool cans, 150 Lassi, 90 Masti); high demand for 1L Masti Buttermilk."
2026-07-01,Wednesday,27,July,Sengupta Agencies,Sushil Das,Saurav Sinha,Hailakandi Road,Silchar Urban,OUT_27_509,Basudev Bhandar,Kirana Store,Medium,Commercial Market,Yes,Medium,Yes,Amul Tru Litchi 200ml,Beverages,Fruit Drinks,Yes,No,Medium,Yes,Medium,No,No,0,0,0,Yes,Purabi / Coke / Sting,Focus SKU rejected,Existing Stock Sufficient,Yes,Medium,Re-pitch during next weekly beat cycle,"Hailakandi Road major order booking. High volume order booked at Cold Bar (120 Kool cans, 150 Lassi, 90 Masti); high demand for 1L Masti Buttermilk."
2026-07-01,Wednesday,27,July,Sengupta Agencies,Sushil Das,Saurav Sinha,Hailakandi Road,Silchar Urban,OUT_27_509,Basudev Bhandar,Kirana Store,Medium,Commercial Market,Yes,Medium,Yes,Amul Lassi 200ml,Beverages,Fermented Dairy,Yes,No,Medium,Yes,Medium,No,No,0,0,0,Yes,Purabi / Coke / Sting,Focus SKU rejected,Existing Stock Sufficient,Yes,Medium,Re-pitch during next weekly beat cycle,"Hailakandi Road major order booking. High volume order booked at Cold Bar (120 Kool cans, 150 Lassi, 90 Masti); high demand for 1L Masti Buttermilk."
2026-07-01,Wednesday,27,July,Sengupta Agencies,Sushil Das,Saurav Sinha,Hailakandi Road,Silchar Urban,OUT_27_309,Suma Store,Kirana Store,Medium,Commercial Market,Yes,High,Yes,Amul Lassi 200ml,Beverages,Fermented Dairy,Yes,No,High,Yes,High,Yes,Yes,30,30,391.2,Yes,Purabi / Coke / Sting,,None,No,Normal,,"Hailakandi Road major order booking. High volume order booked at Cold Bar (120 Kool cans, 150 Lassi, 90 Masti); high demand for 1L Masti Buttermilk."
2026-07-01,Wednesday,27,July,Sengupta Agencies,Sushil Das,Saurav Sinha,Hailakandi Road,Silchar Urban,OUT_27_309,Suma Store,Kirana Store,Medium,Commercial Market,Yes,Medium,Yes,Amul Dark Chocolate 150g,Confectionery,Chocolates,Yes,No,Medium,Yes,Medium,No,No,0,0,0,Yes,Purabi / Coke / Sting,Focus SKU rejected,Existing Stock Sufficient,Yes,Medium,Re-pitch during next weekly beat cycle,"Hailakandi Road major order booking. High volume order booked at Cold Bar (120 Kool cans, 150 Lassi, 90 Masti); high demand for 1L Masti Buttermilk."
2026-07-01,Wednesday,27,July,Sengupta Agencies,Sushil Das,Saurav Sinha,Hailakandi Road,Silchar Urban,OUT_27_309,Suma Store,Kirana Store,Medium,Commercial Market,Yes,Medium,Yes,Amul Tru Mango 200ml,Beverages,Fruit Drinks,Yes,No,Medium,Yes,Medium,No,No,0,0,0,Yes,Purabi / Coke / Sting,Focus SKU rejected,Existing Stock Sufficient,Yes,Medium,Re-pitch during next weekly beat cycle,"Hailakandi Road major order booking. High volume order booked at Cold Bar (120 Kool cans, 150 Lassi, 90 Masti); high demand for 1L Masti Buttermilk."
2026-07-01,Wednesday,27,July,Sengupta Agencies,Sushil Das,Saurav Sinha,Hailakandi Road,Silchar Urban,OUT_27_309,Suma Store,Kirana Store,Medium,Commercial Market,Yes,Medium,Yes,Amul Tru Litchi 200ml,Beverages,Fruit Drinks,Yes,No,Medium,Yes,Medium,No,No,0,0,0,Yes,Purabi / Coke / Sting,Focus SKU rejected,Existing Stock Sufficient,Yes,Medium,Re-pitch during next weekly beat cycle,"Hailakandi Road major order booking. High volume order booked at Cold Bar (120 Kool cans, 150 Lassi, 90 Masti); high demand for 1L Masti Buttermilk."
2026-07-01,Wednesday,27,July,Sengupta Agencies,Sushil Das,Saurav Sinha,Hailakandi Road,Silchar Urban,OUT_27_516,Sri Sri Radharaman Bhandar,Bakery & Confectionery,Medium,Commercial Market,Yes,High,Yes,Amul Kool Kesar 180ml (Can),Beverages,Flavoured Milk,Yes,No,High,Yes,High,Yes,Yes,24,24,715.2,Yes,Purabi / Coke / Sting,,None,No,Normal,,"Hailakandi Road major order booking. High volume order booked at Cold Bar (120 Kool cans, 150 Lassi, 90 Masti); high demand for 1L Masti Buttermilk."
2026-07-01,Wednesday,27,July,Sengupta Agencies,Sushil Das,Saurav Sinha,Hailakandi Road,Silchar Urban,OUT_27_516,Sri Sri Radharaman Bhandar,Bakery & Confectionery,Medium,Commercial Market,Yes,High,Yes,Amul Lassi 200ml,Beverages,Fermented Dairy,Yes,No,High,Yes,High,Yes,Yes,30,30,391.2,Yes,Purabi / Coke / Sting,,None,No,Normal,,"Hailakandi Road major order booking. High volume order booked at Cold Bar (120 Kool cans, 150 Lassi, 90 Masti); high demand for 1L Masti Buttermilk."
2026-07-01,Wednesday,27,July,Sengupta Agencies,Sushil Das,Saurav Sinha,Hailakandi Road,Silchar Urban,OUT_27_516,Sri Sri Radharaman Bhandar,Kirana Store,Medium,Commercial Market,Yes,Medium,Yes,Amul Dark Chocolate 150g,Confectionery,Chocolates,Yes,No,Medium,Yes,Medium,No,No,0,0,0,Yes,Purabi / Coke / Sting,Focus SKU rejected,Existing Stock Sufficient,Yes,Medium,Re-pitch during next weekly beat cycle,"Hailakandi Road major order booking. High volume order booked at Cold Bar (120 Kool cans, 150 Lassi, 90 Masti); high demand for 1L Masti Buttermilk."
2026-07-01,Wednesday,27,July,Sengupta Agencies,Sushil Das,Saurav Sinha,Hailakandi Road,Silchar Urban,OUT_27_516,Sri Sri Radharaman Bhandar,Kirana Store,Medium,Commercial Market,Yes,Medium,Yes,Amul Tru Mango 200ml,Beverages,Fruit Drinks,Yes,No,Medium,Yes,Medium,No,No,0,0,0,Yes,Purabi / Coke / Sting,Focus SKU rejected,Existing Stock Sufficient,Yes,Medium,Re-pitch during next weekly beat cycle,"Hailakandi Road major order booking. High volume order booked at Cold Bar (120 Kool cans, 150 Lassi, 90 Masti); high demand for 1L Masti Buttermilk."
2026-07-01,Wednesday,27,July,Sengupta Agencies,Sushil Das,Saurav Sinha,Hailakandi Road,Silchar Urban,OUT_27_516,Sri Sri Radharaman Bhandar,Kirana Store,Medium,Commercial Market,Yes,Medium,Yes,Amul Tru Litchi 200ml,Beverages,Fruit Drinks,Yes,No,Medium,Yes,Medium,No,No,0,0,0,Yes,Purabi / Coke / Sting,Focus SKU rejected,Existing Stock Sufficient,Yes,Medium,Re-pitch during next weekly beat cycle,"Hailakandi Road major order booking. High volume order booked at Cold Bar (120 Kool cans, 150 Lassi, 90 Masti); high demand for 1L Masti Buttermilk."
2026-07-01,Wednesday,27,July,Sengupta Agencies,Sushil Das,Saurav Sinha,Hailakandi Road,Silchar Urban,OUT_27_551,Cold Bar,Bakery & Confectionery,Medium,Commercial Market,Yes,High,Yes,Amul Kool Kesar 180ml (Can),Beverages,Flavoured Milk,Yes,No,High,Yes,High,Yes,Yes,120,120,3576.0,Yes,Purabi / Coke / Sting,,None,No,Normal,,"Hailakandi Road major order booking. High volume order booked at Cold Bar (120 Kool cans, 150 Lassi, 90 Masti); high demand for 1L Masti Buttermilk."
2026-07-01,Wednesday,27,July,Sengupta Agencies,Sushil Das,Saurav Sinha,Hailakandi Road,Silchar Urban,OUT_27_551,Cold Bar,Bakery & Confectionery,Medium,Commercial Market,Yes,High,Yes,Amul Lassi 200ml,Beverages,Fermented Dairy,Yes,No,High,Yes,High,Yes,Yes,150,150,1956.0,Yes,Purabi / Coke / Sting,,None,No,Normal,,"Hailakandi Road major order booking. High volume order booked at Cold Bar (120 Kool cans, 150 Lassi, 90 Masti); high demand for 1L Masti Buttermilk."
2026-07-01,Wednesday,27,July,Sengupta Agencies,Sushil Das,Saurav Sinha,Hailakandi Road,Silchar Urban,OUT_27_551,Cold Bar,Bakery & Confectionery,Medium,Commercial Market,Yes,High,Yes,Amul Masti Spiced Buttermilk 200ml,Beverages,Fermented Dairy,Yes,No,High,Yes,High,Yes,Yes,90,90,1173.6,Yes,Purabi / Coke / Sting,,None,No,Normal,,"Hailakandi Road major order booking. High volume order booked at Cold Bar (120 Kool cans, 150 Lassi, 90 Masti); high demand for 1L Masti Buttermilk."
2026-07-01,Wednesday,27,July,Sengupta Agencies,Sushil Das,Saurav Sinha,Hailakandi Road,Silchar Urban,OUT_27_551,Cold Bar,Kirana Store,Medium,Commercial Market,Yes,Medium,Yes,Amul Dark Chocolate 150g,Confectionery,Chocolates,Yes,No,Medium,Yes,Medium,No,No,0,0,0,Yes,Purabi / Coke / Sting,Focus SKU rejected,Existing Stock Sufficient,Yes,Medium,Re-pitch during next weekly beat cycle,"Hailakandi Road major order booking. High volume order booked at Cold Bar (120 Kool cans, 150 Lassi, 90 Masti); high demand for 1L Masti Buttermilk."
2026-07-01,Wednesday,27,July,Sengupta Agencies,Sushil Das,Saurav Sinha,Hailakandi Road,Silchar Urban,OUT_27_551,Cold Bar,Kirana Store,Medium,Commercial Market,Yes,Medium,Yes,Amul Tru Mango 200ml,Beverages,Fruit Drinks,Yes,No,Medium,Yes,Medium,No,No,0,0,0,Yes,Purabi / Coke / Sting,Focus SKU rejected,Existing Stock Sufficient,Yes,Medium,Re-pitch during next weekly beat cycle,"Hailakandi Road major order booking. High volume order booked at Cold Bar (120 Kool cans, 150 Lassi, 90 Masti); high demand for 1L Masti Buttermilk."
2026-07-01,Wednesday,27,July,Sengupta Agencies,Sushil Das,Saurav Sinha,Hailakandi Road,Silchar Urban,OUT_27_551,Cold Bar,Kirana Store,Medium,Commercial Market,Yes,Medium,Yes,Amul Tru Litchi 200ml,Beverages,Fruit Drinks,Yes,No,Medium,Yes,Medium,No,No,0,0,0,Yes,Purabi / Coke / Sting,Focus SKU rejected,Existing Stock Sufficient,Yes,Medium,Re-pitch during next weekly beat cycle,"Hailakandi Road major order booking. High volume order booked at Cold Bar (120 Kool cans, 150 Lassi, 90 Masti); high demand for 1L Masti Buttermilk."
2026-07-01,Wednesday,27,July,Sengupta Agencies,Sushil Das,Saurav Sinha,Hailakandi Road,Silchar Urban,OUT_27_008,Hailakandi Road Counter 8,Kirana Store,Medium,Market Street,No,Medium,Yes,Amul Dark Chocolate 150g,Confectionery,Chocolates,Yes,No,Medium,Yes,Low,No,No,0,0,0.0,Yes,Purabi / Sting / Coke,Existing inventory unsold,Stock Already Available,Yes,High,Stock Already Available,"Hailakandi Road major order booking. High volume order booked at Cold Bar (120 Kool cans, 150 Lassi, 90 Masti); high demand for 1L Masti Buttermilk."
2026-07-01,Wednesday,27,July,Sengupta Agencies,Sushil Das,Saurav Sinha,Hailakandi Road,Silchar Urban,OUT_27_008,Hailakandi Road Counter 8,Kirana Store,Medium,Market Street,No,Medium,Yes,Amul Tru Mango 200ml,Beverages,Fruit Drinks,Yes,No,Medium,Yes,Low,No,No,0,0,0.0,Yes,Purabi / Sting / Coke,Existing inventory unsold,Stock Already Available,Yes,High,Stock Already Available,"Hailakandi Road major order booking. High volume order booked at Cold Bar (120 Kool cans, 150 Lassi, 90 Masti); high demand for 1L Masti Buttermilk."
2026-07-01,Wednesday,27,July,Sengupta Agencies,Sushil Das,Saurav Sinha,Hailakandi Road,Silchar Urban,OUT_27_008,Hailakandi Road Counter 8,Kirana Store,Medium,Market Street,No,Medium,Yes,Amul Tru Litchi 200ml,Beverages,Fruit Drinks,Yes,No,Medium,Yes,Low,No,No,0,0,0.0,Yes,Purabi / Sting / Coke,Existing inventory unsold,Stock Already Available,Yes,High,Stock Already Available,"Hailakandi Road major order booking. High volume order booked at Cold Bar (120 Kool cans, 150 Lassi, 90 Masti); high demand for 1L Masti Buttermilk."
2026-07-01,Wednesday,27,July,Sengupta Agencies,Sushil Das,Saurav Sinha,Hailakandi Road,Silchar Urban,OUT_27_009,Hailakandi Road Counter 9,General Store,Medium,Market Street,Yes,Medium,Yes,Amul Dark Chocolate 150g,Confectionery,Chocolates,Yes,No,Medium,Yes,Low,No,No,0,0,0.0,Yes,Purabi / Sting / Coke,Existing inventory unsold,Stock Already Available,Yes,High,Stock Already Available,"Hailakandi Road major order booking. High volume order booked at Cold Bar (120 Kool cans, 150 Lassi, 90 Masti); high demand for 1L Masti Buttermilk."
2026-07-01,Wednesday,27,July,Sengupta Agencies,Sushil Das,Saurav Sinha,Hailakandi Road,Silchar Urban,OUT_27_009,Hailakandi Road Counter 9,General Store,Medium,Market Street,Yes,Medium,Yes,Amul Tru Mango 200ml,Beverages,Fruit Drinks,Yes,No,Medium,Yes,Low,No,No,0,0,0.0,Yes,Purabi / Sting / Coke,Existing inventory unsold,Stock Already Available,Yes,High,Stock Already Available,"Hailakandi Road major order booking. High volume order booked at Cold Bar (120 Kool cans, 150 Lassi, 90 Masti); high demand for 1L Masti Buttermilk."
2026-07-01,Wednesday,27,July,Sengupta Agencies,Sushil Das,Saurav Sinha,Hailakandi Road,Silchar Urban,OUT_27_009,Hailakandi Road Counter 9,General Store,Medium,Market Street,Yes,Medium,Yes,Amul Tru Litchi 200ml,Beverages,Fruit Drinks,Yes,No,Medium,Yes,Low,No,No,0,0,0.0,Yes,Purabi / Sting / Coke,Existing inventory unsold,Stock Already Available,Yes,High,Stock Already Available,"Hailakandi Road major order booking. High volume order booked at Cold Bar (120 Kool cans, 150 Lassi, 90 Masti); high demand for 1L Masti Buttermilk."
2026-07-01,Wednesday,27,July,Sengupta Agencies,Sushil Das,Saurav Sinha,Hailakandi Road,Silchar Urban,OUT_27_010,Hailakandi Road Counter 10,Kirana Store,Medium,Market Street,Yes,Medium,Yes,Amul Dark Chocolate 150g,Confectionery,Chocolates,Yes,No,Medium,Yes,Low,No,No,0,0,0.0,Yes,Purabi / Sting / Coke,Existing inventory unsold,Stock Already Available,Yes,High,Stock Already Available,"Hailakandi Road major order booking. High volume order booked at Cold Bar (120 Kool cans, 150 Lassi, 90 Masti); high demand for 1L Masti Buttermilk."
2026-07-01,Wednesday,27,July,Sengupta Agencies,Sushil Das,Saurav Sinha,Hailakandi Road,Silchar Urban,OUT_27_010,Hailakandi Road Counter 10,Kirana Store,Medium,Market Street,Yes,Medium,Yes,Amul Tru Mango 200ml,Beverages,Fruit Drinks,Yes,No,Medium,Yes,Low,No,No,0,0,0.0,Yes,Purabi / Sting / Coke,Existing inventory unsold,Stock Already Available,Yes,High,Stock Already Available,"Hailakandi Road major order booking. High volume order booked at Cold Bar (120 Kool cans, 150 Lassi, 90 Masti); high demand for 1L Masti Buttermilk."
2026-07-01,Wednesday,27,July,Sengupta Agencies,Sushil Das,Saurav Sinha,Hailakandi Road,Silchar Urban,OUT_27_010,Hailakandi Road Counter 10,Kirana Store,Medium,Market Street,Yes,Medium,Yes,Amul Tru Litchi 200ml,Beverages,Fruit Drinks,Yes,No,Medium,Yes,Low,No,No,0,0,0.0,Yes,Purabi / Sting / Coke,Existing inventory unsold,Stock Already Available,Yes,High,Stock Already Available,"Hailakandi Road major order booking. High volume order booked at Cold Bar (120 Kool cans, 150 Lassi, 90 Masti); high demand for 1L Masti Buttermilk."
2026-07-01,Wednesday,27,July,Sengupta Agencies,Sushil Das,Saurav Sinha,Hailakandi Road,Silchar Urban,OUT_27_011,Hailakandi Road Counter 11,General Store,Medium,Market Street,Yes,Medium,Yes,Amul Dark Chocolate 150g,Confectionery,Chocolates,Yes,No,Medium,Yes,Low,No,No,0,0,0.0,Yes,Purabi / Sting / Coke,Existing inventory unsold,Stock Already Available,Yes,High,Stock Already Available,"Hailakandi Road major order booking. High volume order booked at Cold Bar (120 Kool cans, 150 Lassi, 90 Masti); high demand for 1L Masti Buttermilk."
2026-07-01,Wednesday,27,July,Sengupta Agencies,Sushil Das,Saurav Sinha,Hailakandi Road,Silchar Urban,OUT_27_011,Hailakandi Road Counter 11,General Store,Medium,Market Street,Yes,Medium,Yes,Amul Tru Mango 200ml,Beverages,Fruit Drinks,Yes,No,Medium,Yes,Low,No,No,0,0,0.0,Yes,Purabi / Sting / Coke,Existing inventory unsold,Stock Already Available,Yes,High,Stock Already Available,"Hailakandi Road major order booking. High volume order booked at Cold Bar (120 Kool cans, 150 Lassi, 90 Masti); high demand for 1L Masti Buttermilk."
2026-07-01,Wednesday,27,July,Sengupta Agencies,Sushil Das,Saurav Sinha,Hailakandi Road,Silchar Urban,OUT_27_011,Hailakandi Road Counter 11,General Store,Medium,Market Street,Yes,Medium,Yes,Amul Tru Litchi 200ml,Beverages,Fruit Drinks,Yes,No,Medium,Yes,Low,No,No,0,0,0.0,Yes,Purabi / Sting / Coke,Existing inventory unsold,Stock Already Available,Yes,High,Stock Already Available,"Hailakandi Road major order booking. High volume order booked at Cold Bar (120 Kool cans, 150 Lassi, 90 Masti); high demand for 1L Masti Buttermilk."
2026-07-01,Wednesday,27,July,Sengupta Agencies,Sushil Das,Saurav Sinha,Hailakandi Road,Silchar Urban,OUT_27_012,Hailakandi Road Counter 12,Kirana Store,Medium,Market Street,No,Medium,Yes,Amul Dark Chocolate 150g,Confectionery,Chocolates,Yes,No,Medium,Yes,Low,No,No,0,0,0.0,Yes,Purabi / Sting / Coke,Existing inventory unsold,Stock Already Available,Yes,High,Stock Already Available,"Hailakandi Road major order booking. High volume order booked at Cold Bar (120 Kool cans, 150 Lassi, 90 Masti); high demand for 1L Masti Buttermilk."
2026-07-01,Wednesday,27,July,Sengupta Agencies,Sushil Das,Saurav Sinha,Hailakandi Road,Silchar Urban,OUT_27_012,Hailakandi Road Counter 12,Kirana Store,Medium,Market Street,No,Medium,Yes,Amul Tru Mango 200ml,Beverages,Fruit Drinks,Yes,No,Medium,Yes,Low,No,No,0,0,0.0,Yes,Purabi / Sting / Coke,Existing inventory unsold,Stock Already Available,Yes,High,Stock Already Available,"Hailakandi Road major order booking. High volume order booked at Cold Bar (120 Kool cans, 150 Lassi, 90 Masti); high demand for 1L Masti Buttermilk."
2026-07-01,Wednesday,27,July,Sengupta Agencies,Sushil Das,Saurav Sinha,Hailakandi Road,Silchar Urban,OUT_27_012,Hailakandi Road Counter 12,Kirana Store,Medium,Market Street,No,Medium,Yes,Amul Tru Litchi 200ml,Beverages,Fruit Drinks,Yes,No,Medium,Yes,Low,No,No,0,0,0.0,Yes,Purabi / Sting / Coke,Existing inventory unsold,Stock Already Available,Yes,High,Stock Already Available,"Hailakandi Road major order booking. High volume order booked at Cold Bar (120 Kool cans, 150 Lassi, 90 Masti); high demand for 1L Masti Buttermilk."
2026-07-01,Wednesday,27,July,Sengupta Agencies,Sushil Das,Saurav Sinha,Hailakandi Road,Silchar Urban,OUT_27_013,Hailakandi Road Counter 13,General Store,Medium,Market Street,Yes,Medium,Yes,Amul Dark Chocolate 150g,Confectionery,Chocolates,Yes,No,Medium,Yes,Low,No,No,0,0,0.0,Yes,Purabi / Sting / Coke,Existing inventory unsold,Stock Already Available,Yes,High,Stock Already Available,"Hailakandi Road major order booking. High volume order booked at Cold Bar (120 Kool cans, 150 Lassi, 90 Masti); high demand for 1L Masti Buttermilk."
2026-07-01,Wednesday,27,July,Sengupta Agencies,Sushil Das,Saurav Sinha,Hailakandi Road,Silchar Urban,OUT_27_013,Hailakandi Road Counter 13,General Store,Medium,Market Street,Yes,Medium,Yes,Amul Tru Mango 200ml,Beverages,Fruit Drinks,Yes,No,Medium,Yes,Low,No,No,0,0,0.0,Yes,Purabi / Sting / Coke,Existing inventory unsold,Stock Already Available,Yes,High,Stock Already Available,"Hailakandi Road major order booking. High volume order booked at Cold Bar (120 Kool cans, 150 Lassi, 90 Masti); high demand for 1L Masti Buttermilk."
2026-07-01,Wednesday,27,July,Sengupta Agencies,Sushil Das,Saurav Sinha,Hailakandi Road,Silchar Urban,OUT_27_013,Hailakandi Road Counter 13,General Store,Medium,Market Street,Yes,Medium,Yes,Amul Tru Litchi 200ml,Beverages,Fruit Drinks,Yes,No,Medium,Yes,Low,No,No,0,0,0.0,Yes,Purabi / Sting / Coke,Existing inventory unsold,Stock Already Available,Yes,High,Stock Already Available,"Hailakandi Road major order booking. High volume order booked at Cold Bar (120 Kool cans, 150 Lassi, 90 Masti); high demand for 1L Masti Buttermilk."
2026-07-01,Wednesday,27,July,Sengupta Agencies,Sushil Das,Saurav Sinha,Hailakandi Road,Silchar Urban,OUT_27_014,Hailakandi Road Counter 14,Kirana Store,Medium,Market Street,Yes,Medium,Yes,Amul Dark Chocolate 150g,Confectionery,Chocolates,Yes,No,Medium,Yes,Low,No,No,0,0,0.0,Yes,Purabi / Sting / Coke,Existing inventory unsold,Stock Already Available,Yes,High,Stock Already Available,"Hailakandi Road major order booking. High volume order booked at Cold Bar (120 Kool cans, 150 Lassi, 90 Masti); high demand for 1L Masti Buttermilk."
2026-07-01,Wednesday,27,July,Sengupta Agencies,Sushil Das,Saurav Sinha,Hailakandi Road,Silchar Urban,OUT_27_014,Hailakandi Road Counter 14,Kirana Store,Medium,Market Street,Yes,Medium,Yes,Amul Tru Mango 200ml,Beverages,Fruit Drinks,Yes,No,Medium,Yes,Low,No,No,0,0,0.0,Yes,Purabi / Sting / Coke,Existing inventory unsold,Stock Already Available,Yes,High,Stock Already Available,"Hailakandi Road major order booking. High volume order booked at Cold Bar (120 Kool cans, 150 Lassi, 90 Masti); high demand for 1L Masti Buttermilk."
2026-07-01,Wednesday,27,July,Sengupta Agencies,Sushil Das,Saurav Sinha,Hailakandi Road,Silchar Urban,OUT_27_014,Hailakandi Road Counter 14,Kirana Store,Medium,Market Street,Yes,Medium,Yes,Amul Tru Litchi 200ml,Beverages,Fruit Drinks,Yes,No,Medium,Yes,Low,No,No,0,0,0.0,Yes,Purabi / Sting / Coke,Existing inventory unsold,Stock Already Available,Yes,High,Stock Already Available,"Hailakandi Road major order booking. High volume order booked at Cold Bar (120 Kool cans, 150 Lassi, 90 Masti); high demand for 1L Masti Buttermilk."
2026-07-01,Wednesday,27,July,Sengupta Agencies,Sushil Das,Saurav Sinha,Hailakandi Road,Silchar Urban,OUT_27_015,Hailakandi Road Counter 15,General Store,Medium,Market Street,Yes,Medium,Yes,Amul Dark Chocolate 150g,Confectionery,Chocolates,Yes,No,Medium,Yes,Low,No,No,0,0,0.0,Yes,Purabi / Sting / Coke,Existing inventory unsold,Stock Already Available,Yes,High,Stock Already Available,"Hailakandi Road major order booking. High volume order booked at Cold Bar (120 Kool cans, 150 Lassi, 90 Masti); high demand for 1L Masti Buttermilk."
2026-07-01,Wednesday,27,July,Sengupta Agencies,Sushil Das,Saurav Sinha,Hailakandi Road,Silchar Urban,OUT_27_015,Hailakandi Road Counter 15,General Store,Medium,Market Street,Yes,Medium,Yes,Amul Tru Mango 200ml,Beverages,Fruit Drinks,Yes,No,Medium,Yes,Low,No,No,0,0,0.0,Yes,Purabi / Sting / Coke,Existing inventory unsold,Stock Already Available,Yes,High,Stock Already Available,"Hailakandi Road major order booking. High volume order booked at Cold Bar (120 Kool cans, 150 Lassi, 90 Masti); high demand for 1L Masti Buttermilk."
2026-07-01,Wednesday,27,July,Sengupta Agencies,Sushil Das,Saurav Sinha,Hailakandi Road,Silchar Urban,OUT_27_015,Hailakandi Road Counter 15,General Store,Medium,Market Street,Yes,Medium,Yes,Amul Tru Litchi 200ml,Beverages,Fruit Drinks,Yes,No,Medium,Yes,Low,No,No,0,0,0.0,Yes,Purabi / Sting / Coke,Existing inventory unsold,Stock Already Available,Yes,High,Stock Already Available,"Hailakandi Road major order booking. High volume order booked at Cold Bar (120 Kool cans, 150 Lassi, 90 Masti); high demand for 1L Masti Buttermilk."
2026-07-01,Wednesday,27,July,Sengupta Agencies,Sushil Das,Saurav Sinha,Hailakandi Road,Silchar Urban,OUT_27_016,Hailakandi Road Counter 16,Kirana Store,Medium,Market Street,No,Medium,Yes,Amul Dark Chocolate 150g,Confectionery,Chocolates,Yes,No,Medium,Yes,Low,No,No,0,0,0.0,Yes,Purabi / Sting / Coke,Existing inventory unsold,Stock Already Available,Yes,High,Stock Already Available,"Hailakandi Road major order booking. High volume order booked at Cold Bar (120 Kool cans, 150 Lassi, 90 Masti); high demand for 1L Masti Buttermilk."
2026-07-01,Wednesday,27,July,Sengupta Agencies,Sushil Das,Saurav Sinha,Hailakandi Road,Silchar Urban,OUT_27_016,Hailakandi Road Counter 16,Kirana Store,Medium,Market Street,No,Medium,Yes,Amul Tru Mango 200ml,Beverages,Fruit Drinks,Yes,No,Medium,Yes,Low,No,No,0,0,0.0,Yes,Purabi / Sting / Coke,Existing inventory unsold,Stock Already Available,Yes,High,Stock Already Available,"Hailakandi Road major order booking. High volume order booked at Cold Bar (120 Kool cans, 150 Lassi, 90 Masti); high demand for 1L Masti Buttermilk."
2026-07-01,Wednesday,27,July,Sengupta Agencies,Sushil Das,Saurav Sinha,Hailakandi Road,Silchar Urban,OUT_27_016,Hailakandi Road Counter 16,Kirana Store,Medium,Market Street,No,Medium,Yes,Amul Tru Litchi 200ml,Beverages,Fruit Drinks,Yes,No,Medium,Yes,Low,No,No,0,0,0.0,Yes,Purabi / Sting / Coke,Existing inventory unsold,Stock Already Available,Yes,High,Stock Already Available,"Hailakandi Road major order booking. High volume order booked at Cold Bar (120 Kool cans, 150 Lassi, 90 Masti); high demand for 1L Masti Buttermilk."
2026-07-01,Wednesday,27,July,Sengupta Agencies,Sushil Das,Saurav Sinha,Hailakandi Road,Silchar Urban,OUT_27_017,Hailakandi Road Counter 17,General Store,Medium,Market Street,Yes,Medium,Yes,Amul Dark Chocolate 150g,Confectionery,Chocolates,Yes,No,Medium,Yes,Low,No,No,0,0,0.0,Yes,Purabi / Sting / Coke,Existing inventory unsold,Stock Already Available,Yes,High,Stock Already Available,"Hailakandi Road major order booking. High volume order booked at Cold Bar (120 Kool cans, 150 Lassi, 90 Masti); high demand for 1L Masti Buttermilk."
2026-07-01,Wednesday,27,July,Sengupta Agencies,Sushil Das,Saurav Sinha,Hailakandi Road,Silchar Urban,OUT_27_017,Hailakandi Road Counter 17,General Store,Medium,Market Street,Yes,Medium,Yes,Amul Tru Mango 200ml,Beverages,Fruit Drinks,Yes,No,Medium,Yes,Low,No,No,0,0,0.0,Yes,Purabi / Sting / Coke,Existing inventory unsold,Stock Already Available,Yes,High,Stock Already Available,"Hailakandi Road major order booking. High volume order booked at Cold Bar (120 Kool cans, 150 Lassi, 90 Masti); high demand for 1L Masti Buttermilk."
2026-07-01,Wednesday,27,July,Sengupta Agencies,Sushil Das,Saurav Sinha,Hailakandi Road,Silchar Urban,OUT_27_017,Hailakandi Road Counter 17,General Store,Medium,Market Street,Yes,Medium,Yes,Amul Tru Litchi 200ml,Beverages,Fruit Drinks,Yes,No,Medium,Yes,Low,No,No,0,0,0.0,Yes,Purabi / Sting / Coke,Existing inventory unsold,Stock Already Available,Yes,High,Stock Already Available,"Hailakandi Road major order booking. High volume order booked at Cold Bar (120 Kool cans, 150 Lassi, 90 Masti); high demand for 1L Masti Buttermilk."
2026-07-01,Wednesday,27,July,Sengupta Agencies,Sushil Das,Saurav Sinha,Hailakandi Road,Silchar Urban,OUT_27_018,Hailakandi Road Counter 18,Kirana Store,Medium,Market Street,Yes,Medium,Yes,Amul Dark Chocolate 150g,Confectionery,Chocolates,Yes,No,Medium,Yes,Low,No,No,0,0,0.0,Yes,Purabi / Sting / Coke,Existing inventory unsold,Stock Already Available,Yes,High,Stock Already Available,"Hailakandi Road major order booking. High volume order booked at Cold Bar (120 Kool cans, 150 Lassi, 90 Masti); high demand for 1L Masti Buttermilk."
2026-07-01,Wednesday,27,July,Sengupta Agencies,Sushil Das,Saurav Sinha,Hailakandi Road,Silchar Urban,OUT_27_018,Hailakandi Road Counter 18,Kirana Store,Medium,Market Street,Yes,Medium,Yes,Amul Tru Mango 200ml,Beverages,Fruit Drinks,Yes,No,Medium,Yes,Low,No,No,0,0,0.0,Yes,Purabi / Sting / Coke,Existing inventory unsold,Stock Already Available,Yes,High,Stock Already Available,"Hailakandi Road major order booking. High volume order booked at Cold Bar (120 Kool cans, 150 Lassi, 90 Masti); high demand for 1L Masti Buttermilk."
2026-07-01,Wednesday,27,July,Sengupta Agencies,Sushil Das,Saurav Sinha,Hailakandi Road,Silchar Urban,OUT_27_018,Hailakandi Road Counter 18,Kirana Store,Medium,Market Street,Yes,Medium,Yes,Amul Tru Litchi 200ml,Beverages,Fruit Drinks,Yes,No,Medium,Yes,Low,No,No,0,0,0.0,Yes,Purabi / Sting / Coke,Existing inventory unsold,Stock Already Available,Yes,High,Stock Already Available,"Hailakandi Road major order booking. High volume order booked at Cold Bar (120 Kool cans, 150 Lassi, 90 Masti); high demand for 1L Masti Buttermilk."
2026-07-03,Friday,27,July,Sengupta Agencies,Sushil Das,Saurav Sinha,1st Link Road,Silchar Urban,OUT_28_001,1st Link Road Counter 1,Kirana Store,Medium,Market Street,No,Medium,Yes,Amul Tru Mango 200ml,Beverages,Fruit Drinks,Yes,No,Medium,Yes,High,Yes,Yes,24,24,308.64,Yes,Purabi / Sting / Coke,,None,No,Low,None,"1st Link Road beat run. Placed multi-flavour Tru Fruit Drinks (Mango, Orange, Litchi) and Kool cans across grocery counters."
2026-07-03,Friday,27,July,Sengupta Agencies,Sushil Das,Saurav Sinha,1st Link Road,Silchar Urban,OUT_28_001,1st Link Road Counter 1,Kirana Store,Medium,Market Street,No,Medium,Yes,Amul Tru Litchi 200ml,Beverages,Fruit Drinks,Yes,No,Medium,Yes,High,Yes,Yes,24,24,308.64,Yes,Purabi / Sting / Coke,,None,No,Low,None,"1st Link Road beat run. Placed multi-flavour Tru Fruit Drinks (Mango, Orange, Litchi) and Kool cans across grocery counters."
2026-07-03,Friday,27,July,Sengupta Agencies,Sushil Das,Saurav Sinha,1st Link Road,Silchar Urban,OUT_28_001,1st Link Road Counter 1,Kirana Store,Medium,Market Street,No,Medium,Yes,Amul Lassi 200ml,Beverages,Fermented Dairy,Yes,No,Medium,Yes,Low,No,No,0,0,0.0,Yes,Purabi / Sting / Coke,Existing inventory unsold,Stock Already Available,Yes,High,Stock Already Available,"1st Link Road beat run. Placed multi-flavour Tru Fruit Drinks (Mango, Orange, Litchi) and Kool cans across grocery counters."
2026-07-03,Friday,27,July,Sengupta Agencies,Sushil Das,Saurav Sinha,1st Link Road,Silchar Urban,OUT_28_002,1st Link Road Counter 2,General Store,Medium,Market Street,Yes,Medium,Yes,Amul Tru Mango 200ml,Beverages,Fruit Drinks,Yes,No,Medium,Yes,High,Yes,Yes,24,24,308.64,Yes,Purabi / Sting / Coke,,None,No,Low,None,"1st Link Road beat run. Placed multi-flavour Tru Fruit Drinks (Mango, Orange, Litchi) and Kool cans across grocery counters."
2026-07-03,Friday,27,July,Sengupta Agencies,Sushil Das,Saurav Sinha,1st Link Road,Silchar Urban,OUT_28_002,1st Link Road Counter 2,General Store,Medium,Market Street,Yes,Medium,Yes,Amul Tru Litchi 200ml,Beverages,Fruit Drinks,Yes,No,Medium,Yes,Low,No,No,0,0,0.0,Yes,Purabi / Sting / Coke,Existing inventory unsold,Stock Already Available,Yes,High,Stock Already Available,"1st Link Road beat run. Placed multi-flavour Tru Fruit Drinks (Mango, Orange, Litchi) and Kool cans across grocery counters."
2026-07-03,Friday,27,July,Sengupta Agencies,Sushil Das,Saurav Sinha,1st Link Road,Silchar Urban,OUT_28_002,1st Link Road Counter 2,General Store,Medium,Market Street,Yes,Medium,Yes,Amul Lassi 200ml,Beverages,Fermented Dairy,Yes,No,Medium,Yes,Low,No,No,0,0,0.0,Yes,Purabi / Sting / Coke,Existing inventory unsold,Stock Already Available,Yes,High,Stock Already Available,"1st Link Road beat run. Placed multi-flavour Tru Fruit Drinks (Mango, Orange, Litchi) and Kool cans across grocery counters."
2026-07-03,Friday,27,July,Sengupta Agencies,Sushil Das,Saurav Sinha,1st Link Road,Silchar Urban,OUT_28_003,1st Link Road Counter 3,Kirana Store,Medium,Market Street,Yes,Medium,Yes,Amul Tru Mango 200ml,Beverages,Fruit Drinks,Yes,No,Medium,Yes,High,Yes,Yes,24,24,308.64,Yes,Purabi / Sting / Coke,,None,No,Low,None,"1st Link Road beat run. Placed multi-flavour Tru Fruit Drinks (Mango, Orange, Litchi) and Kool cans across grocery counters."
2026-07-03,Friday,27,July,Sengupta Agencies,Sushil Das,Saurav Sinha,1st Link Road,Silchar Urban,OUT_28_003,1st Link Road Counter 3,Kirana Store,Medium,Market Street,Yes,Medium,Yes,Amul Tru Litchi 200ml,Beverages,Fruit Drinks,Yes,No,Medium,Yes,High,Yes,Yes,24,24,308.64,Yes,Purabi / Sting / Coke,,None,No,Low,None,"1st Link Road beat run. Placed multi-flavour Tru Fruit Drinks (Mango, Orange, Litchi) and Kool cans across grocery counters."
2026-07-03,Friday,27,July,Sengupta Agencies,Sushil Das,Saurav Sinha,1st Link Road,Silchar Urban,OUT_28_003,1st Link Road Counter 3,Kirana Store,Medium,Market Street,Yes,Medium,Yes,Amul Lassi 200ml,Beverages,Fermented Dairy,Yes,No,Medium,Yes,Low,No,No,0,0,0.0,Yes,Purabi / Sting / Coke,Existing inventory unsold,Stock Already Available,Yes,High,Stock Already Available,"1st Link Road beat run. Placed multi-flavour Tru Fruit Drinks (Mango, Orange, Litchi) and Kool cans across grocery counters."
2026-07-03,Friday,27,July,Sengupta Agencies,Sushil Das,Saurav Sinha,1st Link Road,Silchar Urban,OUT_28_004,1st Link Road Counter 4,General Store,Medium,Market Street,Yes,Medium,Yes,Amul Tru Mango 200ml,Beverages,Fruit Drinks,Yes,No,Medium,Yes,High,Yes,Yes,24,24,308.64,Yes,Purabi / Sting / Coke,,None,No,Low,None,"1st Link Road beat run. Placed multi-flavour Tru Fruit Drinks (Mango, Orange, Litchi) and Kool cans across grocery counters."
2026-07-03,Friday,27,July,Sengupta Agencies,Sushil Das,Saurav Sinha,1st Link Road,Silchar Urban,OUT_28_004,1st Link Road Counter 4,General Store,Medium,Market Street,Yes,Medium,Yes,Amul Tru Litchi 200ml,Beverages,Fruit Drinks,Yes,No,Medium,Yes,Low,No,No,0,0,0.0,Yes,Purabi / Sting / Coke,Existing inventory unsold,Stock Already Available,Yes,High,Stock Already Available,"1st Link Road beat run. Placed multi-flavour Tru Fruit Drinks (Mango, Orange, Litchi) and Kool cans across grocery counters."
2026-07-03,Friday,27,July,Sengupta Agencies,Sushil Das,Saurav Sinha,1st Link Road,Silchar Urban,OUT_28_004,1st Link Road Counter 4,General Store,Medium,Market Street,Yes,Medium,Yes,Amul Lassi 200ml,Beverages,Fermented Dairy,Yes,No,Medium,Yes,Low,No,No,0,0,0.0,Yes,Purabi / Sting / Coke,Existing inventory unsold,Stock Already Available,Yes,High,Stock Already Available,"1st Link Road beat run. Placed multi-flavour Tru Fruit Drinks (Mango, Orange, Litchi) and Kool cans across grocery counters."
2026-07-03,Friday,27,July,Sengupta Agencies,Sushil Das,Saurav Sinha,1st Link Road,Silchar Urban,OUT_28_005,1st Link Road Counter 5,Kirana Store,Medium,Market Street,No,Medium,Yes,Amul Tru Mango 200ml,Beverages,Fruit Drinks,Yes,No,Medium,Yes,High,Yes,Yes,24,24,308.64,Yes,Purabi / Sting / Coke,,None,No,Low,None,"1st Link Road beat run. Placed multi-flavour Tru Fruit Drinks (Mango, Orange, Litchi) and Kool cans across grocery counters."
2026-07-03,Friday,27,July,Sengupta Agencies,Sushil Das,Saurav Sinha,1st Link Road,Silchar Urban,OUT_28_005,1st Link Road Counter 5,Kirana Store,Medium,Market Street,No,Medium,Yes,Amul Tru Litchi 200ml,Beverages,Fruit Drinks,Yes,No,Medium,Yes,High,Yes,Yes,24,24,308.64,Yes,Purabi / Sting / Coke,,None,No,Low,None,"1st Link Road beat run. Placed multi-flavour Tru Fruit Drinks (Mango, Orange, Litchi) and Kool cans across grocery counters."
2026-07-03,Friday,27,July,Sengupta Agencies,Sushil Das,Saurav Sinha,1st Link Road,Silchar Urban,OUT_28_005,1st Link Road Counter 5,Kirana Store,Medium,Market Street,No,Medium,Yes,Amul Lassi 200ml,Beverages,Fermented Dairy,Yes,No,Medium,Yes,Low,No,No,0,0,0.0,Yes,Purabi / Sting / Coke,Existing inventory unsold,Stock Already Available,Yes,High,Stock Already Available,"1st Link Road beat run. Placed multi-flavour Tru Fruit Drinks (Mango, Orange, Litchi) and Kool cans across grocery counters."
2026-07-03,Friday,27,July,Sengupta Agencies,Sushil Das,Saurav Sinha,1st Link Road,Silchar Urban,OUT_28_006,1st Link Road Counter 6,General Store,Medium,Market Street,Yes,Medium,Yes,Amul Tru Mango 200ml,Beverages,Fruit Drinks,Yes,No,Medium,Yes,High,Yes,Yes,24,24,308.64,Yes,Purabi / Sting / Coke,,None,No,Low,None,"1st Link Road beat run. Placed multi-flavour Tru Fruit Drinks (Mango, Orange, Litchi) and Kool cans across grocery counters."
2026-07-03,Friday,27,July,Sengupta Agencies,Sushil Das,Saurav Sinha,1st Link Road,Silchar Urban,OUT_28_006,1st Link Road Counter 6,General Store,Medium,Market Street,Yes,Medium,Yes,Amul Tru Litchi 200ml,Beverages,Fruit Drinks,Yes,No,Medium,Yes,Low,No,No,0,0,0.0,Yes,Purabi / Sting / Coke,Existing inventory unsold,Stock Already Available,Yes,High,Stock Already Available,"1st Link Road beat run. Placed multi-flavour Tru Fruit Drinks (Mango, Orange, Litchi) and Kool cans across grocery counters."
2026-07-03,Friday,27,July,Sengupta Agencies,Sushil Das,Saurav Sinha,1st Link Road,Silchar Urban,OUT_28_006,1st Link Road Counter 6,General Store,Medium,Market Street,Yes,Medium,Yes,Amul Lassi 200ml,Beverages,Fermented Dairy,Yes,No,Medium,Yes,Low,No,No,0,0,0.0,Yes,Purabi / Sting / Coke,Existing inventory unsold,Stock Already Available,Yes,High,Stock Already Available,"1st Link Road beat run. Placed multi-flavour Tru Fruit Drinks (Mango, Orange, Litchi) and Kool cans across grocery counters."
2026-07-03,Friday,27,July,Sengupta Agencies,Sushil Das,Saurav Sinha,1st Link Road,Silchar Urban,OUT_28_007,1st Link Road Counter 7,Kirana Store,Medium,Market Street,Yes,Medium,Yes,Amul Tru Mango 200ml,Beverages,Fruit Drinks,Yes,No,Medium,Yes,High,Yes,Yes,24,24,308.64,Yes,Purabi / Sting / Coke,,None,No,Low,None,"1st Link Road beat run. Placed multi-flavour Tru Fruit Drinks (Mango, Orange, Litchi) and Kool cans across grocery counters."
2026-07-03,Friday,27,July,Sengupta Agencies,Sushil Das,Saurav Sinha,1st Link Road,Silchar Urban,OUT_28_007,1st Link Road Counter 7,Kirana Store,Medium,Market Street,Yes,Medium,Yes,Amul Tru Litchi 200ml,Beverages,Fruit Drinks,Yes,No,Medium,Yes,High,Yes,Yes,24,24,308.64,Yes,Purabi / Sting / Coke,,None,No,Low,None,"1st Link Road beat run. Placed multi-flavour Tru Fruit Drinks (Mango, Orange, Litchi) and Kool cans across grocery counters."
2026-07-03,Friday,27,July,Sengupta Agencies,Sushil Das,Saurav Sinha,1st Link Road,Silchar Urban,OUT_28_007,1st Link Road Counter 7,Kirana Store,Medium,Market Street,Yes,Medium,Yes,Amul Lassi 200ml,Beverages,Fermented Dairy,Yes,No,Medium,Yes,Low,No,No,0,0,0.0,Yes,Purabi / Sting / Coke,Existing inventory unsold,Stock Already Available,Yes,High,Stock Already Available,"1st Link Road beat run. Placed multi-flavour Tru Fruit Drinks (Mango, Orange, Litchi) and Kool cans across grocery counters."
2026-07-03,Friday,27,July,Sengupta Agencies,Sushil Das,Saurav Sinha,1st Link Road,Silchar Urban,OUT_28_008,1st Link Road Counter 8,General Store,Medium,Market Street,Yes,Medium,Yes,Amul Tru Mango 200ml,Beverages,Fruit Drinks,Yes,No,Medium,Yes,High,Yes,Yes,24,24,308.64,Yes,Purabi / Sting / Coke,,None,No,Low,None,"1st Link Road beat run. Placed multi-flavour Tru Fruit Drinks (Mango, Orange, Litchi) and Kool cans across grocery counters."
2026-07-03,Friday,27,July,Sengupta Agencies,Sushil Das,Saurav Sinha,1st Link Road,Silchar Urban,OUT_28_008,1st Link Road Counter 8,General Store,Medium,Market Street,Yes,Medium,Yes,Amul Tru Litchi 200ml,Beverages,Fruit Drinks,Yes,No,Medium,Yes,Low,No,No,0,0,0.0,Yes,Purabi / Sting / Coke,Existing inventory unsold,Stock Already Available,Yes,High,Stock Already Available,"1st Link Road beat run. Placed multi-flavour Tru Fruit Drinks (Mango, Orange, Litchi) and Kool cans across grocery counters."
2026-07-03,Friday,27,July,Sengupta Agencies,Sushil Das,Saurav Sinha,1st Link Road,Silchar Urban,OUT_28_008,1st Link Road Counter 8,General Store,Medium,Market Street,Yes,Medium,Yes,Amul Lassi 200ml,Beverages,Fermented Dairy,Yes,No,Medium,Yes,Low,No,No,0,0,0.0,Yes,Purabi / Sting / Coke,Existing inventory unsold,Stock Already Available,Yes,High,Stock Already Available,"1st Link Road beat run. Placed multi-flavour Tru Fruit Drinks (Mango, Orange, Litchi) and Kool cans across grocery counters."
2026-07-03,Friday,27,July,Sengupta Agencies,Sushil Das,Saurav Sinha,1st Link Road,Silchar Urban,OUT_28_009,1st Link Road Counter 9,Kirana Store,Medium,Market Street,No,Medium,Yes,Amul Tru Mango 200ml,Beverages,Fruit Drinks,Yes,No,Medium,Yes,Low,No,No,0,0,0.0,Yes,Purabi / Sting / Coke,Existing inventory unsold,Stock Already Available,Yes,High,Stock Already Available,"1st Link Road beat run. Placed multi-flavour Tru Fruit Drinks (Mango, Orange, Litchi) and Kool cans across grocery counters."
2026-07-03,Friday,27,July,Sengupta Agencies,Sushil Das,Saurav Sinha,1st Link Road,Silchar Urban,OUT_28_009,1st Link Road Counter 9,Kirana Store,Medium,Market Street,No,Medium,Yes,Amul Tru Litchi 200ml,Beverages,Fruit Drinks,Yes,No,Medium,Yes,Low,No,No,0,0,0.0,Yes,Purabi / Sting / Coke,Existing inventory unsold,Stock Already Available,Yes,High,Stock Already Available,"1st Link Road beat run. Placed multi-flavour Tru Fruit Drinks (Mango, Orange, Litchi) and Kool cans across grocery counters."
2026-07-03,Friday,27,July,Sengupta Agencies,Sushil Das,Saurav Sinha,1st Link Road,Silchar Urban,OUT_28_009,1st Link Road Counter 9,Kirana Store,Medium,Market Street,No,Medium,Yes,Amul Lassi 200ml,Beverages,Fermented Dairy,Yes,No,Medium,Yes,Low,No,No,0,0,0.0,Yes,Purabi / Sting / Coke,Existing inventory unsold,Stock Already Available,Yes,High,Stock Already Available,"1st Link Road beat run. Placed multi-flavour Tru Fruit Drinks (Mango, Orange, Litchi) and Kool cans across grocery counters."
2026-07-03,Friday,27,July,Sengupta Agencies,Sushil Das,Saurav Sinha,1st Link Road,Silchar Urban,OUT_28_010,1st Link Road Counter 10,General Store,Medium,Market Street,Yes,Medium,Yes,Amul Tru Mango 200ml,Beverages,Fruit Drinks,Yes,No,Medium,Yes,Low,No,No,0,0,0.0,Yes,Purabi / Sting / Coke,Existing inventory unsold,Stock Already Available,Yes,High,Stock Already Available,"1st Link Road beat run. Placed multi-flavour Tru Fruit Drinks (Mango, Orange, Litchi) and Kool cans across grocery counters."
2026-07-03,Friday,27,July,Sengupta Agencies,Sushil Das,Saurav Sinha,1st Link Road,Silchar Urban,OUT_28_010,1st Link Road Counter 10,General Store,Medium,Market Street,Yes,Medium,Yes,Amul Tru Litchi 200ml,Beverages,Fruit Drinks,Yes,No,Medium,Yes,Low,No,No,0,0,0.0,Yes,Purabi / Sting / Coke,Existing inventory unsold,Stock Already Available,Yes,High,Stock Already Available,"1st Link Road beat run. Placed multi-flavour Tru Fruit Drinks (Mango, Orange, Litchi) and Kool cans across grocery counters."
2026-07-03,Friday,27,July,Sengupta Agencies,Sushil Das,Saurav Sinha,1st Link Road,Silchar Urban,OUT_28_010,1st Link Road Counter 10,General Store,Medium,Market Street,Yes,Medium,Yes,Amul Lassi 200ml,Beverages,Fermented Dairy,Yes,No,Medium,Yes,Low,No,No,0,0,0.0,Yes,Purabi / Sting / Coke,Existing inventory unsold,Stock Already Available,Yes,High,Stock Already Available,"1st Link Road beat run. Placed multi-flavour Tru Fruit Drinks (Mango, Orange, Litchi) and Kool cans across grocery counters."
2026-07-03,Friday,27,July,Sengupta Agencies,Sushil Das,Saurav Sinha,1st Link Road,Silchar Urban,OUT_28_011,1st Link Road Counter 11,Kirana Store,Medium,Market Street,Yes,Medium,Yes,Amul Tru Mango 200ml,Beverages,Fruit Drinks,Yes,No,Medium,Yes,Low,No,No,0,0,0.0,Yes,Purabi / Sting / Coke,Existing inventory unsold,Stock Already Available,Yes,High,Stock Already Available,"1st Link Road beat run. Placed multi-flavour Tru Fruit Drinks (Mango, Orange, Litchi) and Kool cans across grocery counters."
2026-07-03,Friday,27,July,Sengupta Agencies,Sushil Das,Saurav Sinha,1st Link Road,Silchar Urban,OUT_28_011,1st Link Road Counter 11,Kirana Store,Medium,Market Street,Yes,Medium,Yes,Amul Tru Litchi 200ml,Beverages,Fruit Drinks,Yes,No,Medium,Yes,Low,No,No,0,0,0.0,Yes,Purabi / Sting / Coke,Existing inventory unsold,Stock Already Available,Yes,High,Stock Already Available,"1st Link Road beat run. Placed multi-flavour Tru Fruit Drinks (Mango, Orange, Litchi) and Kool cans across grocery counters."
2026-07-03,Friday,27,July,Sengupta Agencies,Sushil Das,Saurav Sinha,1st Link Road,Silchar Urban,OUT_28_011,1st Link Road Counter 11,Kirana Store,Medium,Market Street,Yes,Medium,Yes,Amul Lassi 200ml,Beverages,Fermented Dairy,Yes,No,Medium,Yes,Low,No,No,0,0,0.0,Yes,Purabi / Sting / Coke,Existing inventory unsold,Stock Already Available,Yes,High,Stock Already Available,"1st Link Road beat run. Placed multi-flavour Tru Fruit Drinks (Mango, Orange, Litchi) and Kool cans across grocery counters."
2026-07-03,Friday,27,July,Sengupta Agencies,Sushil Das,Saurav Sinha,1st Link Road,Silchar Urban,OUT_28_012,1st Link Road Counter 12,General Store,Medium,Market Street,Yes,Medium,Yes,Amul Tru Mango 200ml,Beverages,Fruit Drinks,Yes,No,Medium,Yes,Low,No,No,0,0,0.0,Yes,Purabi / Sting / Coke,Existing inventory unsold,Stock Already Available,Yes,High,Stock Already Available,"1st Link Road beat run. Placed multi-flavour Tru Fruit Drinks (Mango, Orange, Litchi) and Kool cans across grocery counters."
2026-07-03,Friday,27,July,Sengupta Agencies,Sushil Das,Saurav Sinha,1st Link Road,Silchar Urban,OUT_28_012,1st Link Road Counter 12,General Store,Medium,Market Street,Yes,Medium,Yes,Amul Tru Litchi 200ml,Beverages,Fruit Drinks,Yes,No,Medium,Yes,Low,No,No,0,0,0.0,Yes,Purabi / Sting / Coke,Existing inventory unsold,Stock Already Available,Yes,High,Stock Already Available,"1st Link Road beat run. Placed multi-flavour Tru Fruit Drinks (Mango, Orange, Litchi) and Kool cans across grocery counters."
2026-07-03,Friday,27,July,Sengupta Agencies,Sushil Das,Saurav Sinha,1st Link Road,Silchar Urban,OUT_28_012,1st Link Road Counter 12,General Store,Medium,Market Street,Yes,Medium,Yes,Amul Lassi 200ml,Beverages,Fermented Dairy,Yes,No,Medium,Yes,Low,No,No,0,0,0.0,Yes,Purabi / Sting / Coke,Existing inventory unsold,Stock Already Available,Yes,High,Stock Already Available,"1st Link Road beat run. Placed multi-flavour Tru Fruit Drinks (Mango, Orange, Litchi) and Kool cans across grocery counters."
2026-07-04,Saturday,27,July,Sengupta Agencies,Amarjeet Deb Purkayastha,Saurav Sinha,Malugram 2,Silchar Urban,OUT_29_001,Malugram 2 Counter 1,Kirana Store,Medium,Market Street,No,Medium,Yes,Amul Tru Litchi 200ml,Beverages,Fruit Drinks,Yes,No,Medium,Yes,High,Yes,Yes,24,24,308.64,Yes,Purabi / Sting / Coke,,None,No,Low,None,"Malugram 2 high-conversion run. Record beverage conversion across 27 outlets (240 Lassi, 192 Kool cans, 180 Tru Chocolate); high volume turnover."
2026-07-04,Saturday,27,July,Sengupta Agencies,Amarjeet Deb Purkayastha,Saurav Sinha,Malugram 2,Silchar Urban,OUT_29_001,Malugram 2 Counter 1,Kirana Store,Medium,Market Street,No,Medium,Yes,Amul Lassi 200ml,Beverages,Fermented Dairy,Yes,No,Medium,Yes,High,Yes,Yes,24,24,312.96,Yes,Purabi / Sting / Coke,,None,No,Low,None,"Malugram 2 high-conversion run. Record beverage conversion across 27 outlets (240 Lassi, 192 Kool cans, 180 Tru Chocolate); high volume turnover."
2026-07-04,Saturday,27,July,Sengupta Agencies,Amarjeet Deb Purkayastha,Saurav Sinha,Malugram 2,Silchar Urban,OUT_29_001,Malugram 2 Counter 1,Kirana Store,Medium,Market Street,No,Medium,Yes,Amul Kool Cafe 200ml (Can),Beverages,Flavoured Milk,Yes,No,Medium,Yes,Low,No,No,0,0,0.0,Yes,Purabi / Sting / Coke,Existing inventory unsold,Stock Already Available,Yes,High,Stock Already Available,"Malugram 2 high-conversion run. Record beverage conversion across 27 outlets (240 Lassi, 192 Kool cans, 180 Tru Chocolate); high volume turnover."
2026-07-04,Saturday,27,July,Sengupta Agencies,Amarjeet Deb Purkayastha,Saurav Sinha,Malugram 2,Silchar Urban,OUT_29_002,Malugram 2 Counter 2,General Store,Medium,Market Street,Yes,Medium,Yes,Amul Tru Litchi 200ml,Beverages,Fruit Drinks,Yes,No,Medium,Yes,High,Yes,Yes,24,24,308.64,Yes,Purabi / Sting / Coke,,None,No,Low,None,"Malugram 2 high-conversion run. Record beverage conversion across 27 outlets (240 Lassi, 192 Kool cans, 180 Tru Chocolate); high volume turnover."
2026-07-04,Saturday,27,July,Sengupta Agencies,Amarjeet Deb Purkayastha,Saurav Sinha,Malugram 2,Silchar Urban,OUT_29_002,Malugram 2 Counter 2,General Store,Medium,Market Street,Yes,Medium,Yes,Amul Lassi 200ml,Beverages,Fermented Dairy,Yes,No,Medium,Yes,Low,No,No,0,0,0.0,Yes,Purabi / Sting / Coke,Existing inventory unsold,Stock Already Available,Yes,High,Stock Already Available,"Malugram 2 high-conversion run. Record beverage conversion across 27 outlets (240 Lassi, 192 Kool cans, 180 Tru Chocolate); high volume turnover."
2026-07-04,Saturday,27,July,Sengupta Agencies,Amarjeet Deb Purkayastha,Saurav Sinha,Malugram 2,Silchar Urban,OUT_29_002,Malugram 2 Counter 2,General Store,Medium,Market Street,Yes,Medium,Yes,Amul Kool Cafe 200ml (Can),Beverages,Flavoured Milk,Yes,No,Medium,Yes,Low,No,No,0,0,0.0,Yes,Purabi / Sting / Coke,Existing inventory unsold,Stock Already Available,Yes,High,Stock Already Available,"Malugram 2 high-conversion run. Record beverage conversion across 27 outlets (240 Lassi, 192 Kool cans, 180 Tru Chocolate); high volume turnover."
2026-07-04,Saturday,27,July,Sengupta Agencies,Amarjeet Deb Purkayastha,Saurav Sinha,Malugram 2,Silchar Urban,OUT_29_003,Malugram 2 Counter 3,Kirana Store,Medium,Market Street,Yes,Medium,Yes,Amul Tru Litchi 200ml,Beverages,Fruit Drinks,Yes,No,Medium,Yes,High,Yes,Yes,24,24,308.64,Yes,Purabi / Sting / Coke,,None,No,Low,None,"Malugram 2 high-conversion run. Record beverage conversion across 27 outlets (240 Lassi, 192 Kool cans, 180 Tru Chocolate); high volume turnover."
2026-07-04,Saturday,27,July,Sengupta Agencies,Amarjeet Deb Purkayastha,Saurav Sinha,Malugram 2,Silchar Urban,OUT_29_003,Malugram 2 Counter 3,Kirana Store,Medium,Market Street,Yes,Medium,Yes,Amul Lassi 200ml,Beverages,Fermented Dairy,Yes,No,Medium,Yes,High,Yes,Yes,24,24,312.96,Yes,Purabi / Sting / Coke,,None,No,Low,None,"Malugram 2 high-conversion run. Record beverage conversion across 27 outlets (240 Lassi, 192 Kool cans, 180 Tru Chocolate); high volume turnover."
2026-07-04,Saturday,27,July,Sengupta Agencies,Amarjeet Deb Purkayastha,Saurav Sinha,Malugram 2,Silchar Urban,OUT_29_003,Malugram 2 Counter 3,Kirana Store,Medium,Market Street,Yes,Medium,Yes,Amul Kool Cafe 200ml (Can),Beverages,Flavoured Milk,Yes,No,Medium,Yes,Low,No,No,0,0,0.0,Yes,Purabi / Sting / Coke,Existing inventory unsold,Stock Already Available,Yes,High,Stock Already Available,"Malugram 2 high-conversion run. Record beverage conversion across 27 outlets (240 Lassi, 192 Kool cans, 180 Tru Chocolate); high volume turnover."
2026-07-04,Saturday,27,July,Sengupta Agencies,Amarjeet Deb Purkayastha,Saurav Sinha,Malugram 2,Silchar Urban,OUT_29_004,Malugram 2 Counter 4,General Store,Medium,Market Street,Yes,Medium,Yes,Amul Tru Litchi 200ml,Beverages,Fruit Drinks,Yes,No,Medium,Yes,High,Yes,Yes,24,24,308.64,Yes,Purabi / Sting / Coke,,None,No,Low,None,"Malugram 2 high-conversion run. Record beverage conversion across 27 outlets (240 Lassi, 192 Kool cans, 180 Tru Chocolate); high volume turnover."
2026-07-04,Saturday,27,July,Sengupta Agencies,Amarjeet Deb Purkayastha,Saurav Sinha,Malugram 2,Silchar Urban,OUT_29_004,Malugram 2 Counter 4,General Store,Medium,Market Street,Yes,Medium,Yes,Amul Lassi 200ml,Beverages,Fermented Dairy,Yes,No,Medium,Yes,Low,No,No,0,0,0.0,Yes,Purabi / Sting / Coke,Existing inventory unsold,Stock Already Available,Yes,High,Stock Already Available,"Malugram 2 high-conversion run. Record beverage conversion across 27 outlets (240 Lassi, 192 Kool cans, 180 Tru Chocolate); high volume turnover."
2026-07-04,Saturday,27,July,Sengupta Agencies,Amarjeet Deb Purkayastha,Saurav Sinha,Malugram 2,Silchar Urban,OUT_29_004,Malugram 2 Counter 4,General Store,Medium,Market Street,Yes,Medium,Yes,Amul Kool Cafe 200ml (Can),Beverages,Flavoured Milk,Yes,No,Medium,Yes,Low,No,No,0,0,0.0,Yes,Purabi / Sting / Coke,Existing inventory unsold,Stock Already Available,Yes,High,Stock Already Available,"Malugram 2 high-conversion run. Record beverage conversion across 27 outlets (240 Lassi, 192 Kool cans, 180 Tru Chocolate); high volume turnover."
2026-07-04,Saturday,27,July,Sengupta Agencies,Amarjeet Deb Purkayastha,Saurav Sinha,Malugram 2,Silchar Urban,OUT_29_005,Malugram 2 Counter 5,Kirana Store,Medium,Market Street,No,Medium,Yes,Amul Tru Litchi 200ml,Beverages,Fruit Drinks,Yes,No,Medium,Yes,High,Yes,Yes,24,24,308.64,Yes,Purabi / Sting / Coke,,None,No,Low,None,"Malugram 2 high-conversion run. Record beverage conversion across 27 outlets (240 Lassi, 192 Kool cans, 180 Tru Chocolate); high volume turnover."
2026-07-04,Saturday,27,July,Sengupta Agencies,Amarjeet Deb Purkayastha,Saurav Sinha,Malugram 2,Silchar Urban,OUT_29_005,Malugram 2 Counter 5,Kirana Store,Medium,Market Street,No,Medium,Yes,Amul Lassi 200ml,Beverages,Fermented Dairy,Yes,No,Medium,Yes,High,Yes,Yes,24,24,312.96,Yes,Purabi / Sting / Coke,,None,No,Low,None,"Malugram 2 high-conversion run. Record beverage conversion across 27 outlets (240 Lassi, 192 Kool cans, 180 Tru Chocolate); high volume turnover."
2026-07-04,Saturday,27,July,Sengupta Agencies,Amarjeet Deb Purkayastha,Saurav Sinha,Malugram 2,Silchar Urban,OUT_29_005,Malugram 2 Counter 5,Kirana Store,Medium,Market Street,No,Medium,Yes,Amul Kool Cafe 200ml (Can),Beverages,Flavoured Milk,Yes,No,Medium,Yes,Low,No,No,0,0,0.0,Yes,Purabi / Sting / Coke,Existing inventory unsold,Stock Already Available,Yes,High,Stock Already Available,"Malugram 2 high-conversion run. Record beverage conversion across 27 outlets (240 Lassi, 192 Kool cans, 180 Tru Chocolate); high volume turnover."
2026-07-04,Saturday,27,July,Sengupta Agencies,Amarjeet Deb Purkayastha,Saurav Sinha,Malugram 2,Silchar Urban,OUT_29_006,Malugram 2 Counter 6,General Store,Medium,Market Street,Yes,Medium,Yes,Amul Tru Litchi 200ml,Beverages,Fruit Drinks,Yes,No,Medium,Yes,High,Yes,Yes,24,24,308.64,Yes,Purabi / Sting / Coke,,None,No,Low,None,"Malugram 2 high-conversion run. Record beverage conversion across 27 outlets (240 Lassi, 192 Kool cans, 180 Tru Chocolate); high volume turnover."
2026-07-04,Saturday,27,July,Sengupta Agencies,Amarjeet Deb Purkayastha,Saurav Sinha,Malugram 2,Silchar Urban,OUT_29_006,Malugram 2 Counter 6,General Store,Medium,Market Street,Yes,Medium,Yes,Amul Lassi 200ml,Beverages,Fermented Dairy,Yes,No,Medium,Yes,Low,No,No,0,0,0.0,Yes,Purabi / Sting / Coke,Existing inventory unsold,Stock Already Available,Yes,High,Stock Already Available,"Malugram 2 high-conversion run. Record beverage conversion across 27 outlets (240 Lassi, 192 Kool cans, 180 Tru Chocolate); high volume turnover."
2026-07-04,Saturday,27,July,Sengupta Agencies,Amarjeet Deb Purkayastha,Saurav Sinha,Malugram 2,Silchar Urban,OUT_29_006,Malugram 2 Counter 6,General Store,Medium,Market Street,Yes,Medium,Yes,Amul Kool Cafe 200ml (Can),Beverages,Flavoured Milk,Yes,No,Medium,Yes,Low,No,No,0,0,0.0,Yes,Purabi / Sting / Coke,Existing inventory unsold,Stock Already Available,Yes,High,Stock Already Available,"Malugram 2 high-conversion run. Record beverage conversion across 27 outlets (240 Lassi, 192 Kool cans, 180 Tru Chocolate); high volume turnover."
2026-07-04,Saturday,27,July,Sengupta Agencies,Amarjeet Deb Purkayastha,Saurav Sinha,Malugram 2,Silchar Urban,OUT_29_007,Malugram 2 Counter 7,Kirana Store,Medium,Market Street,Yes,Medium,Yes,Amul Tru Litchi 200ml,Beverages,Fruit Drinks,Yes,No,Medium,Yes,High,Yes,Yes,24,24,308.64,Yes,Purabi / Sting / Coke,,None,No,Low,None,"Malugram 2 high-conversion run. Record beverage conversion across 27 outlets (240 Lassi, 192 Kool cans, 180 Tru Chocolate); high volume turnover."
2026-07-04,Saturday,27,July,Sengupta Agencies,Amarjeet Deb Purkayastha,Saurav Sinha,Malugram 2,Silchar Urban,OUT_29_007,Malugram 2 Counter 7,Kirana Store,Medium,Market Street,Yes,Medium,Yes,Amul Lassi 200ml,Beverages,Fermented Dairy,Yes,No,Medium,Yes,High,Yes,Yes,24,24,312.96,Yes,Purabi / Sting / Coke,,None,No,Low,None,"Malugram 2 high-conversion run. Record beverage conversion across 27 outlets (240 Lassi, 192 Kool cans, 180 Tru Chocolate); high volume turnover."
2026-07-04,Saturday,27,July,Sengupta Agencies,Amarjeet Deb Purkayastha,Saurav Sinha,Malugram 2,Silchar Urban,OUT_29_007,Malugram 2 Counter 7,Kirana Store,Medium,Market Street,Yes,Medium,Yes,Amul Kool Cafe 200ml (Can),Beverages,Flavoured Milk,Yes,No,Medium,Yes,Low,No,No,0,0,0.0,Yes,Purabi / Sting / Coke,Existing inventory unsold,Stock Already Available,Yes,High,Stock Already Available,"Malugram 2 high-conversion run. Record beverage conversion across 27 outlets (240 Lassi, 192 Kool cans, 180 Tru Chocolate); high volume turnover."
2026-07-04,Saturday,27,July,Sengupta Agencies,Amarjeet Deb Purkayastha,Saurav Sinha,Malugram 2,Silchar Urban,OUT_29_008,Malugram 2 Counter 8,General Store,Medium,Market Street,Yes,Medium,Yes,Amul Tru Litchi 200ml,Beverages,Fruit Drinks,Yes,No,Medium,Yes,High,Yes,Yes,24,24,308.64,Yes,Purabi / Sting / Coke,,None,No,Low,None,"Malugram 2 high-conversion run. Record beverage conversion across 27 outlets (240 Lassi, 192 Kool cans, 180 Tru Chocolate); high volume turnover."
2026-07-04,Saturday,27,July,Sengupta Agencies,Amarjeet Deb Purkayastha,Saurav Sinha,Malugram 2,Silchar Urban,OUT_29_008,Malugram 2 Counter 8,General Store,Medium,Market Street,Yes,Medium,Yes,Amul Lassi 200ml,Beverages,Fermented Dairy,Yes,No,Medium,Yes,Low,No,No,0,0,0.0,Yes,Purabi / Sting / Coke,Existing inventory unsold,Stock Already Available,Yes,High,Stock Already Available,"Malugram 2 high-conversion run. Record beverage conversion across 27 outlets (240 Lassi, 192 Kool cans, 180 Tru Chocolate); high volume turnover."
2026-07-04,Saturday,27,July,Sengupta Agencies,Amarjeet Deb Purkayastha,Saurav Sinha,Malugram 2,Silchar Urban,OUT_29_008,Malugram 2 Counter 8,General Store,Medium,Market Street,Yes,Medium,Yes,Amul Kool Cafe 200ml (Can),Beverages,Flavoured Milk,Yes,No,Medium,Yes,Low,No,No,0,0,0.0,Yes,Purabi / Sting / Coke,Existing inventory unsold,Stock Already Available,Yes,High,Stock Already Available,"Malugram 2 high-conversion run. Record beverage conversion across 27 outlets (240 Lassi, 192 Kool cans, 180 Tru Chocolate); high volume turnover."
2026-07-04,Saturday,27,July,Sengupta Agencies,Amarjeet Deb Purkayastha,Saurav Sinha,Malugram 2,Silchar Urban,OUT_29_009,Malugram 2 Counter 9,Kirana Store,Medium,Market Street,No,Medium,Yes,Amul Tru Litchi 200ml,Beverages,Fruit Drinks,Yes,No,Medium,Yes,High,Yes,Yes,24,24,308.64,Yes,Purabi / Sting / Coke,,None,No,Low,None,"Malugram 2 high-conversion run. Record beverage conversion across 27 outlets (240 Lassi, 192 Kool cans, 180 Tru Chocolate); high volume turnover."
2026-07-04,Saturday,27,July,Sengupta Agencies,Amarjeet Deb Purkayastha,Saurav Sinha,Malugram 2,Silchar Urban,OUT_29_009,Malugram 2 Counter 9,Kirana Store,Medium,Market Street,No,Medium,Yes,Amul Lassi 200ml,Beverages,Fermented Dairy,Yes,No,Medium,Yes,High,Yes,Yes,24,24,312.96,Yes,Purabi / Sting / Coke,,None,No,Low,None,"Malugram 2 high-conversion run. Record beverage conversion across 27 outlets (240 Lassi, 192 Kool cans, 180 Tru Chocolate); high volume turnover."
2026-07-04,Saturday,27,July,Sengupta Agencies,Amarjeet Deb Purkayastha,Saurav Sinha,Malugram 2,Silchar Urban,OUT_29_009,Malugram 2 Counter 9,Kirana Store,Medium,Market Street,No,Medium,Yes,Amul Kool Cafe 200ml (Can),Beverages,Flavoured Milk,Yes,No,Medium,Yes,Low,No,No,0,0,0.0,Yes,Purabi / Sting / Coke,Existing inventory unsold,Stock Already Available,Yes,High,Stock Already Available,"Malugram 2 high-conversion run. Record beverage conversion across 27 outlets (240 Lassi, 192 Kool cans, 180 Tru Chocolate); high volume turnover."
2026-07-04,Saturday,27,July,Sengupta Agencies,Amarjeet Deb Purkayastha,Saurav Sinha,Malugram 2,Silchar Urban,OUT_29_010,Malugram 2 Counter 10,General Store,Medium,Market Street,Yes,Medium,Yes,Amul Tru Litchi 200ml,Beverages,Fruit Drinks,Yes,No,Medium,Yes,High,Yes,Yes,24,24,308.64,Yes,Purabi / Sting / Coke,,None,No,Low,None,"Malugram 2 high-conversion run. Record beverage conversion across 27 outlets (240 Lassi, 192 Kool cans, 180 Tru Chocolate); high volume turnover."
2026-07-04,Saturday,27,July,Sengupta Agencies,Amarjeet Deb Purkayastha,Saurav Sinha,Malugram 2,Silchar Urban,OUT_29_010,Malugram 2 Counter 10,General Store,Medium,Market Street,Yes,Medium,Yes,Amul Lassi 200ml,Beverages,Fermented Dairy,Yes,No,Medium,Yes,Low,No,No,0,0,0.0,Yes,Purabi / Sting / Coke,Existing inventory unsold,Stock Already Available,Yes,High,Stock Already Available,"Malugram 2 high-conversion run. Record beverage conversion across 27 outlets (240 Lassi, 192 Kool cans, 180 Tru Chocolate); high volume turnover."
2026-07-04,Saturday,27,July,Sengupta Agencies,Amarjeet Deb Purkayastha,Saurav Sinha,Malugram 2,Silchar Urban,OUT_29_010,Malugram 2 Counter 10,General Store,Medium,Market Street,Yes,Medium,Yes,Amul Kool Cafe 200ml (Can),Beverages,Flavoured Milk,Yes,No,Medium,Yes,Low,No,No,0,0,0.0,Yes,Purabi / Sting / Coke,Existing inventory unsold,Stock Already Available,Yes,High,Stock Already Available,"Malugram 2 high-conversion run. Record beverage conversion across 27 outlets (240 Lassi, 192 Kool cans, 180 Tru Chocolate); high volume turnover."
2026-07-04,Saturday,27,July,Sengupta Agencies,Amarjeet Deb Purkayastha,Saurav Sinha,Malugram 2,Silchar Urban,OUT_29_011,Malugram 2 Counter 11,Kirana Store,Medium,Market Street,Yes,Medium,Yes,Amul Tru Litchi 200ml,Beverages,Fruit Drinks,Yes,No,Medium,Yes,High,Yes,Yes,24,24,308.64,Yes,Purabi / Sting / Coke,,None,No,Low,None,"Malugram 2 high-conversion run. Record beverage conversion across 27 outlets (240 Lassi, 192 Kool cans, 180 Tru Chocolate); high volume turnover."
2026-07-04,Saturday,27,July,Sengupta Agencies,Amarjeet Deb Purkayastha,Saurav Sinha,Malugram 2,Silchar Urban,OUT_29_011,Malugram 2 Counter 11,Kirana Store,Medium,Market Street,Yes,Medium,Yes,Amul Lassi 200ml,Beverages,Fermented Dairy,Yes,No,Medium,Yes,High,Yes,Yes,24,24,312.96,Yes,Purabi / Sting / Coke,,None,No,Low,None,"Malugram 2 high-conversion run. Record beverage conversion across 27 outlets (240 Lassi, 192 Kool cans, 180 Tru Chocolate); high volume turnover."
2026-07-04,Saturday,27,July,Sengupta Agencies,Amarjeet Deb Purkayastha,Saurav Sinha,Malugram 2,Silchar Urban,OUT_29_011,Malugram 2 Counter 11,Kirana Store,Medium,Market Street,Yes,Medium,Yes,Amul Kool Cafe 200ml (Can),Beverages,Flavoured Milk,Yes,No,Medium,Yes,Low,No,No,0,0,0.0,Yes,Purabi / Sting / Coke,Existing inventory unsold,Stock Already Available,Yes,High,Stock Already Available,"Malugram 2 high-conversion run. Record beverage conversion across 27 outlets (240 Lassi, 192 Kool cans, 180 Tru Chocolate); high volume turnover."
2026-07-04,Saturday,27,July,Sengupta Agencies,Amarjeet Deb Purkayastha,Saurav Sinha,Malugram 2,Silchar Urban,OUT_29_012,Malugram 2 Counter 12,General Store,Medium,Market Street,Yes,Medium,Yes,Amul Tru Litchi 200ml,Beverages,Fruit Drinks,Yes,No,Medium,Yes,High,Yes,Yes,24,24,308.64,Yes,Purabi / Sting / Coke,,None,No,Low,None,"Malugram 2 high-conversion run. Record beverage conversion across 27 outlets (240 Lassi, 192 Kool cans, 180 Tru Chocolate); high volume turnover."
2026-07-04,Saturday,27,July,Sengupta Agencies,Amarjeet Deb Purkayastha,Saurav Sinha,Malugram 2,Silchar Urban,OUT_29_012,Malugram 2 Counter 12,General Store,Medium,Market Street,Yes,Medium,Yes,Amul Lassi 200ml,Beverages,Fermented Dairy,Yes,No,Medium,Yes,Low,No,No,0,0,0.0,Yes,Purabi / Sting / Coke,Existing inventory unsold,Stock Already Available,Yes,High,Stock Already Available,"Malugram 2 high-conversion run. Record beverage conversion across 27 outlets (240 Lassi, 192 Kool cans, 180 Tru Chocolate); high volume turnover."
2026-07-04,Saturday,27,July,Sengupta Agencies,Amarjeet Deb Purkayastha,Saurav Sinha,Malugram 2,Silchar Urban,OUT_29_012,Malugram 2 Counter 12,General Store,Medium,Market Street,Yes,Medium,Yes,Amul Kool Cafe 200ml (Can),Beverages,Flavoured Milk,Yes,No,Medium,Yes,Low,No,No,0,0,0.0,Yes,Purabi / Sting / Coke,Existing inventory unsold,Stock Already Available,Yes,High,Stock Already Available,"Malugram 2 high-conversion run. Record beverage conversion across 27 outlets (240 Lassi, 192 Kool cans, 180 Tru Chocolate); high volume turnover."
2026-07-04,Saturday,27,July,Sengupta Agencies,Amarjeet Deb Purkayastha,Saurav Sinha,Malugram 2,Silchar Urban,OUT_29_013,Malugram 2 Counter 13,Kirana Store,Medium,Market Street,No,Medium,Yes,Amul Tru Litchi 200ml,Beverages,Fruit Drinks,Yes,No,Medium,Yes,High,Yes,Yes,24,24,308.64,Yes,Purabi / Sting / Coke,,None,No,Low,None,"Malugram 2 high-conversion run. Record beverage conversion across 27 outlets (240 Lassi, 192 Kool cans, 180 Tru Chocolate); high volume turnover."
2026-07-04,Saturday,27,July,Sengupta Agencies,Amarjeet Deb Purkayastha,Saurav Sinha,Malugram 2,Silchar Urban,OUT_29_013,Malugram 2 Counter 13,Kirana Store,Medium,Market Street,No,Medium,Yes,Amul Lassi 200ml,Beverages,Fermented Dairy,Yes,No,Medium,Yes,High,Yes,Yes,24,24,312.96,Yes,Purabi / Sting / Coke,,None,No,Low,None,"Malugram 2 high-conversion run. Record beverage conversion across 27 outlets (240 Lassi, 192 Kool cans, 180 Tru Chocolate); high volume turnover."
2026-07-04,Saturday,27,July,Sengupta Agencies,Amarjeet Deb Purkayastha,Saurav Sinha,Malugram 2,Silchar Urban,OUT_29_013,Malugram 2 Counter 13,Kirana Store,Medium,Market Street,No,Medium,Yes,Amul Kool Cafe 200ml (Can),Beverages,Flavoured Milk,Yes,No,Medium,Yes,Low,No,No,0,0,0.0,Yes,Purabi / Sting / Coke,Existing inventory unsold,Stock Already Available,Yes,High,Stock Already Available,"Malugram 2 high-conversion run. Record beverage conversion across 27 outlets (240 Lassi, 192 Kool cans, 180 Tru Chocolate); high volume turnover."
2026-07-04,Saturday,27,July,Sengupta Agencies,Amarjeet Deb Purkayastha,Saurav Sinha,Malugram 2,Silchar Urban,OUT_29_014,Malugram 2 Counter 14,General Store,Medium,Market Street,Yes,Medium,Yes,Amul Tru Litchi 200ml,Beverages,Fruit Drinks,Yes,No,Medium,Yes,High,Yes,Yes,24,24,308.64,Yes,Purabi / Sting / Coke,,None,No,Low,None,"Malugram 2 high-conversion run. Record beverage conversion across 27 outlets (240 Lassi, 192 Kool cans, 180 Tru Chocolate); high volume turnover."
2026-07-04,Saturday,27,July,Sengupta Agencies,Amarjeet Deb Purkayastha,Saurav Sinha,Malugram 2,Silchar Urban,OUT_29_014,Malugram 2 Counter 14,General Store,Medium,Market Street,Yes,Medium,Yes,Amul Lassi 200ml,Beverages,Fermented Dairy,Yes,No,Medium,Yes,Low,No,No,0,0,0.0,Yes,Purabi / Sting / Coke,Existing inventory unsold,Stock Already Available,Yes,High,Stock Already Available,"Malugram 2 high-conversion run. Record beverage conversion across 27 outlets (240 Lassi, 192 Kool cans, 180 Tru Chocolate); high volume turnover."
2026-07-04,Saturday,27,July,Sengupta Agencies,Amarjeet Deb Purkayastha,Saurav Sinha,Malugram 2,Silchar Urban,OUT_29_014,Malugram 2 Counter 14,General Store,Medium,Market Street,Yes,Medium,Yes,Amul Kool Cafe 200ml (Can),Beverages,Flavoured Milk,Yes,No,Medium,Yes,Low,No,No,0,0,0.0,Yes,Purabi / Sting / Coke,Existing inventory unsold,Stock Already Available,Yes,High,Stock Already Available,"Malugram 2 high-conversion run. Record beverage conversion across 27 outlets (240 Lassi, 192 Kool cans, 180 Tru Chocolate); high volume turnover."
2026-07-04,Saturday,27,July,Sengupta Agencies,Amarjeet Deb Purkayastha,Saurav Sinha,Malugram 2,Silchar Urban,OUT_29_015,Malugram 2 Counter 15,Kirana Store,Medium,Market Street,Yes,Medium,Yes,Amul Tru Litchi 200ml,Beverages,Fruit Drinks,Yes,No,Medium,Yes,High,Yes,Yes,24,24,308.64,Yes,Purabi / Sting / Coke,,None,No,Low,None,"Malugram 2 high-conversion run. Record beverage conversion across 27 outlets (240 Lassi, 192 Kool cans, 180 Tru Chocolate); high volume turnover."
2026-07-04,Saturday,27,July,Sengupta Agencies,Amarjeet Deb Purkayastha,Saurav Sinha,Malugram 2,Silchar Urban,OUT_29_015,Malugram 2 Counter 15,Kirana Store,Medium,Market Street,Yes,Medium,Yes,Amul Lassi 200ml,Beverages,Fermented Dairy,Yes,No,Medium,Yes,High,Yes,Yes,24,24,312.96,Yes,Purabi / Sting / Coke,,None,No,Low,None,"Malugram 2 high-conversion run. Record beverage conversion across 27 outlets (240 Lassi, 192 Kool cans, 180 Tru Chocolate); high volume turnover."
2026-07-04,Saturday,27,July,Sengupta Agencies,Amarjeet Deb Purkayastha,Saurav Sinha,Malugram 2,Silchar Urban,OUT_29_015,Malugram 2 Counter 15,Kirana Store,Medium,Market Street,Yes,Medium,Yes,Amul Kool Cafe 200ml (Can),Beverages,Flavoured Milk,Yes,No,Medium,Yes,Low,No,No,0,0,0.0,Yes,Purabi / Sting / Coke,Existing inventory unsold,Stock Already Available,Yes,High,Stock Already Available,"Malugram 2 high-conversion run. Record beverage conversion across 27 outlets (240 Lassi, 192 Kool cans, 180 Tru Chocolate); high volume turnover."
2026-07-04,Saturday,27,July,Sengupta Agencies,Amarjeet Deb Purkayastha,Saurav Sinha,Malugram 2,Silchar Urban,OUT_29_016,Malugram 2 Counter 16,General Store,Medium,Market Street,Yes,Medium,Yes,Amul Tru Litchi 200ml,Beverages,Fruit Drinks,Yes,No,Medium,Yes,High,Yes,Yes,24,24,308.64,Yes,Purabi / Sting / Coke,,None,No,Low,None,"Malugram 2 high-conversion run. Record beverage conversion across 27 outlets (240 Lassi, 192 Kool cans, 180 Tru Chocolate); high volume turnover."
2026-07-04,Saturday,27,July,Sengupta Agencies,Amarjeet Deb Purkayastha,Saurav Sinha,Malugram 2,Silchar Urban,OUT_29_016,Malugram 2 Counter 16,General Store,Medium,Market Street,Yes,Medium,Yes,Amul Lassi 200ml,Beverages,Fermented Dairy,Yes,No,Medium,Yes,Low,No,No,0,0,0.0,Yes,Purabi / Sting / Coke,Existing inventory unsold,Stock Already Available,Yes,High,Stock Already Available,"Malugram 2 high-conversion run. Record beverage conversion across 27 outlets (240 Lassi, 192 Kool cans, 180 Tru Chocolate); high volume turnover."
2026-07-04,Saturday,27,July,Sengupta Agencies,Amarjeet Deb Purkayastha,Saurav Sinha,Malugram 2,Silchar Urban,OUT_29_016,Malugram 2 Counter 16,General Store,Medium,Market Street,Yes,Medium,Yes,Amul Kool Cafe 200ml (Can),Beverages,Flavoured Milk,Yes,No,Medium,Yes,Low,No,No,0,0,0.0,Yes,Purabi / Sting / Coke,Existing inventory unsold,Stock Already Available,Yes,High,Stock Already Available,"Malugram 2 high-conversion run. Record beverage conversion across 27 outlets (240 Lassi, 192 Kool cans, 180 Tru Chocolate); high volume turnover."
2026-07-04,Saturday,27,July,Sengupta Agencies,Amarjeet Deb Purkayastha,Saurav Sinha,Malugram 2,Silchar Urban,OUT_29_017,Malugram 2 Counter 17,Kirana Store,Medium,Market Street,No,Medium,Yes,Amul Tru Litchi 200ml,Beverages,Fruit Drinks,Yes,No,Medium,Yes,High,Yes,Yes,24,24,308.64,Yes,Purabi / Sting / Coke,,None,No,Low,None,"Malugram 2 high-conversion run. Record beverage conversion across 27 outlets (240 Lassi, 192 Kool cans, 180 Tru Chocolate); high volume turnover."
2026-07-04,Saturday,27,July,Sengupta Agencies,Amarjeet Deb Purkayastha,Saurav Sinha,Malugram 2,Silchar Urban,OUT_29_017,Malugram 2 Counter 17,Kirana Store,Medium,Market Street,No,Medium,Yes,Amul Lassi 200ml,Beverages,Fermented Dairy,Yes,No,Medium,Yes,High,Yes,Yes,24,24,312.96,Yes,Purabi / Sting / Coke,,None,No,Low,None,"Malugram 2 high-conversion run. Record beverage conversion across 27 outlets (240 Lassi, 192 Kool cans, 180 Tru Chocolate); high volume turnover."
2026-07-04,Saturday,27,July,Sengupta Agencies,Amarjeet Deb Purkayastha,Saurav Sinha,Malugram 2,Silchar Urban,OUT_29_017,Malugram 2 Counter 17,Kirana Store,Medium,Market Street,No,Medium,Yes,Amul Kool Cafe 200ml (Can),Beverages,Flavoured Milk,Yes,No,Medium,Yes,Low,No,No,0,0,0.0,Yes,Purabi / Sting / Coke,Existing inventory unsold,Stock Already Available,Yes,High,Stock Already Available,"Malugram 2 high-conversion run. Record beverage conversion across 27 outlets (240 Lassi, 192 Kool cans, 180 Tru Chocolate); high volume turnover."
2026-07-04,Saturday,27,July,Sengupta Agencies,Amarjeet Deb Purkayastha,Saurav Sinha,Malugram 2,Silchar Urban,OUT_29_018,Malugram 2 Counter 18,General Store,Medium,Market Street,Yes,Medium,Yes,Amul Tru Litchi 200ml,Beverages,Fruit Drinks,Yes,No,Medium,Yes,High,Yes,Yes,24,24,308.64,Yes,Purabi / Sting / Coke,,None,No,Low,None,"Malugram 2 high-conversion run. Record beverage conversion across 27 outlets (240 Lassi, 192 Kool cans, 180 Tru Chocolate); high volume turnover."
2026-07-04,Saturday,27,July,Sengupta Agencies,Amarjeet Deb Purkayastha,Saurav Sinha,Malugram 2,Silchar Urban,OUT_29_018,Malugram 2 Counter 18,General Store,Medium,Market Street,Yes,Medium,Yes,Amul Lassi 200ml,Beverages,Fermented Dairy,Yes,No,Medium,Yes,Low,No,No,0,0,0.0,Yes,Purabi / Sting / Coke,Existing inventory unsold,Stock Already Available,Yes,High,Stock Already Available,"Malugram 2 high-conversion run. Record beverage conversion across 27 outlets (240 Lassi, 192 Kool cans, 180 Tru Chocolate); high volume turnover."
2026-07-04,Saturday,27,July,Sengupta Agencies,Amarjeet Deb Purkayastha,Saurav Sinha,Malugram 2,Silchar Urban,OUT_29_018,Malugram 2 Counter 18,General Store,Medium,Market Street,Yes,Medium,Yes,Amul Kool Cafe 200ml (Can),Beverages,Flavoured Milk,Yes,No,Medium,Yes,Low,No,No,0,0,0.0,Yes,Purabi / Sting / Coke,Existing inventory unsold,Stock Already Available,Yes,High,Stock Already Available,"Malugram 2 high-conversion run. Record beverage conversion across 27 outlets (240 Lassi, 192 Kool cans, 180 Tru Chocolate); high volume turnover."
2026-07-04,Saturday,27,July,Sengupta Agencies,Amarjeet Deb Purkayastha,Saurav Sinha,Malugram 2,Silchar Urban,OUT_29_019,Malugram 2 Counter 19,Kirana Store,Medium,Market Street,Yes,Medium,Yes,Amul Tru Litchi 200ml,Beverages,Fruit Drinks,Yes,No,Medium,Yes,Low,No,No,0,0,0.0,Yes,Purabi / Sting / Coke,Existing inventory unsold,Stock Already Available,Yes,High,Stock Already Available,"Malugram 2 high-conversion run. Record beverage conversion across 27 outlets (240 Lassi, 192 Kool cans, 180 Tru Chocolate); high volume turnover."
2026-07-04,Saturday,27,July,Sengupta Agencies,Amarjeet Deb Purkayastha,Saurav Sinha,Malugram 2,Silchar Urban,OUT_29_019,Malugram 2 Counter 19,Kirana Store,Medium,Market Street,Yes,Medium,Yes,Amul Lassi 200ml,Beverages,Fermented Dairy,Yes,No,Medium,Yes,Low,No,No,0,0,0.0,Yes,Purabi / Sting / Coke,Existing inventory unsold,Stock Already Available,Yes,High,Stock Already Available,"Malugram 2 high-conversion run. Record beverage conversion across 27 outlets (240 Lassi, 192 Kool cans, 180 Tru Chocolate); high volume turnover."
2026-07-04,Saturday,27,July,Sengupta Agencies,Amarjeet Deb Purkayastha,Saurav Sinha,Malugram 2,Silchar Urban,OUT_29_019,Malugram 2 Counter 19,Kirana Store,Medium,Market Street,Yes,Medium,Yes,Amul Kool Cafe 200ml (Can),Beverages,Flavoured Milk,Yes,No,Medium,Yes,Low,No,No,0,0,0.0,Yes,Purabi / Sting / Coke,Existing inventory unsold,Stock Already Available,Yes,High,Stock Already Available,"Malugram 2 high-conversion run. Record beverage conversion across 27 outlets (240 Lassi, 192 Kool cans, 180 Tru Chocolate); high volume turnover."
2026-07-04,Saturday,27,July,Sengupta Agencies,Amarjeet Deb Purkayastha,Saurav Sinha,Malugram 2,Silchar Urban,OUT_29_020,Malugram 2 Counter 20,General Store,Medium,Market Street,Yes,Medium,Yes,Amul Tru Litchi 200ml,Beverages,Fruit Drinks,Yes,No,Medium,Yes,Low,No,No,0,0,0.0,Yes,Purabi / Sting / Coke,Existing inventory unsold,Stock Already Available,Yes,High,Stock Already Available,"Malugram 2 high-conversion run. Record beverage conversion across 27 outlets (240 Lassi, 192 Kool cans, 180 Tru Chocolate); high volume turnover."
2026-07-04,Saturday,27,July,Sengupta Agencies,Amarjeet Deb Purkayastha,Saurav Sinha,Malugram 2,Silchar Urban,OUT_29_020,Malugram 2 Counter 20,General Store,Medium,Market Street,Yes,Medium,Yes,Amul Lassi 200ml,Beverages,Fermented Dairy,Yes,No,Medium,Yes,Low,No,No,0,0,0.0,Yes,Purabi / Sting / Coke,Existing inventory unsold,Stock Already Available,Yes,High,Stock Already Available,"Malugram 2 high-conversion run. Record beverage conversion across 27 outlets (240 Lassi, 192 Kool cans, 180 Tru Chocolate); high volume turnover."
2026-07-04,Saturday,27,July,Sengupta Agencies,Amarjeet Deb Purkayastha,Saurav Sinha,Malugram 2,Silchar Urban,OUT_29_020,Malugram 2 Counter 20,General Store,Medium,Market Street,Yes,Medium,Yes,Amul Kool Cafe 200ml (Can),Beverages,Flavoured Milk,Yes,No,Medium,Yes,Low,No,No,0,0,0.0,Yes,Purabi / Sting / Coke,Existing inventory unsold,Stock Already Available,Yes,High,Stock Already Available,"Malugram 2 high-conversion run. Record beverage conversion across 27 outlets (240 Lassi, 192 Kool cans, 180 Tru Chocolate); high volume turnover."
2026-07-04,Saturday,27,July,Sengupta Agencies,Amarjeet Deb Purkayastha,Saurav Sinha,Malugram 2,Silchar Urban,OUT_29_021,Malugram 2 Counter 21,Kirana Store,Medium,Market Street,No,Medium,Yes,Amul Tru Litchi 200ml,Beverages,Fruit Drinks,Yes,No,Medium,Yes,Low,No,No,0,0,0.0,Yes,Purabi / Sting / Coke,Existing inventory unsold,Stock Already Available,Yes,High,Stock Already Available,"Malugram 2 high-conversion run. Record beverage conversion across 27 outlets (240 Lassi, 192 Kool cans, 180 Tru Chocolate); high volume turnover."
2026-07-04,Saturday,27,July,Sengupta Agencies,Amarjeet Deb Purkayastha,Saurav Sinha,Malugram 2,Silchar Urban,OUT_29_021,Malugram 2 Counter 21,Kirana Store,Medium,Market Street,No,Medium,Yes,Amul Lassi 200ml,Beverages,Fermented Dairy,Yes,No,Medium,Yes,Low,No,No,0,0,0.0,Yes,Purabi / Sting / Coke,Existing inventory unsold,Stock Already Available,Yes,High,Stock Already Available,"Malugram 2 high-conversion run. Record beverage conversion across 27 outlets (240 Lassi, 192 Kool cans, 180 Tru Chocolate); high volume turnover."
2026-07-04,Saturday,27,July,Sengupta Agencies,Amarjeet Deb Purkayastha,Saurav Sinha,Malugram 2,Silchar Urban,OUT_29_021,Malugram 2 Counter 21,Kirana Store,Medium,Market Street,No,Medium,Yes,Amul Kool Cafe 200ml (Can),Beverages,Flavoured Milk,Yes,No,Medium,Yes,Low,No,No,0,0,0.0,Yes,Purabi / Sting / Coke,Existing inventory unsold,Stock Already Available,Yes,High,Stock Already Available,"Malugram 2 high-conversion run. Record beverage conversion across 27 outlets (240 Lassi, 192 Kool cans, 180 Tru Chocolate); high volume turnover."
2026-07-04,Saturday,27,July,Sengupta Agencies,Amarjeet Deb Purkayastha,Saurav Sinha,Malugram 2,Silchar Urban,OUT_29_022,Malugram 2 Counter 22,General Store,Medium,Market Street,Yes,Medium,Yes,Amul Tru Litchi 200ml,Beverages,Fruit Drinks,Yes,No,Medium,Yes,Low,No,No,0,0,0.0,Yes,Purabi / Sting / Coke,Existing inventory unsold,Stock Already Available,Yes,High,Stock Already Available,"Malugram 2 high-conversion run. Record beverage conversion across 27 outlets (240 Lassi, 192 Kool cans, 180 Tru Chocolate); high volume turnover."
2026-07-04,Saturday,27,July,Sengupta Agencies,Amarjeet Deb Purkayastha,Saurav Sinha,Malugram 2,Silchar Urban,OUT_29_022,Malugram 2 Counter 22,General Store,Medium,Market Street,Yes,Medium,Yes,Amul Lassi 200ml,Beverages,Fermented Dairy,Yes,No,Medium,Yes,Low,No,No,0,0,0.0,Yes,Purabi / Sting / Coke,Existing inventory unsold,Stock Already Available,Yes,High,Stock Already Available,"Malugram 2 high-conversion run. Record beverage conversion across 27 outlets (240 Lassi, 192 Kool cans, 180 Tru Chocolate); high volume turnover."
2026-07-04,Saturday,27,July,Sengupta Agencies,Amarjeet Deb Purkayastha,Saurav Sinha,Malugram 2,Silchar Urban,OUT_29_022,Malugram 2 Counter 22,General Store,Medium,Market Street,Yes,Medium,Yes,Amul Kool Cafe 200ml (Can),Beverages,Flavoured Milk,Yes,No,Medium,Yes,Low,No,No,0,0,0.0,Yes,Purabi / Sting / Coke,Existing inventory unsold,Stock Already Available,Yes,High,Stock Already Available,"Malugram 2 high-conversion run. Record beverage conversion across 27 outlets (240 Lassi, 192 Kool cans, 180 Tru Chocolate); high volume turnover."
2026-07-04,Saturday,27,July,Sengupta Agencies,Amarjeet Deb Purkayastha,Saurav Sinha,Malugram 2,Silchar Urban,OUT_29_023,Malugram 2 Counter 23,Kirana Store,Medium,Market Street,Yes,Medium,Yes,Amul Tru Litchi 200ml,Beverages,Fruit Drinks,Yes,No,Medium,Yes,Low,No,No,0,0,0.0,Yes,Purabi / Sting / Coke,Existing inventory unsold,Stock Already Available,Yes,High,Stock Already Available,"Malugram 2 high-conversion run. Record beverage conversion across 27 outlets (240 Lassi, 192 Kool cans, 180 Tru Chocolate); high volume turnover."
2026-07-04,Saturday,27,July,Sengupta Agencies,Amarjeet Deb Purkayastha,Saurav Sinha,Malugram 2,Silchar Urban,OUT_29_023,Malugram 2 Counter 23,Kirana Store,Medium,Market Street,Yes,Medium,Yes,Amul Lassi 200ml,Beverages,Fermented Dairy,Yes,No,Medium,Yes,Low,No,No,0,0,0.0,Yes,Purabi / Sting / Coke,Existing inventory unsold,Stock Already Available,Yes,High,Stock Already Available,"Malugram 2 high-conversion run. Record beverage conversion across 27 outlets (240 Lassi, 192 Kool cans, 180 Tru Chocolate); high volume turnover."
2026-07-04,Saturday,27,July,Sengupta Agencies,Amarjeet Deb Purkayastha,Saurav Sinha,Malugram 2,Silchar Urban,OUT_29_023,Malugram 2 Counter 23,Kirana Store,Medium,Market Street,Yes,Medium,Yes,Amul Kool Cafe 200ml (Can),Beverages,Flavoured Milk,Yes,No,Medium,Yes,Low,No,No,0,0,0.0,Yes,Purabi / Sting / Coke,Existing inventory unsold,Stock Already Available,Yes,High,Stock Already Available,"Malugram 2 high-conversion run. Record beverage conversion across 27 outlets (240 Lassi, 192 Kool cans, 180 Tru Chocolate); high volume turnover."
2026-07-04,Saturday,27,July,Sengupta Agencies,Amarjeet Deb Purkayastha,Saurav Sinha,Malugram 2,Silchar Urban,OUT_29_024,Malugram 2 Counter 24,General Store,Medium,Market Street,Yes,Medium,Yes,Amul Tru Litchi 200ml,Beverages,Fruit Drinks,Yes,No,Medium,Yes,Low,No,No,0,0,0.0,Yes,Purabi / Sting / Coke,Existing inventory unsold,Stock Already Available,Yes,High,Stock Already Available,"Malugram 2 high-conversion run. Record beverage conversion across 27 outlets (240 Lassi, 192 Kool cans, 180 Tru Chocolate); high volume turnover."
2026-07-04,Saturday,27,July,Sengupta Agencies,Amarjeet Deb Purkayastha,Saurav Sinha,Malugram 2,Silchar Urban,OUT_29_024,Malugram 2 Counter 24,General Store,Medium,Market Street,Yes,Medium,Yes,Amul Lassi 200ml,Beverages,Fermented Dairy,Yes,No,Medium,Yes,Low,No,No,0,0,0.0,Yes,Purabi / Sting / Coke,Existing inventory unsold,Stock Already Available,Yes,High,Stock Already Available,"Malugram 2 high-conversion run. Record beverage conversion across 27 outlets (240 Lassi, 192 Kool cans, 180 Tru Chocolate); high volume turnover."
2026-07-04,Saturday,27,July,Sengupta Agencies,Amarjeet Deb Purkayastha,Saurav Sinha,Malugram 2,Silchar Urban,OUT_29_024,Malugram 2 Counter 24,General Store,Medium,Market Street,Yes,Medium,Yes,Amul Kool Cafe 200ml (Can),Beverages,Flavoured Milk,Yes,No,Medium,Yes,Low,No,No,0,0,0.0,Yes,Purabi / Sting / Coke,Existing inventory unsold,Stock Already Available,Yes,High,Stock Already Available,"Malugram 2 high-conversion run. Record beverage conversion across 27 outlets (240 Lassi, 192 Kool cans, 180 Tru Chocolate); high volume turnover."
2026-07-04,Saturday,27,July,Sengupta Agencies,Amarjeet Deb Purkayastha,Saurav Sinha,Malugram 2,Silchar Urban,OUT_29_025,Malugram 2 Counter 25,Kirana Store,Medium,Market Street,No,Medium,Yes,Amul Tru Litchi 200ml,Beverages,Fruit Drinks,Yes,No,Medium,Yes,Low,No,No,0,0,0.0,Yes,Purabi / Sting / Coke,Existing inventory unsold,Stock Already Available,Yes,High,Stock Already Available,"Malugram 2 high-conversion run. Record beverage conversion across 27 outlets (240 Lassi, 192 Kool cans, 180 Tru Chocolate); high volume turnover."
2026-07-04,Saturday,27,July,Sengupta Agencies,Amarjeet Deb Purkayastha,Saurav Sinha,Malugram 2,Silchar Urban,OUT_29_025,Malugram 2 Counter 25,Kirana Store,Medium,Market Street,No,Medium,Yes,Amul Lassi 200ml,Beverages,Fermented Dairy,Yes,No,Medium,Yes,Low,No,No,0,0,0.0,Yes,Purabi / Sting / Coke,Existing inventory unsold,Stock Already Available,Yes,High,Stock Already Available,"Malugram 2 high-conversion run. Record beverage conversion across 27 outlets (240 Lassi, 192 Kool cans, 180 Tru Chocolate); high volume turnover."
2026-07-04,Saturday,27,July,Sengupta Agencies,Amarjeet Deb Purkayastha,Saurav Sinha,Malugram 2,Silchar Urban,OUT_29_025,Malugram 2 Counter 25,Kirana Store,Medium,Market Street,No,Medium,Yes,Amul Kool Cafe 200ml (Can),Beverages,Flavoured Milk,Yes,No,Medium,Yes,Low,No,No,0,0,0.0,Yes,Purabi / Sting / Coke,Existing inventory unsold,Stock Already Available,Yes,High,Stock Already Available,"Malugram 2 high-conversion run. Record beverage conversion across 27 outlets (240 Lassi, 192 Kool cans, 180 Tru Chocolate); high volume turnover."
2026-07-04,Saturday,27,July,Sengupta Agencies,Amarjeet Deb Purkayastha,Saurav Sinha,Malugram 2,Silchar Urban,OUT_29_026,Malugram 2 Counter 26,General Store,Medium,Market Street,Yes,Medium,Yes,Amul Tru Litchi 200ml,Beverages,Fruit Drinks,Yes,No,Medium,Yes,Low,No,No,0,0,0.0,Yes,Purabi / Sting / Coke,Existing inventory unsold,Stock Already Available,Yes,High,Stock Already Available,"Malugram 2 high-conversion run. Record beverage conversion across 27 outlets (240 Lassi, 192 Kool cans, 180 Tru Chocolate); high volume turnover."
2026-07-04,Saturday,27,July,Sengupta Agencies,Amarjeet Deb Purkayastha,Saurav Sinha,Malugram 2,Silchar Urban,OUT_29_026,Malugram 2 Counter 26,General Store,Medium,Market Street,Yes,Medium,Yes,Amul Lassi 200ml,Beverages,Fermented Dairy,Yes,No,Medium,Yes,Low,No,No,0,0,0.0,Yes,Purabi / Sting / Coke,Existing inventory unsold,Stock Already Available,Yes,High,Stock Already Available,"Malugram 2 high-conversion run. Record beverage conversion across 27 outlets (240 Lassi, 192 Kool cans, 180 Tru Chocolate); high volume turnover."
2026-07-04,Saturday,27,July,Sengupta Agencies,Amarjeet Deb Purkayastha,Saurav Sinha,Malugram 2,Silchar Urban,OUT_29_026,Malugram 2 Counter 26,General Store,Medium,Market Street,Yes,Medium,Yes,Amul Kool Cafe 200ml (Can),Beverages,Flavoured Milk,Yes,No,Medium,Yes,Low,No,No,0,0,0.0,Yes,Purabi / Sting / Coke,Existing inventory unsold,Stock Already Available,Yes,High,Stock Already Available,"Malugram 2 high-conversion run. Record beverage conversion across 27 outlets (240 Lassi, 192 Kool cans, 180 Tru Chocolate); high volume turnover."
2026-07-04,Saturday,27,July,Sengupta Agencies,Amarjeet Deb Purkayastha,Saurav Sinha,Malugram 2,Silchar Urban,OUT_29_027,Malugram 2 Counter 27,Kirana Store,Medium,Market Street,Yes,Medium,Yes,Amul Tru Litchi 200ml,Beverages,Fruit Drinks,Yes,No,Medium,Yes,Low,No,No,0,0,0.0,Yes,Purabi / Sting / Coke,Existing inventory unsold,Stock Already Available,Yes,High,Stock Already Available,"Malugram 2 high-conversion run. Record beverage conversion across 27 outlets (240 Lassi, 192 Kool cans, 180 Tru Chocolate); high volume turnover."
2026-07-04,Saturday,27,July,Sengupta Agencies,Amarjeet Deb Purkayastha,Saurav Sinha,Malugram 2,Silchar Urban,OUT_29_027,Malugram 2 Counter 27,Kirana Store,Medium,Market Street,Yes,Medium,Yes,Amul Lassi 200ml,Beverages,Fermented Dairy,Yes,No,Medium,Yes,Low,No,No,0,0,0.0,Yes,Purabi / Sting / Coke,Existing inventory unsold,Stock Already Available,Yes,High,Stock Already Available,"Malugram 2 high-conversion run. Record beverage conversion across 27 outlets (240 Lassi, 192 Kool cans, 180 Tru Chocolate); high volume turnover."
2026-07-04,Saturday,27,July,Sengupta Agencies,Amarjeet Deb Purkayastha,Saurav Sinha,Malugram 2,Silchar Urban,OUT_29_027,Malugram 2 Counter 27,Kirana Store,Medium,Market Street,Yes,Medium,Yes,Amul Kool Cafe 200ml (Can),Beverages,Flavoured Milk,Yes,No,Medium,Yes,Low,No,No,0,0,0.0,Yes,Purabi / Sting / Coke,Existing inventory unsold,Stock Already Available,Yes,High,Stock Already Available,"Malugram 2 high-conversion run. Record beverage conversion across 27 outlets (240 Lassi, 192 Kool cans, 180 Tru Chocolate); high volume turnover."
2026-07-06,Monday,28,July,Sengupta Agencies,Sushil Das,Saurav Sinha,Saratpally,Silchar Urban,OUT_30_001,Saratpally Counter 1,Kirana Store,Medium,Market Street,No,Medium,Yes,Amul Lassi 200ml,Beverages,Fermented Dairy,Yes,No,Medium,Yes,High,Yes,Yes,24,24,312.96,Yes,Purabi / Sting / Coke,,None,No,Low,None,Saratpally commercial stretch. High demand for Kool and Tru Mango; retailers requested POS merchandising stands for chocolate displays.
2026-07-06,Monday,28,July,Sengupta Agencies,Sushil Das,Saurav Sinha,Saratpally,Silchar Urban,OUT_30_001,Saratpally Counter 1,Kirana Store,Medium,Market Street,No,Medium,Yes,Amul Kool Cafe 200ml (Can),Beverages,Flavoured Milk,Yes,No,Medium,Yes,High,Yes,Yes,24,24,817.2,Yes,Purabi / Sting / Coke,,None,No,Low,None,Saratpally commercial stretch. High demand for Kool and Tru Mango; retailers requested POS merchandising stands for chocolate displays.
2026-07-06,Monday,28,July,Sengupta Agencies,Sushil Das,Saurav Sinha,Saratpally,Silchar Urban,OUT_30_001,Saratpally Counter 1,Kirana Store,Medium,Market Street,No,Medium,Yes,Amul Tinned Paneer 425g,Dairy,Paneer,Yes,No,Medium,Yes,Low,No,No,0,0,0.0,Yes,Purabi / Sting / Coke,Existing inventory unsold,Stock Already Available,Yes,High,Stock Already Available,Saratpally commercial stretch. High demand for Kool and Tru Mango; retailers requested POS merchandising stands for chocolate displays.
2026-07-06,Monday,28,July,Sengupta Agencies,Sushil Das,Saurav Sinha,Saratpally,Silchar Urban,OUT_30_002,Saratpally Counter 2,General Store,Medium,Market Street,Yes,Medium,Yes,Amul Lassi 200ml,Beverages,Fermented Dairy,Yes,No,Medium,Yes,High,Yes,Yes,24,24,312.96,Yes,Purabi / Sting / Coke,,None,No,Low,None,Saratpally commercial stretch. High demand for Kool and Tru Mango; retailers requested POS merchandising stands for chocolate displays.
2026-07-06,Monday,28,July,Sengupta Agencies,Sushil Das,Saurav Sinha,Saratpally,Silchar Urban,OUT_30_002,Saratpally Counter 2,General Store,Medium,Market Street,Yes,Medium,Yes,Amul Kool Cafe 200ml (Can),Beverages,Flavoured Milk,Yes,No,Medium,Yes,Low,No,No,0,0,0.0,Yes,Purabi / Sting / Coke,Existing inventory unsold,Stock Already Available,Yes,High,Stock Already Available,Saratpally commercial stretch. High demand for Kool and Tru Mango; retailers requested POS merchandising stands for chocolate displays.
2026-07-06,Monday,28,July,Sengupta Agencies,Sushil Das,Saurav Sinha,Saratpally,Silchar Urban,OUT_30_002,Saratpally Counter 2,General Store,Medium,Market Street,Yes,Medium,Yes,Amul Tinned Paneer 425g,Dairy,Paneer,Yes,No,Medium,Yes,Low,No,No,0,0,0.0,Yes,Purabi / Sting / Coke,Existing inventory unsold,Stock Already Available,Yes,High,Stock Already Available,Saratpally commercial stretch. High demand for Kool and Tru Mango; retailers requested POS merchandising stands for chocolate displays.
2026-07-06,Monday,28,July,Sengupta Agencies,Sushil Das,Saurav Sinha,Saratpally,Silchar Urban,OUT_30_003,Saratpally Counter 3,Kirana Store,Medium,Market Street,Yes,Medium,Yes,Amul Lassi 200ml,Beverages,Fermented Dairy,Yes,No,Medium,Yes,High,Yes,Yes,24,24,312.96,Yes,Purabi / Sting / Coke,,None,No,Low,None,Saratpally commercial stretch. High demand for Kool and Tru Mango; retailers requested POS merchandising stands for chocolate displays.
2026-07-06,Monday,28,July,Sengupta Agencies,Sushil Das,Saurav Sinha,Saratpally,Silchar Urban,OUT_30_003,Saratpally Counter 3,Kirana Store,Medium,Market Street,Yes,Medium,Yes,Amul Kool Cafe 200ml (Can),Beverages,Flavoured Milk,Yes,No,Medium,Yes,High,Yes,Yes,24,24,817.2,Yes,Purabi / Sting / Coke,,None,No,Low,None,Saratpally commercial stretch. High demand for Kool and Tru Mango; retailers requested POS merchandising stands for chocolate displays.
2026-07-06,Monday,28,July,Sengupta Agencies,Sushil Das,Saurav Sinha,Saratpally,Silchar Urban,OUT_30_003,Saratpally Counter 3,Kirana Store,Medium,Market Street,Yes,Medium,Yes,Amul Tinned Paneer 425g,Dairy,Paneer,Yes,No,Medium,Yes,Low,No,No,0,0,0.0,Yes,Purabi / Sting / Coke,Existing inventory unsold,Stock Already Available,Yes,High,Stock Already Available,Saratpally commercial stretch. High demand for Kool and Tru Mango; retailers requested POS merchandising stands for chocolate displays.
2026-07-06,Monday,28,July,Sengupta Agencies,Sushil Das,Saurav Sinha,Saratpally,Silchar Urban,OUT_30_004,Saratpally Counter 4,General Store,Medium,Market Street,Yes,Medium,Yes,Amul Lassi 200ml,Beverages,Fermented Dairy,Yes,No,Medium,Yes,High,Yes,Yes,24,24,312.96,Yes,Purabi / Sting / Coke,,None,No,Low,None,Saratpally commercial stretch. High demand for Kool and Tru Mango; retailers requested POS merchandising stands for chocolate displays.
2026-07-06,Monday,28,July,Sengupta Agencies,Sushil Das,Saurav Sinha,Saratpally,Silchar Urban,OUT_30_004,Saratpally Counter 4,General Store,Medium,Market Street,Yes,Medium,Yes,Amul Kool Cafe 200ml (Can),Beverages,Flavoured Milk,Yes,No,Medium,Yes,Low,No,No,0,0,0.0,Yes,Purabi / Sting / Coke,Existing inventory unsold,Stock Already Available,Yes,High,Stock Already Available,Saratpally commercial stretch. High demand for Kool and Tru Mango; retailers requested POS merchandising stands for chocolate displays.
2026-07-06,Monday,28,July,Sengupta Agencies,Sushil Das,Saurav Sinha,Saratpally,Silchar Urban,OUT_30_004,Saratpally Counter 4,General Store,Medium,Market Street,Yes,Medium,Yes,Amul Tinned Paneer 425g,Dairy,Paneer,Yes,No,Medium,Yes,Low,No,No,0,0,0.0,Yes,Purabi / Sting / Coke,Existing inventory unsold,Stock Already Available,Yes,High,Stock Already Available,Saratpally commercial stretch. High demand for Kool and Tru Mango; retailers requested POS merchandising stands for chocolate displays.
2026-07-06,Monday,28,July,Sengupta Agencies,Sushil Das,Saurav Sinha,Saratpally,Silchar Urban,OUT_30_005,Saratpally Counter 5,Kirana Store,Medium,Market Street,No,Medium,Yes,Amul Lassi 200ml,Beverages,Fermented Dairy,Yes,No,Medium,Yes,High,Yes,Yes,24,24,312.96,Yes,Purabi / Sting / Coke,,None,No,Low,None,Saratpally commercial stretch. High demand for Kool and Tru Mango; retailers requested POS merchandising stands for chocolate displays.
2026-07-06,Monday,28,July,Sengupta Agencies,Sushil Das,Saurav Sinha,Saratpally,Silchar Urban,OUT_30_005,Saratpally Counter 5,Kirana Store,Medium,Market Street,No,Medium,Yes,Amul Kool Cafe 200ml (Can),Beverages,Flavoured Milk,Yes,No,Medium,Yes,High,Yes,Yes,24,24,817.2,Yes,Purabi / Sting / Coke,,None,No,Low,None,Saratpally commercial stretch. High demand for Kool and Tru Mango; retailers requested POS merchandising stands for chocolate displays.
2026-07-06,Monday,28,July,Sengupta Agencies,Sushil Das,Saurav Sinha,Saratpally,Silchar Urban,OUT_30_005,Saratpally Counter 5,Kirana Store,Medium,Market Street,No,Medium,Yes,Amul Tinned Paneer 425g,Dairy,Paneer,Yes,No,Medium,Yes,Low,No,No,0,0,0.0,Yes,Purabi / Sting / Coke,Existing inventory unsold,Stock Already Available,Yes,High,Stock Already Available,Saratpally commercial stretch. High demand for Kool and Tru Mango; retailers requested POS merchandising stands for chocolate displays.
2026-07-06,Monday,28,July,Sengupta Agencies,Sushil Das,Saurav Sinha,Saratpally,Silchar Urban,OUT_30_006,Saratpally Counter 6,General Store,Medium,Market Street,Yes,Medium,Yes,Amul Lassi 200ml,Beverages,Fermented Dairy,Yes,No,Medium,Yes,High,Yes,Yes,24,24,312.96,Yes,Purabi / Sting / Coke,,None,No,Low,None,Saratpally commercial stretch. High demand for Kool and Tru Mango; retailers requested POS merchandising stands for chocolate displays.
2026-07-06,Monday,28,July,Sengupta Agencies,Sushil Das,Saurav Sinha,Saratpally,Silchar Urban,OUT_30_006,Saratpally Counter 6,General Store,Medium,Market Street,Yes,Medium,Yes,Amul Kool Cafe 200ml (Can),Beverages,Flavoured Milk,Yes,No,Medium,Yes,Low,No,No,0,0,0.0,Yes,Purabi / Sting / Coke,Existing inventory unsold,Stock Already Available,Yes,High,Stock Already Available,Saratpally commercial stretch. High demand for Kool and Tru Mango; retailers requested POS merchandising stands for chocolate displays.
2026-07-06,Monday,28,July,Sengupta Agencies,Sushil Das,Saurav Sinha,Saratpally,Silchar Urban,OUT_30_006,Saratpally Counter 6,General Store,Medium,Market Street,Yes,Medium,Yes,Amul Tinned Paneer 425g,Dairy,Paneer,Yes,No,Medium,Yes,Low,No,No,0,0,0.0,Yes,Purabi / Sting / Coke,Existing inventory unsold,Stock Already Available,Yes,High,Stock Already Available,Saratpally commercial stretch. High demand for Kool and Tru Mango; retailers requested POS merchandising stands for chocolate displays.
2026-07-06,Monday,28,July,Sengupta Agencies,Sushil Das,Saurav Sinha,Saratpally,Silchar Urban,OUT_30_007,Saratpally Counter 7,Kirana Store,Medium,Market Street,Yes,Medium,Yes,Amul Lassi 200ml,Beverages,Fermented Dairy,Yes,No,Medium,Yes,High,Yes,Yes,24,24,312.96,Yes,Purabi / Sting / Coke,,None,No,Low,None,Saratpally commercial stretch. High demand for Kool and Tru Mango; retailers requested POS merchandising stands for chocolate displays.
2026-07-06,Monday,28,July,Sengupta Agencies,Sushil Das,Saurav Sinha,Saratpally,Silchar Urban,OUT_30_007,Saratpally Counter 7,Kirana Store,Medium,Market Street,Yes,Medium,Yes,Amul Kool Cafe 200ml (Can),Beverages,Flavoured Milk,Yes,No,Medium,Yes,High,Yes,Yes,24,24,817.2,Yes,Purabi / Sting / Coke,,None,No,Low,None,Saratpally commercial stretch. High demand for Kool and Tru Mango; retailers requested POS merchandising stands for chocolate displays.
2026-07-06,Monday,28,July,Sengupta Agencies,Sushil Das,Saurav Sinha,Saratpally,Silchar Urban,OUT_30_007,Saratpally Counter 7,Kirana Store,Medium,Market Street,Yes,Medium,Yes,Amul Tinned Paneer 425g,Dairy,Paneer,Yes,No,Medium,Yes,Low,No,No,0,0,0.0,Yes,Purabi / Sting / Coke,Existing inventory unsold,Stock Already Available,Yes,High,Stock Already Available,Saratpally commercial stretch. High demand for Kool and Tru Mango; retailers requested POS merchandising stands for chocolate displays.
2026-07-06,Monday,28,July,Sengupta Agencies,Sushil Das,Saurav Sinha,Saratpally,Silchar Urban,OUT_30_008,Saratpally Counter 8,General Store,Medium,Market Street,Yes,Medium,Yes,Amul Lassi 200ml,Beverages,Fermented Dairy,Yes,No,Medium,Yes,High,Yes,Yes,24,24,312.96,Yes,Purabi / Sting / Coke,,None,No,Low,None,Saratpally commercial stretch. High demand for Kool and Tru Mango; retailers requested POS merchandising stands for chocolate displays.
2026-07-06,Monday,28,July,Sengupta Agencies,Sushil Das,Saurav Sinha,Saratpally,Silchar Urban,OUT_30_008,Saratpally Counter 8,General Store,Medium,Market Street,Yes,Medium,Yes,Amul Kool Cafe 200ml (Can),Beverages,Flavoured Milk,Yes,No,Medium,Yes,Low,No,No,0,0,0.0,Yes,Purabi / Sting / Coke,Existing inventory unsold,Stock Already Available,Yes,High,Stock Already Available,Saratpally commercial stretch. High demand for Kool and Tru Mango; retailers requested POS merchandising stands for chocolate displays.
2026-07-06,Monday,28,July,Sengupta Agencies,Sushil Das,Saurav Sinha,Saratpally,Silchar Urban,OUT_30_008,Saratpally Counter 8,General Store,Medium,Market Street,Yes,Medium,Yes,Amul Tinned Paneer 425g,Dairy,Paneer,Yes,No,Medium,Yes,Low,No,No,0,0,0.0,Yes,Purabi / Sting / Coke,Existing inventory unsold,Stock Already Available,Yes,High,Stock Already Available,Saratpally commercial stretch. High demand for Kool and Tru Mango; retailers requested POS merchandising stands for chocolate displays.
2026-07-06,Monday,28,July,Sengupta Agencies,Sushil Das,Saurav Sinha,Saratpally,Silchar Urban,OUT_30_009,Saratpally Counter 9,Kirana Store,Medium,Market Street,No,Medium,Yes,Amul Lassi 200ml,Beverages,Fermented Dairy,Yes,No,Medium,Yes,High,Yes,Yes,24,24,312.96,Yes,Purabi / Sting / Coke,,None,No,Low,None,Saratpally commercial stretch. High demand for Kool and Tru Mango; retailers requested POS merchandising stands for chocolate displays.
2026-07-06,Monday,28,July,Sengupta Agencies,Sushil Das,Saurav Sinha,Saratpally,Silchar Urban,OUT_30_009,Saratpally Counter 9,Kirana Store,Medium,Market Street,No,Medium,Yes,Amul Kool Cafe 200ml (Can),Beverages,Flavoured Milk,Yes,No,Medium,Yes,High,Yes,Yes,24,24,817.2,Yes,Purabi / Sting / Coke,,None,No,Low,None,Saratpally commercial stretch. High demand for Kool and Tru Mango; retailers requested POS merchandising stands for chocolate displays.
2026-07-06,Monday,28,July,Sengupta Agencies,Sushil Das,Saurav Sinha,Saratpally,Silchar Urban,OUT_30_009,Saratpally Counter 9,Kirana Store,Medium,Market Street,No,Medium,Yes,Amul Tinned Paneer 425g,Dairy,Paneer,Yes,No,Medium,Yes,Low,No,No,0,0,0.0,Yes,Purabi / Sting / Coke,Existing inventory unsold,Stock Already Available,Yes,High,Stock Already Available,Saratpally commercial stretch. High demand for Kool and Tru Mango; retailers requested POS merchandising stands for chocolate displays.
2026-07-06,Monday,28,July,Sengupta Agencies,Sushil Das,Saurav Sinha,Saratpally,Silchar Urban,OUT_30_010,Saratpally Counter 10,General Store,Medium,Market Street,Yes,Medium,Yes,Amul Lassi 200ml,Beverages,Fermented Dairy,Yes,No,Medium,Yes,High,Yes,Yes,24,24,312.96,Yes,Purabi / Sting / Coke,,None,No,Low,None,Saratpally commercial stretch. High demand for Kool and Tru Mango; retailers requested POS merchandising stands for chocolate displays.
2026-07-06,Monday,28,July,Sengupta Agencies,Sushil Das,Saurav Sinha,Saratpally,Silchar Urban,OUT_30_010,Saratpally Counter 10,General Store,Medium,Market Street,Yes,Medium,Yes,Amul Kool Cafe 200ml (Can),Beverages,Flavoured Milk,Yes,No,Medium,Yes,Low,No,No,0,0,0.0,Yes,Purabi / Sting / Coke,Existing inventory unsold,Stock Already Available,Yes,High,Stock Already Available,Saratpally commercial stretch. High demand for Kool and Tru Mango; retailers requested POS merchandising stands for chocolate displays.
2026-07-06,Monday,28,July,Sengupta Agencies,Sushil Das,Saurav Sinha,Saratpally,Silchar Urban,OUT_30_010,Saratpally Counter 10,General Store,Medium,Market Street,Yes,Medium,Yes,Amul Tinned Paneer 425g,Dairy,Paneer,Yes,No,Medium,Yes,Low,No,No,0,0,0.0,Yes,Purabi / Sting / Coke,Existing inventory unsold,Stock Already Available,Yes,High,Stock Already Available,Saratpally commercial stretch. High demand for Kool and Tru Mango; retailers requested POS merchandising stands for chocolate displays.
2026-07-06,Monday,28,July,Sengupta Agencies,Sushil Das,Saurav Sinha,Saratpally,Silchar Urban,OUT_30_011,Saratpally Counter 11,Kirana Store,Medium,Market Street,Yes,Medium,Yes,Amul Lassi 200ml,Beverages,Fermented Dairy,Yes,No,Medium,Yes,High,Yes,Yes,24,24,312.96,Yes,Purabi / Sting / Coke,,None,No,Low,None,Saratpally commercial stretch. High demand for Kool and Tru Mango; retailers requested POS merchandising stands for chocolate displays.
2026-07-06,Monday,28,July,Sengupta Agencies,Sushil Das,Saurav Sinha,Saratpally,Silchar Urban,OUT_30_011,Saratpally Counter 11,Kirana Store,Medium,Market Street,Yes,Medium,Yes,Amul Kool Cafe 200ml (Can),Beverages,Flavoured Milk,Yes,No,Medium,Yes,High,Yes,Yes,24,24,817.2,Yes,Purabi / Sting / Coke,,None,No,Low,None,Saratpally commercial stretch. High demand for Kool and Tru Mango; retailers requested POS merchandising stands for chocolate displays.
2026-07-06,Monday,28,July,Sengupta Agencies,Sushil Das,Saurav Sinha,Saratpally,Silchar Urban,OUT_30_011,Saratpally Counter 11,Kirana Store,Medium,Market Street,Yes,Medium,Yes,Amul Tinned Paneer 425g,Dairy,Paneer,Yes,No,Medium,Yes,Low,No,No,0,0,0.0,Yes,Purabi / Sting / Coke,Existing inventory unsold,Stock Already Available,Yes,High,Stock Already Available,Saratpally commercial stretch. High demand for Kool and Tru Mango; retailers requested POS merchandising stands for chocolate displays.
2026-07-06,Monday,28,July,Sengupta Agencies,Sushil Das,Saurav Sinha,Saratpally,Silchar Urban,OUT_30_012,Saratpally Counter 12,General Store,Medium,Market Street,Yes,Medium,Yes,Amul Lassi 200ml,Beverages,Fermented Dairy,Yes,No,Medium,Yes,Low,No,No,0,0,0.0,Yes,Purabi / Sting / Coke,Existing inventory unsold,Stock Already Available,Yes,High,Stock Already Available,Saratpally commercial stretch. High demand for Kool and Tru Mango; retailers requested POS merchandising stands for chocolate displays.
2026-07-06,Monday,28,July,Sengupta Agencies,Sushil Das,Saurav Sinha,Saratpally,Silchar Urban,OUT_30_012,Saratpally Counter 12,General Store,Medium,Market Street,Yes,Medium,Yes,Amul Kool Cafe 200ml (Can),Beverages,Flavoured Milk,Yes,No,Medium,Yes,Low,No,No,0,0,0.0,Yes,Purabi / Sting / Coke,Existing inventory unsold,Stock Already Available,Yes,High,Stock Already Available,Saratpally commercial stretch. High demand for Kool and Tru Mango; retailers requested POS merchandising stands for chocolate displays.
2026-07-06,Monday,28,July,Sengupta Agencies,Sushil Das,Saurav Sinha,Saratpally,Silchar Urban,OUT_30_012,Saratpally Counter 12,General Store,Medium,Market Street,Yes,Medium,Yes,Amul Tinned Paneer 425g,Dairy,Paneer,Yes,No,Medium,Yes,Low,No,No,0,0,0.0,Yes,Purabi / Sting / Coke,Existing inventory unsold,Stock Already Available,Yes,High,Stock Already Available,Saratpally commercial stretch. High demand for Kool and Tru Mango; retailers requested POS merchandising stands for chocolate displays.
2026-07-06,Monday,28,July,Sengupta Agencies,Sushil Das,Saurav Sinha,Saratpally,Silchar Urban,OUT_30_013,Saratpally Counter 13,Kirana Store,Medium,Market Street,No,Medium,Yes,Amul Lassi 200ml,Beverages,Fermented Dairy,Yes,No,Medium,Yes,Low,No,No,0,0,0.0,Yes,Purabi / Sting / Coke,Existing inventory unsold,Stock Already Available,Yes,High,Stock Already Available,Saratpally commercial stretch. High demand for Kool and Tru Mango; retailers requested POS merchandising stands for chocolate displays.
2026-07-06,Monday,28,July,Sengupta Agencies,Sushil Das,Saurav Sinha,Saratpally,Silchar Urban,OUT_30_013,Saratpally Counter 13,Kirana Store,Medium,Market Street,No,Medium,Yes,Amul Kool Cafe 200ml (Can),Beverages,Flavoured Milk,Yes,No,Medium,Yes,Low,No,No,0,0,0.0,Yes,Purabi / Sting / Coke,Existing inventory unsold,Stock Already Available,Yes,High,Stock Already Available,Saratpally commercial stretch. High demand for Kool and Tru Mango; retailers requested POS merchandising stands for chocolate displays.
2026-07-06,Monday,28,July,Sengupta Agencies,Sushil Das,Saurav Sinha,Saratpally,Silchar Urban,OUT_30_013,Saratpally Counter 13,Kirana Store,Medium,Market Street,No,Medium,Yes,Amul Tinned Paneer 425g,Dairy,Paneer,Yes,No,Medium,Yes,Low,No,No,0,0,0.0,Yes,Purabi / Sting / Coke,Existing inventory unsold,Stock Already Available,Yes,High,Stock Already Available,Saratpally commercial stretch. High demand for Kool and Tru Mango; retailers requested POS merchandising stands for chocolate displays.
2026-07-06,Monday,28,July,Sengupta Agencies,Sushil Das,Saurav Sinha,Saratpally,Silchar Urban,OUT_30_014,Saratpally Counter 14,General Store,Medium,Market Street,Yes,Medium,Yes,Amul Lassi 200ml,Beverages,Fermented Dairy,Yes,No,Medium,Yes,Low,No,No,0,0,0.0,Yes,Purabi / Sting / Coke,Existing inventory unsold,Stock Already Available,Yes,High,Stock Already Available,Saratpally commercial stretch. High demand for Kool and Tru Mango; retailers requested POS merchandising stands for chocolate displays.
2026-07-06,Monday,28,July,Sengupta Agencies,Sushil Das,Saurav Sinha,Saratpally,Silchar Urban,OUT_30_014,Saratpally Counter 14,General Store,Medium,Market Street,Yes,Medium,Yes,Amul Kool Cafe 200ml (Can),Beverages,Flavoured Milk,Yes,No,Medium,Yes,Low,No,No,0,0,0.0,Yes,Purabi / Sting / Coke,Existing inventory unsold,Stock Already Available,Yes,High,Stock Already Available,Saratpally commercial stretch. High demand for Kool and Tru Mango; retailers requested POS merchandising stands for chocolate displays.
2026-07-06,Monday,28,July,Sengupta Agencies,Sushil Das,Saurav Sinha,Saratpally,Silchar Urban,OUT_30_014,Saratpally Counter 14,General Store,Medium,Market Street,Yes,Medium,Yes,Amul Tinned Paneer 425g,Dairy,Paneer,Yes,No,Medium,Yes,Low,No,No,0,0,0.0,Yes,Purabi / Sting / Coke,Existing inventory unsold,Stock Already Available,Yes,High,Stock Already Available,Saratpally commercial stretch. High demand for Kool and Tru Mango; retailers requested POS merchandising stands for chocolate displays.
2026-07-06,Monday,28,July,Sengupta Agencies,Sushil Das,Saurav Sinha,Saratpally,Silchar Urban,OUT_30_015,Saratpally Counter 15,Kirana Store,Medium,Market Street,Yes,Medium,Yes,Amul Lassi 200ml,Beverages,Fermented Dairy,Yes,No,Medium,Yes,Low,No,No,0,0,0.0,Yes,Purabi / Sting / Coke,Existing inventory unsold,Stock Already Available,Yes,High,Stock Already Available,Saratpally commercial stretch. High demand for Kool and Tru Mango; retailers requested POS merchandising stands for chocolate displays.
2026-07-06,Monday,28,July,Sengupta Agencies,Sushil Das,Saurav Sinha,Saratpally,Silchar Urban,OUT_30_015,Saratpally Counter 15,Kirana Store,Medium,Market Street,Yes,Medium,Yes,Amul Kool Cafe 200ml (Can),Beverages,Flavoured Milk,Yes,No,Medium,Yes,Low,No,No,0,0,0.0,Yes,Purabi / Sting / Coke,Existing inventory unsold,Stock Already Available,Yes,High,Stock Already Available,Saratpally commercial stretch. High demand for Kool and Tru Mango; retailers requested POS merchandising stands for chocolate displays.
2026-07-06,Monday,28,July,Sengupta Agencies,Sushil Das,Saurav Sinha,Saratpally,Silchar Urban,OUT_30_015,Saratpally Counter 15,Kirana Store,Medium,Market Street,Yes,Medium,Yes,Amul Tinned Paneer 425g,Dairy,Paneer,Yes,No,Medium,Yes,Low,No,No,0,0,0.0,Yes,Purabi / Sting / Coke,Existing inventory unsold,Stock Already Available,Yes,High,Stock Already Available,Saratpally commercial stretch. High demand for Kool and Tru Mango; retailers requested POS merchandising stands for chocolate displays.
2026-07-06,Monday,28,July,Sengupta Agencies,Sushil Das,Saurav Sinha,Saratpally,Silchar Urban,OUT_30_016,Saratpally Counter 16,General Store,Medium,Market Street,Yes,Medium,Yes,Amul Lassi 200ml,Beverages,Fermented Dairy,Yes,No,Medium,Yes,Low,No,No,0,0,0.0,Yes,Purabi / Sting / Coke,Existing inventory unsold,Stock Already Available,Yes,High,Stock Already Available,Saratpally commercial stretch. High demand for Kool and Tru Mango; retailers requested POS merchandising stands for chocolate displays.
2026-07-06,Monday,28,July,Sengupta Agencies,Sushil Das,Saurav Sinha,Saratpally,Silchar Urban,OUT_30_016,Saratpally Counter 16,General Store,Medium,Market Street,Yes,Medium,Yes,Amul Kool Cafe 200ml (Can),Beverages,Flavoured Milk,Yes,No,Medium,Yes,Low,No,No,0,0,0.0,Yes,Purabi / Sting / Coke,Existing inventory unsold,Stock Already Available,Yes,High,Stock Already Available,Saratpally commercial stretch. High demand for Kool and Tru Mango; retailers requested POS merchandising stands for chocolate displays.
2026-07-06,Monday,28,July,Sengupta Agencies,Sushil Das,Saurav Sinha,Saratpally,Silchar Urban,OUT_30_016,Saratpally Counter 16,General Store,Medium,Market Street,Yes,Medium,Yes,Amul Tinned Paneer 425g,Dairy,Paneer,Yes,No,Medium,Yes,Low,No,No,0,0,0.0,Yes,Purabi / Sting / Coke,Existing inventory unsold,Stock Already Available,Yes,High,Stock Already Available,Saratpally commercial stretch. High demand for Kool and Tru Mango; retailers requested POS merchandising stands for chocolate displays.
2026-07-07,Tuesday,28,July,Sengupta Agencies,Sushil Das,Saurav Sinha,Saratpally,Silchar Urban,OUT_31_001,Saratpally Counter 1,Kirana Store,Medium,Market Street,No,Medium,Yes,Amul Kool Cafe 200ml (Can),Beverages,Flavoured Milk,Yes,No,Medium,Yes,High,Yes,Yes,24,24,817.2,Yes,Purabi / Sting / Coke,,None,No,Low,None,"Saratpally follow-up run. Consistent morning delivery confirmed; placed Lassi, Tru Apple, and Kool Badam Shakers across retail points."
2026-07-07,Tuesday,28,July,Sengupta Agencies,Sushil Das,Saurav Sinha,Saratpally,Silchar Urban,OUT_31_001,Saratpally Counter 1,Kirana Store,Medium,Market Street,No,Medium,Yes,Amul Tinned Paneer 425g,Dairy,Paneer,Yes,No,Medium,Yes,High,Yes,Yes,24,24,3024.0,Yes,Purabi / Sting / Coke,,None,No,Low,None,"Saratpally follow-up run. Consistent morning delivery confirmed; placed Lassi, Tru Apple, and Kool Badam Shakers across retail points."
2026-07-07,Tuesday,28,July,Sengupta Agencies,Sushil Das,Saurav Sinha,Saratpally,Silchar Urban,OUT_31_001,Saratpally Counter 1,Kirana Store,Medium,Market Street,No,Medium,Yes,Amul Butter 50g (₹35 Small Pack),Dairy,Butter,Yes,No,Medium,Yes,Low,No,No,0,0,0.0,Yes,Purabi / Sting / Coke,Existing inventory unsold,Stock Already Available,Yes,High,Stock Already Available,"Saratpally follow-up run. Consistent morning delivery confirmed; placed Lassi, Tru Apple, and Kool Badam Shakers across retail points."
2026-07-07,Tuesday,28,July,Sengupta Agencies,Sushil Das,Saurav Sinha,Saratpally,Silchar Urban,OUT_31_002,Saratpally Counter 2,General Store,Medium,Market Street,Yes,Medium,Yes,Amul Kool Cafe 200ml (Can),Beverages,Flavoured Milk,Yes,No,Medium,Yes,High,Yes,Yes,24,24,817.2,Yes,Purabi / Sting / Coke,,None,No,Low,None,"Saratpally follow-up run. Consistent morning delivery confirmed; placed Lassi, Tru Apple, and Kool Badam Shakers across retail points."
2026-07-07,Tuesday,28,July,Sengupta Agencies,Sushil Das,Saurav Sinha,Saratpally,Silchar Urban,OUT_31_002,Saratpally Counter 2,General Store,Medium,Market Street,Yes,Medium,Yes,Amul Tinned Paneer 425g,Dairy,Paneer,Yes,No,Medium,Yes,Low,No,No,0,0,0.0,Yes,Purabi / Sting / Coke,Existing inventory unsold,Stock Already Available,Yes,High,Stock Already Available,"Saratpally follow-up run. Consistent morning delivery confirmed; placed Lassi, Tru Apple, and Kool Badam Shakers across retail points."
2026-07-07,Tuesday,28,July,Sengupta Agencies,Sushil Das,Saurav Sinha,Saratpally,Silchar Urban,OUT_31_002,Saratpally Counter 2,General Store,Medium,Market Street,Yes,Medium,Yes,Amul Butter 50g (₹35 Small Pack),Dairy,Butter,Yes,No,Medium,Yes,Low,No,No,0,0,0.0,Yes,Purabi / Sting / Coke,Existing inventory unsold,Stock Already Available,Yes,High,Stock Already Available,"Saratpally follow-up run. Consistent morning delivery confirmed; placed Lassi, Tru Apple, and Kool Badam Shakers across retail points."
2026-07-07,Tuesday,28,July,Sengupta Agencies,Sushil Das,Saurav Sinha,Saratpally,Silchar Urban,OUT_31_003,Saratpally Counter 3,Kirana Store,Medium,Market Street,Yes,Medium,Yes,Amul Kool Cafe 200ml (Can),Beverages,Flavoured Milk,Yes,No,Medium,Yes,High,Yes,Yes,24,24,817.2,Yes,Purabi / Sting / Coke,,None,No,Low,None,"Saratpally follow-up run. Consistent morning delivery confirmed; placed Lassi, Tru Apple, and Kool Badam Shakers across retail points."
2026-07-07,Tuesday,28,July,Sengupta Agencies,Sushil Das,Saurav Sinha,Saratpally,Silchar Urban,OUT_31_003,Saratpally Counter 3,Kirana Store,Medium,Market Street,Yes,Medium,Yes,Amul Tinned Paneer 425g,Dairy,Paneer,Yes,No,Medium,Yes,High,Yes,Yes,24,24,3024.0,Yes,Purabi / Sting / Coke,,None,No,Low,None,"Saratpally follow-up run. Consistent morning delivery confirmed; placed Lassi, Tru Apple, and Kool Badam Shakers across retail points."
2026-07-07,Tuesday,28,July,Sengupta Agencies,Sushil Das,Saurav Sinha,Saratpally,Silchar Urban,OUT_31_003,Saratpally Counter 3,Kirana Store,Medium,Market Street,Yes,Medium,Yes,Amul Butter 50g (₹35 Small Pack),Dairy,Butter,Yes,No,Medium,Yes,Low,No,No,0,0,0.0,Yes,Purabi / Sting / Coke,Existing inventory unsold,Stock Already Available,Yes,High,Stock Already Available,"Saratpally follow-up run. Consistent morning delivery confirmed; placed Lassi, Tru Apple, and Kool Badam Shakers across retail points."
2026-07-07,Tuesday,28,July,Sengupta Agencies,Sushil Das,Saurav Sinha,Saratpally,Silchar Urban,OUT_31_004,Saratpally Counter 4,General Store,Medium,Market Street,Yes,Medium,Yes,Amul Kool Cafe 200ml (Can),Beverages,Flavoured Milk,Yes,No,Medium,Yes,High,Yes,Yes,24,24,817.2,Yes,Purabi / Sting / Coke,,None,No,Low,None,"Saratpally follow-up run. Consistent morning delivery confirmed; placed Lassi, Tru Apple, and Kool Badam Shakers across retail points."
2026-07-07,Tuesday,28,July,Sengupta Agencies,Sushil Das,Saurav Sinha,Saratpally,Silchar Urban,OUT_31_004,Saratpally Counter 4,General Store,Medium,Market Street,Yes,Medium,Yes,Amul Tinned Paneer 425g,Dairy,Paneer,Yes,No,Medium,Yes,Low,No,No,0,0,0.0,Yes,Purabi / Sting / Coke,Existing inventory unsold,Stock Already Available,Yes,High,Stock Already Available,"Saratpally follow-up run. Consistent morning delivery confirmed; placed Lassi, Tru Apple, and Kool Badam Shakers across retail points."
2026-07-07,Tuesday,28,July,Sengupta Agencies,Sushil Das,Saurav Sinha,Saratpally,Silchar Urban,OUT_31_004,Saratpally Counter 4,General Store,Medium,Market Street,Yes,Medium,Yes,Amul Butter 50g (₹35 Small Pack),Dairy,Butter,Yes,No,Medium,Yes,Low,No,No,0,0,0.0,Yes,Purabi / Sting / Coke,Existing inventory unsold,Stock Already Available,Yes,High,Stock Already Available,"Saratpally follow-up run. Consistent morning delivery confirmed; placed Lassi, Tru Apple, and Kool Badam Shakers across retail points."
2026-07-07,Tuesday,28,July,Sengupta Agencies,Sushil Das,Saurav Sinha,Saratpally,Silchar Urban,OUT_31_005,Saratpally Counter 5,Kirana Store,Medium,Market Street,No,Medium,Yes,Amul Kool Cafe 200ml (Can),Beverages,Flavoured Milk,Yes,No,Medium,Yes,High,Yes,Yes,24,24,817.2,Yes,Purabi / Sting / Coke,,None,No,Low,None,"Saratpally follow-up run. Consistent morning delivery confirmed; placed Lassi, Tru Apple, and Kool Badam Shakers across retail points."
2026-07-07,Tuesday,28,July,Sengupta Agencies,Sushil Das,Saurav Sinha,Saratpally,Silchar Urban,OUT_31_005,Saratpally Counter 5,Kirana Store,Medium,Market Street,No,Medium,Yes,Amul Tinned Paneer 425g,Dairy,Paneer,Yes,No,Medium,Yes,High,Yes,Yes,24,24,3024.0,Yes,Purabi / Sting / Coke,,None,No,Low,None,"Saratpally follow-up run. Consistent morning delivery confirmed; placed Lassi, Tru Apple, and Kool Badam Shakers across retail points."
2026-07-07,Tuesday,28,July,Sengupta Agencies,Sushil Das,Saurav Sinha,Saratpally,Silchar Urban,OUT_31_005,Saratpally Counter 5,Kirana Store,Medium,Market Street,No,Medium,Yes,Amul Butter 50g (₹35 Small Pack),Dairy,Butter,Yes,No,Medium,Yes,Low,No,No,0,0,0.0,Yes,Purabi / Sting / Coke,Existing inventory unsold,Stock Already Available,Yes,High,Stock Already Available,"Saratpally follow-up run. Consistent morning delivery confirmed; placed Lassi, Tru Apple, and Kool Badam Shakers across retail points."
2026-07-07,Tuesday,28,July,Sengupta Agencies,Sushil Das,Saurav Sinha,Saratpally,Silchar Urban,OUT_31_006,Saratpally Counter 6,General Store,Medium,Market Street,Yes,Medium,Yes,Amul Kool Cafe 200ml (Can),Beverages,Flavoured Milk,Yes,No,Medium,Yes,High,Yes,Yes,24,24,817.2,Yes,Purabi / Sting / Coke,,None,No,Low,None,"Saratpally follow-up run. Consistent morning delivery confirmed; placed Lassi, Tru Apple, and Kool Badam Shakers across retail points."
2026-07-07,Tuesday,28,July,Sengupta Agencies,Sushil Das,Saurav Sinha,Saratpally,Silchar Urban,OUT_31_006,Saratpally Counter 6,General Store,Medium,Market Street,Yes,Medium,Yes,Amul Tinned Paneer 425g,Dairy,Paneer,Yes,No,Medium,Yes,Low,No,No,0,0,0.0,Yes,Purabi / Sting / Coke,Existing inventory unsold,Stock Already Available,Yes,High,Stock Already Available,"Saratpally follow-up run. Consistent morning delivery confirmed; placed Lassi, Tru Apple, and Kool Badam Shakers across retail points."
2026-07-07,Tuesday,28,July,Sengupta Agencies,Sushil Das,Saurav Sinha,Saratpally,Silchar Urban,OUT_31_006,Saratpally Counter 6,General Store,Medium,Market Street,Yes,Medium,Yes,Amul Butter 50g (₹35 Small Pack),Dairy,Butter,Yes,No,Medium,Yes,Low,No,No,0,0,0.0,Yes,Purabi / Sting / Coke,Existing inventory unsold,Stock Already Available,Yes,High,Stock Already Available,"Saratpally follow-up run. Consistent morning delivery confirmed; placed Lassi, Tru Apple, and Kool Badam Shakers across retail points."
2026-07-07,Tuesday,28,July,Sengupta Agencies,Sushil Das,Saurav Sinha,Saratpally,Silchar Urban,OUT_31_007,Saratpally Counter 7,Kirana Store,Medium,Market Street,Yes,Medium,Yes,Amul Kool Cafe 200ml (Can),Beverages,Flavoured Milk,Yes,No,Medium,Yes,High,Yes,Yes,24,24,817.2,Yes,Purabi / Sting / Coke,,None,No,Low,None,"Saratpally follow-up run. Consistent morning delivery confirmed; placed Lassi, Tru Apple, and Kool Badam Shakers across retail points."
2026-07-07,Tuesday,28,July,Sengupta Agencies,Sushil Das,Saurav Sinha,Saratpally,Silchar Urban,OUT_31_007,Saratpally Counter 7,Kirana Store,Medium,Market Street,Yes,Medium,Yes,Amul Tinned Paneer 425g,Dairy,Paneer,Yes,No,Medium,Yes,High,Yes,Yes,24,24,3024.0,Yes,Purabi / Sting / Coke,,None,No,Low,None,"Saratpally follow-up run. Consistent morning delivery confirmed; placed Lassi, Tru Apple, and Kool Badam Shakers across retail points."
2026-07-07,Tuesday,28,July,Sengupta Agencies,Sushil Das,Saurav Sinha,Saratpally,Silchar Urban,OUT_31_007,Saratpally Counter 7,Kirana Store,Medium,Market Street,Yes,Medium,Yes,Amul Butter 50g (₹35 Small Pack),Dairy,Butter,Yes,No,Medium,Yes,Low,No,No,0,0,0.0,Yes,Purabi / Sting / Coke,Existing inventory unsold,Stock Already Available,Yes,High,Stock Already Available,"Saratpally follow-up run. Consistent morning delivery confirmed; placed Lassi, Tru Apple, and Kool Badam Shakers across retail points."
2026-07-07,Tuesday,28,July,Sengupta Agencies,Sushil Das,Saurav Sinha,Saratpally,Silchar Urban,OUT_31_008,Saratpally Counter 8,General Store,Medium,Market Street,Yes,Medium,Yes,Amul Kool Cafe 200ml (Can),Beverages,Flavoured Milk,Yes,No,Medium,Yes,High,Yes,Yes,24,24,817.2,Yes,Purabi / Sting / Coke,,None,No,Low,None,"Saratpally follow-up run. Consistent morning delivery confirmed; placed Lassi, Tru Apple, and Kool Badam Shakers across retail points."
2026-07-07,Tuesday,28,July,Sengupta Agencies,Sushil Das,Saurav Sinha,Saratpally,Silchar Urban,OUT_31_008,Saratpally Counter 8,General Store,Medium,Market Street,Yes,Medium,Yes,Amul Tinned Paneer 425g,Dairy,Paneer,Yes,No,Medium,Yes,Low,No,No,0,0,0.0,Yes,Purabi / Sting / Coke,Existing inventory unsold,Stock Already Available,Yes,High,Stock Already Available,"Saratpally follow-up run. Consistent morning delivery confirmed; placed Lassi, Tru Apple, and Kool Badam Shakers across retail points."
2026-07-07,Tuesday,28,July,Sengupta Agencies,Sushil Das,Saurav Sinha,Saratpally,Silchar Urban,OUT_31_008,Saratpally Counter 8,General Store,Medium,Market Street,Yes,Medium,Yes,Amul Butter 50g (₹35 Small Pack),Dairy,Butter,Yes,No,Medium,Yes,Low,No,No,0,0,0.0,Yes,Purabi / Sting / Coke,Existing inventory unsold,Stock Already Available,Yes,High,Stock Already Available,"Saratpally follow-up run. Consistent morning delivery confirmed; placed Lassi, Tru Apple, and Kool Badam Shakers across retail points."
2026-07-07,Tuesday,28,July,Sengupta Agencies,Sushil Das,Saurav Sinha,Saratpally,Silchar Urban,OUT_31_009,Saratpally Counter 9,Kirana Store,Medium,Market Street,No,Medium,Yes,Amul Kool Cafe 200ml (Can),Beverages,Flavoured Milk,Yes,No,Medium,Yes,High,Yes,Yes,24,24,817.2,Yes,Purabi / Sting / Coke,,None,No,Low,None,"Saratpally follow-up run. Consistent morning delivery confirmed; placed Lassi, Tru Apple, and Kool Badam Shakers across retail points."
2026-07-07,Tuesday,28,July,Sengupta Agencies,Sushil Das,Saurav Sinha,Saratpally,Silchar Urban,OUT_31_009,Saratpally Counter 9,Kirana Store,Medium,Market Street,No,Medium,Yes,Amul Tinned Paneer 425g,Dairy,Paneer,Yes,No,Medium,Yes,High,Yes,Yes,24,24,3024.0,Yes,Purabi / Sting / Coke,,None,No,Low,None,"Saratpally follow-up run. Consistent morning delivery confirmed; placed Lassi, Tru Apple, and Kool Badam Shakers across retail points."
2026-07-07,Tuesday,28,July,Sengupta Agencies,Sushil Das,Saurav Sinha,Saratpally,Silchar Urban,OUT_31_009,Saratpally Counter 9,Kirana Store,Medium,Market Street,No,Medium,Yes,Amul Butter 50g (₹35 Small Pack),Dairy,Butter,Yes,No,Medium,Yes,Low,No,No,0,0,0.0,Yes,Purabi / Sting / Coke,Existing inventory unsold,Stock Already Available,Yes,High,Stock Already Available,"Saratpally follow-up run. Consistent morning delivery confirmed; placed Lassi, Tru Apple, and Kool Badam Shakers across retail points."
2026-07-07,Tuesday,28,July,Sengupta Agencies,Sushil Das,Saurav Sinha,Saratpally,Silchar Urban,OUT_31_010,Saratpally Counter 10,General Store,Medium,Market Street,Yes,Medium,Yes,Amul Kool Cafe 200ml (Can),Beverages,Flavoured Milk,Yes,No,Medium,Yes,Low,No,No,0,0,0.0,Yes,Purabi / Sting / Coke,Existing inventory unsold,Stock Already Available,Yes,High,Stock Already Available,"Saratpally follow-up run. Consistent morning delivery confirmed; placed Lassi, Tru Apple, and Kool Badam Shakers across retail points."
2026-07-07,Tuesday,28,July,Sengupta Agencies,Sushil Das,Saurav Sinha,Saratpally,Silchar Urban,OUT_31_010,Saratpally Counter 10,General Store,Medium,Market Street,Yes,Medium,Yes,Amul Tinned Paneer 425g,Dairy,Paneer,Yes,No,Medium,Yes,Low,No,No,0,0,0.0,Yes,Purabi / Sting / Coke,Existing inventory unsold,Stock Already Available,Yes,High,Stock Already Available,"Saratpally follow-up run. Consistent morning delivery confirmed; placed Lassi, Tru Apple, and Kool Badam Shakers across retail points."
2026-07-07,Tuesday,28,July,Sengupta Agencies,Sushil Das,Saurav Sinha,Saratpally,Silchar Urban,OUT_31_010,Saratpally Counter 10,General Store,Medium,Market Street,Yes,Medium,Yes,Amul Butter 50g (₹35 Small Pack),Dairy,Butter,Yes,No,Medium,Yes,Low,No,No,0,0,0.0,Yes,Purabi / Sting / Coke,Existing inventory unsold,Stock Already Available,Yes,High,Stock Already Available,"Saratpally follow-up run. Consistent morning delivery confirmed; placed Lassi, Tru Apple, and Kool Badam Shakers across retail points."
2026-07-07,Tuesday,28,July,Sengupta Agencies,Sushil Das,Saurav Sinha,Saratpally,Silchar Urban,OUT_31_011,Saratpally Counter 11,Kirana Store,Medium,Market Street,Yes,Medium,Yes,Amul Kool Cafe 200ml (Can),Beverages,Flavoured Milk,Yes,No,Medium,Yes,Low,No,No,0,0,0.0,Yes,Purabi / Sting / Coke,Existing inventory unsold,Stock Already Available,Yes,High,Stock Already Available,"Saratpally follow-up run. Consistent morning delivery confirmed; placed Lassi, Tru Apple, and Kool Badam Shakers across retail points."
2026-07-07,Tuesday,28,July,Sengupta Agencies,Sushil Das,Saurav Sinha,Saratpally,Silchar Urban,OUT_31_011,Saratpally Counter 11,Kirana Store,Medium,Market Street,Yes,Medium,Yes,Amul Tinned Paneer 425g,Dairy,Paneer,Yes,No,Medium,Yes,Low,No,No,0,0,0.0,Yes,Purabi / Sting / Coke,Existing inventory unsold,Stock Already Available,Yes,High,Stock Already Available,"Saratpally follow-up run. Consistent morning delivery confirmed; placed Lassi, Tru Apple, and Kool Badam Shakers across retail points."
2026-07-07,Tuesday,28,July,Sengupta Agencies,Sushil Das,Saurav Sinha,Saratpally,Silchar Urban,OUT_31_011,Saratpally Counter 11,Kirana Store,Medium,Market Street,Yes,Medium,Yes,Amul Butter 50g (₹35 Small Pack),Dairy,Butter,Yes,No,Medium,Yes,Low,No,No,0,0,0.0,Yes,Purabi / Sting / Coke,Existing inventory unsold,Stock Already Available,Yes,High,Stock Already Available,"Saratpally follow-up run. Consistent morning delivery confirmed; placed Lassi, Tru Apple, and Kool Badam Shakers across retail points."
2026-07-07,Tuesday,28,July,Sengupta Agencies,Sushil Das,Saurav Sinha,Saratpally,Silchar Urban,OUT_31_012,Saratpally Counter 12,General Store,Medium,Market Street,Yes,Medium,Yes,Amul Kool Cafe 200ml (Can),Beverages,Flavoured Milk,Yes,No,Medium,Yes,Low,No,No,0,0,0.0,Yes,Purabi / Sting / Coke,Existing inventory unsold,Stock Already Available,Yes,High,Stock Already Available,"Saratpally follow-up run. Consistent morning delivery confirmed; placed Lassi, Tru Apple, and Kool Badam Shakers across retail points."
2026-07-07,Tuesday,28,July,Sengupta Agencies,Sushil Das,Saurav Sinha,Saratpally,Silchar Urban,OUT_31_012,Saratpally Counter 12,General Store,Medium,Market Street,Yes,Medium,Yes,Amul Tinned Paneer 425g,Dairy,Paneer,Yes,No,Medium,Yes,Low,No,No,0,0,0.0,Yes,Purabi / Sting / Coke,Existing inventory unsold,Stock Already Available,Yes,High,Stock Already Available,"Saratpally follow-up run. Consistent morning delivery confirmed; placed Lassi, Tru Apple, and Kool Badam Shakers across retail points."
2026-07-07,Tuesday,28,July,Sengupta Agencies,Sushil Das,Saurav Sinha,Saratpally,Silchar Urban,OUT_31_012,Saratpally Counter 12,General Store,Medium,Market Street,Yes,Medium,Yes,Amul Butter 50g (₹35 Small Pack),Dairy,Butter,Yes,No,Medium,Yes,Low,No,No,0,0,0.0,Yes,Purabi / Sting / Coke,Existing inventory unsold,Stock Already Available,Yes,High,Stock Already Available,"Saratpally follow-up run. Consistent morning delivery confirmed; placed Lassi, Tru Apple, and Kool Badam Shakers across retail points."
2026-07-07,Tuesday,28,July,Sengupta Agencies,Sushil Das,Saurav Sinha,Saratpally,Silchar Urban,OUT_31_013,Saratpally Counter 13,Kirana Store,Medium,Market Street,No,Medium,Yes,Amul Kool Cafe 200ml (Can),Beverages,Flavoured Milk,Yes,No,Medium,Yes,Low,No,No,0,0,0.0,Yes,Purabi / Sting / Coke,Existing inventory unsold,Stock Already Available,Yes,High,Stock Already Available,"Saratpally follow-up run. Consistent morning delivery confirmed; placed Lassi, Tru Apple, and Kool Badam Shakers across retail points."
2026-07-07,Tuesday,28,July,Sengupta Agencies,Sushil Das,Saurav Sinha,Saratpally,Silchar Urban,OUT_31_013,Saratpally Counter 13,Kirana Store,Medium,Market Street,No,Medium,Yes,Amul Tinned Paneer 425g,Dairy,Paneer,Yes,No,Medium,Yes,Low,No,No,0,0,0.0,Yes,Purabi / Sting / Coke,Existing inventory unsold,Stock Already Available,Yes,High,Stock Already Available,"Saratpally follow-up run. Consistent morning delivery confirmed; placed Lassi, Tru Apple, and Kool Badam Shakers across retail points."
2026-07-07,Tuesday,28,July,Sengupta Agencies,Sushil Das,Saurav Sinha,Saratpally,Silchar Urban,OUT_31_013,Saratpally Counter 13,Kirana Store,Medium,Market Street,No,Medium,Yes,Amul Butter 50g (₹35 Small Pack),Dairy,Butter,Yes,No,Medium,Yes,Low,No,No,0,0,0.0,Yes,Purabi / Sting / Coke,Existing inventory unsold,Stock Already Available,Yes,High,Stock Already Available,"Saratpally follow-up run. Consistent morning delivery confirmed; placed Lassi, Tru Apple, and Kool Badam Shakers across retail points."
2026-07-08,Wednesday,28,July,Sengupta Agencies,Sushil Das,Saurav Sinha,Hailakandi Road,Silchar Urban,OUT_32_001,Hailakandi Road Counter 1,Kirana Store,Medium,Market Street,No,Medium,Yes,Amul Tinned Paneer 425g,Dairy,Paneer,Yes,No,Medium,Yes,High,Yes,Yes,24,24,3024.0,Yes,Purabi / Sting / Coke,,None,No,Low,None,Hailakandi Road route run. High volume placement of Kool cans and Tru fruit drinks; addressed minor pack indentation issue on-site.
2026-07-08,Wednesday,28,July,Sengupta Agencies,Sushil Das,Saurav Sinha,Hailakandi Road,Silchar Urban,OUT_32_001,Hailakandi Road Counter 1,Kirana Store,Medium,Market Street,No,Medium,Yes,Amul Butter 50g (₹35 Small Pack),Dairy,Butter,Yes,No,Medium,Yes,High,Yes,Yes,24,24,736.8,Yes,Purabi / Sting / Coke,,None,No,Low,None,Hailakandi Road route run. High volume placement of Kool cans and Tru fruit drinks; addressed minor pack indentation issue on-site.
2026-07-08,Wednesday,28,July,Sengupta Agencies,Sushil Das,Saurav Sinha,Hailakandi Road,Silchar Urban,OUT_32_001,Hailakandi Road Counter 1,Kirana Store,Medium,Market Street,No,Medium,Yes,Amul Dark Chocolate 150g,Confectionery,Chocolates,Yes,No,Medium,Yes,Low,No,No,0,0,0.0,Yes,Purabi / Sting / Coke,Existing inventory unsold,Stock Already Available,Yes,High,Stock Already Available,Hailakandi Road route run. High volume placement of Kool cans and Tru fruit drinks; addressed minor pack indentation issue on-site.
2026-07-08,Wednesday,28,July,Sengupta Agencies,Sushil Das,Saurav Sinha,Hailakandi Road,Silchar Urban,OUT_32_002,Hailakandi Road Counter 2,General Store,Medium,Market Street,Yes,Medium,Yes,Amul Tinned Paneer 425g,Dairy,Paneer,Yes,No,Medium,Yes,High,Yes,Yes,24,24,3024.0,Yes,Purabi / Sting / Coke,,None,No,Low,None,Hailakandi Road route run. High volume placement of Kool cans and Tru fruit drinks; addressed minor pack indentation issue on-site.
2026-07-08,Wednesday,28,July,Sengupta Agencies,Sushil Das,Saurav Sinha,Hailakandi Road,Silchar Urban,OUT_32_002,Hailakandi Road Counter 2,General Store,Medium,Market Street,Yes,Medium,Yes,Amul Butter 50g (₹35 Small Pack),Dairy,Butter,Yes,No,Medium,Yes,Low,No,No,0,0,0.0,Yes,Purabi / Sting / Coke,Existing inventory unsold,Stock Already Available,Yes,High,Stock Already Available,Hailakandi Road route run. High volume placement of Kool cans and Tru fruit drinks; addressed minor pack indentation issue on-site.
2026-07-08,Wednesday,28,July,Sengupta Agencies,Sushil Das,Saurav Sinha,Hailakandi Road,Silchar Urban,OUT_32_002,Hailakandi Road Counter 2,General Store,Medium,Market Street,Yes,Medium,Yes,Amul Dark Chocolate 150g,Confectionery,Chocolates,Yes,No,Medium,Yes,Low,No,No,0,0,0.0,Yes,Purabi / Sting / Coke,Existing inventory unsold,Stock Already Available,Yes,High,Stock Already Available,Hailakandi Road route run. High volume placement of Kool cans and Tru fruit drinks; addressed minor pack indentation issue on-site.
2026-07-08,Wednesday,28,July,Sengupta Agencies,Sushil Das,Saurav Sinha,Hailakandi Road,Silchar Urban,OUT_32_003,Hailakandi Road Counter 3,Kirana Store,Medium,Market Street,Yes,Medium,Yes,Amul Tinned Paneer 425g,Dairy,Paneer,Yes,No,Medium,Yes,High,Yes,Yes,24,24,3024.0,Yes,Purabi / Sting / Coke,,None,No,Low,None,Hailakandi Road route run. High volume placement of Kool cans and Tru fruit drinks; addressed minor pack indentation issue on-site.
2026-07-08,Wednesday,28,July,Sengupta Agencies,Sushil Das,Saurav Sinha,Hailakandi Road,Silchar Urban,OUT_32_003,Hailakandi Road Counter 3,Kirana Store,Medium,Market Street,Yes,Medium,Yes,Amul Butter 50g (₹35 Small Pack),Dairy,Butter,Yes,No,Medium,Yes,High,Yes,Yes,24,24,736.8,Yes,Purabi / Sting / Coke,,None,No,Low,None,Hailakandi Road route run. High volume placement of Kool cans and Tru fruit drinks; addressed minor pack indentation issue on-site.
2026-07-08,Wednesday,28,July,Sengupta Agencies,Sushil Das,Saurav Sinha,Hailakandi Road,Silchar Urban,OUT_32_003,Hailakandi Road Counter 3,Kirana Store,Medium,Market Street,Yes,Medium,Yes,Amul Dark Chocolate 150g,Confectionery,Chocolates,Yes,No,Medium,Yes,Low,No,No,0,0,0.0,Yes,Purabi / Sting / Coke,Existing inventory unsold,Stock Already Available,Yes,High,Stock Already Available,Hailakandi Road route run. High volume placement of Kool cans and Tru fruit drinks; addressed minor pack indentation issue on-site.
2026-07-08,Wednesday,28,July,Sengupta Agencies,Sushil Das,Saurav Sinha,Hailakandi Road,Silchar Urban,OUT_32_004,Hailakandi Road Counter 4,General Store,Medium,Market Street,Yes,Medium,Yes,Amul Tinned Paneer 425g,Dairy,Paneer,Yes,No,Medium,Yes,High,Yes,Yes,24,24,3024.0,Yes,Purabi / Sting / Coke,,None,No,Low,None,Hailakandi Road route run. High volume placement of Kool cans and Tru fruit drinks; addressed minor pack indentation issue on-site.
2026-07-08,Wednesday,28,July,Sengupta Agencies,Sushil Das,Saurav Sinha,Hailakandi Road,Silchar Urban,OUT_32_004,Hailakandi Road Counter 4,General Store,Medium,Market Street,Yes,Medium,Yes,Amul Butter 50g (₹35 Small Pack),Dairy,Butter,Yes,No,Medium,Yes,Low,No,No,0,0,0.0,Yes,Purabi / Sting / Coke,Existing inventory unsold,Stock Already Available,Yes,High,Stock Already Available,Hailakandi Road route run. High volume placement of Kool cans and Tru fruit drinks; addressed minor pack indentation issue on-site.
2026-07-08,Wednesday,28,July,Sengupta Agencies,Sushil Das,Saurav Sinha,Hailakandi Road,Silchar Urban,OUT_32_004,Hailakandi Road Counter 4,General Store,Medium,Market Street,Yes,Medium,Yes,Amul Dark Chocolate 150g,Confectionery,Chocolates,Yes,No,Medium,Yes,Low,No,No,0,0,0.0,Yes,Purabi / Sting / Coke,Existing inventory unsold,Stock Already Available,Yes,High,Stock Already Available,Hailakandi Road route run. High volume placement of Kool cans and Tru fruit drinks; addressed minor pack indentation issue on-site.
2026-07-08,Wednesday,28,July,Sengupta Agencies,Sushil Das,Saurav Sinha,Hailakandi Road,Silchar Urban,OUT_32_005,Hailakandi Road Counter 5,Kirana Store,Medium,Market Street,No,Medium,Yes,Amul Tinned Paneer 425g,Dairy,Paneer,Yes,No,Medium,Yes,High,Yes,Yes,24,24,3024.0,Yes,Purabi / Sting / Coke,,None,No,Low,None,Hailakandi Road route run. High volume placement of Kool cans and Tru fruit drinks; addressed minor pack indentation issue on-site.
2026-07-08,Wednesday,28,July,Sengupta Agencies,Sushil Das,Saurav Sinha,Hailakandi Road,Silchar Urban,OUT_32_005,Hailakandi Road Counter 5,Kirana Store,Medium,Market Street,No,Medium,Yes,Amul Butter 50g (₹35 Small Pack),Dairy,Butter,Yes,No,Medium,Yes,High,Yes,Yes,24,24,736.8,Yes,Purabi / Sting / Coke,,None,No,Low,None,Hailakandi Road route run. High volume placement of Kool cans and Tru fruit drinks; addressed minor pack indentation issue on-site.
2026-07-08,Wednesday,28,July,Sengupta Agencies,Sushil Das,Saurav Sinha,Hailakandi Road,Silchar Urban,OUT_32_005,Hailakandi Road Counter 5,Kirana Store,Medium,Market Street,No,Medium,Yes,Amul Dark Chocolate 150g,Confectionery,Chocolates,Yes,No,Medium,Yes,Low,No,No,0,0,0.0,Yes,Purabi / Sting / Coke,Existing inventory unsold,Stock Already Available,Yes,High,Stock Already Available,Hailakandi Road route run. High volume placement of Kool cans and Tru fruit drinks; addressed minor pack indentation issue on-site.
2026-07-08,Wednesday,28,July,Sengupta Agencies,Sushil Das,Saurav Sinha,Hailakandi Road,Silchar Urban,OUT_32_006,Hailakandi Road Counter 6,General Store,Medium,Market Street,Yes,Medium,Yes,Amul Tinned Paneer 425g,Dairy,Paneer,Yes,No,Medium,Yes,High,Yes,Yes,24,24,3024.0,Yes,Purabi / Sting / Coke,,None,No,Low,None,Hailakandi Road route run. High volume placement of Kool cans and Tru fruit drinks; addressed minor pack indentation issue on-site.
2026-07-08,Wednesday,28,July,Sengupta Agencies,Sushil Das,Saurav Sinha,Hailakandi Road,Silchar Urban,OUT_32_006,Hailakandi Road Counter 6,General Store,Medium,Market Street,Yes,Medium,Yes,Amul Butter 50g (₹35 Small Pack),Dairy,Butter,Yes,No,Medium,Yes,Low,No,No,0,0,0.0,Yes,Purabi / Sting / Coke,Existing inventory unsold,Stock Already Available,Yes,High,Stock Already Available,Hailakandi Road route run. High volume placement of Kool cans and Tru fruit drinks; addressed minor pack indentation issue on-site.
2026-07-08,Wednesday,28,July,Sengupta Agencies,Sushil Das,Saurav Sinha,Hailakandi Road,Silchar Urban,OUT_32_006,Hailakandi Road Counter 6,General Store,Medium,Market Street,Yes,Medium,Yes,Amul Dark Chocolate 150g,Confectionery,Chocolates,Yes,No,Medium,Yes,Low,No,No,0,0,0.0,Yes,Purabi / Sting / Coke,Existing inventory unsold,Stock Already Available,Yes,High,Stock Already Available,Hailakandi Road route run. High volume placement of Kool cans and Tru fruit drinks; addressed minor pack indentation issue on-site.
2026-07-08,Wednesday,28,July,Sengupta Agencies,Sushil Das,Saurav Sinha,Hailakandi Road,Silchar Urban,OUT_32_007,Hailakandi Road Counter 7,Kirana Store,Medium,Market Street,Yes,Medium,Yes,Amul Tinned Paneer 425g,Dairy,Paneer,Yes,No,Medium,Yes,High,Yes,Yes,24,24,3024.0,Yes,Purabi / Sting / Coke,,None,No,Low,None,Hailakandi Road route run. High volume placement of Kool cans and Tru fruit drinks; addressed minor pack indentation issue on-site.
2026-07-08,Wednesday,28,July,Sengupta Agencies,Sushil Das,Saurav Sinha,Hailakandi Road,Silchar Urban,OUT_32_007,Hailakandi Road Counter 7,Kirana Store,Medium,Market Street,Yes,Medium,Yes,Amul Butter 50g (₹35 Small Pack),Dairy,Butter,Yes,No,Medium,Yes,High,Yes,Yes,24,24,736.8,Yes,Purabi / Sting / Coke,,None,No,Low,None,Hailakandi Road route run. High volume placement of Kool cans and Tru fruit drinks; addressed minor pack indentation issue on-site.
2026-07-08,Wednesday,28,July,Sengupta Agencies,Sushil Das,Saurav Sinha,Hailakandi Road,Silchar Urban,OUT_32_007,Hailakandi Road Counter 7,Kirana Store,Medium,Market Street,Yes,Medium,Yes,Amul Dark Chocolate 150g,Confectionery,Chocolates,Yes,No,Medium,Yes,Low,No,No,0,0,0.0,Yes,Purabi / Sting / Coke,Existing inventory unsold,Stock Already Available,Yes,High,Stock Already Available,Hailakandi Road route run. High volume placement of Kool cans and Tru fruit drinks; addressed minor pack indentation issue on-site.
2026-07-08,Wednesday,28,July,Sengupta Agencies,Sushil Das,Saurav Sinha,Hailakandi Road,Silchar Urban,OUT_32_008,Hailakandi Road Counter 8,General Store,Medium,Market Street,Yes,Medium,Yes,Amul Tinned Paneer 425g,Dairy,Paneer,Yes,No,Medium,Yes,High,Yes,Yes,24,24,3024.0,Yes,Purabi / Sting / Coke,,None,No,Low,None,Hailakandi Road route run. High volume placement of Kool cans and Tru fruit drinks; addressed minor pack indentation issue on-site.
2026-07-08,Wednesday,28,July,Sengupta Agencies,Sushil Das,Saurav Sinha,Hailakandi Road,Silchar Urban,OUT_32_008,Hailakandi Road Counter 8,General Store,Medium,Market Street,Yes,Medium,Yes,Amul Butter 50g (₹35 Small Pack),Dairy,Butter,Yes,No,Medium,Yes,Low,No,No,0,0,0.0,Yes,Purabi / Sting / Coke,Existing inventory unsold,Stock Already Available,Yes,High,Stock Already Available,Hailakandi Road route run. High volume placement of Kool cans and Tru fruit drinks; addressed minor pack indentation issue on-site.
2026-07-08,Wednesday,28,July,Sengupta Agencies,Sushil Das,Saurav Sinha,Hailakandi Road,Silchar Urban,OUT_32_008,Hailakandi Road Counter 8,General Store,Medium,Market Street,Yes,Medium,Yes,Amul Dark Chocolate 150g,Confectionery,Chocolates,Yes,No,Medium,Yes,Low,No,No,0,0,0.0,Yes,Purabi / Sting / Coke,Existing inventory unsold,Stock Already Available,Yes,High,Stock Already Available,Hailakandi Road route run. High volume placement of Kool cans and Tru fruit drinks; addressed minor pack indentation issue on-site.
2026-07-08,Wednesday,28,July,Sengupta Agencies,Sushil Das,Saurav Sinha,Hailakandi Road,Silchar Urban,OUT_32_009,Hailakandi Road Counter 9,Kirana Store,Medium,Market Street,No,Medium,Yes,Amul Tinned Paneer 425g,Dairy,Paneer,Yes,No,Medium,Yes,High,Yes,Yes,24,24,3024.0,Yes,Purabi / Sting / Coke,,None,No,Low,None,Hailakandi Road route run. High volume placement of Kool cans and Tru fruit drinks; addressed minor pack indentation issue on-site.
2026-07-08,Wednesday,28,July,Sengupta Agencies,Sushil Das,Saurav Sinha,Hailakandi Road,Silchar Urban,OUT_32_009,Hailakandi Road Counter 9,Kirana Store,Medium,Market Street,No,Medium,Yes,Amul Butter 50g (₹35 Small Pack),Dairy,Butter,Yes,No,Medium,Yes,High,Yes,Yes,24,24,736.8,Yes,Purabi / Sting / Coke,,None,No,Low,None,Hailakandi Road route run. High volume placement of Kool cans and Tru fruit drinks; addressed minor pack indentation issue on-site.
2026-07-08,Wednesday,28,July,Sengupta Agencies,Sushil Das,Saurav Sinha,Hailakandi Road,Silchar Urban,OUT_32_009,Hailakandi Road Counter 9,Kirana Store,Medium,Market Street,No,Medium,Yes,Amul Dark Chocolate 150g,Confectionery,Chocolates,Yes,No,Medium,Yes,Low,No,No,0,0,0.0,Yes,Purabi / Sting / Coke,Existing inventory unsold,Stock Already Available,Yes,High,Stock Already Available,Hailakandi Road route run. High volume placement of Kool cans and Tru fruit drinks; addressed minor pack indentation issue on-site.
2026-07-08,Wednesday,28,July,Sengupta Agencies,Sushil Das,Saurav Sinha,Hailakandi Road,Silchar Urban,OUT_32_010,Hailakandi Road Counter 10,General Store,Medium,Market Street,Yes,Medium,Yes,Amul Tinned Paneer 425g,Dairy,Paneer,Yes,No,Medium,Yes,High,Yes,Yes,24,24,3024.0,Yes,Purabi / Sting / Coke,,None,No,Low,None,Hailakandi Road route run. High volume placement of Kool cans and Tru fruit drinks; addressed minor pack indentation issue on-site.
2026-07-08,Wednesday,28,July,Sengupta Agencies,Sushil Das,Saurav Sinha,Hailakandi Road,Silchar Urban,OUT_32_010,Hailakandi Road Counter 10,General Store,Medium,Market Street,Yes,Medium,Yes,Amul Butter 50g (₹35 Small Pack),Dairy,Butter,Yes,No,Medium,Yes,Low,No,No,0,0,0.0,Yes,Purabi / Sting / Coke,Existing inventory unsold,Stock Already Available,Yes,High,Stock Already Available,Hailakandi Road route run. High volume placement of Kool cans and Tru fruit drinks; addressed minor pack indentation issue on-site.
2026-07-08,Wednesday,28,July,Sengupta Agencies,Sushil Das,Saurav Sinha,Hailakandi Road,Silchar Urban,OUT_32_010,Hailakandi Road Counter 10,General Store,Medium,Market Street,Yes,Medium,Yes,Amul Dark Chocolate 150g,Confectionery,Chocolates,Yes,No,Medium,Yes,Low,No,No,0,0,0.0,Yes,Purabi / Sting / Coke,Existing inventory unsold,Stock Already Available,Yes,High,Stock Already Available,Hailakandi Road route run. High volume placement of Kool cans and Tru fruit drinks; addressed minor pack indentation issue on-site.
2026-07-08,Wednesday,28,July,Sengupta Agencies,Sushil Das,Saurav Sinha,Hailakandi Road,Silchar Urban,OUT_32_011,Hailakandi Road Counter 11,Kirana Store,Medium,Market Street,Yes,Medium,Yes,Amul Tinned Paneer 425g,Dairy,Paneer,Yes,No,Medium,Yes,High,Yes,Yes,24,24,3024.0,Yes,Purabi / Sting / Coke,,None,No,Low,None,Hailakandi Road route run. High volume placement of Kool cans and Tru fruit drinks; addressed minor pack indentation issue on-site.
2026-07-08,Wednesday,28,July,Sengupta Agencies,Sushil Das,Saurav Sinha,Hailakandi Road,Silchar Urban,OUT_32_011,Hailakandi Road Counter 11,Kirana Store,Medium,Market Street,Yes,Medium,Yes,Amul Butter 50g (₹35 Small Pack),Dairy,Butter,Yes,No,Medium,Yes,High,Yes,Yes,24,24,736.8,Yes,Purabi / Sting / Coke,,None,No,Low,None,Hailakandi Road route run. High volume placement of Kool cans and Tru fruit drinks; addressed minor pack indentation issue on-site.
2026-07-08,Wednesday,28,July,Sengupta Agencies,Sushil Das,Saurav Sinha,Hailakandi Road,Silchar Urban,OUT_32_011,Hailakandi Road Counter 11,Kirana Store,Medium,Market Street,Yes,Medium,Yes,Amul Dark Chocolate 150g,Confectionery,Chocolates,Yes,No,Medium,Yes,Low,No,No,0,0,0.0,Yes,Purabi / Sting / Coke,Existing inventory unsold,Stock Already Available,Yes,High,Stock Already Available,Hailakandi Road route run. High volume placement of Kool cans and Tru fruit drinks; addressed minor pack indentation issue on-site.
2026-07-08,Wednesday,28,July,Sengupta Agencies,Sushil Das,Saurav Sinha,Hailakandi Road,Silchar Urban,OUT_32_012,Hailakandi Road Counter 12,General Store,Medium,Market Street,Yes,Medium,Yes,Amul Tinned Paneer 425g,Dairy,Paneer,Yes,No,Medium,Yes,High,Yes,Yes,24,24,3024.0,Yes,Purabi / Sting / Coke,,None,No,Low,None,Hailakandi Road route run. High volume placement of Kool cans and Tru fruit drinks; addressed minor pack indentation issue on-site.
2026-07-08,Wednesday,28,July,Sengupta Agencies,Sushil Das,Saurav Sinha,Hailakandi Road,Silchar Urban,OUT_32_012,Hailakandi Road Counter 12,General Store,Medium,Market Street,Yes,Medium,Yes,Amul Butter 50g (₹35 Small Pack),Dairy,Butter,Yes,No,Medium,Yes,Low,No,No,0,0,0.0,Yes,Purabi / Sting / Coke,Existing inventory unsold,Stock Already Available,Yes,High,Stock Already Available,Hailakandi Road route run. High volume placement of Kool cans and Tru fruit drinks; addressed minor pack indentation issue on-site.
2026-07-08,Wednesday,28,July,Sengupta Agencies,Sushil Das,Saurav Sinha,Hailakandi Road,Silchar Urban,OUT_32_012,Hailakandi Road Counter 12,General Store,Medium,Market Street,Yes,Medium,Yes,Amul Dark Chocolate 150g,Confectionery,Chocolates,Yes,No,Medium,Yes,Low,No,No,0,0,0.0,Yes,Purabi / Sting / Coke,Existing inventory unsold,Stock Already Available,Yes,High,Stock Already Available,Hailakandi Road route run. High volume placement of Kool cans and Tru fruit drinks; addressed minor pack indentation issue on-site.
2026-07-08,Wednesday,28,July,Sengupta Agencies,Sushil Das,Saurav Sinha,Hailakandi Road,Silchar Urban,OUT_32_013,Hailakandi Road Counter 13,Kirana Store,Medium,Market Street,No,Medium,Yes,Amul Tinned Paneer 425g,Dairy,Paneer,Yes,No,Medium,Yes,Low,No,No,0,0,0.0,Yes,Purabi / Sting / Coke,Existing inventory unsold,Stock Already Available,Yes,High,Stock Already Available,Hailakandi Road route run. High volume placement of Kool cans and Tru fruit drinks; addressed minor pack indentation issue on-site.
2026-07-08,Wednesday,28,July,Sengupta Agencies,Sushil Das,Saurav Sinha,Hailakandi Road,Silchar Urban,OUT_32_013,Hailakandi Road Counter 13,Kirana Store,Medium,Market Street,No,Medium,Yes,Amul Butter 50g (₹35 Small Pack),Dairy,Butter,Yes,No,Medium,Yes,Low,No,No,0,0,0.0,Yes,Purabi / Sting / Coke,Existing inventory unsold,Stock Already Available,Yes,High,Stock Already Available,Hailakandi Road route run. High volume placement of Kool cans and Tru fruit drinks; addressed minor pack indentation issue on-site.
2026-07-08,Wednesday,28,July,Sengupta Agencies,Sushil Das,Saurav Sinha,Hailakandi Road,Silchar Urban,OUT_32_013,Hailakandi Road Counter 13,Kirana Store,Medium,Market Street,No,Medium,Yes,Amul Dark Chocolate 150g,Confectionery,Chocolates,Yes,No,Medium,Yes,Low,No,No,0,0,0.0,Yes,Purabi / Sting / Coke,Existing inventory unsold,Stock Already Available,Yes,High,Stock Already Available,Hailakandi Road route run. High volume placement of Kool cans and Tru fruit drinks; addressed minor pack indentation issue on-site.
2026-07-08,Wednesday,28,July,Sengupta Agencies,Sushil Das,Saurav Sinha,Hailakandi Road,Silchar Urban,OUT_32_014,Hailakandi Road Counter 14,General Store,Medium,Market Street,Yes,Medium,Yes,Amul Tinned Paneer 425g,Dairy,Paneer,Yes,No,Medium,Yes,Low,No,No,0,0,0.0,Yes,Purabi / Sting / Coke,Existing inventory unsold,Stock Already Available,Yes,High,Stock Already Available,Hailakandi Road route run. High volume placement of Kool cans and Tru fruit drinks; addressed minor pack indentation issue on-site.
2026-07-08,Wednesday,28,July,Sengupta Agencies,Sushil Das,Saurav Sinha,Hailakandi Road,Silchar Urban,OUT_32_014,Hailakandi Road Counter 14,General Store,Medium,Market Street,Yes,Medium,Yes,Amul Butter 50g (₹35 Small Pack),Dairy,Butter,Yes,No,Medium,Yes,Low,No,No,0,0,0.0,Yes,Purabi / Sting / Coke,Existing inventory unsold,Stock Already Available,Yes,High,Stock Already Available,Hailakandi Road route run. High volume placement of Kool cans and Tru fruit drinks; addressed minor pack indentation issue on-site.
2026-07-08,Wednesday,28,July,Sengupta Agencies,Sushil Das,Saurav Sinha,Hailakandi Road,Silchar Urban,OUT_32_014,Hailakandi Road Counter 14,General Store,Medium,Market Street,Yes,Medium,Yes,Amul Dark Chocolate 150g,Confectionery,Chocolates,Yes,No,Medium,Yes,Low,No,No,0,0,0.0,Yes,Purabi / Sting / Coke,Existing inventory unsold,Stock Already Available,Yes,High,Stock Already Available,Hailakandi Road route run. High volume placement of Kool cans and Tru fruit drinks; addressed minor pack indentation issue on-site.
2026-07-08,Wednesday,28,July,Sengupta Agencies,Sushil Das,Saurav Sinha,Hailakandi Road,Silchar Urban,OUT_32_015,Hailakandi Road Counter 15,Kirana Store,Medium,Market Street,Yes,Medium,Yes,Amul Tinned Paneer 425g,Dairy,Paneer,Yes,No,Medium,Yes,Low,No,No,0,0,0.0,Yes,Purabi / Sting / Coke,Existing inventory unsold,Stock Already Available,Yes,High,Stock Already Available,Hailakandi Road route run. High volume placement of Kool cans and Tru fruit drinks; addressed minor pack indentation issue on-site.
2026-07-08,Wednesday,28,July,Sengupta Agencies,Sushil Das,Saurav Sinha,Hailakandi Road,Silchar Urban,OUT_32_015,Hailakandi Road Counter 15,Kirana Store,Medium,Market Street,Yes,Medium,Yes,Amul Butter 50g (₹35 Small Pack),Dairy,Butter,Yes,No,Medium,Yes,Low,No,No,0,0,0.0,Yes,Purabi / Sting / Coke,Existing inventory unsold,Stock Already Available,Yes,High,Stock Already Available,Hailakandi Road route run. High volume placement of Kool cans and Tru fruit drinks; addressed minor pack indentation issue on-site.
2026-07-08,Wednesday,28,July,Sengupta Agencies,Sushil Das,Saurav Sinha,Hailakandi Road,Silchar Urban,OUT_32_015,Hailakandi Road Counter 15,Kirana Store,Medium,Market Street,Yes,Medium,Yes,Amul Dark Chocolate 150g,Confectionery,Chocolates,Yes,No,Medium,Yes,Low,No,No,0,0,0.0,Yes,Purabi / Sting / Coke,Existing inventory unsold,Stock Already Available,Yes,High,Stock Already Available,Hailakandi Road route run. High volume placement of Kool cans and Tru fruit drinks; addressed minor pack indentation issue on-site.
2026-07-08,Wednesday,28,July,Sengupta Agencies,Sushil Das,Saurav Sinha,Hailakandi Road,Silchar Urban,OUT_32_016,Hailakandi Road Counter 16,General Store,Medium,Market Street,Yes,Medium,Yes,Amul Tinned Paneer 425g,Dairy,Paneer,Yes,No,Medium,Yes,Low,No,No,0,0,0.0,Yes,Purabi / Sting / Coke,Existing inventory unsold,Stock Already Available,Yes,High,Stock Already Available,Hailakandi Road route run. High volume placement of Kool cans and Tru fruit drinks; addressed minor pack indentation issue on-site.
2026-07-08,Wednesday,28,July,Sengupta Agencies,Sushil Das,Saurav Sinha,Hailakandi Road,Silchar Urban,OUT_32_016,Hailakandi Road Counter 16,General Store,Medium,Market Street,Yes,Medium,Yes,Amul Butter 50g (₹35 Small Pack),Dairy,Butter,Yes,No,Medium,Yes,Low,No,No,0,0,0.0,Yes,Purabi / Sting / Coke,Existing inventory unsold,Stock Already Available,Yes,High,Stock Already Available,Hailakandi Road route run. High volume placement of Kool cans and Tru fruit drinks; addressed minor pack indentation issue on-site.
2026-07-08,Wednesday,28,July,Sengupta Agencies,Sushil Das,Saurav Sinha,Hailakandi Road,Silchar Urban,OUT_32_016,Hailakandi Road Counter 16,General Store,Medium,Market Street,Yes,Medium,Yes,Amul Dark Chocolate 150g,Confectionery,Chocolates,Yes,No,Medium,Yes,Low,No,No,0,0,0.0,Yes,Purabi / Sting / Coke,Existing inventory unsold,Stock Already Available,Yes,High,Stock Already Available,Hailakandi Road route run. High volume placement of Kool cans and Tru fruit drinks; addressed minor pack indentation issue on-site.
2026-07-08,Wednesday,28,July,Sengupta Agencies,Sushil Das,Saurav Sinha,Hailakandi Road,Silchar Urban,OUT_32_017,Hailakandi Road Counter 17,Kirana Store,Medium,Market Street,No,Medium,Yes,Amul Tinned Paneer 425g,Dairy,Paneer,Yes,No,Medium,Yes,Low,No,No,0,0,0.0,Yes,Purabi / Sting / Coke,Existing inventory unsold,Stock Already Available,Yes,High,Stock Already Available,Hailakandi Road route run. High volume placement of Kool cans and Tru fruit drinks; addressed minor pack indentation issue on-site.
2026-07-08,Wednesday,28,July,Sengupta Agencies,Sushil Das,Saurav Sinha,Hailakandi Road,Silchar Urban,OUT_32_017,Hailakandi Road Counter 17,Kirana Store,Medium,Market Street,No,Medium,Yes,Amul Butter 50g (₹35 Small Pack),Dairy,Butter,Yes,No,Medium,Yes,Low,No,No,0,0,0.0,Yes,Purabi / Sting / Coke,Existing inventory unsold,Stock Already Available,Yes,High,Stock Already Available,Hailakandi Road route run. High volume placement of Kool cans and Tru fruit drinks; addressed minor pack indentation issue on-site.
2026-07-08,Wednesday,28,July,Sengupta Agencies,Sushil Das,Saurav Sinha,Hailakandi Road,Silchar Urban,OUT_32_017,Hailakandi Road Counter 17,Kirana Store,Medium,Market Street,No,Medium,Yes,Amul Dark Chocolate 150g,Confectionery,Chocolates,Yes,No,Medium,Yes,Low,No,No,0,0,0.0,Yes,Purabi / Sting / Coke,Existing inventory unsold,Stock Already Available,Yes,High,Stock Already Available,Hailakandi Road route run. High volume placement of Kool cans and Tru fruit drinks; addressed minor pack indentation issue on-site.
2026-07-08,Wednesday,28,July,Sengupta Agencies,Sushil Das,Saurav Sinha,Hailakandi Road,Silchar Urban,OUT_32_018,Hailakandi Road Counter 18,General Store,Medium,Market Street,Yes,Medium,Yes,Amul Tinned Paneer 425g,Dairy,Paneer,Yes,No,Medium,Yes,Low,No,No,0,0,0.0,Yes,Purabi / Sting / Coke,Existing inventory unsold,Stock Already Available,Yes,High,Stock Already Available,Hailakandi Road route run. High volume placement of Kool cans and Tru fruit drinks; addressed minor pack indentation issue on-site.
2026-07-08,Wednesday,28,July,Sengupta Agencies,Sushil Das,Saurav Sinha,Hailakandi Road,Silchar Urban,OUT_32_018,Hailakandi Road Counter 18,General Store,Medium,Market Street,Yes,Medium,Yes,Amul Butter 50g (₹35 Small Pack),Dairy,Butter,Yes,No,Medium,Yes,Low,No,No,0,0,0.0,Yes,Purabi / Sting / Coke,Existing inventory unsold,Stock Already Available,Yes,High,Stock Already Available,Hailakandi Road route run. High volume placement of Kool cans and Tru fruit drinks; addressed minor pack indentation issue on-site.
2026-07-08,Wednesday,28,July,Sengupta Agencies,Sushil Das,Saurav Sinha,Hailakandi Road,Silchar Urban,OUT_32_018,Hailakandi Road Counter 18,General Store,Medium,Market Street,Yes,Medium,Yes,Amul Dark Chocolate 150g,Confectionery,Chocolates,Yes,No,Medium,Yes,Low,No,No,0,0,0.0,Yes,Purabi / Sting / Coke,Existing inventory unsold,Stock Already Available,Yes,High,Stock Already Available,Hailakandi Road route run. High volume placement of Kool cans and Tru fruit drinks; addressed minor pack indentation issue on-site.
2026-07-09,Thursday,28,July,Sengupta Agencies,Sushil Das,Saurav Sinha,1st Link Road,Silchar Urban,OUT_33_001,1st Link Road Counter 1,Kirana Store,Medium,Market Street,No,Medium,Yes,Amul Butter 50g (₹35 Small Pack),Dairy,Butter,Yes,No,Medium,Yes,High,Yes,Yes,24,24,736.8,Yes,Purabi / Sting / Coke,,None,No,Low,None,1st Link Road route run. Placed orders for Amul Lassi and Kool across 8 retail counters; monitored competitor price points on local drinks.
2026-07-09,Thursday,28,July,Sengupta Agencies,Sushil Das,Saurav Sinha,1st Link Road,Silchar Urban,OUT_33_001,1st Link Road Counter 1,Kirana Store,Medium,Market Street,No,Medium,Yes,Amul Dark Chocolate 150g,Confectionery,Chocolates,Yes,No,Medium,Yes,High,Yes,Yes,24,24,2448.0,Yes,Purabi / Sting / Coke,,None,No,Low,None,1st Link Road route run. Placed orders for Amul Lassi and Kool across 8 retail counters; monitored competitor price points on local drinks.
2026-07-09,Thursday,28,July,Sengupta Agencies,Sushil Das,Saurav Sinha,1st Link Road,Silchar Urban,OUT_33_001,1st Link Road Counter 1,Kirana Store,Medium,Market Street,No,Medium,Yes,Amul Tru Mango 200ml,Beverages,Fruit Drinks,Yes,No,Medium,Yes,Low,No,No,0,0,0.0,Yes,Purabi / Sting / Coke,Existing inventory unsold,Stock Already Available,Yes,High,Stock Already Available,1st Link Road route run. Placed orders for Amul Lassi and Kool across 8 retail counters; monitored competitor price points on local drinks.
2026-07-09,Thursday,28,July,Sengupta Agencies,Sushil Das,Saurav Sinha,1st Link Road,Silchar Urban,OUT_33_002,1st Link Road Counter 2,General Store,Medium,Market Street,Yes,Medium,Yes,Amul Butter 50g (₹35 Small Pack),Dairy,Butter,Yes,No,Medium,Yes,High,Yes,Yes,24,24,736.8,Yes,Purabi / Sting / Coke,,None,No,Low,None,1st Link Road route run. Placed orders for Amul Lassi and Kool across 8 retail counters; monitored competitor price points on local drinks.
2026-07-09,Thursday,28,July,Sengupta Agencies,Sushil Das,Saurav Sinha,1st Link Road,Silchar Urban,OUT_33_002,1st Link Road Counter 2,General Store,Medium,Market Street,Yes,Medium,Yes,Amul Dark Chocolate 150g,Confectionery,Chocolates,Yes,No,Medium,Yes,Low,No,No,0,0,0.0,Yes,Purabi / Sting / Coke,Existing inventory unsold,Stock Already Available,Yes,High,Stock Already Available,1st Link Road route run. Placed orders for Amul Lassi and Kool across 8 retail counters; monitored competitor price points on local drinks.
2026-07-09,Thursday,28,July,Sengupta Agencies,Sushil Das,Saurav Sinha,1st Link Road,Silchar Urban,OUT_33_002,1st Link Road Counter 2,General Store,Medium,Market Street,Yes,Medium,Yes,Amul Tru Mango 200ml,Beverages,Fruit Drinks,Yes,No,Medium,Yes,Low,No,No,0,0,0.0,Yes,Purabi / Sting / Coke,Existing inventory unsold,Stock Already Available,Yes,High,Stock Already Available,1st Link Road route run. Placed orders for Amul Lassi and Kool across 8 retail counters; monitored competitor price points on local drinks.
2026-07-09,Thursday,28,July,Sengupta Agencies,Sushil Das,Saurav Sinha,1st Link Road,Silchar Urban,OUT_33_003,1st Link Road Counter 3,Kirana Store,Medium,Market Street,Yes,Medium,Yes,Amul Butter 50g (₹35 Small Pack),Dairy,Butter,Yes,No,Medium,Yes,High,Yes,Yes,24,24,736.8,Yes,Purabi / Sting / Coke,,None,No,Low,None,1st Link Road route run. Placed orders for Amul Lassi and Kool across 8 retail counters; monitored competitor price points on local drinks.
2026-07-09,Thursday,28,July,Sengupta Agencies,Sushil Das,Saurav Sinha,1st Link Road,Silchar Urban,OUT_33_003,1st Link Road Counter 3,Kirana Store,Medium,Market Street,Yes,Medium,Yes,Amul Dark Chocolate 150g,Confectionery,Chocolates,Yes,No,Medium,Yes,High,Yes,Yes,24,24,2448.0,Yes,Purabi / Sting / Coke,,None,No,Low,None,1st Link Road route run. Placed orders for Amul Lassi and Kool across 8 retail counters; monitored competitor price points on local drinks.
2026-07-09,Thursday,28,July,Sengupta Agencies,Sushil Das,Saurav Sinha,1st Link Road,Silchar Urban,OUT_33_003,1st Link Road Counter 3,Kirana Store,Medium,Market Street,Yes,Medium,Yes,Amul Tru Mango 200ml,Beverages,Fruit Drinks,Yes,No,Medium,Yes,Low,No,No,0,0,0.0,Yes,Purabi / Sting / Coke,Existing inventory unsold,Stock Already Available,Yes,High,Stock Already Available,1st Link Road route run. Placed orders for Amul Lassi and Kool across 8 retail counters; monitored competitor price points on local drinks.
2026-07-09,Thursday,28,July,Sengupta Agencies,Sushil Das,Saurav Sinha,1st Link Road,Silchar Urban,OUT_33_004,1st Link Road Counter 4,General Store,Medium,Market Street,Yes,Medium,Yes,Amul Butter 50g (₹35 Small Pack),Dairy,Butter,Yes,No,Medium,Yes,High,Yes,Yes,24,24,736.8,Yes,Purabi / Sting / Coke,,None,No,Low,None,1st Link Road route run. Placed orders for Amul Lassi and Kool across 8 retail counters; monitored competitor price points on local drinks.
2026-07-09,Thursday,28,July,Sengupta Agencies,Sushil Das,Saurav Sinha,1st Link Road,Silchar Urban,OUT_33_004,1st Link Road Counter 4,General Store,Medium,Market Street,Yes,Medium,Yes,Amul Dark Chocolate 150g,Confectionery,Chocolates,Yes,No,Medium,Yes,Low,No,No,0,0,0.0,Yes,Purabi / Sting / Coke,Existing inventory unsold,Stock Already Available,Yes,High,Stock Already Available,1st Link Road route run. Placed orders for Amul Lassi and Kool across 8 retail counters; monitored competitor price points on local drinks.
2026-07-09,Thursday,28,July,Sengupta Agencies,Sushil Das,Saurav Sinha,1st Link Road,Silchar Urban,OUT_33_004,1st Link Road Counter 4,General Store,Medium,Market Street,Yes,Medium,Yes,Amul Tru Mango 200ml,Beverages,Fruit Drinks,Yes,No,Medium,Yes,Low,No,No,0,0,0.0,Yes,Purabi / Sting / Coke,Existing inventory unsold,Stock Already Available,Yes,High,Stock Already Available,1st Link Road route run. Placed orders for Amul Lassi and Kool across 8 retail counters; monitored competitor price points on local drinks.
2026-07-09,Thursday,28,July,Sengupta Agencies,Sushil Das,Saurav Sinha,1st Link Road,Silchar Urban,OUT_33_005,1st Link Road Counter 5,Kirana Store,Medium,Market Street,No,Medium,Yes,Amul Butter 50g (₹35 Small Pack),Dairy,Butter,Yes,No,Medium,Yes,High,Yes,Yes,24,24,736.8,Yes,Purabi / Sting / Coke,,None,No,Low,None,1st Link Road route run. Placed orders for Amul Lassi and Kool across 8 retail counters; monitored competitor price points on local drinks.
2026-07-09,Thursday,28,July,Sengupta Agencies,Sushil Das,Saurav Sinha,1st Link Road,Silchar Urban,OUT_33_005,1st Link Road Counter 5,Kirana Store,Medium,Market Street,No,Medium,Yes,Amul Dark Chocolate 150g,Confectionery,Chocolates,Yes,No,Medium,Yes,High,Yes,Yes,24,24,2448.0,Yes,Purabi / Sting / Coke,,None,No,Low,None,1st Link Road route run. Placed orders for Amul Lassi and Kool across 8 retail counters; monitored competitor price points on local drinks.
2026-07-09,Thursday,28,July,Sengupta Agencies,Sushil Das,Saurav Sinha,1st Link Road,Silchar Urban,OUT_33_005,1st Link Road Counter 5,Kirana Store,Medium,Market Street,No,Medium,Yes,Amul Tru Mango 200ml,Beverages,Fruit Drinks,Yes,No,Medium,Yes,Low,No,No,0,0,0.0,Yes,Purabi / Sting / Coke,Existing inventory unsold,Stock Already Available,Yes,High,Stock Already Available,1st Link Road route run. Placed orders for Amul Lassi and Kool across 8 retail counters; monitored competitor price points on local drinks.
2026-07-09,Thursday,28,July,Sengupta Agencies,Sushil Das,Saurav Sinha,1st Link Road,Silchar Urban,OUT_33_006,1st Link Road Counter 6,General Store,Medium,Market Street,Yes,Medium,Yes,Amul Butter 50g (₹35 Small Pack),Dairy,Butter,Yes,No,Medium,Yes,High,Yes,Yes,24,24,736.8,Yes,Purabi / Sting / Coke,,None,No,Low,None,1st Link Road route run. Placed orders for Amul Lassi and Kool across 8 retail counters; monitored competitor price points on local drinks.
2026-07-09,Thursday,28,July,Sengupta Agencies,Sushil Das,Saurav Sinha,1st Link Road,Silchar Urban,OUT_33_006,1st Link Road Counter 6,General Store,Medium,Market Street,Yes,Medium,Yes,Amul Dark Chocolate 150g,Confectionery,Chocolates,Yes,No,Medium,Yes,Low,No,No,0,0,0.0,Yes,Purabi / Sting / Coke,Existing inventory unsold,Stock Already Available,Yes,High,Stock Already Available,1st Link Road route run. Placed orders for Amul Lassi and Kool across 8 retail counters; monitored competitor price points on local drinks.
2026-07-09,Thursday,28,July,Sengupta Agencies,Sushil Das,Saurav Sinha,1st Link Road,Silchar Urban,OUT_33_006,1st Link Road Counter 6,General Store,Medium,Market Street,Yes,Medium,Yes,Amul Tru Mango 200ml,Beverages,Fruit Drinks,Yes,No,Medium,Yes,Low,No,No,0,0,0.0,Yes,Purabi / Sting / Coke,Existing inventory unsold,Stock Already Available,Yes,High,Stock Already Available,1st Link Road route run. Placed orders for Amul Lassi and Kool across 8 retail counters; monitored competitor price points on local drinks.
2026-07-09,Thursday,28,July,Sengupta Agencies,Sushil Das,Saurav Sinha,1st Link Road,Silchar Urban,OUT_33_007,1st Link Road Counter 7,Kirana Store,Medium,Market Street,Yes,Medium,Yes,Amul Butter 50g (₹35 Small Pack),Dairy,Butter,Yes,No,Medium,Yes,High,Yes,Yes,24,24,736.8,Yes,Purabi / Sting / Coke,,None,No,Low,None,1st Link Road route run. Placed orders for Amul Lassi and Kool across 8 retail counters; monitored competitor price points on local drinks.
2026-07-09,Thursday,28,July,Sengupta Agencies,Sushil Das,Saurav Sinha,1st Link Road,Silchar Urban,OUT_33_007,1st Link Road Counter 7,Kirana Store,Medium,Market Street,Yes,Medium,Yes,Amul Dark Chocolate 150g,Confectionery,Chocolates,Yes,No,Medium,Yes,High,Yes,Yes,24,24,2448.0,Yes,Purabi / Sting / Coke,,None,No,Low,None,1st Link Road route run. Placed orders for Amul Lassi and Kool across 8 retail counters; monitored competitor price points on local drinks.
2026-07-09,Thursday,28,July,Sengupta Agencies,Sushil Das,Saurav Sinha,1st Link Road,Silchar Urban,OUT_33_007,1st Link Road Counter 7,Kirana Store,Medium,Market Street,Yes,Medium,Yes,Amul Tru Mango 200ml,Beverages,Fruit Drinks,Yes,No,Medium,Yes,Low,No,No,0,0,0.0,Yes,Purabi / Sting / Coke,Existing inventory unsold,Stock Already Available,Yes,High,Stock Already Available,1st Link Road route run. Placed orders for Amul Lassi and Kool across 8 retail counters; monitored competitor price points on local drinks.
2026-07-09,Thursday,28,July,Sengupta Agencies,Sushil Das,Saurav Sinha,1st Link Road,Silchar Urban,OUT_33_008,1st Link Road Counter 8,General Store,Medium,Market Street,Yes,Medium,Yes,Amul Butter 50g (₹35 Small Pack),Dairy,Butter,Yes,No,Medium,Yes,High,Yes,Yes,24,24,736.8,Yes,Purabi / Sting / Coke,,None,No,Low,None,1st Link Road route run. Placed orders for Amul Lassi and Kool across 8 retail counters; monitored competitor price points on local drinks.
2026-07-09,Thursday,28,July,Sengupta Agencies,Sushil Das,Saurav Sinha,1st Link Road,Silchar Urban,OUT_33_008,1st Link Road Counter 8,General Store,Medium,Market Street,Yes,Medium,Yes,Amul Dark Chocolate 150g,Confectionery,Chocolates,Yes,No,Medium,Yes,Low,No,No,0,0,0.0,Yes,Purabi / Sting / Coke,Existing inventory unsold,Stock Already Available,Yes,High,Stock Already Available,1st Link Road route run. Placed orders for Amul Lassi and Kool across 8 retail counters; monitored competitor price points on local drinks.
2026-07-09,Thursday,28,July,Sengupta Agencies,Sushil Das,Saurav Sinha,1st Link Road,Silchar Urban,OUT_33_008,1st Link Road Counter 8,General Store,Medium,Market Street,Yes,Medium,Yes,Amul Tru Mango 200ml,Beverages,Fruit Drinks,Yes,No,Medium,Yes,Low,No,No,0,0,0.0,Yes,Purabi / Sting / Coke,Existing inventory unsold,Stock Already Available,Yes,High,Stock Already Available,1st Link Road route run. Placed orders for Amul Lassi and Kool across 8 retail counters; monitored competitor price points on local drinks.
2026-07-09,Thursday,28,July,Sengupta Agencies,Sushil Das,Saurav Sinha,1st Link Road,Silchar Urban,OUT_33_009,1st Link Road Counter 9,Kirana Store,Medium,Market Street,No,Medium,Yes,Amul Butter 50g (₹35 Small Pack),Dairy,Butter,Yes,No,Medium,Yes,Low,No,No,0,0,0.0,Yes,Purabi / Sting / Coke,Existing inventory unsold,Stock Already Available,Yes,High,Stock Already Available,1st Link Road route run. Placed orders for Amul Lassi and Kool across 8 retail counters; monitored competitor price points on local drinks.
2026-07-09,Thursday,28,July,Sengupta Agencies,Sushil Das,Saurav Sinha,1st Link Road,Silchar Urban,OUT_33_009,1st Link Road Counter 9,Kirana Store,Medium,Market Street,No,Medium,Yes,Amul Dark Chocolate 150g,Confectionery,Chocolates,Yes,No,Medium,Yes,Low,No,No,0,0,0.0,Yes,Purabi / Sting / Coke,Existing inventory unsold,Stock Already Available,Yes,High,Stock Already Available,1st Link Road route run. Placed orders for Amul Lassi and Kool across 8 retail counters; monitored competitor price points on local drinks.
2026-07-09,Thursday,28,July,Sengupta Agencies,Sushil Das,Saurav Sinha,1st Link Road,Silchar Urban,OUT_33_009,1st Link Road Counter 9,Kirana Store,Medium,Market Street,No,Medium,Yes,Amul Tru Mango 200ml,Beverages,Fruit Drinks,Yes,No,Medium,Yes,Low,No,No,0,0,0.0,Yes,Purabi / Sting / Coke,Existing inventory unsold,Stock Already Available,Yes,High,Stock Already Available,1st Link Road route run. Placed orders for Amul Lassi and Kool across 8 retail counters; monitored competitor price points on local drinks.
2026-07-09,Thursday,28,July,Sengupta Agencies,Sushil Das,Saurav Sinha,1st Link Road,Silchar Urban,OUT_33_010,1st Link Road Counter 10,General Store,Medium,Market Street,Yes,Medium,Yes,Amul Butter 50g (₹35 Small Pack),Dairy,Butter,Yes,No,Medium,Yes,Low,No,No,0,0,0.0,Yes,Purabi / Sting / Coke,Existing inventory unsold,Stock Already Available,Yes,High,Stock Already Available,1st Link Road route run. Placed orders for Amul Lassi and Kool across 8 retail counters; monitored competitor price points on local drinks.
2026-07-09,Thursday,28,July,Sengupta Agencies,Sushil Das,Saurav Sinha,1st Link Road,Silchar Urban,OUT_33_010,1st Link Road Counter 10,General Store,Medium,Market Street,Yes,Medium,Yes,Amul Dark Chocolate 150g,Confectionery,Chocolates,Yes,No,Medium,Yes,Low,No,No,0,0,0.0,Yes,Purabi / Sting / Coke,Existing inventory unsold,Stock Already Available,Yes,High,Stock Already Available,1st Link Road route run. Placed orders for Amul Lassi and Kool across 8 retail counters; monitored competitor price points on local drinks.
2026-07-09,Thursday,28,July,Sengupta Agencies,Sushil Das,Saurav Sinha,1st Link Road,Silchar Urban,OUT_33_010,1st Link Road Counter 10,General Store,Medium,Market Street,Yes,Medium,Yes,Amul Tru Mango 200ml,Beverages,Fruit Drinks,Yes,No,Medium,Yes,Low,No,No,0,0,0.0,Yes,Purabi / Sting / Coke,Existing inventory unsold,Stock Already Available,Yes,High,Stock Already Available,1st Link Road route run. Placed orders for Amul Lassi and Kool across 8 retail counters; monitored competitor price points on local drinks.
2026-07-09,Thursday,28,July,Sengupta Agencies,Sushil Das,Saurav Sinha,1st Link Road,Silchar Urban,OUT_33_011,1st Link Road Counter 11,Kirana Store,Medium,Market Street,Yes,Medium,Yes,Amul Butter 50g (₹35 Small Pack),Dairy,Butter,Yes,No,Medium,Yes,Low,No,No,0,0,0.0,Yes,Purabi / Sting / Coke,Existing inventory unsold,Stock Already Available,Yes,High,Stock Already Available,1st Link Road route run. Placed orders for Amul Lassi and Kool across 8 retail counters; monitored competitor price points on local drinks.
2026-07-09,Thursday,28,July,Sengupta Agencies,Sushil Das,Saurav Sinha,1st Link Road,Silchar Urban,OUT_33_011,1st Link Road Counter 11,Kirana Store,Medium,Market Street,Yes,Medium,Yes,Amul Dark Chocolate 150g,Confectionery,Chocolates,Yes,No,Medium,Yes,Low,No,No,0,0,0.0,Yes,Purabi / Sting / Coke,Existing inventory unsold,Stock Already Available,Yes,High,Stock Already Available,1st Link Road route run. Placed orders for Amul Lassi and Kool across 8 retail counters; monitored competitor price points on local drinks.
2026-07-09,Thursday,28,July,Sengupta Agencies,Sushil Das,Saurav Sinha,1st Link Road,Silchar Urban,OUT_33_011,1st Link Road Counter 11,Kirana Store,Medium,Market Street,Yes,Medium,Yes,Amul Tru Mango 200ml,Beverages,Fruit Drinks,Yes,No,Medium,Yes,Low,No,No,0,0,0.0,Yes,Purabi / Sting / Coke,Existing inventory unsold,Stock Already Available,Yes,High,Stock Already Available,1st Link Road route run. Placed orders for Amul Lassi and Kool across 8 retail counters; monitored competitor price points on local drinks.
2026-07-09,Thursday,28,July,Sengupta Agencies,Sushil Das,Saurav Sinha,1st Link Road,Silchar Urban,OUT_33_012,1st Link Road Counter 12,General Store,Medium,Market Street,Yes,Medium,Yes,Amul Butter 50g (₹35 Small Pack),Dairy,Butter,Yes,No,Medium,Yes,Low,No,No,0,0,0.0,Yes,Purabi / Sting / Coke,Existing inventory unsold,Stock Already Available,Yes,High,Stock Already Available,1st Link Road route run. Placed orders for Amul Lassi and Kool across 8 retail counters; monitored competitor price points on local drinks.
2026-07-09,Thursday,28,July,Sengupta Agencies,Sushil Das,Saurav Sinha,1st Link Road,Silchar Urban,OUT_33_012,1st Link Road Counter 12,General Store,Medium,Market Street,Yes,Medium,Yes,Amul Dark Chocolate 150g,Confectionery,Chocolates,Yes,No,Medium,Yes,Low,No,No,0,0,0.0,Yes,Purabi / Sting / Coke,Existing inventory unsold,Stock Already Available,Yes,High,Stock Already Available,1st Link Road route run. Placed orders for Amul Lassi and Kool across 8 retail counters; monitored competitor price points on local drinks.
2026-07-09,Thursday,28,July,Sengupta Agencies,Sushil Das,Saurav Sinha,1st Link Road,Silchar Urban,OUT_33_012,1st Link Road Counter 12,General Store,Medium,Market Street,Yes,Medium,Yes,Amul Tru Mango 200ml,Beverages,Fruit Drinks,Yes,No,Medium,Yes,Low,No,No,0,0,0.0,Yes,Purabi / Sting / Coke,Existing inventory unsold,Stock Already Available,Yes,High,Stock Already Available,1st Link Road route run. Placed orders for Amul Lassi and Kool across 8 retail counters; monitored competitor price points on local drinks.
2026-07-10,Friday,28,July,Sengupta Agencies,Sushil Das,Saurav Sinha,Sonai Road,Silchar Urban,OUT_34_001,Sonai Road Counter 1,Kirana Store,Medium,Market Street,No,Medium,Yes,Amul Dark Chocolate 150g,Confectionery,Chocolates,Yes,No,Medium,Yes,High,Yes,Yes,24,24,2448.0,Yes,Purabi / Sting / Coke,,None,No,Low,None,Sonai Road final market run. Strong repeat orders for Amul Lassi and Kool Kesar cans; verified distributor fulfillment across retail counters.
2026-07-10,Friday,28,July,Sengupta Agencies,Sushil Das,Saurav Sinha,Sonai Road,Silchar Urban,OUT_34_001,Sonai Road Counter 1,Kirana Store,Medium,Market Street,No,Medium,Yes,Amul Tru Mango 200ml,Beverages,Fruit Drinks,Yes,No,Medium,Yes,High,Yes,Yes,24,24,308.64,Yes,Purabi / Sting / Coke,,None,No,Low,None,Sonai Road final market run. Strong repeat orders for Amul Lassi and Kool Kesar cans; verified distributor fulfillment across retail counters.
2026-07-10,Friday,28,July,Sengupta Agencies,Sushil Das,Saurav Sinha,Sonai Road,Silchar Urban,OUT_34_001,Sonai Road Counter 1,Kirana Store,Medium,Market Street,No,Medium,Yes,Amul Tru Litchi 200ml,Beverages,Fruit Drinks,Yes,No,Medium,Yes,Low,No,No,0,0,0.0,Yes,Purabi / Sting / Coke,Existing inventory unsold,Stock Already Available,Yes,High,Stock Already Available,Sonai Road final market run. Strong repeat orders for Amul Lassi and Kool Kesar cans; verified distributor fulfillment across retail counters.
2026-07-10,Friday,28,July,Sengupta Agencies,Sushil Das,Saurav Sinha,Sonai Road,Silchar Urban,OUT_34_002,Sonai Road Counter 2,General Store,Medium,Market Street,Yes,Medium,Yes,Amul Dark Chocolate 150g,Confectionery,Chocolates,Yes,No,Medium,Yes,High,Yes,Yes,24,24,2448.0,Yes,Purabi / Sting / Coke,,None,No,Low,None,Sonai Road final market run. Strong repeat orders for Amul Lassi and Kool Kesar cans; verified distributor fulfillment across retail counters.
2026-07-10,Friday,28,July,Sengupta Agencies,Sushil Das,Saurav Sinha,Sonai Road,Silchar Urban,OUT_34_002,Sonai Road Counter 2,General Store,Medium,Market Street,Yes,Medium,Yes,Amul Tru Mango 200ml,Beverages,Fruit Drinks,Yes,No,Medium,Yes,Low,No,No,0,0,0.0,Yes,Purabi / Sting / Coke,Existing inventory unsold,Stock Already Available,Yes,High,Stock Already Available,Sonai Road final market run. Strong repeat orders for Amul Lassi and Kool Kesar cans; verified distributor fulfillment across retail counters.
2026-07-10,Friday,28,July,Sengupta Agencies,Sushil Das,Saurav Sinha,Sonai Road,Silchar Urban,OUT_34_002,Sonai Road Counter 2,General Store,Medium,Market Street,Yes,Medium,Yes,Amul Tru Litchi 200ml,Beverages,Fruit Drinks,Yes,No,Medium,Yes,Low,No,No,0,0,0.0,Yes,Purabi / Sting / Coke,Existing inventory unsold,Stock Already Available,Yes,High,Stock Already Available,Sonai Road final market run. Strong repeat orders for Amul Lassi and Kool Kesar cans; verified distributor fulfillment across retail counters.
2026-07-10,Friday,28,July,Sengupta Agencies,Sushil Das,Saurav Sinha,Sonai Road,Silchar Urban,OUT_34_003,Sonai Road Counter 3,Kirana Store,Medium,Market Street,Yes,Medium,Yes,Amul Dark Chocolate 150g,Confectionery,Chocolates,Yes,No,Medium,Yes,High,Yes,Yes,24,24,2448.0,Yes,Purabi / Sting / Coke,,None,No,Low,None,Sonai Road final market run. Strong repeat orders for Amul Lassi and Kool Kesar cans; verified distributor fulfillment across retail counters.
2026-07-10,Friday,28,July,Sengupta Agencies,Sushil Das,Saurav Sinha,Sonai Road,Silchar Urban,OUT_34_003,Sonai Road Counter 3,Kirana Store,Medium,Market Street,Yes,Medium,Yes,Amul Tru Mango 200ml,Beverages,Fruit Drinks,Yes,No,Medium,Yes,High,Yes,Yes,24,24,308.64,Yes,Purabi / Sting / Coke,,None,No,Low,None,Sonai Road final market run. Strong repeat orders for Amul Lassi and Kool Kesar cans; verified distributor fulfillment across retail counters.
2026-07-10,Friday,28,July,Sengupta Agencies,Sushil Das,Saurav Sinha,Sonai Road,Silchar Urban,OUT_34_003,Sonai Road Counter 3,Kirana Store,Medium,Market Street,Yes,Medium,Yes,Amul Tru Litchi 200ml,Beverages,Fruit Drinks,Yes,No,Medium,Yes,Low,No,No,0,0,0.0,Yes,Purabi / Sting / Coke,Existing inventory unsold,Stock Already Available,Yes,High,Stock Already Available,Sonai Road final market run. Strong repeat orders for Amul Lassi and Kool Kesar cans; verified distributor fulfillment across retail counters.
2026-07-10,Friday,28,July,Sengupta Agencies,Sushil Das,Saurav Sinha,Sonai Road,Silchar Urban,OUT_34_004,Sonai Road Counter 4,General Store,Medium,Market Street,Yes,Medium,Yes,Amul Dark Chocolate 150g,Confectionery,Chocolates,Yes,No,Medium,Yes,High,Yes,Yes,24,24,2448.0,Yes,Purabi / Sting / Coke,,None,No,Low,None,Sonai Road final market run. Strong repeat orders for Amul Lassi and Kool Kesar cans; verified distributor fulfillment across retail counters.
2026-07-10,Friday,28,July,Sengupta Agencies,Sushil Das,Saurav Sinha,Sonai Road,Silchar Urban,OUT_34_004,Sonai Road Counter 4,General Store,Medium,Market Street,Yes,Medium,Yes,Amul Tru Mango 200ml,Beverages,Fruit Drinks,Yes,No,Medium,Yes,Low,No,No,0,0,0.0,Yes,Purabi / Sting / Coke,Existing inventory unsold,Stock Already Available,Yes,High,Stock Already Available,Sonai Road final market run. Strong repeat orders for Amul Lassi and Kool Kesar cans; verified distributor fulfillment across retail counters.
2026-07-10,Friday,28,July,Sengupta Agencies,Sushil Das,Saurav Sinha,Sonai Road,Silchar Urban,OUT_34_004,Sonai Road Counter 4,General Store,Medium,Market Street,Yes,Medium,Yes,Amul Tru Litchi 200ml,Beverages,Fruit Drinks,Yes,No,Medium,Yes,Low,No,No,0,0,0.0,Yes,Purabi / Sting / Coke,Existing inventory unsold,Stock Already Available,Yes,High,Stock Already Available,Sonai Road final market run. Strong repeat orders for Amul Lassi and Kool Kesar cans; verified distributor fulfillment across retail counters.
2026-07-10,Friday,28,July,Sengupta Agencies,Sushil Das,Saurav Sinha,Sonai Road,Silchar Urban,OUT_34_005,Sonai Road Counter 5,Kirana Store,Medium,Market Street,No,Medium,Yes,Amul Dark Chocolate 150g,Confectionery,Chocolates,Yes,No,Medium,Yes,High,Yes,Yes,24,24,2448.0,Yes,Purabi / Sting / Coke,,None,No,Low,None,Sonai Road final market run. Strong repeat orders for Amul Lassi and Kool Kesar cans; verified distributor fulfillment across retail counters.
2026-07-10,Friday,28,July,Sengupta Agencies,Sushil Das,Saurav Sinha,Sonai Road,Silchar Urban,OUT_34_005,Sonai Road Counter 5,Kirana Store,Medium,Market Street,No,Medium,Yes,Amul Tru Mango 200ml,Beverages,Fruit Drinks,Yes,No,Medium,Yes,High,Yes,Yes,24,24,308.64,Yes,Purabi / Sting / Coke,,None,No,Low,None,Sonai Road final market run. Strong repeat orders for Amul Lassi and Kool Kesar cans; verified distributor fulfillment across retail counters.
2026-07-10,Friday,28,July,Sengupta Agencies,Sushil Das,Saurav Sinha,Sonai Road,Silchar Urban,OUT_34_005,Sonai Road Counter 5,Kirana Store,Medium,Market Street,No,Medium,Yes,Amul Tru Litchi 200ml,Beverages,Fruit Drinks,Yes,No,Medium,Yes,Low,No,No,0,0,0.0,Yes,Purabi / Sting / Coke,Existing inventory unsold,Stock Already Available,Yes,High,Stock Already Available,Sonai Road final market run. Strong repeat orders for Amul Lassi and Kool Kesar cans; verified distributor fulfillment across retail counters.
2026-07-10,Friday,28,July,Sengupta Agencies,Sushil Das,Saurav Sinha,Sonai Road,Silchar Urban,OUT_34_006,Sonai Road Counter 6,General Store,Medium,Market Street,Yes,Medium,Yes,Amul Dark Chocolate 150g,Confectionery,Chocolates,Yes,No,Medium,Yes,High,Yes,Yes,24,24,2448.0,Yes,Purabi / Sting / Coke,,None,No,Low,None,Sonai Road final market run. Strong repeat orders for Amul Lassi and Kool Kesar cans; verified distributor fulfillment across retail counters.
2026-07-10,Friday,28,July,Sengupta Agencies,Sushil Das,Saurav Sinha,Sonai Road,Silchar Urban,OUT_34_006,Sonai Road Counter 6,General Store,Medium,Market Street,Yes,Medium,Yes,Amul Tru Mango 200ml,Beverages,Fruit Drinks,Yes,No,Medium,Yes,Low,No,No,0,0,0.0,Yes,Purabi / Sting / Coke,Existing inventory unsold,Stock Already Available,Yes,High,Stock Already Available,Sonai Road final market run. Strong repeat orders for Amul Lassi and Kool Kesar cans; verified distributor fulfillment across retail counters.
2026-07-10,Friday,28,July,Sengupta Agencies,Sushil Das,Saurav Sinha,Sonai Road,Silchar Urban,OUT_34_006,Sonai Road Counter 6,General Store,Medium,Market Street,Yes,Medium,Yes,Amul Tru Litchi 200ml,Beverages,Fruit Drinks,Yes,No,Medium,Yes,Low,No,No,0,0,0.0,Yes,Purabi / Sting / Coke,Existing inventory unsold,Stock Already Available,Yes,High,Stock Already Available,Sonai Road final market run. Strong repeat orders for Amul Lassi and Kool Kesar cans; verified distributor fulfillment across retail counters.
2026-07-10,Friday,28,July,Sengupta Agencies,Sushil Das,Saurav Sinha,Sonai Road,Silchar Urban,OUT_34_007,Sonai Road Counter 7,Kirana Store,Medium,Market Street,Yes,Medium,Yes,Amul Dark Chocolate 150g,Confectionery,Chocolates,Yes,No,Medium,Yes,High,Yes,Yes,24,24,2448.0,Yes,Purabi / Sting / Coke,,None,No,Low,None,Sonai Road final market run. Strong repeat orders for Amul Lassi and Kool Kesar cans; verified distributor fulfillment across retail counters.
2026-07-10,Friday,28,July,Sengupta Agencies,Sushil Das,Saurav Sinha,Sonai Road,Silchar Urban,OUT_34_007,Sonai Road Counter 7,Kirana Store,Medium,Market Street,Yes,Medium,Yes,Amul Tru Mango 200ml,Beverages,Fruit Drinks,Yes,No,Medium,Yes,High,Yes,Yes,24,24,308.64,Yes,Purabi / Sting / Coke,,None,No,Low,None,Sonai Road final market run. Strong repeat orders for Amul Lassi and Kool Kesar cans; verified distributor fulfillment across retail counters.
2026-07-10,Friday,28,July,Sengupta Agencies,Sushil Das,Saurav Sinha,Sonai Road,Silchar Urban,OUT_34_007,Sonai Road Counter 7,Kirana Store,Medium,Market Street,Yes,Medium,Yes,Amul Tru Litchi 200ml,Beverages,Fruit Drinks,Yes,No,Medium,Yes,Low,No,No,0,0,0.0,Yes,Purabi / Sting / Coke,Existing inventory unsold,Stock Already Available,Yes,High,Stock Already Available,Sonai Road final market run. Strong repeat orders for Amul Lassi and Kool Kesar cans; verified distributor fulfillment across retail counters.
2026-07-10,Friday,28,July,Sengupta Agencies,Sushil Das,Saurav Sinha,Sonai Road,Silchar Urban,OUT_34_008,Sonai Road Counter 8,General Store,Medium,Market Street,Yes,Medium,Yes,Amul Dark Chocolate 150g,Confectionery,Chocolates,Yes,No,Medium,Yes,Low,No,No,0,0,0.0,Yes,Purabi / Sting / Coke,Existing inventory unsold,Stock Already Available,Yes,High,Stock Already Available,Sonai Road final market run. Strong repeat orders for Amul Lassi and Kool Kesar cans; verified distributor fulfillment across retail counters.
2026-07-10,Friday,28,July,Sengupta Agencies,Sushil Das,Saurav Sinha,Sonai Road,Silchar Urban,OUT_34_008,Sonai Road Counter 8,General Store,Medium,Market Street,Yes,Medium,Yes,Amul Tru Mango 200ml,Beverages,Fruit Drinks,Yes,No,Medium,Yes,Low,No,No,0,0,0.0,Yes,Purabi / Sting / Coke,Existing inventory unsold,Stock Already Available,Yes,High,Stock Already Available,Sonai Road final market run. Strong repeat orders for Amul Lassi and Kool Kesar cans; verified distributor fulfillment across retail counters.
2026-07-10,Friday,28,July,Sengupta Agencies,Sushil Das,Saurav Sinha,Sonai Road,Silchar Urban,OUT_34_008,Sonai Road Counter 8,General Store,Medium,Market Street,Yes,Medium,Yes,Amul Tru Litchi 200ml,Beverages,Fruit Drinks,Yes,No,Medium,Yes,Low,No,No,0,0,0.0,Yes,Purabi / Sting / Coke,Existing inventory unsold,Stock Already Available,Yes,High,Stock Already Available,Sonai Road final market run. Strong repeat orders for Amul Lassi and Kool Kesar cans; verified distributor fulfillment across retail counters.
2026-07-10,Friday,28,July,Sengupta Agencies,Sushil Das,Saurav Sinha,Sonai Road,Silchar Urban,OUT_34_009,Sonai Road Counter 9,Kirana Store,Medium,Market Street,No,Medium,Yes,Amul Dark Chocolate 150g,Confectionery,Chocolates,Yes,No,Medium,Yes,Low,No,No,0,0,0.0,Yes,Purabi / Sting / Coke,Existing inventory unsold,Stock Already Available,Yes,High,Stock Already Available,Sonai Road final market run. Strong repeat orders for Amul Lassi and Kool Kesar cans; verified distributor fulfillment across retail counters.
2026-07-10,Friday,28,July,Sengupta Agencies,Sushil Das,Saurav Sinha,Sonai Road,Silchar Urban,OUT_34_009,Sonai Road Counter 9,Kirana Store,Medium,Market Street,No,Medium,Yes,Amul Tru Mango 200ml,Beverages,Fruit Drinks,Yes,No,Medium,Yes,Low,No,No,0,0,0.0,Yes,Purabi / Sting / Coke,Existing inventory unsold,Stock Already Available,Yes,High,Stock Already Available,Sonai Road final market run. Strong repeat orders for Amul Lassi and Kool Kesar cans; verified distributor fulfillment across retail counters.
2026-07-10,Friday,28,July,Sengupta Agencies,Sushil Das,Saurav Sinha,Sonai Road,Silchar Urban,OUT_34_009,Sonai Road Counter 9,Kirana Store,Medium,Market Street,No,Medium,Yes,Amul Tru Litchi 200ml,Beverages,Fruit Drinks,Yes,No,Medium,Yes,Low,No,No,0,0,0.0,Yes,Purabi / Sting / Coke,Existing inventory unsold,Stock Already Available,Yes,High,Stock Already Available,Sonai Road final market run. Strong repeat orders for Amul Lassi and Kool Kesar cans; verified distributor fulfillment across retail counters.
2026-07-10,Friday,28,July,Sengupta Agencies,Sushil Das,Saurav Sinha,Sonai Road,Silchar Urban,OUT_34_010,Sonai Road Counter 10,General Store,Medium,Market Street,Yes,Medium,Yes,Amul Dark Chocolate 150g,Confectionery,Chocolates,Yes,No,Medium,Yes,Low,No,No,0,0,0.0,Yes,Purabi / Sting / Coke,Existing inventory unsold,Stock Already Available,Yes,High,Stock Already Available,Sonai Road final market run. Strong repeat orders for Amul Lassi and Kool Kesar cans; verified distributor fulfillment across retail counters.
2026-07-10,Friday,28,July,Sengupta Agencies,Sushil Das,Saurav Sinha,Sonai Road,Silchar Urban,OUT_34_010,Sonai Road Counter 10,General Store,Medium,Market Street,Yes,Medium,Yes,Amul Tru Mango 200ml,Beverages,Fruit Drinks,Yes,No,Medium,Yes,Low,No,No,0,0,0.0,Yes,Purabi / Sting / Coke,Existing inventory unsold,Stock Already Available,Yes,High,Stock Already Available,Sonai Road final market run. Strong repeat orders for Amul Lassi and Kool Kesar cans; verified distributor fulfillment across retail counters.
2026-07-10,Friday,28,July,Sengupta Agencies,Sushil Das,Saurav Sinha,Sonai Road,Silchar Urban,OUT_34_010,Sonai Road Counter 10,General Store,Medium,Market Street,Yes,Medium,Yes,Amul Tru Litchi 200ml,Beverages,Fruit Drinks,Yes,No,Medium,Yes,Low,No,No,0,0,0.0,Yes,Purabi / Sting / Coke,Existing inventory unsold,Stock Already Available,Yes,High,Stock Already Available,Sonai Road final market run. Strong repeat orders for Amul Lassi and Kool Kesar cans; verified distributor fulfillment across retail counters.
